version 1
nodes
0 "Bip01" -1
1 "Bip01 Footsteps" 0
2 "Bip01 Pelvis" 0
3 "Bip01 L Leg" 2
4 "Bip01 L Leg1" 3
5 "Bip01 L Foot" 4
6 "Bip01 L Toe0" 5
7 "Bip01 L Toe01" 6
8 "Bip01 L Toe02" 7
9 "Null 9" -1
10 "Bip01 R Leg" 2
11 "Bip01 R Leg1" 10
12 "Bip01 R Foot" 11
13 "Bip01 R Toe0" 12
14 "Bip01 R Toe01" 13
15 "Bip01 R Toe02" 14
16 "Null 16" -1
17 "Bip01 Spine" 2
18 "Bip01 Spine1" 17
19 "Bip01 Neck" 18
20 "Bip01 Head" 19
21 "Null 21" -1
22 "Bip01 Ponytail1" 20
23 "Bip01 Ponytail11" 22
24 "Null 24" -1
25 "Bip01 R Arm" 19
26 "Bip01 R Arm1" 25
27 "Bip01 R Arm2" 26
28 "Bip01 R Hand" 27
29 "Bip01 R Finger0" 28
30 "Bip01 R Finger01" 29
31 "Bip01 R Finger02" 30
32 "Null 32" -1
33 "knife_gdf" 28
34 "Bip01 L Arm" 19
35 "Bip01 L Arm1" 34
36 "Bip01 L Arm2" 35
37 "Bip01 L Hand" 36
38 "Bip01 L Finger0" 37
39 "Bip01 L Finger01" 38
40 "Bip01 L Finger02" 39
41 "Null 41" -1
42 "hand_bofdgne01" 37
43 "Bone01" 17
44 "Bone02" 43
45 "Bone03" 44
46 "Bone04" 45
47 "Bone05" 17
48 "Bone06" 47
49 "Bone07" 48
50 "Bone08" 49
end
skeleton
time 0
0 0.000000 0.000000 109.950928 -0.000000 -0.000000 -1.570795
1 0.000000 0.000000 -109.958252 0.000000 -0.000000 1.570795
2 0.000000 0.000000 0.000000 -1.570795 -1.570796 0.000000
3 -0.000014 0.000019 10.281536 -3.141592 0.000002 3.041593
4 49.430481 0.000000 0.000000 0.000000 -0.000000 -0.200000
5 49.430462 0.000001 0.000000 0.000000 -0.000000 0.100000
6 11.591197 14.908227 0.000000 0.000000 -0.000000 1.570796
7 4.161462 0.000000 0.000000 0.000000 -0.000000 0.000000
8 4.161460 0.000000 0.000000 0.000000 -0.000000 0.000000
9 0.0 0.0 0.0 0.0 0.0 0.0
10 0.000014 -0.000009 -10.281536 -3.141592 0.000002 3.041593
11 49.430481 0.000000 0.000000 0.000000 -0.000000 -0.200000
12 49.430462 0.000001 0.000000 0.000000 -0.000000 0.100000
13 11.591197 14.908227 0.000000 0.000000 -0.000000 1.570796
14 4.161462 0.000000 0.000000 0.000000 -0.000000 0.000000
15 4.161458 0.000000 0.000000 0.000000 -0.000000 0.000000
16 0.0 0.0 0.0 0.0 0.0 0.0
17 3.598549 -0.015762 0.000005 -0.000004 -0.000001 0.000796
18 19.801466 -0.020711 0.000000 0.000000 -0.000000 0.000000
19 26.009638 -0.004092 0.000000 0.000000 -0.000000 0.030000
20 5.140770 0.000000 0.000000 0.000000 -0.000000 -0.030798
21 0.0 0.0 0.0 0.0 0.0 0.0
22 6.888315 -6.881610 -0.000019 -0.000005 0.000001 -2.749229
23 15.458327 -0.012906 0.000000 0.000000 0.000001 -0.219299
24 0.0 0.0 0.0 0.0 0.0 0.0
25 0.000000 0.004110 -6.477368 -0.000014 1.370796 3.110783
26 13.400166 0.000000 0.000000 0.000000 -1.183530 0.000000
27 37.630424 0.000000 -0.000002 0.000000 -0.000000 -0.025467
28 27.473604 0.000000 0.000002 1.569921 -0.000000 0.000000
29 10.423897 -1.809571 -0.029783 0.000875 -0.000000 0.000000
30 3.624243 -0.000003 0.000000 0.000000 -0.000000 0.000000
31 3.624247 0.000004 0.000000 0.000000 -0.000000 0.000000
32 0.0 0.0 0.0 0.0 0.0 0.0
33 9.026139 3.666775 0.258435 -1.374363 -0.037857 1.754420
34 0.000000 0.004077 6.477368 -0.000014 -1.370796 3.110810
35 13.400166 0.000000 0.000000 0.000000 1.183530 0.000000
36 37.630432 0.000000 0.000001 0.000000 -0.000000 -0.025467
37 27.473597 0.000000 0.000002 -1.569921 -0.000000 0.000000
38 10.423897 -1.809568 0.029783 -0.000875 -0.000000 0.000000
39 3.624243 -0.000004 0.000000 0.000000 -0.000000 0.000000
40 3.624246 0.000003 0.000000 0.000000 -0.000000 0.000000
41 0.0 0.0 0.0 0.0 0.0 0.0
42 9.000602 3.769935 0.531383 1.767230 -0.037854 -1.387172
43 15.155036 10.590148 0.000024 3.140796 -1.570796 0.000000
44 0.000000 -0.606424 -3.234268 -0.020312 -0.000000 0.000000
45 0.000001 -3.638542 -20.011988 -0.119229 -0.000000 0.000000
46 0.000001 -0.606424 -26.480518 0.000000 -0.000000 0.000000
47 16.351946 -9.422812 -0.000022 3.140796 -1.570796 0.000000
48 0.000000 0.000000 -2.627838 -0.122942 -0.000000 0.000000
49 0.000000 5.457817 -16.979876 0.119623 -0.000000 0.000000
50 0.000001 2.627836 -27.895494 0.000000 -0.000000 0.000000
end
triangles
armor_helmet.JPG
20 9.6259 4.6571 183.9355 0.9670 -0.2329 0.1032 0.3563 0.5877
20 7.7356 -4.3958 179.9778 0.9640 -0.2658 -0.0031 0.0181 0.4399
20 10.1391 4.4793 177.0798 0.9587 -0.2829 0.0288 0.3497 0.3316
armor_helmet.JPG
20 9.6259 4.6571 183.9355 0.9670 -0.2329 0.1032 0.3563 0.5877
20 9.1311 8.5837 194.5111 0.9659 -0.2248 0.1287 0.5030 0.9829
20 7.9446 -1.0492 186.5865 0.9661 -0.2350 0.1070 0.1431 0.6868
armor_helmet.JPG
20 7.9446 -1.0492 186.5865 0.9661 -0.2350 0.1070 0.1431 0.6868
20 7.7356 -4.3958 179.9778 0.9640 -0.2658 -0.0031 0.0181 0.4399
20 9.6259 4.6571 183.9355 0.9670 -0.2329 0.1032 0.3563 0.5877
armor_helmet.JPG
20 10.1391 4.4793 177.0798 0.9587 -0.2829 0.0288 0.3497 0.3316
20 7.9925 -1.0291 176.2786 0.9327 -0.3600 -0.0240 0.1439 0.3017
20 7.9903 -2.4350 173.4098 0.9061 -0.3801 0.1856 0.0913 0.1945
armor_helmet.JPG
20 10.1391 4.4793 177.0798 0.9587 -0.2829 0.0288 0.3497 0.3316
20 7.7356 -4.3958 179.9778 0.9640 -0.2658 -0.0031 0.0181 0.4399
20 7.9925 -1.0291 176.2786 0.9327 -0.3600 -0.0240 0.1439 0.3017
armor_helmet.JPG
20 10.1391 4.4793 177.0798 -0.9393 0.3338 -0.0790 0.3497 0.3316
20 7.9903 -2.4350 173.4098 -0.8976 0.4174 -0.1417 0.0913 0.1945
20 9.6259 4.6571 183.9355 -0.9266 0.3625 -0.1002 0.3563 0.5877
armor_helmet.JPG
20 7.9925 -1.0291 176.2786 -0.8457 0.4896 -0.2126 0.1439 0.3017
20 7.7356 -4.3958 179.9778 -0.9975 0.0712 -0.0045 0.0181 0.4399
20 7.9446 -1.0492 186.5865 -0.9975 0.0712 -0.0045 0.1431 0.6868
armor_helmet.JPG
20 7.9446 -1.0492 186.5865 -0.9659 0.2248 -0.1287 0.1431 0.6868
20 9.1311 8.5837 194.5111 -0.9659 0.2248 -0.1287 0.5030 0.9829
20 9.6259 4.6571 183.9355 -0.9659 0.2248 -0.1287 0.3563 0.5877
armor_helmet.JPG
20 7.9925 -1.0291 176.2786 -0.8457 0.4896 -0.2126 0.1439 0.3017
20 7.9446 -1.0492 186.5865 -0.9597 0.2810 -0.0039 0.1431 0.6868
20 9.6259 4.6571 183.9355 -0.9597 0.2810 -0.0039 0.3563 0.5877
armor_helmet.JPG
20 7.9903 -2.4350 173.4098 -0.8976 0.4174 -0.1417 0.0913 0.1945
20 7.9925 -1.0291 176.2786 -0.8457 0.4896 -0.2126 0.1439 0.3017
20 9.6259 4.6571 183.9355 -0.9266 0.3625 -0.1002 0.3563 0.5877
armor_helmet.JPG
20 10.9682 3.3836 182.9408 0.9596 -0.2692 0.0820 0.5471 0.6562
20 10.4648 12.2548 194.1835 0.9510 -0.2205 0.2166 0.8674 0.9442
20 8.9182 1.4195 184.8074 0.7898 -0.5283 0.3115 0.4833 0.7451
armor_helmet.JPG
20 8.9182 1.4195 184.8074 0.7898 -0.5283 0.3115 0.4833 0.7451
20 8.7464 -0.9209 178.8361 0.8902 -0.4555 -0.0042 0.3863 0.5029
20 10.9682 3.3836 182.9408 0.9596 -0.2692 0.0820 0.5471 0.6562
armor_helmet.JPG
20 10.9682 3.3836 182.9408 0.9596 -0.2692 0.0820 0.5471 0.6562
20 8.7464 -0.9209 178.8361 0.8902 -0.4555 -0.0042 0.3863 0.5029
20 10.6080 4.6345 180.0489 0.9794 -0.1100 -0.1696 0.5939 0.5482
armor_helmet.JPG
20 10.6080 4.6345 180.0489 0.9794 -0.1100 -0.1696 0.5939 0.5482
20 10.4648 12.2548 194.1835 0.9510 -0.2205 0.2166 0.8674 0.9442
20 10.9682 3.3836 182.9408 0.9596 -0.2692 0.0820 0.5471 0.6562
armor_helmet.JPG
20 8.9182 1.4195 184.8074 -0.9456 0.2953 -0.1363 0.4833 0.7451
20 10.4648 12.2548 194.1835 -0.9503 0.2699 -0.1551 0.8674 0.9442
20 10.6080 4.6345 180.0489 -0.9438 0.3038 -0.1299 0.5939 0.5482
armor_helmet.JPG
20 10.6080 4.6345 180.0489 -0.9438 0.3038 -0.1299 0.5939 0.5482
20 8.7464 -0.9209 178.8361 -0.9358 0.3365 -0.1050 0.3863 0.5029
20 8.9182 1.4195 184.8074 -0.9456 0.2953 -0.1363 0.4833 0.7451
armor_helmet.JPG
20 12.0676 12.5519 186.9136 0.9996 0.0290 0.0033 0.6891 0.4368
20 11.0842 11.0842 189.3981 0.9406 -0.2596 0.2189 0.6279 0.5405
20 11.0324 3.5466 182.7439 0.9070 -0.3800 0.1813 0.3132 0.2627
armor_helmet.JPG
20 11.0324 3.5466 182.7439 0.9070 -0.3800 0.1813 0.3132 0.2627
20 11.9414 4.7451 180.7682 0.9696 -0.2377 -0.0585 0.3632 0.1802
20 12.0676 12.5519 186.9136 0.9996 0.0290 0.0033 0.6891 0.4368
armor_helmet.JPG
20 11.0324 3.5466 182.7439 0.9070 -0.3800 0.1813 0.3132 0.2627
20 8.9397 -0.2110 178.8801 0.8702 -0.4548 -0.1896 0.1563 0.1014
20 11.9414 4.7451 180.7682 0.9696 -0.2377 -0.0585 0.3632 0.1802
armor_helmet.JPG
20 11.9414 4.7451 180.7682 0.9696 -0.2377 -0.0585 0.3632 0.1802
20 8.9397 -0.2110 178.8801 0.8702 -0.4548 -0.1896 0.1563 0.1014
20 10.9820 6.2840 176.5461 0.9573 -0.1107 -0.2671 0.4275 0.0040
armor_helmet.JPG
20 12.0676 12.5519 186.9136 0.9996 0.0290 0.0033 0.6891 0.4368
20 11.9414 4.7451 180.7682 0.9696 -0.2377 -0.0585 0.3632 0.1802
20 10.9820 6.2840 176.5461 0.9573 -0.1107 -0.2671 0.4275 0.0040
armor_helmet.JPG
20 10.9820 6.2840 176.5461 0.9573 -0.1107 -0.2671 0.4275 0.0040
20 11.1243 13.9776 184.0649 0.9525 0.2289 -0.2008 0.7486 0.3178
20 12.0676 12.5519 186.9136 0.9996 0.0290 0.0033 0.6891 0.4368
armor_helmet.JPG
20 12.0676 12.5519 186.9136 0.9996 0.0290 0.0033 0.6891 0.4368
20 11.7846 19.7686 198.6532 0.9992 -0.0191 0.0359 0.9904 0.9268
20 11.0842 11.0842 189.3981 0.9406 -0.2596 0.2189 0.6279 0.5405
armor_helmet.JPG
20 11.1243 13.9776 184.0649 0.9525 0.2289 -0.2008 0.7486 0.3178
20 11.7846 19.7686 198.6532 0.9992 -0.0191 0.0359 0.9904 0.9268
20 12.0676 12.5519 186.9136 0.9996 0.0290 0.0033 0.6891 0.4368
armor_helmet.JPG
20 11.0842 11.0842 189.3981 -0.9958 0.0585 0.0699 0.6279 0.5405
20 8.9397 -0.2110 178.8801 -0.9977 0.0476 0.0485 0.1563 0.1014
20 11.0324 3.5466 182.7439 -0.1946 -0.6484 0.7360 0.3132 0.2627
armor_helmet.JPG
20 11.0842 11.0842 189.3981 -0.9958 0.0585 0.0699 0.6279 0.5405
20 11.7846 19.7686 198.6532 -0.9982 0.0561 0.0229 0.9904 0.9268
20 11.1243 13.9776 184.0649 -0.9925 0.1219 0.0060 0.7486 0.3178
armor_helmet.JPG
20 11.1243 13.9776 184.0649 -0.9925 0.1219 0.0060 0.7486 0.3178
20 10.9820 6.2840 176.5461 -0.9517 0.2235 -0.2107 0.4275 0.0040
20 8.9397 -0.2110 178.8801 -0.9977 0.0476 0.0485 0.1563 0.1014
armor_helmet.JPG
20 11.0842 11.0842 189.3981 -0.9958 0.0585 0.0699 0.6279 0.5405
20 11.1243 13.9776 184.0649 -0.9925 0.1219 0.0060 0.7486 0.3178
20 8.9397 -0.2110 178.8801 -0.9977 0.0476 0.0485 0.1563 0.1014
armor_helmet.JPG
20 10.4577 6.5213 176.5457 0.9639 -0.2034 0.1721 0.6544 0.1111
20 10.8574 12.6987 173.5983 0.9974 -0.0346 0.0628 0.8614 0.0123
20 9.9214 8.1032 178.3758 0.9438 -0.0567 0.3255 0.7074 0.1725
armor_helmet.JPG
20 9.9214 8.1032 178.3758 0.9438 -0.0567 0.3255 0.7074 0.1725
20 9.2822 4.2759 177.2196 0.8821 -0.3772 0.2821 0.5791 0.1337
20 10.4577 6.5213 176.5457 0.9639 -0.2034 0.1721 0.6544 0.1111
armor_helmet.JPG
20 10.4577 6.5213 176.5457 0.9639 -0.2034 0.1721 0.6544 0.1111
20 9.2822 4.2759 177.2196 0.8821 -0.3772 0.2821 0.5791 0.1337
20 9.9282 4.9388 175.0193 0.9498 -0.3127 -0.0052 0.6013 0.0600
armor_helmet.JPG
20 9.9282 4.9388 175.0193 0.9498 -0.3127 -0.0052 0.6013 0.0600
20 10.8574 12.6987 173.5983 0.9974 -0.0346 0.0628 0.8614 0.0123
20 10.4577 6.5213 176.5457 0.9639 -0.2034 0.1721 0.6544 0.1111
armor_helmet.JPG
20 9.9214 8.1032 178.3758 -0.9828 0.1333 -0.1277 0.7074 0.1725
20 10.8574 12.6987 173.5983 -0.9902 0.1008 -0.0970 0.8614 0.0123
20 9.9282 4.9388 175.0193 -0.9738 0.1646 -0.1571 0.6013 0.0600
armor_helmet.JPG
20 9.9282 4.9388 175.0193 -0.9738 0.1646 -0.1571 0.6013 0.0600
20 9.2822 4.2759 177.2196 -0.9514 0.2230 -0.2122 0.5791 0.1337
20 9.9214 8.1032 178.3758 -0.9828 0.1333 -0.1277 0.7074 0.1725
armor_helmet.JPG
20 9.9049 4.1380 175.3198 0.9784 -0.1360 0.1555 0.8017 0.2058
20 10.3046 9.3367 170.5950 0.9971 -0.0080 0.0756 0.9760 0.0474
20 9.3686 6.2404 176.3690 0.9472 0.0877 0.3084 0.8722 0.2410
armor_helmet.JPG
20 9.3686 6.2404 176.3690 0.9472 0.0877 0.3084 0.8722 0.2410
20 8.7294 2.5756 177.7255 0.9250 -0.1851 0.3318 0.7494 0.2865
20 9.9049 4.1380 175.3198 0.9784 -0.1360 0.1555 0.8017 0.2058
armor_helmet.JPG
20 9.9049 4.1380 175.3198 0.9784 -0.1360 0.1555 0.8017 0.2058
20 8.7294 2.5756 177.7255 0.9250 -0.1851 0.3318 0.7494 0.2865
20 9.3754 2.5048 174.5397 0.9465 -0.3214 0.0305 0.7470 0.1797
armor_helmet.JPG
20 9.3754 2.5048 174.5397 0.9465 -0.3214 0.0305 0.7470 0.1797
20 10.3046 9.3367 170.5950 0.9971 -0.0080 0.0756 0.9760 0.0474
20 9.9049 4.1380 175.3198 0.9784 -0.1360 0.1555 0.8017 0.2058
armor_helmet.JPG
20 9.3686 6.2404 176.3690 -0.9856 0.0728 -0.1524 0.8722 0.2410
20 10.3046 9.3367 170.5950 -0.9899 0.0608 -0.1279 0.9760 0.0474
20 9.3754 2.5048 174.5397 -0.9829 0.0795 -0.1661 0.7470 0.1797
armor_helmet.JPG
20 9.3754 2.5048 174.5397 -0.9829 0.0795 -0.1661 0.7470 0.1797
20 8.7294 2.5756 177.7255 -0.9751 0.0961 -0.1999 0.7494 0.2865
20 9.3686 6.2404 176.3690 -0.9856 0.0728 -0.1524 0.8722 0.2410
armor_helmet.JPG
20 9.3272 2.8090 174.8701 0.9784 -0.0841 0.1887 0.8621 0.4113
20 9.7269 6.3839 168.8228 0.9971 0.0146 0.0746 0.9820 0.2086
20 8.7910 5.1272 175.2529 0.9472 0.1747 0.2689 0.9398 0.4241
armor_helmet.JPG
20 8.7910 5.1272 175.2529 0.9472 0.1747 0.2689 0.9398 0.4241
20 8.1517 2.0252 177.6294 0.9250 -0.0791 0.3716 0.8358 0.5038
20 9.3272 2.8090 174.8701 0.9784 -0.0841 0.1887 0.8621 0.4113
armor_helmet.JPG
20 9.3272 2.8090 174.8701 0.9784 -0.0841 0.1887 0.8621 0.4113
20 8.1517 2.0252 177.6294 0.9250 -0.0791 0.3716 0.8358 0.5038
20 8.7978 1.0184 174.6061 0.9465 -0.2981 0.1239 0.8021 0.4024
armor_helmet.JPG
20 8.7978 1.0184 174.6061 0.9465 -0.2981 0.1239 0.8021 0.4024
20 9.7269 6.3839 168.8228 0.9971 0.0146 0.0746 0.9820 0.2086
20 9.3272 2.8090 174.8701 0.9784 -0.0841 0.1887 0.8621 0.4113
armor_helmet.JPG
20 8.7910 5.1272 175.2529 -0.9856 0.0247 -0.1671 0.9398 0.4241
20 9.7269 6.3839 168.8228 -0.9899 0.0204 -0.1401 0.9820 0.2086
20 8.7978 1.0184 174.6061 -0.9829 0.0270 -0.1821 0.8021 0.4024
armor_helmet.JPG
20 8.7978 1.0184 174.6061 -0.9829 0.0270 -0.1821 0.8021 0.4024
20 8.1517 2.0252 177.6294 -0.9751 0.0329 -0.2193 0.8358 0.5038
20 8.7910 5.1272 175.2529 -0.9856 0.0247 -0.1671 0.9398 0.4241
armor_helmet.JPG
20 -9.6259 4.6571 183.9355 -0.9670 -0.2329 0.1032 0.3563 0.5877
20 -10.1391 4.4793 177.0798 -0.9587 -0.2829 0.0288 0.3497 0.3316
20 -7.7356 -4.3958 179.9778 -0.9640 -0.2658 -0.0031 0.0181 0.4399
armor_helmet.JPG
20 -9.6259 4.6571 183.9355 -0.9670 -0.2329 0.1032 0.3563 0.5877
20 -7.9446 -1.0492 186.5866 -0.9661 -0.2350 0.1070 0.1431 0.6868
20 -9.1311 8.5837 194.5111 -0.9659 -0.2248 0.1287 0.5030 0.9829
armor_helmet.JPG
20 -7.9446 -1.0492 186.5866 -0.9661 -0.2350 0.1070 0.1431 0.6868
20 -9.6259 4.6571 183.9355 -0.9670 -0.2329 0.1032 0.3563 0.5877
20 -7.7356 -4.3958 179.9778 -0.9640 -0.2658 -0.0031 0.0181 0.4399
armor_helmet.JPG
20 -10.1391 4.4793 177.0798 -0.9587 -0.2829 0.0288 0.3497 0.3316
20 -7.9903 -2.4350 173.4098 -0.9061 -0.3801 0.1856 0.0913 0.1945
20 -7.9925 -1.0291 176.2786 -0.9327 -0.3600 -0.0240 0.1439 0.3017
armor_helmet.JPG
20 -10.1391 4.4793 177.0798 -0.9587 -0.2829 0.0288 0.3497 0.3316
20 -7.9925 -1.0291 176.2786 -0.9327 -0.3600 -0.0240 0.1439 0.3017
20 -7.7356 -4.3958 179.9778 -0.9640 -0.2658 -0.0031 0.0181 0.4399
armor_helmet.JPG
20 -10.1391 4.4793 177.0798 0.9393 0.3338 -0.0790 0.3497 0.3316
20 -9.6259 4.6571 183.9355 0.9266 0.3625 -0.1002 0.3563 0.5877
20 -7.9903 -2.4350 173.4098 0.8976 0.4174 -0.1417 0.0913 0.1945
armor_helmet.JPG
20 -7.9925 -1.0291 176.2786 0.8457 0.4896 -0.2126 0.1439 0.3017
20 -7.9446 -1.0492 186.5866 0.9975 0.0712 -0.0045 0.1431 0.6868
20 -7.7356 -4.3958 179.9778 0.9975 0.0712 -0.0045 0.0181 0.4399
armor_helmet.JPG
20 -7.9446 -1.0492 186.5866 0.9659 0.2248 -0.1287 0.1431 0.6868
20 -9.6259 4.6571 183.9355 0.9659 0.2248 -0.1287 0.3563 0.5877
20 -9.1311 8.5837 194.5111 0.9659 0.2248 -0.1287 0.5030 0.9829
armor_helmet.JPG
20 -7.9925 -1.0291 176.2786 0.8457 0.4896 -0.2126 0.1439 0.3017
20 -9.6259 4.6571 183.9355 0.9597 0.2810 -0.0039 0.3563 0.5877
20 -7.9446 -1.0492 186.5866 0.9597 0.2810 -0.0039 0.1431 0.6868
armor_helmet.JPG
20 -7.9903 -2.4350 173.4098 0.8976 0.4174 -0.1417 0.0913 0.1945
20 -9.6259 4.6571 183.9355 0.9266 0.3625 -0.1002 0.3563 0.5877
20 -7.9925 -1.0291 176.2786 0.8457 0.4896 -0.2126 0.1439 0.3017
armor_helmet.JPG
20 -10.9682 3.3836 182.9408 -0.9596 -0.2692 0.0820 0.5471 0.6562
20 -8.9182 1.4195 184.8074 -0.7898 -0.5283 0.3115 0.4833 0.7451
20 -10.4648 12.2548 194.1835 -0.9510 -0.2205 0.2166 0.8674 0.9442
armor_helmet.JPG
20 -8.9182 1.4195 184.8074 -0.7898 -0.5283 0.3115 0.4833 0.7451
20 -10.9682 3.3836 182.9408 -0.9596 -0.2692 0.0820 0.5471 0.6562
20 -8.7464 -0.9209 178.8361 -0.8902 -0.4555 -0.0042 0.3863 0.5029
armor_helmet.JPG
20 -10.9682 3.3836 182.9408 -0.9596 -0.2692 0.0820 0.5471 0.6562
20 -10.6080 4.6345 180.0490 -0.9794 -0.1100 -0.1696 0.5939 0.5482
20 -8.7464 -0.9209 178.8361 -0.8902 -0.4555 -0.0042 0.3863 0.5029
armor_helmet.JPG
20 -10.6080 4.6345 180.0490 -0.9794 -0.1100 -0.1696 0.5939 0.5482
20 -10.9682 3.3836 182.9408 -0.9596 -0.2692 0.0820 0.5471 0.6562
20 -10.4648 12.2548 194.1835 -0.9510 -0.2205 0.2166 0.8674 0.9442
armor_helmet.JPG
20 -8.9182 1.4195 184.8074 0.9456 0.2953 -0.1363 0.4833 0.7451
20 -10.6080 4.6345 180.0490 0.9438 0.3038 -0.1299 0.5939 0.5482
20 -10.4648 12.2548 194.1835 0.9503 0.2699 -0.1551 0.8674 0.9442
armor_helmet.JPG
20 -10.6080 4.6345 180.0490 0.9438 0.3038 -0.1299 0.5939 0.5482
20 -8.9182 1.4195 184.8074 0.9456 0.2953 -0.1363 0.4833 0.7451
20 -8.7464 -0.9209 178.8361 0.9358 0.3365 -0.1050 0.3863 0.5029
armor_helmet.JPG
20 -12.0676 12.5519 186.9136 -0.9996 0.0290 0.0033 0.6891 0.4368
20 -11.0324 3.5466 182.7439 -0.9070 -0.3800 0.1813 0.3132 0.2627
20 -11.0842 11.0842 189.3982 -0.9406 -0.2596 0.2189 0.6279 0.5405
armor_helmet.JPG
20 -11.0324 3.5466 182.7439 -0.9070 -0.3800 0.1813 0.3132 0.2627
20 -12.0676 12.5519 186.9136 -0.9996 0.0290 0.0033 0.6891 0.4368
20 -11.9414 4.7451 180.7682 -0.9696 -0.2377 -0.0585 0.3632 0.1802
armor_helmet.JPG
20 -11.0324 3.5466 182.7439 -0.9070 -0.3800 0.1813 0.3132 0.2627
20 -11.9414 4.7451 180.7682 -0.9696 -0.2377 -0.0585 0.3632 0.1802
20 -8.9397 -0.2110 178.8801 -0.8702 -0.4548 -0.1896 0.1563 0.1014
armor_helmet.JPG
20 -11.9414 4.7451 180.7682 -0.9696 -0.2377 -0.0585 0.3632 0.1802
20 -10.9820 6.2840 176.5461 -0.9573 -0.1107 -0.2671 0.4275 0.0040
20 -8.9397 -0.2110 178.8801 -0.8702 -0.4548 -0.1896 0.1563 0.1014
armor_helmet.JPG
20 -12.0676 12.5519 186.9136 -0.9996 0.0290 0.0033 0.6891 0.4368
20 -10.9820 6.2840 176.5461 -0.9573 -0.1107 -0.2671 0.4275 0.0040
20 -11.9414 4.7451 180.7682 -0.9696 -0.2377 -0.0585 0.3632 0.1802
armor_helmet.JPG
20 -10.9820 6.2840 176.5461 -0.9573 -0.1107 -0.2671 0.4275 0.0040
20 -12.0676 12.5519 186.9136 -0.9996 0.0290 0.0033 0.6891 0.4368
20 -11.1243 13.9776 184.0649 -0.9525 0.2289 -0.2008 0.7486 0.3178
armor_helmet.JPG
20 -12.0676 12.5519 186.9136 -0.9996 0.0290 0.0033 0.6891 0.4368
20 -11.0842 11.0842 189.3982 -0.9406 -0.2596 0.2189 0.6279 0.5405
20 -11.7846 19.7686 198.6532 -0.9992 -0.0191 0.0358 0.9904 0.9268
armor_helmet.JPG
20 -11.1243 13.9776 184.0649 -0.9525 0.2289 -0.2008 0.7486 0.3178
20 -12.0676 12.5519 186.9136 -0.9996 0.0290 0.0033 0.6891 0.4368
20 -11.7846 19.7686 198.6532 -0.9992 -0.0191 0.0358 0.9904 0.9268
armor_helmet.JPG
20 -11.0842 11.0842 189.3982 0.9958 0.0585 0.0699 0.6279 0.5405
20 -11.0324 3.5466 182.7439 0.1946 -0.6484 0.7360 0.3132 0.2627
20 -8.9397 -0.2110 178.8801 0.9977 0.0476 0.0485 0.1563 0.1014
armor_helmet.JPG
20 -11.0842 11.0842 189.3982 0.9958 0.0585 0.0699 0.6279 0.5405
20 -11.1243 13.9776 184.0649 0.9925 0.1219 0.0060 0.7486 0.3178
20 -11.7846 19.7686 198.6532 0.9982 0.0561 0.0229 0.9904 0.9268
armor_helmet.JPG
20 -11.1243 13.9776 184.0649 0.9925 0.1219 0.0060 0.7486 0.3178
20 -8.9397 -0.2110 178.8801 0.9977 0.0476 0.0485 0.1563 0.1014
20 -10.9820 6.2840 176.5461 0.9517 0.2235 -0.2107 0.4275 0.0040
armor_helmet.JPG
20 -11.0842 11.0842 189.3982 0.9958 0.0585 0.0699 0.6279 0.5405
20 -8.9397 -0.2110 178.8801 0.9977 0.0476 0.0485 0.1563 0.1014
20 -11.1243 13.9776 184.0649 0.9925 0.1219 0.0060 0.7486 0.3178
armor_helmet.JPG
20 -10.4577 6.5213 176.5457 -0.9639 -0.2034 0.1721 0.6544 0.1111
20 -9.9214 8.1032 178.3758 -0.9438 -0.0567 0.3255 0.7074 0.1725
20 -10.8574 12.6987 173.5984 -0.9974 -0.0346 0.0628 0.8614 0.0123
armor_helmet.JPG
20 -9.9214 8.1032 178.3758 -0.9438 -0.0567 0.3255 0.7074 0.1725
20 -10.4577 6.5213 176.5457 -0.9639 -0.2034 0.1721 0.6544 0.1111
20 -9.2822 4.2759 177.2196 -0.8821 -0.3772 0.2821 0.5791 0.1337
armor_helmet.JPG
20 -10.4577 6.5213 176.5457 -0.9639 -0.2034 0.1721 0.6544 0.1111
20 -9.9282 4.9388 175.0193 -0.9498 -0.3127 -0.0052 0.6013 0.0600
20 -9.2822 4.2759 177.2196 -0.8821 -0.3772 0.2821 0.5791 0.1337
armor_helmet.JPG
20 -9.9282 4.9388 175.0193 -0.9498 -0.3127 -0.0052 0.6013 0.0600
20 -10.4577 6.5213 176.5457 -0.9639 -0.2034 0.1721 0.6544 0.1111
20 -10.8574 12.6987 173.5984 -0.9974 -0.0346 0.0628 0.8614 0.0123
armor_helmet.JPG
20 -9.9214 8.1032 178.3758 0.9828 0.1333 -0.1277 0.7074 0.1725
20 -9.9282 4.9388 175.0193 0.9738 0.1646 -0.1571 0.6013 0.0600
20 -10.8574 12.6987 173.5984 0.9902 0.1008 -0.0970 0.8614 0.0123
armor_helmet.JPG
20 -9.9282 4.9388 175.0193 0.9738 0.1646 -0.1571 0.6013 0.0600
20 -9.9214 8.1032 178.3758 0.9828 0.1333 -0.1277 0.7074 0.1725
20 -9.2822 4.2759 177.2196 0.9514 0.2230 -0.2122 0.5791 0.1337
armor_helmet.JPG
20 -9.9049 4.1380 175.3198 -0.9784 -0.1360 0.1555 0.8017 0.2058
20 -9.3686 6.2404 176.3690 -0.9472 0.0877 0.3084 0.8722 0.2410
20 -10.3046 9.3367 170.5950 -0.9971 -0.0080 0.0756 0.9760 0.0474
armor_helmet.JPG
20 -9.3686 6.2404 176.3690 -0.9472 0.0877 0.3084 0.8722 0.2410
20 -9.9049 4.1380 175.3198 -0.9784 -0.1360 0.1555 0.8017 0.2058
20 -8.7294 2.5756 177.7255 -0.9250 -0.1851 0.3318 0.7494 0.2865
armor_helmet.JPG
20 -9.9049 4.1380 175.3198 -0.9784 -0.1360 0.1555 0.8017 0.2058
20 -9.3754 2.5048 174.5397 -0.9465 -0.3214 0.0305 0.7470 0.1797
20 -8.7294 2.5756 177.7255 -0.9250 -0.1851 0.3318 0.7494 0.2865
armor_helmet.JPG
20 -9.3754 2.5048 174.5397 -0.9465 -0.3214 0.0305 0.7470 0.1797
20 -9.9049 4.1380 175.3198 -0.9784 -0.1360 0.1555 0.8017 0.2058
20 -10.3046 9.3367 170.5950 -0.9971 -0.0080 0.0756 0.9760 0.0474
armor_helmet.JPG
20 -9.3686 6.2404 176.3690 0.9856 0.0728 -0.1524 0.8722 0.2410
20 -9.3754 2.5048 174.5397 0.9829 0.0795 -0.1661 0.7470 0.1797
20 -10.3046 9.3367 170.5950 0.9899 0.0608 -0.1279 0.9760 0.0474
armor_helmet.JPG
20 -9.3754 2.5048 174.5397 0.9829 0.0795 -0.1661 0.7470 0.1797
20 -9.3686 6.2404 176.3690 0.9856 0.0728 -0.1524 0.8722 0.2410
20 -8.7294 2.5756 177.7255 0.9751 0.0961 -0.1999 0.7494 0.2865
armor_helmet.JPG
20 -9.3272 2.8090 174.8701 -0.9784 -0.0841 0.1887 0.8621 0.4113
20 -8.7910 5.1272 175.2529 -0.9472 0.1747 0.2689 0.9398 0.4241
20 -9.7269 6.3839 168.8228 -0.9971 0.0146 0.0746 0.9820 0.2086
armor_helmet.JPG
20 -8.7910 5.1272 175.2529 -0.9472 0.1747 0.2689 0.9398 0.4241
20 -9.3272 2.8090 174.8701 -0.9784 -0.0841 0.1887 0.8621 0.4113
20 -8.1517 2.0252 177.6295 -0.9250 -0.0791 0.3716 0.8358 0.5038
armor_helmet.JPG
20 -9.3272 2.8090 174.8701 -0.9784 -0.0841 0.1887 0.8621 0.4113
20 -8.7978 1.0184 174.6061 -0.9465 -0.2981 0.1239 0.8021 0.4024
20 -8.1517 2.0252 177.6295 -0.9250 -0.0791 0.3716 0.8358 0.5038
armor_helmet.JPG
20 -8.7978 1.0184 174.6061 -0.9465 -0.2981 0.1239 0.8021 0.4024
20 -9.3272 2.8090 174.8701 -0.9784 -0.0841 0.1887 0.8621 0.4113
20 -9.7269 6.3839 168.8228 -0.9971 0.0146 0.0746 0.9820 0.2086
armor_helmet.JPG
20 -8.7910 5.1272 175.2529 0.9856 0.0247 -0.1671 0.9398 0.4241
20 -8.7978 1.0184 174.6061 0.9829 0.0270 -0.1821 0.8021 0.4024
20 -9.7269 6.3839 168.8228 0.9899 0.0204 -0.1401 0.9820 0.2086
armor_helmet.JPG
20 -8.7978 1.0184 174.6061 0.9829 0.0270 -0.1821 0.8021 0.4024
20 -8.7910 5.1272 175.2529 0.9856 0.0247 -0.1671 0.9398 0.4241
20 -8.1517 2.0252 177.6295 0.9751 0.0329 -0.2193 0.8358 0.5038
K_nude01.jpg
20 2.8193 -8.6262 181.3728 0.3290 -0.9429 0.0517 0.0222 0.3872
20 1.2864 -8.6197 178.6962 0.2779 -0.9335 -0.2267 0.0139 0.3645
20 3.3681 -8.0841 178.9128 0.3621 -0.8770 -0.3159 0.0283 0.3686
K_nude01.jpg
20 3.0335 -8.1288 183.4572 0.3736 -0.8988 -0.2294 0.0241 0.4046
20 0.0000 -8.8384 182.9508 -0.0000 -0.9931 0.1171 0.0030 0.3992
20 0.0000 -9.1055 181.3241 -0.0000 -0.9991 0.0418 0.0032 0.3853
K_nude01.jpg
20 0.0000 -9.1055 181.3241 -0.0000 -0.9991 0.0418 0.0032 0.3853
20 2.8193 -8.6262 181.3728 0.3290 -0.9429 0.0517 0.0222 0.3872
20 3.0335 -8.1288 183.4572 0.3736 -0.8988 -0.2294 0.0241 0.4046
K_nude01.jpg
20 0.7349 -8.4405 177.0486 0.5612 -0.8272 -0.0285 0.0113 0.3528
20 0.0000 -8.7468 177.1370 -0.0000 -0.9969 0.0787 0.0056 0.3535
20 0.0000 -9.2287 175.3351 -0.0000 -0.9106 0.4134 0.0046 0.3400
K_nude01.jpg
20 0.0000 -9.2287 175.3351 -0.0000 -0.9106 0.4134 0.0046 0.3400
20 0.6005 -8.9588 175.2559 0.6439 -0.7182 0.2637 0.0091 0.3392
20 0.7349 -8.4405 177.0486 0.5612 -0.8272 -0.0285 0.0113 0.3528
K_nude01.jpg
20 0.0000 -8.6521 171.8189 -0.0000 -0.8417 -0.5399 0.0097 0.3095
20 0.0000 -8.5723 170.5022 -0.0000 -0.9877 -0.1562 0.0122 0.3001
20 1.4074 -8.0552 170.7202 0.3957 -0.9091 -0.1305 0.0217 0.3047
K_nude01.jpg
20 1.4074 -8.0552 170.7202 0.3957 -0.9091 -0.1305 0.0217 0.3047
20 1.3766 -8.1576 172.2071 0.5342 -0.8186 -0.2110 0.0191 0.3156
20 0.0000 -8.6521 171.8189 -0.0000 -0.8417 -0.5399 0.0097 0.3095
K_nude01.jpg
20 0.0000 -8.8661 178.5240 -0.0000 -0.9926 -0.1213 0.0047 0.3638
20 0.0000 -8.7468 177.1370 -0.0000 -0.9969 0.0787 0.0056 0.3535
20 0.7349 -8.4405 177.0486 0.5612 -0.8272 -0.0285 0.0113 0.3528
K_nude01.jpg
20 0.7349 -8.4405 177.0486 0.5612 -0.8272 -0.0285 0.0113 0.3528
20 1.2864 -8.6197 178.6962 0.2779 -0.9335 -0.2267 0.0139 0.3645
20 0.0000 -8.8661 178.5240 -0.0000 -0.9926 -0.1213 0.0047 0.3638
K_nude01.jpg
20 1.2864 -8.6197 178.6962 0.2779 -0.9335 -0.2267 0.0139 0.3645
20 0.7349 -8.4405 177.0486 0.5612 -0.8272 -0.0285 0.0113 0.3528
20 1.9262 -6.9616 176.2395 0.4329 -0.9014 -0.0120 0.0237 0.3475
K_nude01.jpg
20 1.9262 -6.9616 176.2395 0.4329 -0.9014 -0.0120 0.0237 0.3475
20 3.2424 -7.2410 177.5656 0.3229 -0.8677 -0.3780 0.0315 0.3574
20 3.3681 -8.0841 178.9128 0.3621 -0.8770 -0.3159 0.0283 0.3686
K_nude01.jpg
20 3.3681 -8.0841 178.9128 0.3621 -0.8770 -0.3159 0.0283 0.3686
20 1.2864 -8.6197 178.6962 0.2779 -0.9335 -0.2267 0.0139 0.3645
20 1.9262 -6.9616 176.2395 0.4329 -0.9014 -0.0120 0.0237 0.3475
K_nude01.jpg
20 5.9163 -5.4172 176.5999 0.8059 -0.5833 -0.1012 0.0547 0.3523
20 6.6713 -5.0995 178.3817 0.8905 -0.4282 -0.1537 0.0583 0.3668
20 5.5529 -7.0312 179.0826 0.6517 -0.7375 -0.1773 0.0441 0.3708
K_nude01.jpg
20 5.5529 -7.0312 179.0826 0.6517 -0.7375 -0.1773 0.0441 0.3708
20 4.9066 -6.5475 177.4950 0.4609 -0.8367 -0.2957 0.0438 0.3579
20 5.9163 -5.4172 176.5999 0.8059 -0.5833 -0.1012 0.0547 0.3523
K_nude01.jpg
20 1.8407 -7.5895 174.8222 0.5406 -0.8166 0.2025 0.0225 0.3365
20 1.9262 -6.9616 176.2395 0.4329 -0.9014 -0.0120 0.0237 0.3475
20 0.7349 -8.4405 177.0486 0.5612 -0.8272 -0.0285 0.0113 0.3528
K_nude01.jpg
20 0.7349 -8.4405 177.0486 0.5612 -0.8272 -0.0285 0.0113 0.3528
20 0.6005 -8.9588 175.2559 0.6439 -0.7182 0.2637 0.0091 0.3392
20 1.8407 -7.5895 174.8222 0.5406 -0.8166 0.2025 0.0225 0.3365
K_nude01.jpg
20 1.3766 -8.1576 172.2071 0.5342 -0.8186 -0.2110 0.0191 0.3156
20 1.5206 -8.1419 173.0117 0.7003 -0.7132 0.0301 0.0190 0.3217
20 0.6881 -10.1633 173.4242 0.6753 -0.7298 0.1064 0.0056 0.3239
K_nude01.jpg
20 0.6881 -10.1633 173.4242 0.6753 -0.7298 0.1064 0.0056 0.3239
20 0.5773 -10.0397 172.7552 0.5447 -0.6552 -0.5235 0.0064 0.3197
20 1.3766 -8.1576 172.2071 0.5342 -0.8186 -0.2110 0.0191 0.3156
K_nude01.jpg
20 0.5773 -10.0397 172.7552 0.5447 -0.6552 -0.5235 0.0064 0.3197
20 0.0000 -10.2482 172.7354 -0.0000 -0.8258 -0.5640 0.0027 0.3189
20 0.0000 -8.6521 171.8189 -0.0000 -0.8417 -0.5399 0.0097 0.3095
K_nude01.jpg
20 0.0000 -8.6521 171.8189 -0.0000 -0.8417 -0.5399 0.0097 0.3095
20 1.3766 -8.1576 172.2071 0.5342 -0.8186 -0.2110 0.0191 0.3156
20 0.5773 -10.0397 172.7552 0.5447 -0.6552 -0.5235 0.0064 0.3197
K_nude01.jpg
20 4.7230 -6.4210 175.6676 0.4904 -0.8713 0.0161 0.0441 0.3474
20 5.9759 -5.8604 174.0652 0.7668 -0.6399 -0.0511 0.0551 0.3332
20 5.9163 -5.4172 176.5999 0.8059 -0.5833 -0.1012 0.0547 0.3523
K_nude01.jpg
20 0.0000 -9.1055 181.3241 -0.0000 -0.9991 0.0418 0.0032 0.3853
20 0.0000 -8.8661 178.5240 -0.0000 -0.9926 -0.1213 0.0047 0.3638
20 1.2864 -8.6197 178.6962 0.2779 -0.9335 -0.2267 0.0139 0.3645
K_nude01.jpg
20 1.2864 -8.6197 178.6962 0.2779 -0.9335 -0.2267 0.0139 0.3645
20 2.8193 -8.6262 181.3728 0.3290 -0.9429 0.0517 0.0222 0.3872
20 0.0000 -9.1055 181.3241 -0.0000 -0.9991 0.0418 0.0032 0.3853
K_nude01.jpg
20 0.6881 -10.1633 173.4242 0.6753 -0.7298 0.1064 0.0056 0.3239
20 -0.0000 -10.4281 173.5366 -0.0000 -0.9789 0.2043 0.0013 0.3246
20 0.0000 -10.2482 172.7354 -0.0000 -0.8258 -0.5640 0.0027 0.3189
K_nude01.jpg
20 0.0000 -10.2482 172.7354 -0.0000 -0.8258 -0.5640 0.0027 0.3189
20 0.5773 -10.0397 172.7552 0.5447 -0.6552 -0.5235 0.0064 0.3197
20 0.6881 -10.1633 173.4242 0.6753 -0.7298 0.1064 0.0056 0.3239
K_nude01.jpg
20 1.5206 -8.1419 173.0117 0.7003 -0.7132 0.0301 0.0190 0.3217
20 1.8407 -7.5895 174.8222 0.5406 -0.8166 0.2025 0.0225 0.3365
20 0.6005 -8.9588 175.2559 0.6439 -0.7182 0.2637 0.0091 0.3392
K_nude01.jpg
20 0.6005 -8.9588 175.2559 0.6439 -0.7182 0.2637 0.0091 0.3392
20 0.6881 -10.1633 173.4242 0.6753 -0.7298 0.1064 0.0056 0.3239
20 1.5206 -8.1419 173.0117 0.7003 -0.7132 0.0301 0.0190 0.3217
K_nude01.jpg
20 -0.0000 -10.4281 173.5366 -0.0000 -0.9789 0.2043 0.0013 0.3246
20 0.6881 -10.1633 173.4242 0.6753 -0.7298 0.1064 0.0056 0.3239
20 0.6005 -8.9588 175.2559 0.6439 -0.7182 0.2637 0.0091 0.3392
K_nude01.jpg
20 0.6005 -8.9588 175.2559 0.6439 -0.7182 0.2637 0.0091 0.3392
20 0.0000 -9.2287 175.3351 -0.0000 -0.9106 0.4134 0.0046 0.3400
20 -0.0000 -10.4281 173.5366 -0.0000 -0.9789 0.2043 0.0013 0.3246
K_nude01.jpg
20 3.2424 -7.2410 177.5656 0.3229 -0.8677 -0.3780 0.0315 0.3574
20 4.9066 -6.5475 177.4950 0.4609 -0.8367 -0.2957 0.0438 0.3579
20 5.5529 -7.0312 179.0826 0.6517 -0.7375 -0.1773 0.0441 0.3708
K_nude01.jpg
20 5.5529 -7.0312 179.0826 0.6517 -0.7375 -0.1773 0.0441 0.3708
20 3.3681 -8.0841 178.9128 0.3621 -0.8770 -0.3159 0.0283 0.3686
20 3.2424 -7.2410 177.5656 0.3229 -0.8677 -0.3780 0.0315 0.3574
K_nude01.jpg
20 3.3223 -6.9562 175.6924 0.2492 -0.9658 0.0721 0.0340 0.3468
20 1.9262 -6.9616 176.2395 0.4329 -0.9014 -0.0120 0.0237 0.3475
20 1.8407 -7.5895 174.8222 0.5406 -0.8166 0.2025 0.0225 0.3365
K_nude01.jpg
20 1.8407 -7.5895 174.8222 0.5406 -0.8166 0.2025 0.0225 0.3365
20 3.3563 -7.1672 174.5188 0.3856 -0.9162 0.1094 0.0343 0.3357
20 3.3223 -6.9562 175.6924 0.2492 -0.9658 0.0721 0.0340 0.3468
K_nude01.jpg
20 5.5529 -7.0312 179.0826 0.6517 -0.7375 -0.1773 0.0441 0.3708
20 5.6119 -6.9208 181.1502 0.7181 -0.6916 0.0777 0.0441 0.3863
20 2.8193 -8.6262 181.3728 0.3290 -0.9429 0.0517 0.0222 0.3872
K_nude01.jpg
20 2.8193 -8.6262 181.3728 0.3290 -0.9429 0.0517 0.0222 0.3872
20 3.3681 -8.0841 178.9128 0.3621 -0.8770 -0.3159 0.0283 0.3686
20 5.5529 -7.0312 179.0826 0.6517 -0.7375 -0.1773 0.0441 0.3708
K_nude01.jpg
20 0.0000 -8.5723 170.5022 -0.0000 -0.9877 -0.1562 0.0122 0.3001
20 0.0000 -7.7222 168.1273 -0.0000 -0.9603 -0.2790 0.0186 0.2853
20 1.2808 -7.5289 167.9133 0.3827 -0.8703 -0.3100 0.0271 0.2871
K_nude01.jpg
20 1.2808 -7.5289 167.9133 0.3827 -0.8703 -0.3100 0.0271 0.2871
20 1.4074 -8.0552 170.7202 0.3957 -0.9091 -0.1305 0.0217 0.3047
20 0.0000 -8.5723 170.5022 -0.0000 -0.9877 -0.1562 0.0122 0.3001
K_nude01.jpg
20 5.9759 -5.8604 174.0652 0.7668 -0.6399 -0.0511 0.0551 0.3332
20 3.3563 -7.1672 174.5188 0.3856 -0.9162 0.1094 0.0343 0.3357
20 2.6540 -7.5957 171.6249 0.4601 -0.8832 -0.0913 0.0299 0.3143
K_nude01.jpg
20 2.6540 -7.5957 171.6249 0.4601 -0.8832 -0.0913 0.0299 0.3143
20 4.8019 -6.1181 170.6653 0.7138 -0.6394 -0.2856 0.0478 0.3088
20 5.9759 -5.8604 174.0652 0.7668 -0.6399 -0.0511 0.0551 0.3332
K_nude01.jpg
20 1.5206 -8.1419 173.0117 0.7003 -0.7132 0.0301 0.0190 0.3217
20 2.6540 -7.5957 171.6249 0.4601 -0.8832 -0.0913 0.0299 0.3143
20 3.3563 -7.1672 174.5188 0.3856 -0.9162 0.1094 0.0343 0.3357
K_nude01.jpg
20 3.3563 -7.1672 174.5188 0.3856 -0.9162 0.1094 0.0343 0.3357
20 1.8407 -7.5895 174.8222 0.5406 -0.8166 0.2025 0.0225 0.3365
20 1.5206 -8.1419 173.0117 0.7003 -0.7132 0.0301 0.0190 0.3217
K_nude01.jpg
20 0.0000 -6.4527 165.5951 -0.0000 -0.3508 -0.9365 0.0303 0.2672
20 0.0000 -2.3316 166.0156 -0.0000 -0.5558 -0.8313 0.0528 0.2583
20 1.2350 -5.8735 165.7328 0.4026 -0.1906 -0.8953 0.0377 0.2722
K_nude01.jpg
20 1.2959 -6.6786 166.3065 0.5144 -0.6145 -0.5981 0.0331 0.2760
20 0.0000 -7.3478 166.3173 -0.0000 -0.8340 -0.5518 0.0242 0.2726
20 0.0000 -6.4527 165.5951 -0.0000 -0.3508 -0.9365 0.0303 0.2672
K_nude01.jpg
20 0.0000 -6.4527 165.5951 -0.0000 -0.3508 -0.9365 0.0303 0.2672
20 1.2350 -5.8735 165.7328 0.4026 -0.1906 -0.8953 0.0377 0.2722
20 1.2959 -6.6786 166.3065 0.5144 -0.6145 -0.5981 0.0331 0.2760
K_nude01.jpg
20 0.0000 -7.3478 166.3173 -0.0000 -0.8340 -0.5518 0.0242 0.2726
20 1.2959 -6.6786 166.3065 0.5144 -0.6145 -0.5981 0.0331 0.2760
20 1.2808 -7.5289 167.9133 0.3827 -0.8703 -0.3100 0.0271 0.2871
K_nude01.jpg
20 1.2808 -7.5289 167.9133 0.3827 -0.8703 -0.3100 0.0271 0.2871
20 0.0000 -7.7222 168.1273 -0.0000 -0.9603 -0.2790 0.0186 0.2853
20 0.0000 -7.3478 166.3173 -0.0000 -0.8340 -0.5518 0.0242 0.2726
K_nude01.jpg
20 2.6540 -7.5957 171.6249 0.4601 -0.8832 -0.0913 0.0299 0.3143
20 1.4074 -8.0552 170.7202 0.3957 -0.9091 -0.1305 0.0217 0.3047
20 1.2808 -7.5289 167.9133 0.3827 -0.8703 -0.3100 0.0271 0.2871
K_nude01.jpg
20 1.2808 -7.5289 167.9133 0.3827 -0.8703 -0.3100 0.0271 0.2871
20 4.8019 -6.1181 170.6653 0.7138 -0.6394 -0.2856 0.0478 0.3088
20 2.6540 -7.5957 171.6249 0.4601 -0.8832 -0.0913 0.0299 0.3143
K_nude01.jpg
20 4.8019 -6.1181 170.6653 0.7138 -0.6394 -0.2856 0.0478 0.3088
20 1.2808 -7.5289 167.9133 0.3827 -0.8703 -0.3100 0.0271 0.2871
20 1.2959 -6.6786 166.3065 0.5144 -0.6145 -0.5981 0.0331 0.2760
K_nude01.jpg
20 1.2959 -6.6786 166.3065 0.5144 -0.6145 -0.5981 0.0331 0.2760
20 4.0626 -5.1596 168.3202 0.7404 -0.4165 -0.5275 0.0528 0.2909
20 4.8019 -6.1181 170.6653 0.7138 -0.6394 -0.2856 0.0478 0.3088
K_nude01.jpg
20 5.9163 -5.4172 176.5999 0.8059 -0.5833 -0.1012 0.0547 0.3523
20 7.5171 -1.6879 177.2577 0.9362 -0.2980 -0.1863 0.0840 0.3569
20 6.6713 -5.0995 178.3817 0.8905 -0.4282 -0.1537 0.0583 0.3668
K_nude01.jpg
20 5.9760 -3.0585 170.1530 0.8644 -0.0928 -0.4941 0.0714 0.3061
20 4.8019 -6.1181 170.6653 0.7138 -0.6394 -0.2856 0.0478 0.3088
20 4.0626 -5.1596 168.3202 0.7404 -0.4165 -0.5275 0.0528 0.2909
K_nude01.jpg
20 3.5978 -4.1369 167.2790 0.6881 -0.0707 -0.7222 0.0593 0.2816
20 5.9760 -3.0585 170.1530 0.8644 -0.0928 -0.4941 0.0714 0.3061
20 4.0626 -5.1596 168.3202 0.7404 -0.4165 -0.5275 0.0528 0.2909
K_nude01.jpg
20 3.0335 -8.1288 183.4572 0.3736 -0.8988 -0.2294 0.0241 0.4046
20 2.8193 -8.6262 181.3728 0.3290 -0.9429 0.0517 0.0222 0.3872
20 5.6119 -6.9208 181.1502 0.7181 -0.6916 0.0777 0.0441 0.3863
K_nude01.jpg
20 5.6119 -6.9208 181.1502 0.7181 -0.6916 0.0777 0.0441 0.3863
20 5.8874 -6.2027 183.0889 0.6170 -0.7251 -0.3058 0.0476 0.4021
20 3.0335 -8.1288 183.4572 0.3736 -0.8988 -0.2294 0.0241 0.4046
K_nude01.jpg
20 7.2551 -2.0522 173.8130 0.9578 -0.2293 -0.1735 0.0818 0.3315
20 5.9760 -3.0585 170.1530 0.8644 -0.0928 -0.4941 0.0714 0.3061
20 7.6888 1.4082 173.8176 0.8697 0.0315 -0.4926 0.1104 0.3258
K_nude01.jpg
20 1.2959 -6.6786 166.3065 0.5144 -0.6145 -0.5981 0.0331 0.2760
20 1.2350 -5.8735 165.7328 0.4026 -0.1906 -0.8953 0.0377 0.2722
20 3.5978 -4.1369 167.2790 0.6881 -0.0707 -0.7222 0.0593 0.2816
K_nude01.jpg
20 3.5978 -4.1369 167.2790 0.6881 -0.0707 -0.7222 0.0593 0.2816
20 4.0626 -5.1596 168.3202 0.7404 -0.4165 -0.5275 0.0528 0.2909
20 1.2959 -6.6786 166.3065 0.5144 -0.6145 -0.5981 0.0331 0.2760
K_nude01.jpg
20 1.4074 -8.0552 170.7202 0.3957 -0.9091 -0.1305 0.0217 0.3047
20 2.6540 -7.5957 171.6249 0.4601 -0.8832 -0.0913 0.0299 0.3143
20 1.3766 -8.1576 172.2071 0.5342 -0.8186 -0.2110 0.0191 0.3156
K_nude01.jpg
20 2.6540 -7.5957 171.6249 0.4601 -0.8832 -0.0913 0.0299 0.3143
20 1.5206 -8.1419 173.0117 0.7003 -0.7132 0.0301 0.0190 0.3217
20 1.3766 -8.1576 172.2071 0.5342 -0.8186 -0.2110 0.0191 0.3156
K_nude01.jpg
20 2.4725 -1.1407 166.8456 0.7929 -0.3954 -0.4636 0.0725 0.2707
20 4.0342 0.8910 169.3245 0.8993 0.1806 -0.3982 0.0915 0.2908
20 3.5978 -4.1369 167.2790 0.6881 -0.0707 -0.7222 0.0593 0.2816
K_nude01.jpg
20 5.9760 -3.0585 170.1530 0.8644 -0.0928 -0.4941 0.0714 0.3061
20 7.2551 -2.0522 173.8130 0.9578 -0.2293 -0.1735 0.0818 0.3315
20 5.9759 -5.8604 174.0652 0.7668 -0.6399 -0.0511 0.0551 0.3332
K_nude01.jpg
20 5.9759 -5.8604 174.0652 0.7668 -0.6399 -0.0511 0.0551 0.3332
20 4.8019 -6.1181 170.6653 0.7138 -0.6394 -0.2856 0.0478 0.3088
20 5.9760 -3.0585 170.1530 0.8644 -0.0928 -0.4941 0.0714 0.3061
K_nude01.jpg
20 7.5171 -1.6879 177.2577 0.9362 -0.2980 -0.1863 0.0840 0.3569
20 5.9163 -5.4172 176.5999 0.8059 -0.5833 -0.1012 0.0547 0.3523
20 5.9759 -5.8604 174.0652 0.7668 -0.6399 -0.0511 0.0551 0.3332
K_nude01.jpg
20 5.9759 -5.8604 174.0652 0.7668 -0.6399 -0.0511 0.0551 0.3332
20 7.2551 -2.0522 173.8130 0.9578 -0.2293 -0.1735 0.0818 0.3315
20 7.5171 -1.6879 177.2577 0.9362 -0.2980 -0.1863 0.0840 0.3569
K_nude01.jpg
20 4.7230 -6.4210 175.6676 0.4904 -0.8713 0.0161 0.0441 0.3474
20 4.9066 -6.5475 177.4950 0.4609 -0.8367 -0.2957 0.0438 0.3579
20 3.2424 -7.2410 177.5656 0.3229 -0.8677 -0.3780 0.0315 0.3574
K_nude01.jpg
20 3.2424 -7.2410 177.5656 0.3229 -0.8677 -0.3780 0.0315 0.3574
20 3.3223 -6.9562 175.6924 0.2492 -0.9658 0.0721 0.0340 0.3468
20 4.7230 -6.4210 175.6676 0.4904 -0.8713 0.0161 0.0441 0.3474
K_nude01.jpg
20 3.3223 -6.9562 175.6924 0.2492 -0.9658 0.0721 0.0340 0.3468
20 3.2424 -7.2410 177.5656 0.3229 -0.8677 -0.3780 0.0315 0.3574
20 1.9262 -6.9616 176.2395 0.4329 -0.9014 -0.0120 0.0237 0.3475
K_nude01.jpg
20 7.5171 -1.6879 177.2577 0.9362 -0.2980 -0.1863 0.0840 0.3569
20 7.2551 -2.0522 173.8130 0.9578 -0.2293 -0.1735 0.0818 0.3315
20 8.1177 1.3125 176.1761 0.9336 -0.3370 -0.1216 0.1088 0.3491
K_nude01.jpg
20 7.6888 1.4082 173.8176 0.8697 0.0315 -0.4926 0.1104 0.3258
20 9.2255 3.4827 173.7339 0.7999 -0.2978 -0.5211 0.1289 0.3326
20 8.1177 1.3125 176.1761 0.9336 -0.3370 -0.1216 0.1088 0.3491
K_nude01.jpg
20 10.1089 5.1089 174.8580 0.8827 -0.4695 -0.0187 0.1390 0.3408
20 8.1177 1.3125 176.1761 0.9336 -0.3370 -0.1216 0.1088 0.3491
20 9.2255 3.4827 173.7339 0.7999 -0.2978 -0.5211 0.1289 0.3326
K_nude01.jpg
20 8.1177 1.3125 176.1761 0.9336 -0.3370 -0.1216 0.1088 0.3491
20 7.2551 -2.0522 173.8130 0.9578 -0.2293 -0.1735 0.0818 0.3315
20 7.6888 1.4082 173.8176 0.8697 0.0315 -0.4926 0.1104 0.3258
K_nude01.jpg
20 11.0132 7.0130 180.3385 0.6932 -0.5071 0.5122 0.1460 0.3870
20 10.5454 7.3629 180.6927 0.3397 -0.4051 0.8488 0.1440 0.3931
20 9.6077 4.6441 179.8582 0.5945 -0.4831 0.6428 0.1289 0.3841
K_nude01.jpg
20 9.6077 4.6441 179.8582 0.5945 -0.4831 0.6428 0.1289 0.3841
20 8.7990 2.0428 178.6102 0.9385 -0.2678 -0.2181 0.1133 0.3681
20 11.0132 7.0130 180.3385 0.6932 -0.5071 0.5122 0.1460 0.3870
K_nude01.jpg
20 11.7615 8.0842 177.9319 0.8689 -0.4936 0.0365 0.1591 0.3683
20 13.5984 11.4424 181.5340 0.8169 -0.5350 0.2155 0.1776 0.4055
20 11.0132 7.0130 180.3385 0.6932 -0.5071 0.5122 0.1460 0.3870
K_nude01.jpg
20 11.0132 7.0130 180.3385 0.6932 -0.5071 0.5122 0.1460 0.3870
20 13.5984 11.4424 181.5340 0.8169 -0.5350 0.2155 0.1776 0.4055
20 10.5454 7.3629 180.6927 0.3397 -0.4051 0.8488 0.1440 0.3931
K_nude01.jpg
20 4.0342 0.8910 169.3245 0.8993 0.1806 -0.3982 0.0915 0.2908
20 6.8243 3.8873 173.9007 0.7736 0.0435 -0.6322 0.1287 0.3158
20 7.6888 1.4082 173.8176 0.8697 0.0315 -0.4926 0.1104 0.3258
K_nude01.jpg
20 5.9760 -3.0585 170.1530 0.8644 -0.0928 -0.4941 0.0714 0.3061
20 4.0342 0.8910 169.3245 0.8993 0.1806 -0.3982 0.0915 0.2908
20 7.6888 1.4082 173.8176 0.8697 0.0315 -0.4926 0.1104 0.3258
K_nude01.jpg
20 8.9441 4.4868 177.1706 0.9116 -0.0337 -0.4097 0.1513 0.3397
20 7.6888 1.4082 173.8176 0.8697 0.0315 -0.4926 0.1104 0.3258
20 6.8243 3.8873 173.9007 0.7736 0.0435 -0.6322 0.1287 0.3158
K_nude01.jpg
20 11.7615 8.0842 177.9319 0.8689 -0.4936 0.0365 0.1591 0.3683
20 11.0132 7.0130 180.3385 0.6932 -0.5071 0.5122 0.1460 0.3870
20 8.1177 1.3125 176.1761 0.9336 -0.3370 -0.1216 0.1088 0.3491
K_nude01.jpg
20 11.0132 7.0130 180.3385 0.6932 -0.5071 0.5122 0.1460 0.3870
20 8.7990 2.0428 178.6102 0.9385 -0.2678 -0.2181 0.1133 0.3681
20 8.1177 1.3125 176.1761 0.9336 -0.3370 -0.1216 0.1088 0.3491
K_nude01.jpg
20 10.1089 5.1089 174.8580 0.8827 -0.4695 -0.0187 0.1390 0.3408
20 11.7615 8.0842 177.9319 0.8689 -0.4936 0.0365 0.1591 0.3683
20 8.1177 1.3125 176.1761 0.9336 -0.3370 -0.1216 0.1088 0.3491
K_nude01.jpg
20 3.5978 -4.1369 167.2790 0.6881 -0.0707 -0.7222 0.0593 0.2816
20 4.0342 0.8910 169.3245 0.8993 0.1806 -0.3982 0.0915 0.2908
20 5.9760 -3.0585 170.1530 0.8644 -0.0928 -0.4941 0.0714 0.3061
K_nude01.jpg
20 4.7230 -6.4210 175.6676 0.4904 -0.8713 0.0161 0.0441 0.3474
20 5.9163 -5.4172 176.5999 0.8059 -0.5833 -0.1012 0.0547 0.3523
20 4.9066 -6.5475 177.4950 0.4609 -0.8367 -0.2957 0.0438 0.3579
K_nude01.jpg
20 4.7230 -6.4210 175.6676 0.4904 -0.8713 0.0161 0.0441 0.3474
20 3.3223 -6.9562 175.6924 0.2492 -0.9658 0.0721 0.0340 0.3468
20 3.3563 -7.1672 174.5188 0.3856 -0.9162 0.1094 0.0343 0.3357
K_nude01.jpg
20 4.7230 -6.4210 175.6676 0.4904 -0.8713 0.0161 0.0441 0.3474
20 3.3563 -7.1672 174.5188 0.3856 -0.9162 0.1094 0.0343 0.3357
20 5.9759 -5.8604 174.0652 0.7668 -0.6399 -0.0511 0.0551 0.3332
K_nude01.jpg
20 1.2350 -5.8735 165.7328 0.4026 -0.1906 -0.8953 0.0377 0.2722
20 0.0000 -2.3316 166.0156 -0.0000 -0.5558 -0.8313 0.0528 0.2583
20 2.4725 -1.1407 166.8456 0.7929 -0.3954 -0.4636 0.0725 0.2707
K_nude01.jpg
20 2.4725 -1.1407 166.8456 0.7929 -0.3954 -0.4636 0.0725 0.2707
20 3.5978 -4.1369 167.2790 0.6881 -0.0707 -0.7222 0.0593 0.2816
20 1.2350 -5.8735 165.7328 0.4026 -0.1906 -0.8953 0.0377 0.2722
K_nude01.jpg
20 4.0342 0.8910 169.3245 0.8993 0.1806 -0.3982 0.0915 0.2908
20 2.9775 3.4617 169.9897 0.7424 0.4645 -0.4828 0.1197 0.2948
20 6.8243 3.8873 173.9007 0.7736 0.0435 -0.6322 0.1287 0.3158
K_nude01.jpg
20 5.8874 -6.2027 183.0889 0.6170 -0.7251 -0.3058 0.0476 0.4021
20 5.6119 -6.9208 181.1502 0.7181 -0.6916 0.0777 0.0441 0.3863
20 7.1889 -4.0491 180.0136 0.8600 -0.4921 -0.1351 0.0687 0.3775
K_nude01.jpg
20 6.6713 -5.0995 178.3817 0.8905 -0.4282 -0.1537 0.0583 0.3668
20 7.5171 -1.6879 177.2577 0.9362 -0.2980 -0.1863 0.0840 0.3569
20 7.1889 -4.0491 180.0136 0.8600 -0.4921 -0.1351 0.0687 0.3775
K_nude01.jpg
20 7.1889 -4.0491 180.0136 0.8600 -0.4921 -0.1351 0.0687 0.3775
20 5.6119 -6.9208 181.1502 0.7181 -0.6916 0.0777 0.0441 0.3863
20 5.5529 -7.0312 179.0826 0.6517 -0.7375 -0.1773 0.0441 0.3708
K_nude01.jpg
20 5.5529 -7.0312 179.0826 0.6517 -0.7375 -0.1773 0.0441 0.3708
20 6.6713 -5.0995 178.3817 0.8905 -0.4282 -0.1537 0.0583 0.3668
20 7.1889 -4.0491 180.0136 0.8600 -0.4921 -0.1351 0.0687 0.3775
K_nude01.jpg
20 7.1889 -4.0491 180.0136 0.8600 -0.4921 -0.1351 0.0687 0.3775
20 7.5171 -1.6879 177.2577 0.9362 -0.2980 -0.1863 0.0840 0.3569
20 8.2312 -1.7268 178.9141 0.8904 -0.3355 -0.3077 0.0854 0.3685
K_nude01.jpg
20 7.5171 -1.6879 177.2577 0.9362 -0.2980 -0.1863 0.0840 0.3569
20 8.1177 1.3125 176.1761 0.9336 -0.3370 -0.1216 0.1088 0.3491
20 8.7990 2.0428 178.6102 0.9385 -0.2678 -0.2181 0.1133 0.3681
K_nude01.jpg
20 8.7990 2.0428 178.6102 0.9385 -0.2678 -0.2181 0.1133 0.3681
20 8.2312 -1.7268 178.9141 0.8904 -0.3355 -0.3077 0.0854 0.3685
20 7.5171 -1.6879 177.2577 0.9362 -0.2980 -0.1863 0.0840 0.3569
K_nude01.jpg
20 10.1089 5.1089 174.8580 -0.7649 0.6044 -0.2227 0.0851 0.4053
20 8.9441 4.4868 177.1706 -0.8164 0.5630 -0.1285 0.0953 0.3927
20 11.7615 8.0842 177.9319 -0.7488 0.6300 -0.2058 0.1128 0.4058
K_nude01.jpg
20 10.1089 5.1089 174.8580 -0.7649 0.6044 -0.2227 0.0851 0.4053
20 9.2255 3.4827 173.7339 -0.7771 0.5841 -0.2343 0.0748 0.4011
20 8.9441 4.4868 177.1706 -0.8164 0.5630 -0.1285 0.0953 0.3927
K_nude01.jpg
20 8.9441 4.4868 177.1706 0.9116 -0.0337 -0.4097 0.0953 0.3927
20 9.2255 3.4827 173.7339 0.7999 -0.2978 -0.5211 0.0748 0.4011
20 7.6888 1.4082 173.8176 0.8697 0.0315 -0.4926 0.0648 0.3892
K_nude01.jpg
20 8.9441 4.4868 177.1706 -0.8164 0.5630 -0.1285 0.0953 0.3927
20 9.6077 4.6441 179.8582 -0.9414 0.2580 0.2173 0.1091 0.3790
20 10.5454 7.3629 180.6927 -0.8252 0.5590 -0.0813 0.1215 0.3859
K_nude01.jpg
20 8.9441 4.4868 177.1706 -0.8164 0.5630 -0.1285 0.0953 0.3927
20 13.5984 11.4424 181.5340 -0.7644 0.6208 -0.1741 0.1450 0.3978
20 11.7615 8.0842 177.9319 -0.7488 0.6300 -0.2058 0.1128 0.4058
K_nude01.jpg
20 8.9441 4.4868 177.1706 -0.8164 0.5630 -0.1285 0.0953 0.3927
20 10.5454 7.3629 180.6927 -0.8252 0.5590 -0.0813 0.1215 0.3859
20 13.5984 11.4424 181.5340 -0.7644 0.6208 -0.1741 0.1450 0.3978
K_nude01.jpg
20 4.0342 0.8910 169.3245 0.8993 0.1806 -0.3982 0.0857 0.2808
20 2.4725 -1.1407 166.8456 0.7929 -0.3954 -0.4636 0.0767 0.2673
18 2.9896 -0.8354 161.6096 0.4047 -0.6446 0.6486 0.0874 0.2304
K_nude01.jpg
18 2.9896 -0.8354 161.6096 0.4047 -0.6446 0.6486 0.0874 0.2304
18 4.7256 3.1028 162.9892 0.6743 0.1490 0.7233 0.1251 0.2393
20 4.0342 0.8910 169.3245 0.8993 0.1806 -0.3982 0.0857 0.2808
K_nude01.jpg
18 2.9896 -0.8354 161.6096 0.4047 -0.6446 0.6486 0.0874 0.2304
20 2.4725 -1.1407 166.8456 0.7929 -0.3954 -0.4636 0.0767 0.2673
20 0.0000 -2.3316 166.0156 -0.0000 -0.5558 -0.8313 0.0613 0.2570
K_nude01.jpg
20 0.0000 -2.3316 166.0156 -0.0000 -0.5558 -0.8313 0.0613 0.2570
18 -0.0000 -1.8748 161.6226 -0.0000 -0.8347 0.5507 0.0669 0.2294
18 2.9896 -0.8354 161.6096 0.4047 -0.6446 0.6486 0.0874 0.2304
K_nude01.jpg
18 6.3089 -4.7494 159.5799 0.1349 -0.4997 0.8556 0.0898 0.2051
18 6.7046 3.6887 162.2207 0.4012 0.0174 0.9158 0.1338 0.2241
18 4.7256 3.1028 162.9892 0.6743 0.1490 0.7233 0.1251 0.2393
K_nude01.jpg
18 4.7256 3.1028 162.9892 0.6743 0.1490 0.7233 0.1251 0.2393
18 2.9896 -0.8354 161.6096 0.4047 -0.6446 0.6486 0.0874 0.2304
18 6.3089 -4.7494 159.5799 0.1349 -0.4997 0.8556 0.0898 0.2051
K_nude01.jpg
18 -0.0000 6.0601 163.0374 0.0000 0.9424 0.3346 0.1389 0.2638
18 4.7256 3.1028 162.9892 0.6743 0.1490 0.7233 0.1251 0.2393
18 6.7046 3.6887 162.2207 0.4012 0.0174 0.9158 0.1338 0.2241
K_nude01.jpg
18 6.7046 3.6887 162.2207 0.4012 0.0174 0.9158 0.1338 0.2241
18 0.0000 6.7186 161.5276 0.0000 0.9166 0.3998 0.1442 0.2591
18 -0.0000 6.0601 163.0374 0.0000 0.9424 0.3346 0.1389 0.2638
K_nude01.jpg
18 6.3089 -4.7494 159.5799 0.1349 -0.4997 0.8556 0.0898 0.2051
18 0.0000 -4.6489 160.3193 0.0000 -0.6041 0.7969 0.0617 0.2223
18 -0.0000 -7.1560 157.1202 -0.0000 -0.7871 0.6168 0.0453 0.2006
K_nude01.jpg
18 4.7256 3.1028 162.9892 0.6743 0.1490 0.7233 0.1251 0.2393
18 -0.0000 6.0601 163.0374 0.0000 0.9424 0.3346 0.1389 0.2638
20 2.9775 3.4617 169.9897 0.7424 0.4645 -0.4828 0.0987 0.2885
K_nude01.jpg
18 4.7256 3.1028 162.9892 0.6743 0.1490 0.7233 0.1251 0.2393
20 2.9775 3.4617 169.9897 0.7424 0.4645 -0.4828 0.0987 0.2885
20 4.0342 0.8910 169.3245 0.8993 0.1806 -0.3982 0.0857 0.2808
K_nude01.jpg
18 -0.0000 6.0601 163.0374 0.0000 0.9424 0.3346 0.1389 0.2638
20 0.0000 5.1115 168.8025 0.0000 0.8487 -0.5289 0.1196 0.2901
20 2.9775 3.4617 169.9897 0.7424 0.4645 -0.4828 0.0987 0.2885
K_nude01.jpg
18 0.0000 -4.6489 160.3193 0.0000 -0.6041 0.7969 0.0617 0.2223
18 6.3089 -4.7494 159.5799 0.1349 -0.4997 0.8556 0.0898 0.2051
18 2.9896 -0.8354 161.6096 0.4047 -0.6446 0.6486 0.0874 0.2304
K_nude01.jpg
18 2.9896 -0.8354 161.6096 0.4047 -0.6446 0.6486 0.0874 0.2304
18 -0.0000 -1.8748 161.6226 -0.0000 -0.8347 0.5507 0.0669 0.2294
18 0.0000 -4.6489 160.3193 0.0000 -0.6041 0.7969 0.0617 0.2223
K_nude01.jpg
20 4.0335 2.6094 191.1856 0.4114 -0.0896 0.9070 0.2182 0.3634
20 3.7427 -2.7114 189.5771 0.2870 -0.3061 0.9077 0.2533 0.3698
20 7.5635 -0.7874 186.6658 0.8145 0.0158 0.5800 0.2534 0.3399
K_nude01.jpg
20 7.5635 -0.7874 186.6658 0.8145 0.0158 0.5800 0.2534 0.3399
20 7.9888 4.1582 187.6830 0.8186 -0.0022 0.5743 0.2178 0.3349
20 4.0335 2.6094 191.1856 0.4114 -0.0896 0.9070 0.2182 0.3634
K_nude01.jpg
20 7.9888 4.1582 187.6830 0.8186 -0.0022 0.5743 0.2178 0.3349
20 7.3205 7.9730 187.8465 0.7532 0.3616 0.5495 0.2002 0.3292
20 4.1739 7.5575 190.5631 0.3719 0.3240 0.8699 0.1928 0.3507
K_nude01.jpg
20 4.1739 7.5575 190.5631 0.3719 0.3240 0.8699 0.1928 0.3507
20 4.0335 2.6094 191.1856 0.4114 -0.0896 0.9070 0.2182 0.3634
20 7.9888 4.1582 187.6830 0.8186 -0.0022 0.5743 0.2178 0.3349
K_nude01.jpg
20 3.7427 -2.7114 189.5771 0.2870 -0.3061 0.9077 0.2533 0.3698
20 4.0335 2.6094 191.1856 0.4114 -0.0896 0.9070 0.2182 0.3634
20 0.0000 2.2942 191.7582 0.0000 -0.1231 0.9924 0.2046 0.3943
K_nude01.jpg
20 0.0000 2.2942 191.7582 0.0000 -0.1231 0.9924 0.2046 0.3943
20 0.0000 -2.6836 189.6117 0.0000 -0.4122 0.9111 0.2419 0.4019
20 3.7427 -2.7114 189.5771 0.2870 -0.3061 0.9077 0.2533 0.3698
K_nude01.jpg
20 -0.0000 7.3855 191.1836 0.0000 0.3432 0.9393 0.1760 0.3763
20 0.0000 2.2942 191.7582 0.0000 -0.1231 0.9924 0.2046 0.3943
20 4.0335 2.6094 191.1856 0.4114 -0.0896 0.9070 0.2182 0.3634
K_nude01.jpg
20 4.0335 2.6094 191.1856 0.4114 -0.0896 0.9070 0.2182 0.3634
20 4.1739 7.5575 190.5631 0.3719 0.3240 0.8699 0.1928 0.3507
20 -0.0000 7.3855 191.1836 0.0000 0.3432 0.9393 0.1760 0.3763
K_nude01.jpg
20 7.3205 7.9730 187.8465 0.7532 0.3616 0.5495 0.2002 0.3292
20 7.9888 4.1582 187.6830 0.8186 -0.0022 0.5743 0.2178 0.3349
20 8.9563 8.2021 183.6681 0.8452 0.4325 0.3140 0.2051 0.3061
K_nude01.jpg
20 7.3205 7.9730 187.8465 0.7532 0.3616 0.5495 0.2002 0.3292
20 4.2293 11.3561 187.7718 0.4083 0.7560 0.5116 0.1762 0.3308
20 4.1739 7.5575 190.5631 0.3719 0.3240 0.8699 0.1928 0.3507
K_nude01.jpg
20 4.6873 12.5272 181.9212 0.3474 0.7785 0.5227 0.1680 0.2967
20 0.0000 13.6739 181.7712 0.0000 0.8348 0.5506 0.1384 0.3036
20 0.0000 12.5161 187.5929 0.0000 0.8578 0.5139 0.1534 0.3372
K_nude01.jpg
20 0.0000 12.5161 187.5929 0.0000 0.8578 0.5139 0.1534 0.3372
20 4.2293 11.3561 187.7718 0.4083 0.7560 0.5116 0.1762 0.3308
20 4.6873 12.5272 181.9212 0.3474 0.7785 0.5227 0.1680 0.2967
K_nude01.jpg
20 0.0000 12.5161 187.5929 0.0000 0.8578 0.5139 0.1534 0.3372
20 -0.0000 7.3855 191.1836 0.0000 0.3432 0.9393 0.1760 0.3763
20 4.1739 7.5575 190.5631 0.3719 0.3240 0.8699 0.1928 0.3507
K_nude01.jpg
20 4.1739 7.5575 190.5631 0.3719 0.3240 0.8699 0.1928 0.3507
20 4.2293 11.3561 187.7718 0.4083 0.7560 0.5116 0.1762 0.3308
20 0.0000 12.5161 187.5929 0.0000 0.8578 0.5139 0.1534 0.3372
K_nude01.jpg
20 8.9563 8.2021 183.6681 0.8452 0.4325 0.3140 0.2051 0.3061
20 4.6873 12.5272 181.9212 0.3474 0.7785 0.5227 0.1680 0.2967
20 4.2293 11.3561 187.7718 0.4083 0.7560 0.5116 0.1762 0.3308
K_nude01.jpg
20 4.2293 11.3561 187.7718 0.4083 0.7560 0.5116 0.1762 0.3308
20 7.3205 7.9730 187.8465 0.7532 0.3616 0.5495 0.2002 0.3292
20 8.9563 8.2021 183.6681 0.8452 0.4325 0.3140 0.2051 0.3061
K_nude01.jpg
20 8.6757 7.4255 174.7972 0.8526 0.0707 -0.5177 0.2754 0.2168
20 8.9441 4.4868 177.1706 0.9116 -0.0337 -0.4097 0.2547 0.2183
20 6.8243 3.8873 173.9007 0.7736 0.0435 -0.6322 0.2656 0.2399
K_nude01.jpg
20 5.2501 11.5648 172.8496 0.5268 0.5098 -0.6801 0.3044 0.2173
20 8.6757 7.4255 174.7972 0.8526 0.0707 -0.5177 0.2754 0.2168
20 2.9775 3.4617 169.9897 0.7424 0.4645 -0.4828 0.2877 0.2644
K_nude01.jpg
20 0.0000 5.1115 168.8025 0.0000 0.8487 -0.5289 0.3095 0.2666
20 -0.0000 12.9700 171.9975 0.0000 0.6753 -0.7375 0.3294 0.2212
20 5.2501 11.5648 172.8496 0.5268 0.5098 -0.6801 0.3044 0.2173
K_nude01.jpg
20 5.2501 11.5648 172.8496 0.5268 0.5098 -0.6801 0.3044 0.2173
20 2.9775 3.4617 169.9897 0.7424 0.4645 -0.4828 0.2877 0.2644
20 0.0000 5.1115 168.8025 0.0000 0.8487 -0.5289 0.3095 0.2666
K_nude01.jpg
20 8.6757 7.4255 174.7972 0.8526 0.0707 -0.5177 0.2754 0.2168
20 6.8243 3.8873 173.9007 0.7736 0.0435 -0.6322 0.2656 0.2399
20 2.9775 3.4617 169.9897 0.7424 0.4645 -0.4828 0.2877 0.2644
K_nude01.jpg
20 10.3887 4.4624 181.8412 0.9981 -0.0284 0.0546 0.2293 0.3003
20 9.5296 8.5190 178.9288 0.9053 0.4199 -0.0640 0.2025 0.2760
20 8.9563 8.2021 183.6681 0.8452 0.4325 0.3140 0.2051 0.3061
K_nude01.jpg
20 7.9888 4.1582 187.6830 0.8186 -0.0022 0.5743 0.2178 0.3349
20 7.5635 -0.7874 186.6658 0.8145 0.0158 0.5800 0.2534 0.3399
20 10.3887 4.4624 181.8412 0.9981 -0.0284 0.0546 0.2293 0.3003
K_nude01.jpg
20 10.3887 4.4624 181.8412 0.9981 -0.0284 0.0546 0.2293 0.3003
20 8.9563 8.2021 183.6681 0.8452 0.4325 0.3140 0.2051 0.3061
20 7.9888 4.1582 187.6830 0.8186 -0.0022 0.5743 0.2178 0.3349
K_nude01.jpg
20 5.2258 13.5702 180.7657 0.4361 0.8124 0.3871 0.1671 0.2880
20 5.4994 13.8084 176.7587 0.5273 0.8255 -0.2011 0.1736 0.2713
20 0.0000 15.4294 176.6262 0.0000 0.9819 -0.1893 0.1418 0.2696
K_nude01.jpg
20 0.0000 15.4294 176.6262 0.0000 0.9819 -0.1893 0.1418 0.2696
20 -0.0000 14.9871 180.7282 0.0000 0.8944 0.4473 0.1340 0.2905
20 5.2258 13.5702 180.7657 0.4361 0.8124 0.3871 0.1671 0.2880
K_nude01.jpg
20 5.2258 13.5702 180.7657 0.4361 0.8124 0.3871 0.1671 0.2880
20 9.5296 8.5190 178.9288 0.9053 0.4199 -0.0640 0.2025 0.2760
20 5.4994 13.8084 176.7587 0.5273 0.8255 -0.2011 0.1736 0.2713
K_nude01.jpg
20 -0.0000 12.9700 171.9975 0.0000 0.6753 -0.7375 0.1528 0.2489
20 0.0000 15.4294 176.6262 0.0000 0.9819 -0.1893 0.1418 0.2696
20 5.4994 13.8084 176.7587 0.5273 0.8255 -0.2011 0.1736 0.2713
K_nude01.jpg
20 5.4994 13.8084 176.7587 0.5273 0.8255 -0.2011 0.1736 0.2713
20 5.2501 11.5648 172.8496 0.5268 0.5098 -0.6801 0.1823 0.2501
20 -0.0000 12.9700 171.9975 0.0000 0.6753 -0.7375 0.1528 0.2489
K_nude01.jpg
20 9.5296 8.5190 178.9288 0.9053 0.4199 -0.0640 0.2025 0.2760
20 8.6757 7.4255 174.7972 0.8526 0.0707 -0.5177 0.2094 0.2547
20 5.2501 11.5648 172.8496 0.5268 0.5098 -0.6801 0.1823 0.2501
K_nude01.jpg
20 5.2501 11.5648 172.8496 0.5268 0.5098 -0.6801 0.1823 0.2501
20 5.4994 13.8084 176.7587 0.5273 0.8255 -0.2011 0.1736 0.2713
20 9.5296 8.5190 178.9288 0.9053 0.4199 -0.0640 0.2025 0.2760
K_nude01.jpg
20 9.5296 8.5190 178.9288 0.9053 0.4199 -0.0640 0.2025 0.2760
20 8.9441 4.4868 177.1706 0.9116 -0.0337 -0.4097 0.2347 0.2682
20 8.6757 7.4255 174.7972 0.8526 0.0707 -0.5177 0.2094 0.2547
K_nude01.jpg
20 10.3887 4.4624 181.8412 0.9981 -0.0284 0.0546 0.2293 0.3003
20 7.5635 -0.7874 186.6658 0.8145 0.0158 0.5800 0.2534 0.3399
20 9.4921 0.7102 181.9994 0.9971 -0.0671 0.0348 0.2518 0.3086
K_nude01.jpg
20 -0.0000 14.9871 180.7282 0.0000 0.8944 0.4473 0.1340 0.2905
20 0.0000 13.6739 181.7712 0.0000 0.8348 0.5506 0.1384 0.3036
20 4.6873 12.5272 181.9212 0.3474 0.7785 0.5227 0.1680 0.2967
K_nude01.jpg
20 4.6873 12.5272 181.9212 0.3474 0.7785 0.5227 0.1680 0.2967
20 5.2258 13.5702 180.7657 0.4361 0.8124 0.3871 0.1671 0.2880
20 -0.0000 14.9871 180.7282 0.0000 0.8944 0.4473 0.1340 0.2905
K_nude01.jpg
20 5.2258 13.5702 180.7657 0.4361 0.8124 0.3871 0.1671 0.2880
20 4.6873 12.5272 181.9212 0.3474 0.7785 0.5227 0.1680 0.2967
20 8.9563 8.2021 183.6681 0.8452 0.4325 0.3140 0.2051 0.3061
K_nude01.jpg
20 10.3887 4.4624 181.8412 0.9981 -0.0284 0.0546 0.2293 0.3003
20 9.4921 0.7102 181.9994 0.9971 -0.0671 0.0348 0.2518 0.3086
20 8.7990 2.0428 178.6102 0.9385 -0.2678 -0.2181 0.2489 0.2850
K_nude01.jpg
20 8.9441 4.4868 177.1706 0.9116 -0.0337 -0.4097 0.2347 0.2682
20 9.5296 8.5190 178.9288 0.9053 0.4199 -0.0640 0.2025 0.2760
20 10.3887 4.4624 181.8412 0.9981 -0.0284 0.0546 0.2293 0.3003
K_nude01.jpg
20 10.3887 4.4624 181.8412 0.9981 -0.0284 0.0546 0.2293 0.3003
20 8.7990 2.0428 178.6102 0.9385 -0.2678 -0.2181 0.2489 0.2850
20 8.9441 4.4868 177.1706 0.9116 -0.0337 -0.4097 0.2347 0.2682
K_nude01.jpg
20 5.2258 13.5702 180.7657 0.4361 0.8124 0.3871 0.1671 0.2880
20 8.9563 8.2021 183.6681 0.8452 0.4325 0.3140 0.2051 0.3061
20 9.5296 8.5190 178.9288 0.9053 0.4199 -0.0640 0.2025 0.2760
K_nude01.jpg
20 0.0000 -8.8384 182.9508 -0.0000 -0.9931 0.1171 0.3019 0.4068
20 3.0335 -8.1288 183.4572 0.3736 -0.8988 -0.2294 0.3119 0.3877
20 3.1889 -9.0642 185.0438 0.0926 -0.9956 0.0136 0.3006 0.3825
K_nude01.jpg
20 3.0335 -8.1288 183.4572 0.3736 -0.8988 -0.2294 0.3119 0.3877
20 5.8874 -6.2027 183.0889 0.6170 -0.7251 -0.3058 0.3276 0.3742
20 5.4499 -8.2383 185.0974 0.5115 -0.8589 0.0244 0.3057 0.3670
K_nude01.jpg
20 5.4499 -8.2383 185.0974 0.5115 -0.8589 0.0244 0.3057 0.3670
20 3.1889 -9.0642 185.0438 0.0926 -0.9956 0.0136 0.3006 0.3825
20 3.0335 -8.1288 183.4572 0.3736 -0.8988 -0.2294 0.3119 0.3877
K_nude01.jpg
20 3.3573 -8.0895 187.3277 0.0825 -0.7290 0.6795 0.2852 0.3699
20 3.7427 -2.7114 189.5771 0.2870 -0.3061 0.9077 0.2533 0.3698
20 0.0000 -2.6836 189.6117 0.0000 -0.4122 0.9111 0.2419 0.4019
K_nude01.jpg
20 0.0000 -2.6836 189.6117 0.0000 -0.4122 0.9111 0.2419 0.4019
20 0.0000 -7.7494 186.6049 -0.0000 -0.8043 0.5942 0.2777 0.4039
20 3.3573 -8.0895 187.3277 0.0825 -0.7290 0.6795 0.2852 0.3699
K_nude01.jpg
20 5.4499 -8.2383 185.0974 0.5115 -0.8589 0.0244 0.3057 0.3670
20 3.3573 -8.0895 187.3277 0.0825 -0.7290 0.6795 0.2852 0.3699
20 3.1889 -9.0642 185.0438 0.0926 -0.9956 0.0136 0.3006 0.3825
K_nude01.jpg
20 0.0000 -8.8384 182.9508 -0.0000 -0.9931 0.1171 0.3019 0.4068
20 3.1889 -9.0642 185.0438 0.0926 -0.9956 0.0136 0.3006 0.3825
20 3.3573 -8.0895 187.3277 0.0825 -0.7290 0.6795 0.2852 0.3699
K_nude01.jpg
20 3.3573 -8.0895 187.3277 0.0825 -0.7290 0.6795 0.2852 0.3699
20 0.0000 -7.7494 186.6049 -0.0000 -0.8043 0.5942 0.2777 0.4039
20 0.0000 -8.8384 182.9508 -0.0000 -0.9931 0.1171 0.3019 0.4068
K_nude01.jpg
20 7.1889 -4.0491 180.0136 0.8600 -0.4921 -0.1351 0.2679 0.3164
20 8.2305 -3.1569 181.4524 0.8372 -0.5014 -0.2184 0.2797 0.3109
20 5.8874 -6.2027 183.0889 0.6170 -0.7251 -0.3058 0.2824 0.3377
K_nude01.jpg
20 9.4921 0.7102 181.9994 0.9971 -0.0671 0.0348 0.2890 0.2860
20 8.2312 -1.7268 178.9141 0.8904 -0.3355 -0.3077 0.2651 0.2987
20 8.7990 2.0428 178.6102 0.9385 -0.2678 -0.2181 0.2678 0.2741
K_nude01.jpg
20 9.4921 0.7102 181.9994 0.9971 -0.0671 0.0348 0.2890 0.2860
20 8.2305 -3.1569 181.4524 0.8372 -0.5014 -0.2184 0.2797 0.3109
20 8.2312 -1.7268 178.9141 0.8904 -0.3355 -0.3077 0.2651 0.2987
K_nude01.jpg
20 5.8874 -6.2027 183.0889 0.6170 -0.7251 -0.3058 0.2824 0.3377
20 8.2305 -3.1569 181.4524 0.8372 -0.5014 -0.2184 0.2797 0.3109
20 5.4499 -8.2383 185.0974 0.5115 -0.8589 0.0244 0.2944 0.3555
K_nude01.jpg
20 8.2312 -1.7268 178.9141 0.8904 -0.3355 -0.3077 0.2651 0.2987
20 8.2305 -3.1569 181.4524 0.8372 -0.5014 -0.2184 0.2797 0.3109
20 7.1889 -4.0491 180.0136 0.8600 -0.4921 -0.1351 0.2679 0.3164
K_nude01.jpg
20 7.7501 -2.7808 187.2064 0.7519 -0.0090 0.6592 0.1342 0.1765
20 3.7427 -2.7114 189.5771 0.2870 -0.3061 0.9077 0.1112 0.1840
20 7.0827 -6.3134 186.6685 0.6626 -0.5001 0.5576 0.1255 0.1565
K_nude01.jpg
20 3.3573 -8.0895 187.3277 0.0825 -0.7290 0.6795 0.1035 0.1508
20 7.0827 -6.3134 186.6685 0.6626 -0.5001 0.5576 0.1255 0.1565
20 3.7427 -2.7114 189.5771 0.2870 -0.3061 0.9077 0.1112 0.1840
K_nude01.jpg
20 9.4921 0.7102 181.9994 0.9971 -0.0671 0.0348 0.1635 0.1877
20 7.7007 -1.8744 182.5777 0.9783 -0.0410 0.2029 0.1598 0.1703
20 9.8962 -1.1525 178.5402 0.9987 0.0203 -0.0459 0.1801 0.1647
K_nude01.jpg
20 9.8962 -1.1525 178.5402 0.9987 0.0203 -0.0459 0.1801 0.1647
20 9.0527 1.4560 178.5396 0.9578 0.2866 -0.0202 0.1848 0.1822
20 9.4921 0.7102 181.9994 0.9971 -0.0671 0.0348 0.1635 0.1877
K_nude01.jpg
20 8.5075 1.5627 163.2540 0.9771 0.0427 -0.2086 0.2641 0.1506
20 8.6594 3.2264 166.1647 0.9868 0.1380 -0.0851 0.2525 0.1651
20 9.0527 0.6238 166.5036 0.9958 -0.0547 -0.0730 0.2447 0.1482
K_nude01.jpg
20 9.0527 0.6238 166.5036 0.9958 -0.0547 -0.0730 0.2447 0.1482
20 8.4867 -0.8119 163.1350 0.9377 0.0092 -0.3474 0.2589 0.1353
20 8.5075 1.5627 163.2540 0.9771 0.0427 -0.2086 0.2641 0.1506
K_nude01.jpg
20 7.0827 -6.3134 186.6685 0.6626 -0.5001 0.5576 0.1255 0.1565
20 3.3573 -8.0895 187.3277 0.0825 -0.7290 0.6795 0.1035 0.1508
20 5.4499 -8.2383 185.0974 0.5115 -0.8589 0.0244 0.1206 0.1396
K_nude01.jpg
20 8.8596 -5.8130 178.2477 0.8749 -0.4669 -0.1289 0.1707 0.1401
20 9.8962 -1.1525 178.5402 0.9987 0.0203 -0.0459 0.1801 0.1647
20 7.7007 -1.8744 182.5777 0.9783 -0.0410 0.2029 0.1598 0.1703
K_nude01.jpg
20 7.7007 -1.8744 182.5777 0.9783 -0.0410 0.2029 0.1598 0.1703
20 6.7396 -6.2256 182.6093 0.8549 -0.4979 0.1457 0.1485 0.1472
20 8.8596 -5.8130 178.2477 0.8749 -0.4669 -0.1289 0.1707 0.1401
K_nude01.jpg
20 7.7501 -2.7808 187.2064 0.7519 -0.0090 0.6592 0.1342 0.1765
20 7.5635 -0.7874 186.6658 0.8145 0.0158 0.5800 0.1405 0.1879
20 3.7427 -2.7114 189.5771 0.2870 -0.3061 0.9077 0.1112 0.1840
K_nude01.jpg
20 9.0527 1.4560 178.5396 0.9578 0.2866 -0.0202 0.1848 0.1822
20 9.8962 -1.1525 178.5402 0.9987 0.0203 -0.0459 0.1801 0.1647
20 9.2593 0.8347 171.4027 0.9977 -0.0368 -0.0570 0.2186 0.1566
K_nude01.jpg
20 9.2593 0.8347 171.4027 0.9977 -0.0368 -0.0570 0.2186 0.1566
20 8.8861 3.6251 171.5584 0.9907 0.1347 -0.0174 0.2248 0.1745
20 9.0527 1.4560 178.5396 0.9578 0.2866 -0.0202 0.1848 0.1822
K_nude01.jpg
20 8.8596 -5.8130 178.2477 0.8749 -0.4669 -0.1289 0.1707 0.1401
20 8.1284 -2.9560 171.1222 0.9052 -0.4053 -0.1278 0.2111 0.1331
20 9.2593 0.8347 171.4027 0.9977 -0.0368 -0.0570 0.2186 0.1566
K_nude01.jpg
20 9.2593 0.8347 171.4027 0.9977 -0.0368 -0.0570 0.2186 0.1566
20 9.8962 -1.1525 178.5402 0.9987 0.0203 -0.0459 0.1801 0.1647
20 8.8596 -5.8130 178.2477 0.8749 -0.4669 -0.1289 0.1707 0.1401
K_nude01.jpg
20 5.4499 -8.2383 185.0974 0.5115 -0.8589 0.0244 0.1206 0.1396
20 4.8982 -8.4166 182.1902 0.6894 -0.7109 0.1392 0.1381 0.1295
20 6.7396 -6.2256 182.6093 0.8549 -0.4979 0.1457 0.1485 0.1472
K_nude01.jpg
20 6.7396 -6.2256 182.6093 0.8549 -0.4979 0.1457 0.1485 0.1472
20 7.0827 -6.3134 186.6685 0.6626 -0.5001 0.5576 0.1255 0.1565
20 5.4499 -8.2383 185.0974 0.5115 -0.8589 0.0244 0.1206 0.1396
K_nude01.jpg
20 8.1284 -2.9560 171.1222 0.9052 -0.4053 -0.1278 0.2111 0.1331
20 8.8596 -5.8130 178.2477 0.8749 -0.4669 -0.1289 0.1707 0.1401
20 6.8495 -8.0339 178.0247 0.7446 -0.6512 -0.1465 0.1623 0.1201
K_nude01.jpg
20 6.8495 -8.0339 178.0247 0.7446 -0.6512 -0.1465 0.1623 0.1201
20 6.4644 -5.4219 170.8896 0.8289 -0.5471 -0.1166 0.2058 0.1155
20 8.1284 -2.9560 171.1222 0.9052 -0.4053 -0.1278 0.2111 0.1331
K_nude01.jpg
20 6.4644 -5.4219 170.8896 0.8289 -0.5471 -0.1166 0.2058 0.1155
20 6.0414 -6.0574 167.3681 0.8351 -0.5478 -0.0505 0.2258 0.1059
20 7.8421 -3.3621 167.4704 0.9053 -0.4235 -0.0323 0.2333 0.1264
K_nude01.jpg
20 7.8421 -3.3621 167.4704 0.9053 -0.4235 -0.0323 0.2333 0.1264
20 8.1284 -2.9560 171.1222 0.9052 -0.4053 -0.1278 0.2111 0.1331
20 6.4644 -5.4219 170.8896 0.8289 -0.5471 -0.1166 0.2058 0.1155
K_nude01.jpg
20 7.0827 -6.3134 186.6685 0.6626 -0.5001 0.5576 0.1255 0.1565
20 6.7396 -6.2256 182.6093 0.8549 -0.4979 0.1457 0.1485 0.1472
20 7.7007 -1.8744 182.5777 0.9783 -0.0410 0.2029 0.1598 0.1703
K_nude01.jpg
20 7.7007 -1.8744 182.5777 0.9783 -0.0410 0.2029 0.1598 0.1703
20 7.7501 -2.7808 187.2064 0.7519 -0.0090 0.6592 0.1342 0.1765
20 7.0827 -6.3134 186.6685 0.6626 -0.5001 0.5576 0.1255 0.1565
K_nude01.jpg
20 7.7007 -1.8744 182.5777 0.9783 -0.0410 0.2029 0.1598 0.1703
20 9.4921 0.7102 181.9994 0.9971 -0.0671 0.0348 0.1635 0.1877
20 7.5635 -0.7874 186.6658 0.8145 0.0158 0.5800 0.1405 0.1879
K_nude01.jpg
20 7.5635 -0.7874 186.6658 0.8145 0.0158 0.5800 0.1405 0.1879
20 7.7501 -2.7808 187.2064 0.7519 -0.0090 0.6592 0.1342 0.1765
20 7.7007 -1.8744 182.5777 0.9783 -0.0410 0.2029 0.1598 0.1703
K_nude01.jpg
20 6.8495 -8.0339 178.0247 0.7446 -0.6512 -0.1465 0.1623 0.1201
20 8.8596 -5.8130 178.2477 0.8749 -0.4669 -0.1289 0.1707 0.1401
20 6.7396 -6.2256 182.6093 0.8549 -0.4979 0.1457 0.1485 0.1472
K_nude01.jpg
20 6.7396 -6.2256 182.6093 0.8549 -0.4979 0.1457 0.1485 0.1472
20 4.8982 -8.4166 182.1902 0.6894 -0.7109 0.1392 0.1381 0.1295
20 6.8495 -8.0339 178.0247 0.7446 -0.6512 -0.1465 0.1623 0.1201
K_nude01.jpg
20 8.8861 3.6251 171.5584 0.9907 0.1347 -0.0174 0.2248 0.1745
20 9.2593 0.8347 171.4027 0.9977 -0.0368 -0.0570 0.2186 0.1566
20 9.0527 0.6238 166.5036 0.9958 -0.0547 -0.0730 0.2447 0.1482
K_nude01.jpg
20 9.0527 0.6238 166.5036 0.9958 -0.0547 -0.0730 0.2447 0.1482
20 8.6594 3.2264 166.1647 0.9868 0.1380 -0.0851 0.2525 0.1651
20 8.8861 3.6251 171.5584 0.9907 0.1347 -0.0174 0.2248 0.1745
K_nude01.jpg
20 8.1284 -2.9560 171.1222 0.9052 -0.4053 -0.1278 0.2111 0.1331
20 7.8421 -3.3621 167.4704 0.9053 -0.4235 -0.0323 0.2333 0.1264
20 9.0527 0.6238 166.5036 0.9958 -0.0547 -0.0730 0.2447 0.1482
K_nude01.jpg
20 9.0527 0.6238 166.5036 0.9958 -0.0547 -0.0730 0.2447 0.1482
20 9.2593 0.8347 171.4027 0.9977 -0.0368 -0.0570 0.2186 0.1566
20 8.1284 -2.9560 171.1222 0.9052 -0.4053 -0.1278 0.2111 0.1331
K_nude01.jpg
20 4.8780 -7.5541 164.7096 0.8579 -0.5104 -0.0595 0.2362 0.0953
20 3.7850 -9.2907 163.2885 0.8618 -0.5053 -0.0453 0.2458 0.0839
20 5.7844 -5.9333 163.8749 0.8479 -0.5252 -0.0726 0.2464 0.1047
K_nude01.jpg
20 6.7634 -5.1840 163.2896 0.8819 -0.4552 -0.1227 0.2524 0.1115
20 6.1631 -4.9292 160.1098 0.8638 -0.4623 -0.2001 0.2682 0.1142
20 7.7892 -3.0795 162.8553 0.9065 -0.4130 -0.0881 0.2566 0.1261
K_nude01.jpg
20 7.7892 -3.0795 162.8553 0.9065 -0.4130 -0.0881 0.2566 0.1261
20 9.0527 0.6238 166.5036 0.9958 -0.0547 -0.0730 0.2447 0.1482
20 7.8421 -3.3621 167.4704 0.9053 -0.4235 -0.0323 0.2333 0.1264
K_nude01.jpg
20 7.8421 -3.3621 167.4704 0.9053 -0.4235 -0.0323 0.2333 0.1264
20 6.7634 -5.1840 163.2896 0.8819 -0.4552 -0.1227 0.2524 0.1115
20 7.7892 -3.0795 162.8553 0.9065 -0.4130 -0.0881 0.2566 0.1261
K_nude01.jpg
20 5.7844 -5.9333 163.8749 0.8479 -0.5252 -0.0726 0.2464 0.1047
20 7.8421 -3.3621 167.4704 0.9053 -0.4235 -0.0323 0.2333 0.1264
20 6.0414 -6.0574 167.3681 0.8351 -0.5478 -0.0505 0.2258 0.1059
K_nude01.jpg
20 6.0414 -6.0574 167.3681 0.8351 -0.5478 -0.0505 0.2258 0.1059
20 4.8780 -7.5541 164.7096 0.8579 -0.5104 -0.0595 0.2362 0.0953
20 5.7844 -5.9333 163.8749 0.8479 -0.5252 -0.0726 0.2464 0.1047
K_nude01.jpg
20 8.4867 -0.8119 163.1350 0.9377 0.0092 -0.3474 0.2589 0.1353
20 7.4070 -2.5336 160.8441 0.9004 0.0139 -0.4348 0.2691 0.1255
20 8.5075 1.5627 163.2540 0.9771 0.0427 -0.2086 0.2641 0.1506
K_nude01.jpg
20 7.9173 -3.9410 182.2158 -0.9520 0.3056 -0.0197 0.1542 0.1588
20 9.4212 0.7102 181.9994 -0.9453 0.3103 0.1009 0.1635 0.1877
20 8.9818 1.4560 178.5396 -0.9704 0.2228 0.0930 0.1848 0.1822
K_nude01.jpg
20 8.9818 1.4560 178.5396 -0.9704 0.2228 0.0930 0.1848 0.1822
20 7.9743 -3.5267 178.1337 -0.9724 0.2269 0.0535 0.1754 0.1524
20 7.9173 -3.9410 182.2158 -0.9520 0.3056 -0.0197 0.1542 0.1588
K_nude01.jpg
20 8.4365 1.5627 163.2540 -0.9771 -0.0427 0.2086 0.2641 0.1506
20 8.4158 -0.8119 163.1350 -0.9377 -0.0092 0.3474 0.2589 0.1353
20 8.9817 0.6238 166.5036 -0.9973 0.0058 -0.0731 0.2447 0.1482
K_nude01.jpg
20 8.9817 0.6238 166.5036 -0.9973 0.0058 -0.0731 0.2447 0.1482
20 8.5885 3.2264 166.1647 -0.9984 -0.0536 -0.0184 0.2525 0.1651
20 8.4365 1.5627 163.2540 -0.9771 -0.0427 0.2086 0.2641 0.1506
K_nude01.jpg
20 8.9818 1.4560 178.5396 -0.9704 0.2228 0.0930 0.1848 0.1822
20 8.8152 3.6251 171.5584 -0.9795 0.1939 0.0540 0.2248 0.1745
20 7.8715 -1.0607 171.2625 -0.9745 0.2245 -0.0045 0.2149 0.1448
K_nude01.jpg
20 7.8715 -1.0607 171.2625 -0.9745 0.2245 -0.0045 0.2149 0.1448
20 7.9743 -3.5267 178.1337 -0.9724 0.2269 0.0535 0.1754 0.1524
20 8.9818 1.4560 178.5396 -0.9704 0.2228 0.0930 0.1848 0.1822
K_nude01.jpg
20 5.3790 -8.2383 185.0974 -0.8738 0.4839 -0.0480 0.1206 0.1396
20 7.0140 -6.3134 186.6685 -0.8980 0.4300 0.0933 0.1255 0.1565
20 7.9173 -3.9410 182.2158 -0.9520 0.3056 -0.0197 0.1542 0.1588
K_nude01.jpg
20 7.9173 -3.9410 182.2158 -0.9520 0.3056 -0.0197 0.1542 0.1588
20 4.8381 -8.4166 182.1902 -0.9244 0.3245 -0.2005 0.1381 0.1295
20 5.3790 -8.2383 185.0974 -0.8738 0.4839 -0.0480 0.1206 0.1396
K_nude01.jpg
20 7.8715 -1.0607 171.2625 -0.9745 0.2245 -0.0045 0.2149 0.1448
20 6.3935 -5.4219 170.8896 -0.9266 0.3748 0.0299 0.2058 0.1155
20 6.7786 -8.0339 178.0247 -0.9572 0.2871 0.0376 0.1623 0.1201
K_nude01.jpg
20 6.7786 -8.0339 178.0247 -0.9572 0.2871 0.0376 0.1623 0.1201
20 7.9743 -3.5267 178.1337 -0.9724 0.2269 0.0535 0.1754 0.1524
20 7.8715 -1.0607 171.2625 -0.9745 0.2245 -0.0045 0.2149 0.1448
K_nude01.jpg
20 7.7712 -3.3621 167.4704 -0.9203 0.3891 -0.0413 0.2333 0.1264
20 5.9705 -6.0574 167.3681 -0.8351 0.5478 0.0505 0.2258 0.1059
20 6.3935 -5.4219 170.8896 -0.9266 0.3748 0.0299 0.2058 0.1155
K_nude01.jpg
20 6.3935 -5.4219 170.8896 -0.9266 0.3748 0.0299 0.2058 0.1155
20 7.8715 -1.0607 171.2625 -0.9745 0.2245 -0.0045 0.2149 0.1448
20 7.7712 -3.3621 167.4704 -0.9203 0.3891 -0.0413 0.2333 0.1264
K_nude01.jpg
20 7.9173 -3.9410 182.2158 -0.9520 0.3056 -0.0197 0.1542 0.1588
20 7.0140 -6.3134 186.6685 -0.8980 0.4300 0.0933 0.1255 0.1565
20 7.6815 -2.7808 187.2064 -0.9688 0.2420 -0.0532 0.1342 0.1765
K_nude01.jpg
20 6.7786 -8.0339 178.0247 -0.9572 0.2871 0.0376 0.1623 0.1201
20 4.8381 -8.4166 182.1902 -0.9244 0.3245 -0.2005 0.1381 0.1295
20 7.9173 -3.9410 182.2158 -0.9520 0.3056 -0.0197 0.1542 0.1588
K_nude01.jpg
20 7.9173 -3.9410 182.2158 -0.9520 0.3056 -0.0197 0.1542 0.1588
20 7.9743 -3.5267 178.1337 -0.9724 0.2269 0.0535 0.1754 0.1524
20 6.7786 -8.0339 178.0247 -0.9572 0.2871 0.0376 0.1623 0.1201
K_nude01.jpg
20 7.8715 -1.0607 171.2625 -0.9745 0.2245 -0.0045 0.2149 0.1448
20 8.8152 3.6251 171.5584 -0.9795 0.1939 0.0540 0.2248 0.1745
20 8.5885 3.2264 166.1647 -0.9984 -0.0536 -0.0184 0.2525 0.1651
K_nude01.jpg
20 8.5885 3.2264 166.1647 -0.9984 -0.0536 -0.0184 0.2525 0.1651
20 8.9817 0.6238 166.5036 -0.9973 0.0058 -0.0731 0.2447 0.1482
20 7.8715 -1.0607 171.2625 -0.9745 0.2245 -0.0045 0.2149 0.1448
K_nude01.jpg
20 8.9817 0.6238 166.5036 -0.9973 0.0058 -0.0731 0.2447 0.1482
20 7.7712 -3.3621 167.4704 -0.9203 0.3891 -0.0413 0.2333 0.1264
20 7.8715 -1.0607 171.2625 -0.9745 0.2245 -0.0045 0.2149 0.1448
K_nude01.jpg
20 4.8071 -7.5541 164.7096 -0.8579 0.5104 0.0595 0.2362 0.0953
20 5.7135 -5.9333 163.8749 -0.8479 0.5252 0.0726 0.2464 0.1047
20 3.7141 -9.2907 163.2885 -0.8618 0.5053 0.0453 0.2458 0.0839
K_nude01.jpg
20 6.6925 -5.1840 163.2896 -0.8819 0.4552 0.1227 0.2524 0.1115
20 7.7183 -3.0795 162.8553 -0.9065 0.4130 0.0881 0.2566 0.1261
20 6.0922 -4.9292 160.1098 -0.8638 0.4623 0.2001 0.2682 0.1142
K_nude01.jpg
20 7.7183 -3.0795 162.8553 -0.9065 0.4130 0.0881 0.2566 0.1261
20 6.6925 -5.1840 163.2896 -0.8819 0.4552 0.1227 0.2524 0.1115
20 7.7712 -3.3621 167.4704 -0.9203 0.3891 -0.0413 0.2333 0.1264
K_nude01.jpg
20 7.7712 -3.3621 167.4704 -0.9203 0.3891 -0.0413 0.2333 0.1264
20 8.9817 0.6238 166.5036 -0.9973 0.0058 -0.0731 0.2447 0.1482
20 7.7183 -3.0795 162.8553 -0.9065 0.4130 0.0881 0.2566 0.1261
K_nude01.jpg
20 5.7135 -5.9333 163.8749 -0.8479 0.5252 0.0726 0.2464 0.1047
20 4.8071 -7.5541 164.7096 -0.8579 0.5104 0.0595 0.2362 0.0953
20 5.9705 -6.0574 167.3681 -0.8351 0.5478 0.0505 0.2258 0.1059
K_nude01.jpg
20 5.9705 -6.0574 167.3681 -0.8351 0.5478 0.0505 0.2258 0.1059
20 7.7712 -3.3621 167.4704 -0.9203 0.3891 -0.0413 0.2333 0.1264
20 5.7135 -5.9333 163.8749 -0.8479 0.5252 0.0726 0.2464 0.1047
K_nude01.jpg
20 8.4158 -0.8119 163.1350 -0.9377 -0.0092 0.3474 0.2589 0.1353
20 8.4365 1.5627 163.2540 -0.9771 -0.0427 0.2086 0.2641 0.1506
20 7.3361 -2.5336 160.8441 -0.9004 -0.0139 0.4348 0.2691 0.1255
K_nude01.jpg
20 9.4212 0.7102 181.9994 -0.9453 0.3103 0.1009 0.1635 0.1877
20 7.9173 -3.9410 182.2158 -0.9520 0.3056 -0.0197 0.1542 0.1588
20 7.6815 -2.7808 187.2064 -0.9688 0.2420 -0.0532 0.1342 0.1765
K_nude01.jpg
20 -2.8193 -8.6262 181.3728 -0.3290 -0.9429 0.0517 0.0222 0.3872
20 -3.3681 -8.0841 178.9128 -0.3621 -0.8770 -0.3159 0.0283 0.3686
20 -1.2864 -8.6197 178.6962 -0.2779 -0.9335 -0.2267 0.0139 0.3645
K_nude01.jpg
20 -3.0335 -8.1288 183.4572 -0.3736 -0.8988 -0.2294 0.0241 0.4046
20 -2.8193 -8.6262 181.3728 -0.3290 -0.9429 0.0517 0.0222 0.3872
20 0.0000 -9.1055 181.3241 -0.0000 -0.9991 0.0418 0.0032 0.3853
K_nude01.jpg
20 0.0000 -9.1055 181.3241 -0.0000 -0.9991 0.0418 0.0032 0.3853
20 0.0000 -8.8384 182.9508 -0.0000 -0.9931 0.1171 0.0030 0.3992
20 -3.0335 -8.1288 183.4572 -0.3736 -0.8988 -0.2294 0.0241 0.4046
K_nude01.jpg
20 -0.7349 -8.4405 177.0486 -0.5612 -0.8272 -0.0285 0.0113 0.3528
20 -0.6005 -8.9588 175.2559 -0.6439 -0.7182 0.2637 0.0091 0.3392
20 0.0000 -9.2287 175.3351 -0.0000 -0.9106 0.4134 0.0046 0.3400
K_nude01.jpg
20 0.0000 -9.2287 175.3351 -0.0000 -0.9106 0.4134 0.0046 0.3400
20 0.0000 -8.7468 177.1370 -0.0000 -0.9969 0.0787 0.0056 0.3535
20 -0.7349 -8.4405 177.0486 -0.5612 -0.8272 -0.0285 0.0113 0.3528
K_nude01.jpg
20 0.0000 -8.6521 171.8189 -0.0000 -0.8417 -0.5399 0.0097 0.3095
20 -1.3766 -8.1576 172.2071 -0.5342 -0.8186 -0.2110 0.0191 0.3156
20 -1.4074 -8.0552 170.7202 -0.3957 -0.9091 -0.1305 0.0217 0.3047
K_nude01.jpg
20 -1.4074 -8.0552 170.7202 -0.3957 -0.9091 -0.1305 0.0217 0.3047
20 0.0000 -8.5723 170.5022 -0.0000 -0.9877 -0.1562 0.0122 0.3001
20 0.0000 -8.6521 171.8189 -0.0000 -0.8417 -0.5399 0.0097 0.3095
K_nude01.jpg
20 0.0000 -8.8661 178.5240 -0.0000 -0.9926 -0.1213 0.0047 0.3638
20 -1.2864 -8.6197 178.6962 -0.2779 -0.9335 -0.2267 0.0139 0.3645
20 -0.7349 -8.4405 177.0486 -0.5612 -0.8272 -0.0285 0.0113 0.3528
K_nude01.jpg
20 -0.7349 -8.4405 177.0486 -0.5612 -0.8272 -0.0285 0.0113 0.3528
20 0.0000 -8.7468 177.1370 -0.0000 -0.9969 0.0787 0.0056 0.3535
20 0.0000 -8.8661 178.5240 -0.0000 -0.9926 -0.1213 0.0047 0.3638
K_nude01.jpg
20 -1.2864 -8.6197 178.6962 -0.2779 -0.9335 -0.2267 0.0139 0.3645
20 -1.9262 -6.9616 176.2395 -0.4329 -0.9014 -0.0120 0.0237 0.3475
20 -0.7349 -8.4405 177.0486 -0.5612 -0.8272 -0.0285 0.0113 0.3528
K_nude01.jpg
20 -1.9262 -6.9616 176.2395 -0.4329 -0.9014 -0.0120 0.0237 0.3475
20 -1.2864 -8.6197 178.6962 -0.2779 -0.9335 -0.2267 0.0139 0.3645
20 -3.3681 -8.0841 178.9128 -0.3621 -0.8770 -0.3159 0.0283 0.3686
K_nude01.jpg
20 -3.3681 -8.0841 178.9128 -0.3621 -0.8770 -0.3159 0.0283 0.3686
20 -3.2424 -7.2410 177.5656 -0.3229 -0.8677 -0.3780 0.0315 0.3574
20 -1.9262 -6.9616 176.2395 -0.4329 -0.9014 -0.0120 0.0237 0.3475
K_nude01.jpg
20 -5.9163 -5.4172 176.5999 -0.8059 -0.5833 -0.1012 0.0547 0.3523
20 -4.9066 -6.5475 177.4950 -0.4609 -0.8367 -0.2957 0.0438 0.3579
20 -5.5529 -7.0312 179.0826 -0.6517 -0.7375 -0.1773 0.0441 0.3708
K_nude01.jpg
20 -5.5529 -7.0312 179.0826 -0.6517 -0.7375 -0.1773 0.0441 0.3708
20 -6.6713 -5.0995 178.3817 -0.8905 -0.4282 -0.1537 0.0583 0.3668
20 -5.9163 -5.4172 176.5999 -0.8059 -0.5833 -0.1012 0.0547 0.3523
K_nude01.jpg
20 -1.8407 -7.5895 174.8222 -0.5406 -0.8165 0.2025 0.0225 0.3365
20 -0.6005 -8.9588 175.2559 -0.6439 -0.7182 0.2637 0.0091 0.3392
20 -0.7349 -8.4405 177.0486 -0.5612 -0.8272 -0.0285 0.0113 0.3528
K_nude01.jpg
20 -0.7349 -8.4405 177.0486 -0.5612 -0.8272 -0.0285 0.0113 0.3528
20 -1.9262 -6.9616 176.2395 -0.4329 -0.9014 -0.0120 0.0237 0.3475
20 -1.8407 -7.5895 174.8222 -0.5406 -0.8165 0.2025 0.0225 0.3365
K_nude01.jpg
20 -1.3766 -8.1576 172.2071 -0.5342 -0.8186 -0.2110 0.0191 0.3156
20 -0.5773 -10.0397 172.7552 -0.5447 -0.6552 -0.5235 0.0064 0.3197
20 -0.6881 -10.1633 173.4242 -0.6753 -0.7298 0.1064 0.0056 0.3239
K_nude01.jpg
20 -0.6881 -10.1633 173.4242 -0.6753 -0.7298 0.1064 0.0056 0.3239
20 -1.5206 -8.1419 173.0117 -0.7003 -0.7132 0.0301 0.0190 0.3217
20 -1.3766 -8.1576 172.2071 -0.5342 -0.8186 -0.2110 0.0191 0.3156
K_nude01.jpg
20 -0.5773 -10.0397 172.7552 -0.5447 -0.6552 -0.5235 0.0064 0.3197
20 -1.3766 -8.1576 172.2071 -0.5342 -0.8186 -0.2110 0.0191 0.3156
20 0.0000 -8.6521 171.8189 -0.0000 -0.8417 -0.5399 0.0097 0.3095
K_nude01.jpg
20 0.0000 -8.6521 171.8189 -0.0000 -0.8417 -0.5399 0.0097 0.3095
20 0.0000 -10.2482 172.7354 -0.0000 -0.8258 -0.5640 0.0027 0.3189
20 -0.5773 -10.0397 172.7552 -0.5447 -0.6552 -0.5235 0.0064 0.3197
K_nude01.jpg
20 -4.7230 -6.4210 175.6676 -0.4904 -0.8713 0.0161 0.0441 0.3474
20 -5.9163 -5.4172 176.5999 -0.8059 -0.5833 -0.1012 0.0547 0.3523
20 -5.9759 -5.8604 174.0652 -0.7668 -0.6399 -0.0511 0.0551 0.3332
K_nude01.jpg
20 0.0000 -9.1055 181.3241 -0.0000 -0.9991 0.0418 0.0032 0.3853
20 -2.8193 -8.6262 181.3728 -0.3290 -0.9429 0.0517 0.0222 0.3872
20 -1.2864 -8.6197 178.6962 -0.2779 -0.9335 -0.2267 0.0139 0.3645
K_nude01.jpg
20 -1.2864 -8.6197 178.6962 -0.2779 -0.9335 -0.2267 0.0139 0.3645
20 0.0000 -8.8661 178.5240 -0.0000 -0.9926 -0.1213 0.0047 0.3638
20 0.0000 -9.1055 181.3241 -0.0000 -0.9991 0.0418 0.0032 0.3853
K_nude01.jpg
20 -0.6881 -10.1633 173.4242 -0.6753 -0.7298 0.1064 0.0056 0.3239
20 -0.5773 -10.0397 172.7552 -0.5447 -0.6552 -0.5235 0.0064 0.3197
20 0.0000 -10.2482 172.7354 -0.0000 -0.8258 -0.5640 0.0027 0.3189
K_nude01.jpg
20 0.0000 -10.2482 172.7354 -0.0000 -0.8258 -0.5640 0.0027 0.3189
20 -0.0000 -10.4281 173.5366 -0.0000 -0.9789 0.2043 0.0013 0.3246
20 -0.6881 -10.1633 173.4242 -0.6753 -0.7298 0.1064 0.0056 0.3239
K_nude01.jpg
20 -1.5206 -8.1419 173.0117 -0.7003 -0.7132 0.0301 0.0190 0.3217
20 -0.6881 -10.1633 173.4242 -0.6753 -0.7298 0.1064 0.0056 0.3239
20 -0.6005 -8.9588 175.2559 -0.6439 -0.7182 0.2637 0.0091 0.3392
K_nude01.jpg
20 -0.6005 -8.9588 175.2559 -0.6439 -0.7182 0.2637 0.0091 0.3392
20 -1.8407 -7.5895 174.8222 -0.5406 -0.8165 0.2025 0.0225 0.3365
20 -1.5206 -8.1419 173.0117 -0.7003 -0.7132 0.0301 0.0190 0.3217
K_nude01.jpg
20 -0.0000 -10.4281 173.5366 -0.0000 -0.9789 0.2043 0.0013 0.3246
20 0.0000 -9.2287 175.3351 -0.0000 -0.9106 0.4134 0.0046 0.3400
20 -0.6005 -8.9588 175.2559 -0.6439 -0.7182 0.2637 0.0091 0.3392
K_nude01.jpg
20 -0.6005 -8.9588 175.2559 -0.6439 -0.7182 0.2637 0.0091 0.3392
20 -0.6881 -10.1633 173.4242 -0.6753 -0.7298 0.1064 0.0056 0.3239
20 -0.0000 -10.4281 173.5366 -0.0000 -0.9789 0.2043 0.0013 0.3246
K_nude01.jpg
20 -3.2424 -7.2410 177.5656 -0.3229 -0.8677 -0.3780 0.0315 0.3574
20 -3.3681 -8.0841 178.9128 -0.3621 -0.8770 -0.3159 0.0283 0.3686
20 -5.5529 -7.0312 179.0826 -0.6517 -0.7375 -0.1773 0.0441 0.3708
K_nude01.jpg
20 -5.5529 -7.0312 179.0826 -0.6517 -0.7375 -0.1773 0.0441 0.3708
20 -4.9066 -6.5475 177.4950 -0.4609 -0.8367 -0.2957 0.0438 0.3579
20 -3.2424 -7.2410 177.5656 -0.3229 -0.8677 -0.3780 0.0315 0.3574
K_nude01.jpg
20 -3.3223 -6.9562 175.6924 -0.2492 -0.9658 0.0721 0.0340 0.3468
20 -3.3563 -7.1672 174.5188 -0.3856 -0.9162 0.1094 0.0343 0.3357
20 -1.8407 -7.5895 174.8222 -0.5406 -0.8165 0.2025 0.0225 0.3365
K_nude01.jpg
20 -1.8407 -7.5895 174.8222 -0.5406 -0.8165 0.2025 0.0225 0.3365
20 -1.9262 -6.9616 176.2395 -0.4329 -0.9014 -0.0120 0.0237 0.3475
20 -3.3223 -6.9562 175.6924 -0.2492 -0.9658 0.0721 0.0340 0.3468
K_nude01.jpg
20 -5.5529 -7.0312 179.0826 -0.6517 -0.7375 -0.1773 0.0441 0.3708
20 -3.3681 -8.0841 178.9128 -0.3621 -0.8770 -0.3159 0.0283 0.3686
20 -2.8193 -8.6262 181.3728 -0.3290 -0.9429 0.0517 0.0222 0.3872
K_nude01.jpg
20 -2.8193 -8.6262 181.3728 -0.3290 -0.9429 0.0517 0.0222 0.3872
20 -5.6119 -6.9208 181.1502 -0.7181 -0.6916 0.0777 0.0441 0.3863
20 -5.5529 -7.0312 179.0826 -0.6517 -0.7375 -0.1773 0.0441 0.3708
K_nude01.jpg
20 0.0000 -8.5723 170.5022 -0.0000 -0.9877 -0.1562 0.0122 0.3001
20 -1.4074 -8.0552 170.7202 -0.3957 -0.9091 -0.1305 0.0217 0.3047
20 -1.2808 -7.5289 167.9133 -0.3827 -0.8703 -0.3100 0.0271 0.2871
K_nude01.jpg
20 -1.2808 -7.5289 167.9133 -0.3827 -0.8703 -0.3100 0.0271 0.2871
20 0.0000 -7.7222 168.1273 -0.0000 -0.9603 -0.2790 0.0186 0.2853
20 0.0000 -8.5723 170.5022 -0.0000 -0.9877 -0.1562 0.0122 0.3001
K_nude01.jpg
20 -5.9759 -5.8604 174.0652 -0.7668 -0.6399 -0.0511 0.0551 0.3332
20 -4.8019 -6.1181 170.6653 -0.7138 -0.6394 -0.2856 0.0478 0.3088
20 -2.6540 -7.5957 171.6249 -0.4601 -0.8832 -0.0913 0.0299 0.3143
K_nude01.jpg
20 -2.6540 -7.5957 171.6249 -0.4601 -0.8832 -0.0913 0.0299 0.3143
20 -3.3563 -7.1672 174.5188 -0.3856 -0.9162 0.1094 0.0343 0.3357
20 -5.9759 -5.8604 174.0652 -0.7668 -0.6399 -0.0511 0.0551 0.3332
K_nude01.jpg
20 -1.5206 -8.1419 173.0117 -0.7003 -0.7132 0.0301 0.0190 0.3217
20 -1.8407 -7.5895 174.8222 -0.5406 -0.8165 0.2025 0.0225 0.3365
20 -3.3563 -7.1672 174.5188 -0.3856 -0.9162 0.1094 0.0343 0.3357
K_nude01.jpg
20 -3.3563 -7.1672 174.5188 -0.3856 -0.9162 0.1094 0.0343 0.3357
20 -2.6540 -7.5957 171.6249 -0.4601 -0.8832 -0.0913 0.0299 0.3143
20 -1.5206 -8.1419 173.0117 -0.7003 -0.7132 0.0301 0.0190 0.3217
K_nude01.jpg
20 0.0000 -6.4527 165.5951 -0.0000 -0.3508 -0.9365 0.0303 0.2672
20 -1.2350 -5.8735 165.7328 -0.4026 -0.1906 -0.8953 0.0377 0.2722
20 0.0000 -2.3316 166.0156 -0.0000 -0.5558 -0.8313 0.0528 0.2583
K_nude01.jpg
20 -1.2959 -6.6786 166.3065 -0.5144 -0.6145 -0.5981 0.0331 0.2760
20 -1.2350 -5.8735 165.7328 -0.4026 -0.1906 -0.8953 0.0377 0.2722
20 0.0000 -6.4527 165.5951 -0.0000 -0.3508 -0.9365 0.0303 0.2672
K_nude01.jpg
20 0.0000 -6.4527 165.5951 -0.0000 -0.3508 -0.9365 0.0303 0.2672
20 0.0000 -7.3478 166.3173 -0.0000 -0.8340 -0.5518 0.0242 0.2726
20 -1.2959 -6.6786 166.3065 -0.5144 -0.6145 -0.5981 0.0331 0.2760
K_nude01.jpg
20 0.0000 -7.3478 166.3173 -0.0000 -0.8340 -0.5518 0.0242 0.2726
20 0.0000 -7.7222 168.1273 -0.0000 -0.9603 -0.2790 0.0186 0.2853
20 -1.2808 -7.5289 167.9133 -0.3827 -0.8703 -0.3100 0.0271 0.2871
K_nude01.jpg
20 -1.2808 -7.5289 167.9133 -0.3827 -0.8703 -0.3100 0.0271 0.2871
20 -1.2959 -6.6786 166.3065 -0.5144 -0.6145 -0.5981 0.0331 0.2760
20 0.0000 -7.3478 166.3173 -0.0000 -0.8340 -0.5518 0.0242 0.2726
K_nude01.jpg
20 -2.6540 -7.5957 171.6249 -0.4601 -0.8832 -0.0913 0.0299 0.3143
20 -4.8019 -6.1181 170.6653 -0.7138 -0.6394 -0.2856 0.0478 0.3088
20 -1.2808 -7.5289 167.9133 -0.3827 -0.8703 -0.3100 0.0271 0.2871
K_nude01.jpg
20 -1.2808 -7.5289 167.9133 -0.3827 -0.8703 -0.3100 0.0271 0.2871
20 -1.4074 -8.0552 170.7202 -0.3957 -0.9091 -0.1305 0.0217 0.3047
20 -2.6540 -7.5957 171.6249 -0.4601 -0.8832 -0.0913 0.0299 0.3143
K_nude01.jpg
20 -4.8019 -6.1181 170.6653 -0.7138 -0.6394 -0.2856 0.0478 0.3088
20 -4.0626 -5.1596 168.3202 -0.7404 -0.4165 -0.5275 0.0528 0.2909
20 -1.2959 -6.6786 166.3065 -0.5144 -0.6145 -0.5981 0.0331 0.2760
K_nude01.jpg
20 -1.2959 -6.6786 166.3065 -0.5144 -0.6145 -0.5981 0.0331 0.2760
20 -1.2808 -7.5289 167.9133 -0.3827 -0.8703 -0.3100 0.0271 0.2871
20 -4.8019 -6.1181 170.6653 -0.7138 -0.6394 -0.2856 0.0478 0.3088
K_nude01.jpg
20 -5.9163 -5.4172 176.5999 -0.8059 -0.5833 -0.1012 0.0547 0.3523
20 -6.6713 -5.0995 178.3817 -0.8905 -0.4282 -0.1537 0.0583 0.3668
20 -7.5171 -1.6879 177.2577 -0.9362 -0.2980 -0.1863 0.0840 0.3569
K_nude01.jpg
20 -5.9760 -3.0585 170.1530 -0.8644 -0.0928 -0.4941 0.0714 0.3061
20 -4.0626 -5.1596 168.3202 -0.7404 -0.4165 -0.5275 0.0528 0.2909
20 -4.8019 -6.1181 170.6653 -0.7138 -0.6394 -0.2856 0.0478 0.3088
K_nude01.jpg
20 -3.5978 -4.1369 167.2790 -0.6881 -0.0707 -0.7222 0.0593 0.2816
20 -4.0626 -5.1596 168.3202 -0.7404 -0.4165 -0.5275 0.0528 0.2909
20 -5.9760 -3.0585 170.1530 -0.8644 -0.0928 -0.4941 0.0714 0.3061
K_nude01.jpg
20 -3.0335 -8.1288 183.4572 -0.3736 -0.8988 -0.2294 0.0241 0.4046
20 -5.8874 -6.2027 183.0889 -0.6170 -0.7251 -0.3058 0.0476 0.4021
20 -5.6119 -6.9208 181.1502 -0.7181 -0.6916 0.0777 0.0441 0.3863
K_nude01.jpg
20 -5.6119 -6.9208 181.1502 -0.7181 -0.6916 0.0777 0.0441 0.3863
20 -2.8193 -8.6262 181.3728 -0.3290 -0.9429 0.0517 0.0222 0.3872
20 -3.0335 -8.1288 183.4572 -0.3736 -0.8988 -0.2294 0.0241 0.4046
K_nude01.jpg
20 -7.2551 -2.0522 173.8130 -0.9578 -0.2293 -0.1735 0.0818 0.3315
20 -7.6888 1.4082 173.8176 -0.8697 0.0315 -0.4926 0.1104 0.3258
20 -5.9760 -3.0585 170.1530 -0.8644 -0.0928 -0.4941 0.0714 0.3061
K_nude01.jpg
20 -1.2959 -6.6786 166.3065 -0.5144 -0.6145 -0.5981 0.0331 0.2760
20 -4.0626 -5.1596 168.3202 -0.7404 -0.4165 -0.5275 0.0528 0.2909
20 -3.5978 -4.1369 167.2790 -0.6881 -0.0707 -0.7222 0.0593 0.2816
K_nude01.jpg
20 -3.5978 -4.1369 167.2790 -0.6881 -0.0707 -0.7222 0.0593 0.2816
20 -1.2350 -5.8735 165.7328 -0.4026 -0.1906 -0.8953 0.0377 0.2722
20 -1.2959 -6.6786 166.3065 -0.5144 -0.6145 -0.5981 0.0331 0.2760
K_nude01.jpg
20 -1.4074 -8.0552 170.7202 -0.3957 -0.9091 -0.1305 0.0217 0.3047
20 -1.3766 -8.1576 172.2071 -0.5342 -0.8186 -0.2110 0.0191 0.3156
20 -2.6540 -7.5957 171.6249 -0.4601 -0.8832 -0.0913 0.0299 0.3143
K_nude01.jpg
20 -2.6540 -7.5957 171.6249 -0.4601 -0.8832 -0.0913 0.0299 0.3143
20 -1.3766 -8.1576 172.2071 -0.5342 -0.8186 -0.2110 0.0191 0.3156
20 -1.5206 -8.1419 173.0117 -0.7003 -0.7132 0.0301 0.0190 0.3217
K_nude01.jpg
20 -2.4725 -1.1407 166.8456 -0.7929 -0.3954 -0.4636 0.0725 0.2707
20 -3.5978 -4.1369 167.2790 -0.6881 -0.0707 -0.7222 0.0593 0.2816
20 -4.0342 0.8910 169.3245 -0.8993 0.1806 -0.3982 0.0915 0.2908
K_nude01.jpg
20 -5.9760 -3.0585 170.1530 -0.8644 -0.0928 -0.4941 0.0714 0.3061
20 -4.8019 -6.1181 170.6653 -0.7138 -0.6394 -0.2856 0.0478 0.3088
20 -5.9759 -5.8604 174.0652 -0.7668 -0.6399 -0.0511 0.0551 0.3332
K_nude01.jpg
20 -5.9759 -5.8604 174.0652 -0.7668 -0.6399 -0.0511 0.0551 0.3332
20 -7.2551 -2.0522 173.8130 -0.9578 -0.2293 -0.1735 0.0818 0.3315
20 -5.9760 -3.0585 170.1530 -0.8644 -0.0928 -0.4941 0.0714 0.3061
K_nude01.jpg
20 -7.5171 -1.6879 177.2577 -0.9362 -0.2980 -0.1863 0.0840 0.3569
20 -7.2551 -2.0522 173.8130 -0.9578 -0.2293 -0.1735 0.0818 0.3315
20 -5.9759 -5.8604 174.0652 -0.7668 -0.6399 -0.0511 0.0551 0.3332
K_nude01.jpg
20 -5.9759 -5.8604 174.0652 -0.7668 -0.6399 -0.0511 0.0551 0.3332
20 -5.9163 -5.4172 176.5999 -0.8059 -0.5833 -0.1012 0.0547 0.3523
20 -7.5171 -1.6879 177.2577 -0.9362 -0.2980 -0.1863 0.0840 0.3569
K_nude01.jpg
20 -4.7230 -6.4210 175.6676 -0.4904 -0.8713 0.0161 0.0441 0.3474
20 -3.3223 -6.9562 175.6924 -0.2492 -0.9658 0.0721 0.0340 0.3468
20 -3.2424 -7.2410 177.5656 -0.3229 -0.8677 -0.3780 0.0315 0.3574
K_nude01.jpg
20 -3.2424 -7.2410 177.5656 -0.3229 -0.8677 -0.3780 0.0315 0.3574
20 -4.9066 -6.5475 177.4950 -0.4609 -0.8367 -0.2957 0.0438 0.3579
20 -4.7230 -6.4210 175.6676 -0.4904 -0.8713 0.0161 0.0441 0.3474
K_nude01.jpg
20 -3.3223 -6.9562 175.6924 -0.2492 -0.9658 0.0721 0.0340 0.3468
20 -1.9262 -6.9616 176.2395 -0.4329 -0.9014 -0.0120 0.0237 0.3475
20 -3.2424 -7.2410 177.5656 -0.3229 -0.8677 -0.3780 0.0315 0.3574
K_nude01.jpg
20 -7.5171 -1.6879 177.2577 -0.9362 -0.2980 -0.1863 0.0840 0.3569
20 -8.1177 1.3125 176.1761 -0.9336 -0.3370 -0.1216 0.1088 0.3491
20 -7.2551 -2.0522 173.8130 -0.9578 -0.2293 -0.1735 0.0818 0.3315
K_nude01.jpg
20 -7.6888 1.4082 173.8176 -0.8697 0.0315 -0.4926 0.1104 0.3258
20 -8.1177 1.3125 176.1761 -0.9336 -0.3370 -0.1216 0.1088 0.3491
20 -9.2255 3.4827 173.7339 -0.7998 -0.2978 -0.5211 0.1289 0.3326
K_nude01.jpg
20 -10.1089 5.1089 174.8580 -0.8827 -0.4695 -0.0187 0.1390 0.3408
20 -9.2255 3.4827 173.7339 -0.7998 -0.2978 -0.5211 0.1289 0.3326
20 -8.1177 1.3125 176.1761 -0.9336 -0.3370 -0.1216 0.1088 0.3491
K_nude01.jpg
20 -8.1177 1.3125 176.1761 -0.9336 -0.3370 -0.1216 0.1088 0.3491
20 -7.6888 1.4082 173.8176 -0.8697 0.0315 -0.4926 0.1104 0.3258
20 -7.2551 -2.0522 173.8130 -0.9578 -0.2293 -0.1735 0.0818 0.3315
K_nude01.jpg
20 -11.0132 7.0130 180.3385 -0.6932 -0.5071 0.5122 0.1460 0.3870
20 -8.7990 2.0428 178.6102 -0.9385 -0.2678 -0.2181 0.1133 0.3681
20 -9.6077 4.6441 179.8582 -0.5945 -0.4831 0.6428 0.1289 0.3841
K_nude01.jpg
20 -9.6077 4.6441 179.8582 -0.5945 -0.4831 0.6428 0.1289 0.3841
20 -10.5454 7.3629 180.6927 -0.3397 -0.4051 0.8488 0.1440 0.3931
20 -11.0132 7.0130 180.3385 -0.6932 -0.5071 0.5122 0.1460 0.3870
K_nude01.jpg
20 -11.7615 8.0842 177.9319 -0.8689 -0.4936 0.0365 0.1591 0.3683
20 -11.0132 7.0130 180.3385 -0.6932 -0.5071 0.5122 0.1460 0.3870
20 -13.5984 11.4424 181.5340 -0.8169 -0.5350 0.2155 0.1776 0.4055
K_nude01.jpg
20 -11.0132 7.0130 180.3385 -0.6932 -0.5071 0.5122 0.1460 0.3870
20 -10.5454 7.3629 180.6927 -0.3397 -0.4051 0.8488 0.1440 0.3931
20 -13.5984 11.4424 181.5340 -0.8169 -0.5350 0.2155 0.1776 0.4055
K_nude01.jpg
20 -4.0342 0.8910 169.3245 -0.8993 0.1806 -0.3982 0.0915 0.2908
20 -7.6888 1.4082 173.8176 -0.8697 0.0315 -0.4926 0.1104 0.3258
20 -6.8243 3.8873 173.9007 -0.7736 0.0435 -0.6322 0.1287 0.3158
K_nude01.jpg
20 -5.9760 -3.0585 170.1530 -0.8644 -0.0928 -0.4941 0.0714 0.3061
20 -7.6888 1.4082 173.8176 -0.8697 0.0315 -0.4926 0.1104 0.3258
20 -4.0342 0.8910 169.3245 -0.8993 0.1806 -0.3982 0.0915 0.2908
K_nude01.jpg
20 -8.9441 4.4868 177.1706 -0.9116 -0.0337 -0.4097 0.1513 0.3397
20 -6.8243 3.8873 173.9007 -0.7736 0.0435 -0.6322 0.1287 0.3158
20 -7.6888 1.4082 173.8176 -0.8697 0.0315 -0.4926 0.1104 0.3258
K_nude01.jpg
20 -11.7615 8.0842 177.9319 -0.8689 -0.4936 0.0365 0.1591 0.3683
20 -8.1177 1.3125 176.1761 -0.9336 -0.3370 -0.1216 0.1088 0.3491
20 -11.0132 7.0130 180.3385 -0.6932 -0.5071 0.5122 0.1460 0.3870
K_nude01.jpg
20 -11.0132 7.0130 180.3385 -0.6932 -0.5071 0.5122 0.1460 0.3870
20 -8.1177 1.3125 176.1761 -0.9336 -0.3370 -0.1216 0.1088 0.3491
20 -8.7990 2.0428 178.6102 -0.9385 -0.2678 -0.2181 0.1133 0.3681
K_nude01.jpg
20 -10.1089 5.1089 174.8580 -0.8827 -0.4695 -0.0187 0.1390 0.3408
20 -8.1177 1.3125 176.1761 -0.9336 -0.3370 -0.1216 0.1088 0.3491
20 -11.7615 8.0842 177.9319 -0.8689 -0.4936 0.0365 0.1591 0.3683
K_nude01.jpg
20 -3.5978 -4.1369 167.2790 -0.6881 -0.0707 -0.7222 0.0593 0.2816
20 -5.9760 -3.0585 170.1530 -0.8644 -0.0928 -0.4941 0.0714 0.3061
20 -4.0342 0.8910 169.3245 -0.8993 0.1806 -0.3982 0.0915 0.2908
K_nude01.jpg
20 -4.7230 -6.4210 175.6676 -0.4904 -0.8713 0.0161 0.0441 0.3474
20 -4.9066 -6.5475 177.4950 -0.4609 -0.8367 -0.2957 0.0438 0.3579
20 -5.9163 -5.4172 176.5999 -0.8059 -0.5833 -0.1012 0.0547 0.3523
K_nude01.jpg
20 -4.7230 -6.4210 175.6676 -0.4904 -0.8713 0.0161 0.0441 0.3474
20 -3.3563 -7.1672 174.5188 -0.3856 -0.9162 0.1094 0.0343 0.3357
20 -3.3223 -6.9562 175.6924 -0.2492 -0.9658 0.0721 0.0340 0.3468
K_nude01.jpg
20 -4.7230 -6.4210 175.6676 -0.4904 -0.8713 0.0161 0.0441 0.3474
20 -5.9759 -5.8604 174.0652 -0.7668 -0.6399 -0.0511 0.0551 0.3332
20 -3.3563 -7.1672 174.5188 -0.3856 -0.9162 0.1094 0.0343 0.3357
K_nude01.jpg
20 -1.2350 -5.8735 165.7328 -0.4026 -0.1906 -0.8953 0.0377 0.2722
20 -3.5978 -4.1369 167.2790 -0.6881 -0.0707 -0.7222 0.0593 0.2816
20 -2.4725 -1.1407 166.8456 -0.7929 -0.3954 -0.4636 0.0725 0.2707
K_nude01.jpg
20 -2.4725 -1.1407 166.8456 -0.7929 -0.3954 -0.4636 0.0725 0.2707
20 0.0000 -2.3316 166.0156 -0.0000 -0.5558 -0.8313 0.0528 0.2583
20 -1.2350 -5.8735 165.7328 -0.4026 -0.1906 -0.8953 0.0377 0.2722
K_nude01.jpg
20 -4.0342 0.8910 169.3245 -0.8993 0.1806 -0.3982 0.0915 0.2908
20 -6.8243 3.8873 173.9007 -0.7736 0.0435 -0.6322 0.1287 0.3158
20 -2.9775 3.4617 169.9897 -0.7424 0.4645 -0.4828 0.1197 0.2948
K_nude01.jpg
20 -5.8874 -6.2027 183.0889 -0.6170 -0.7251 -0.3058 0.0476 0.4021
20 -7.1889 -4.0491 180.0136 -0.8600 -0.4921 -0.1351 0.0687 0.3775
20 -5.6119 -6.9208 181.1502 -0.7181 -0.6916 0.0777 0.0441 0.3863
K_nude01.jpg
20 -6.6713 -5.0995 178.3817 -0.8905 -0.4282 -0.1537 0.0583 0.3668
20 -7.1889 -4.0491 180.0136 -0.8600 -0.4921 -0.1351 0.0687 0.3775
20 -7.5171 -1.6879 177.2577 -0.9362 -0.2980 -0.1863 0.0840 0.3569
K_nude01.jpg
20 -7.1889 -4.0491 180.0136 -0.8600 -0.4921 -0.1351 0.0687 0.3775
20 -6.6713 -5.0995 178.3817 -0.8905 -0.4282 -0.1537 0.0583 0.3668
20 -5.5529 -7.0312 179.0826 -0.6517 -0.7375 -0.1773 0.0441 0.3708
K_nude01.jpg
20 -5.5529 -7.0312 179.0826 -0.6517 -0.7375 -0.1773 0.0441 0.3708
20 -5.6119 -6.9208 181.1502 -0.7181 -0.6916 0.0777 0.0441 0.3863
20 -7.1889 -4.0491 180.0136 -0.8600 -0.4921 -0.1351 0.0687 0.3775
K_nude01.jpg
20 -7.1889 -4.0491 180.0136 -0.8600 -0.4921 -0.1351 0.0687 0.3775
20 -8.2312 -1.7268 178.9141 -0.8904 -0.3355 -0.3077 0.0854 0.3685
20 -7.5171 -1.6879 177.2577 -0.9362 -0.2980 -0.1863 0.0840 0.3569
K_nude01.jpg
20 -7.5171 -1.6879 177.2577 -0.9362 -0.2980 -0.1863 0.0840 0.3569
20 -8.2312 -1.7268 178.9141 -0.8904 -0.3355 -0.3077 0.0854 0.3685
20 -8.7990 2.0428 178.6102 -0.9385 -0.2678 -0.2181 0.1133 0.3681
K_nude01.jpg
20 -8.7990 2.0428 178.6102 -0.9385 -0.2678 -0.2181 0.1133 0.3681
20 -8.1177 1.3125 176.1761 -0.9336 -0.3370 -0.1216 0.1088 0.3491
20 -7.5171 -1.6879 177.2577 -0.9362 -0.2980 -0.1863 0.0840 0.3569
K_nude01.jpg
20 -10.1089 5.1089 174.8580 0.7649 0.6044 -0.2227 0.0851 0.4053
20 -11.7615 8.0842 177.9319 0.7488 0.6300 -0.2058 0.1128 0.4058
20 -8.9441 4.4868 177.1706 0.8164 0.5630 -0.1285 0.0953 0.3927
K_nude01.jpg
20 -10.1089 5.1089 174.8580 0.7649 0.6044 -0.2227 0.0851 0.4053
20 -8.9441 4.4868 177.1706 0.8164 0.5630 -0.1285 0.0953 0.3927
20 -9.2255 3.4827 173.7339 0.7771 0.5841 -0.2343 0.0748 0.4011
K_nude01.jpg
20 -8.9441 4.4868 177.1706 -0.9116 -0.0337 -0.4097 0.0953 0.3927
20 -7.6888 1.4082 173.8176 -0.8697 0.0315 -0.4926 0.0648 0.3892
20 -9.2255 3.4827 173.7339 -0.7998 -0.2978 -0.5211 0.0748 0.4011
K_nude01.jpg
20 -8.9441 4.4868 177.1706 0.8164 0.5630 -0.1285 0.0953 0.3927
20 -10.5454 7.3629 180.6927 0.8252 0.5590 -0.0813 0.1215 0.3859
20 -9.6077 4.6441 179.8582 0.9414 0.2580 0.2173 0.1091 0.3790
K_nude01.jpg
20 -8.9441 4.4868 177.1706 0.8164 0.5630 -0.1285 0.0953 0.3927
20 -11.7615 8.0842 177.9319 0.7488 0.6300 -0.2058 0.1128 0.4058
20 -13.5984 11.4424 181.5340 0.7644 0.6208 -0.1741 0.1450 0.3978
K_nude01.jpg
20 -8.9441 4.4868 177.1706 0.8164 0.5630 -0.1285 0.0953 0.3927
20 -13.5984 11.4424 181.5340 0.7644 0.6208 -0.1741 0.1450 0.3978
20 -10.5454 7.3629 180.6927 0.8252 0.5590 -0.0813 0.1215 0.3859
K_nude01.jpg
20 -4.0342 0.8910 169.3245 -0.8993 0.1806 -0.3982 0.0857 0.2808
18 -2.9896 -0.8354 161.6096 -0.4047 -0.6446 0.6486 0.0874 0.2304
20 -2.4725 -1.1407 166.8456 -0.7929 -0.3954 -0.4636 0.0767 0.2673
K_nude01.jpg
18 -2.9896 -0.8354 161.6096 -0.4047 -0.6446 0.6486 0.0874 0.2304
20 -4.0342 0.8910 169.3245 -0.8993 0.1806 -0.3982 0.0857 0.2808
18 -4.7256 3.1028 162.9892 -0.6743 0.1490 0.7233 0.1251 0.2393
K_nude01.jpg
18 -2.9896 -0.8354 161.6096 -0.4047 -0.6446 0.6486 0.0874 0.2304
18 -0.0000 -1.8748 161.6226 -0.0000 -0.8347 0.5507 0.0669 0.2294
20 0.0000 -2.3316 166.0156 -0.0000 -0.5558 -0.8313 0.0613 0.2570
K_nude01.jpg
20 0.0000 -2.3316 166.0156 -0.0000 -0.5558 -0.8313 0.0613 0.2570
20 -2.4725 -1.1407 166.8456 -0.7929 -0.3954 -0.4636 0.0767 0.2673
18 -2.9896 -0.8354 161.6096 -0.4047 -0.6446 0.6486 0.0874 0.2304
K_nude01.jpg
18 -6.3089 -4.7494 159.5799 -0.1349 -0.4997 0.8556 0.0898 0.2051
18 -2.9896 -0.8354 161.6096 -0.4047 -0.6446 0.6486 0.0874 0.2304
18 -4.7256 3.1028 162.9892 -0.6743 0.1490 0.7233 0.1251 0.2393
K_nude01.jpg
18 -4.7256 3.1028 162.9892 -0.6743 0.1490 0.7233 0.1251 0.2393
18 -6.7046 3.6887 162.2207 -0.4012 0.0174 0.9158 0.1338 0.2241
18 -6.3089 -4.7494 159.5799 -0.1349 -0.4997 0.8556 0.0898 0.2051
K_nude01.jpg
18 -0.0000 6.0601 163.0374 0.0000 0.9424 0.3346 0.1389 0.2638
18 0.0000 6.7186 161.5276 0.0000 0.9166 0.3998 0.1442 0.2591
18 -6.7046 3.6887 162.2207 -0.4012 0.0174 0.9158 0.1338 0.2241
K_nude01.jpg
18 -6.7046 3.6887 162.2207 -0.4012 0.0174 0.9158 0.1338 0.2241
18 -4.7256 3.1028 162.9892 -0.6743 0.1490 0.7233 0.1251 0.2393
18 -0.0000 6.0601 163.0374 0.0000 0.9424 0.3346 0.1389 0.2638
K_nude01.jpg
18 -6.3089 -4.7494 159.5799 -0.1349 -0.4997 0.8556 0.0898 0.2051
18 -0.0000 -7.1560 157.1202 -0.0000 -0.7871 0.6168 0.0453 0.2006
18 0.0000 -4.6489 160.3193 0.0000 -0.6041 0.7969 0.0617 0.2223
K_nude01.jpg
18 -4.7256 3.1028 162.9892 -0.6743 0.1490 0.7233 0.1251 0.2393
20 -2.9775 3.4617 169.9897 -0.7424 0.4645 -0.4828 0.0987 0.2885
18 -0.0000 6.0601 163.0374 0.0000 0.9424 0.3346 0.1389 0.2638
K_nude01.jpg
18 -4.7256 3.1028 162.9892 -0.6743 0.1490 0.7233 0.1251 0.2393
20 -4.0342 0.8910 169.3245 -0.8993 0.1806 -0.3982 0.0857 0.2808
20 -2.9775 3.4617 169.9897 -0.7424 0.4645 -0.4828 0.0987 0.2885
K_nude01.jpg
18 -0.0000 6.0601 163.0374 0.0000 0.9424 0.3346 0.1389 0.2638
20 -2.9775 3.4617 169.9897 -0.7424 0.4645 -0.4828 0.0987 0.2885
20 0.0000 5.1115 168.8025 0.0000 0.8487 -0.5289 0.1196 0.2901
K_nude01.jpg
18 0.0000 -4.6489 160.3193 0.0000 -0.6041 0.7969 0.0617 0.2223
18 -0.0000 -1.8748 161.6226 -0.0000 -0.8347 0.5507 0.0669 0.2294
18 -2.9896 -0.8354 161.6096 -0.4047 -0.6446 0.6486 0.0874 0.2304
K_nude01.jpg
18 -2.9896 -0.8354 161.6096 -0.4047 -0.6446 0.6486 0.0874 0.2304
18 -6.3089 -4.7494 159.5799 -0.1349 -0.4997 0.8556 0.0898 0.2051
18 0.0000 -4.6489 160.3193 0.0000 -0.6041 0.7969 0.0617 0.2223
K_nude01.jpg
20 -4.0335 2.6094 191.1856 -0.4114 -0.0896 0.9070 0.2182 0.3634
20 -7.9888 4.1582 187.6830 -0.8186 -0.0022 0.5743 0.2178 0.3349
20 -7.5635 -0.7874 186.6658 -0.8145 0.0158 0.5800 0.2534 0.3399
K_nude01.jpg
20 -7.5635 -0.7874 186.6658 -0.8145 0.0158 0.5800 0.2534 0.3399
20 -3.7427 -2.7114 189.5771 -0.2870 -0.3061 0.9077 0.2533 0.3698
20 -4.0335 2.6094 191.1856 -0.4114 -0.0896 0.9070 0.2182 0.3634
K_nude01.jpg
20 -7.9888 4.1582 187.6830 -0.8186 -0.0022 0.5743 0.2178 0.3349
20 -4.0335 2.6094 191.1856 -0.4114 -0.0896 0.9070 0.2182 0.3634
20 -4.1739 7.5575 190.5631 -0.3719 0.3240 0.8699 0.1928 0.3507
K_nude01.jpg
20 -4.1739 7.5575 190.5631 -0.3719 0.3240 0.8699 0.1928 0.3507
20 -7.3205 7.9730 187.8465 -0.7532 0.3616 0.5495 0.2002 0.3292
20 -7.9888 4.1582 187.6830 -0.8186 -0.0022 0.5743 0.2178 0.3349
K_nude01.jpg
20 -3.7427 -2.7114 189.5771 -0.2870 -0.3061 0.9077 0.2533 0.3698
20 0.0000 -2.6836 189.6117 0.0000 -0.4122 0.9111 0.2419 0.4019
20 0.0000 2.2942 191.7582 0.0000 -0.1231 0.9924 0.2046 0.3943
K_nude01.jpg
20 0.0000 2.2942 191.7582 0.0000 -0.1231 0.9924 0.2046 0.3943
20 -4.0335 2.6094 191.1856 -0.4114 -0.0896 0.9070 0.2182 0.3634
20 -3.7427 -2.7114 189.5771 -0.2870 -0.3061 0.9077 0.2533 0.3698
K_nude01.jpg
20 -0.0000 7.3855 191.1836 0.0000 0.3432 0.9393 0.1760 0.3763
20 -4.1739 7.5575 190.5631 -0.3719 0.3240 0.8699 0.1928 0.3507
20 -4.0335 2.6094 191.1856 -0.4114 -0.0896 0.9070 0.2182 0.3634
K_nude01.jpg
20 -4.0335 2.6094 191.1856 -0.4114 -0.0896 0.9070 0.2182 0.3634
20 0.0000 2.2942 191.7582 0.0000 -0.1231 0.9924 0.2046 0.3943
20 -0.0000 7.3855 191.1836 0.0000 0.3432 0.9393 0.1760 0.3763
K_nude01.jpg
20 -7.3205 7.9730 187.8465 -0.7532 0.3616 0.5495 0.2002 0.3292
20 -8.9563 8.2021 183.6681 -0.8452 0.4325 0.3140 0.2051 0.3061
20 -7.9888 4.1582 187.6830 -0.8186 -0.0022 0.5743 0.2178 0.3349
K_nude01.jpg
20 -7.3205 7.9730 187.8465 -0.7532 0.3616 0.5495 0.2002 0.3292
20 -4.1739 7.5575 190.5631 -0.3719 0.3240 0.8699 0.1928 0.3507
20 -4.2293 11.3561 187.7718 -0.4083 0.7560 0.5116 0.1762 0.3308
K_nude01.jpg
20 -4.6873 12.5272 181.9212 -0.3474 0.7785 0.5228 0.1680 0.2967
20 -4.2293 11.3561 187.7718 -0.4083 0.7560 0.5116 0.1762 0.3308
20 0.0000 12.5161 187.5929 0.0000 0.8578 0.5139 0.1534 0.3372
K_nude01.jpg
20 0.0000 12.5161 187.5929 0.0000 0.8578 0.5139 0.1534 0.3372
20 0.0000 13.6739 181.7712 0.0000 0.8348 0.5506 0.1384 0.3036
20 -4.6873 12.5272 181.9212 -0.3474 0.7785 0.5228 0.1680 0.2967
K_nude01.jpg
20 0.0000 12.5161 187.5929 0.0000 0.8578 0.5139 0.1534 0.3372
20 -4.2293 11.3561 187.7718 -0.4083 0.7560 0.5116 0.1762 0.3308
20 -4.1739 7.5575 190.5631 -0.3719 0.3240 0.8699 0.1928 0.3507
K_nude01.jpg
20 -4.1739 7.5575 190.5631 -0.3719 0.3240 0.8699 0.1928 0.3507
20 -0.0000 7.3855 191.1836 0.0000 0.3432 0.9393 0.1760 0.3763
20 0.0000 12.5161 187.5929 0.0000 0.8578 0.5139 0.1534 0.3372
K_nude01.jpg
20 -8.9563 8.2021 183.6681 -0.8452 0.4325 0.3140 0.2051 0.3061
20 -7.3205 7.9730 187.8465 -0.7532 0.3616 0.5495 0.2002 0.3292
20 -4.2293 11.3561 187.7718 -0.4083 0.7560 0.5116 0.1762 0.3308
K_nude01.jpg
20 -4.2293 11.3561 187.7718 -0.4083 0.7560 0.5116 0.1762 0.3308
20 -4.6873 12.5272 181.9212 -0.3474 0.7785 0.5228 0.1680 0.2967
20 -8.9563 8.2021 183.6681 -0.8452 0.4325 0.3140 0.2051 0.3061
K_nude01.jpg
20 -8.6757 7.4255 174.7972 -0.8526 0.0707 -0.5177 0.2754 0.2168
20 -6.8243 3.8873 173.9007 -0.7736 0.0435 -0.6322 0.2656 0.2399
20 -8.9441 4.4868 177.1706 -0.9116 -0.0337 -0.4097 0.2547 0.2183
K_nude01.jpg
20 -5.2501 11.5648 172.8496 -0.5268 0.5098 -0.6801 0.3044 0.2173
20 -2.9775 3.4617 169.9897 -0.7424 0.4645 -0.4828 0.2877 0.2644
20 -8.6757 7.4255 174.7972 -0.8526 0.0707 -0.5177 0.2754 0.2168
K_nude01.jpg
20 0.0000 5.1115 168.8025 0.0000 0.8487 -0.5289 0.3095 0.2666
20 -2.9775 3.4617 169.9897 -0.7424 0.4645 -0.4828 0.2877 0.2644
20 -5.2501 11.5648 172.8496 -0.5268 0.5098 -0.6801 0.3044 0.2173
K_nude01.jpg
20 -5.2501 11.5648 172.8496 -0.5268 0.5098 -0.6801 0.3044 0.2173
20 -0.0000 12.9700 171.9975 0.0000 0.6753 -0.7375 0.3294 0.2212
20 0.0000 5.1115 168.8025 0.0000 0.8487 -0.5289 0.3095 0.2666
K_nude01.jpg
20 -8.6757 7.4255 174.7972 -0.8526 0.0707 -0.5177 0.2754 0.2168
20 -2.9775 3.4617 169.9897 -0.7424 0.4645 -0.4828 0.2877 0.2644
20 -6.8243 3.8873 173.9007 -0.7736 0.0435 -0.6322 0.2656 0.2399
K_nude01.jpg
20 -10.3887 4.4624 181.8412 -0.9981 -0.0284 0.0546 0.2293 0.3003
20 -8.9563 8.2021 183.6681 -0.8452 0.4325 0.3140 0.2051 0.3061
20 -9.5296 8.5190 178.9288 -0.9053 0.4199 -0.0640 0.2025 0.2760
K_nude01.jpg
20 -7.9888 4.1582 187.6830 -0.8186 -0.0022 0.5743 0.2178 0.3349
20 -8.9563 8.2021 183.6681 -0.8452 0.4325 0.3140 0.2051 0.3061
20 -10.3887 4.4624 181.8412 -0.9981 -0.0284 0.0546 0.2293 0.3003
K_nude01.jpg
20 -10.3887 4.4624 181.8412 -0.9981 -0.0284 0.0546 0.2293 0.3003
20 -7.5635 -0.7874 186.6658 -0.8145 0.0158 0.5800 0.2534 0.3399
20 -7.9888 4.1582 187.6830 -0.8186 -0.0022 0.5743 0.2178 0.3349
K_nude01.jpg
20 -5.2258 13.5702 180.7657 -0.4361 0.8124 0.3871 0.1671 0.2880
20 -0.0000 14.9871 180.7282 0.0000 0.8944 0.4473 0.1340 0.2905
20 0.0000 15.4294 176.6262 0.0000 0.9819 -0.1893 0.1418 0.2696
K_nude01.jpg
20 0.0000 15.4294 176.6262 0.0000 0.9819 -0.1893 0.1418 0.2696
20 -5.4994 13.8084 176.7587 -0.5273 0.8255 -0.2011 0.1736 0.2713
20 -5.2258 13.5702 180.7657 -0.4361 0.8124 0.3871 0.1671 0.2880
K_nude01.jpg
20 -5.2258 13.5702 180.7657 -0.4361 0.8124 0.3871 0.1671 0.2880
20 -5.4994 13.8084 176.7587 -0.5273 0.8255 -0.2011 0.1736 0.2713
20 -9.5296 8.5190 178.9288 -0.9053 0.4199 -0.0640 0.2025 0.2760
K_nude01.jpg
20 -0.0000 12.9700 171.9975 0.0000 0.6753 -0.7375 0.1528 0.2489
20 -5.2501 11.5648 172.8496 -0.5268 0.5098 -0.6801 0.1823 0.2501
20 -5.4994 13.8084 176.7587 -0.5273 0.8255 -0.2011 0.1736 0.2713
K_nude01.jpg
20 -5.4994 13.8084 176.7587 -0.5273 0.8255 -0.2011 0.1736 0.2713
20 0.0000 15.4294 176.6262 0.0000 0.9819 -0.1893 0.1418 0.2696
20 -0.0000 12.9700 171.9975 0.0000 0.6753 -0.7375 0.1528 0.2489
K_nude01.jpg
20 -9.5296 8.5190 178.9288 -0.9053 0.4199 -0.0640 0.2025 0.2760
20 -5.4994 13.8084 176.7587 -0.5273 0.8255 -0.2011 0.1736 0.2713
20 -5.2501 11.5648 172.8496 -0.5268 0.5098 -0.6801 0.1823 0.2501
K_nude01.jpg
20 -5.2501 11.5648 172.8496 -0.5268 0.5098 -0.6801 0.1823 0.2501
20 -8.6757 7.4255 174.7972 -0.8526 0.0707 -0.5177 0.2094 0.2547
20 -9.5296 8.5190 178.9288 -0.9053 0.4199 -0.0640 0.2025 0.2760
K_nude01.jpg
20 -9.5296 8.5190 178.9288 -0.9053 0.4199 -0.0640 0.2025 0.2760
20 -8.6757 7.4255 174.7972 -0.8526 0.0707 -0.5177 0.2094 0.2547
20 -8.9441 4.4868 177.1706 -0.9116 -0.0337 -0.4097 0.2347 0.2682
K_nude01.jpg
20 -10.3887 4.4624 181.8412 -0.9981 -0.0284 0.0546 0.2293 0.3003
20 -9.4921 0.7102 181.9994 -0.9971 -0.0671 0.0348 0.2518 0.3086
20 -7.5635 -0.7874 186.6658 -0.8145 0.0158 0.5800 0.2534 0.3399
K_nude01.jpg
20 -0.0000 14.9871 180.7282 0.0000 0.8944 0.4473 0.1340 0.2905
20 -5.2258 13.5702 180.7657 -0.4361 0.8124 0.3871 0.1671 0.2880
20 -4.6873 12.5272 181.9212 -0.3474 0.7785 0.5228 0.1680 0.2967
K_nude01.jpg
20 -4.6873 12.5272 181.9212 -0.3474 0.7785 0.5228 0.1680 0.2967
20 0.0000 13.6739 181.7712 0.0000 0.8348 0.5506 0.1384 0.3036
20 -0.0000 14.9871 180.7282 0.0000 0.8944 0.4473 0.1340 0.2905
K_nude01.jpg
20 -5.2258 13.5702 180.7657 -0.4361 0.8124 0.3871 0.1671 0.2880
20 -8.9563 8.2021 183.6681 -0.8452 0.4325 0.3140 0.2051 0.3061
20 -4.6873 12.5272 181.9212 -0.3474 0.7785 0.5228 0.1680 0.2967
K_nude01.jpg
20 -10.3887 4.4624 181.8412 -0.9981 -0.0284 0.0546 0.2293 0.3003
20 -8.7990 2.0428 178.6102 -0.9385 -0.2678 -0.2181 0.2489 0.2850
20 -9.4921 0.7102 181.9994 -0.9971 -0.0671 0.0348 0.2518 0.3086
K_nude01.jpg
20 -8.9441 4.4868 177.1706 -0.9116 -0.0337 -0.4097 0.2347 0.2682
20 -8.7990 2.0428 178.6102 -0.9385 -0.2678 -0.2181 0.2489 0.2850
20 -10.3887 4.4624 181.8412 -0.9981 -0.0284 0.0546 0.2293 0.3003
K_nude01.jpg
20 -10.3887 4.4624 181.8412 -0.9981 -0.0284 0.0546 0.2293 0.3003
20 -9.5296 8.5190 178.9288 -0.9053 0.4199 -0.0640 0.2025 0.2760
20 -8.9441 4.4868 177.1706 -0.9116 -0.0337 -0.4097 0.2347 0.2682
K_nude01.jpg
20 -5.2258 13.5702 180.7657 -0.4361 0.8124 0.3871 0.1671 0.2880
20 -9.5296 8.5190 178.9288 -0.9053 0.4199 -0.0640 0.2025 0.2760
20 -8.9563 8.2021 183.6681 -0.8452 0.4325 0.3140 0.2051 0.3061
K_nude01.jpg
20 0.0000 -8.8384 182.9508 -0.0000 -0.9931 0.1171 0.3019 0.4068
20 -3.1889 -9.0642 185.0438 -0.0926 -0.9956 0.0136 0.3006 0.3825
20 -3.0335 -8.1288 183.4572 -0.3736 -0.8988 -0.2294 0.3119 0.3877
K_nude01.jpg
20 -3.0335 -8.1288 183.4572 -0.3736 -0.8988 -0.2294 0.3119 0.3877
20 -3.1889 -9.0642 185.0438 -0.0926 -0.9956 0.0136 0.3006 0.3825
20 -5.4499 -8.2383 185.0974 -0.5115 -0.8589 0.0244 0.3057 0.3670
K_nude01.jpg
20 -5.4499 -8.2383 185.0974 -0.5115 -0.8589 0.0244 0.3057 0.3670
20 -5.8874 -6.2027 183.0889 -0.6170 -0.7251 -0.3058 0.3276 0.3742
20 -3.0335 -8.1288 183.4572 -0.3736 -0.8988 -0.2294 0.3119 0.3877
K_nude01.jpg
20 -3.3573 -8.0895 187.3277 -0.0825 -0.7290 0.6795 0.2852 0.3699
20 0.0000 -7.7494 186.6049 -0.0000 -0.8043 0.5942 0.2777 0.4039
20 0.0000 -2.6836 189.6117 0.0000 -0.4122 0.9111 0.2419 0.4019
K_nude01.jpg
20 0.0000 -2.6836 189.6117 0.0000 -0.4122 0.9111 0.2419 0.4019
20 -3.7427 -2.7114 189.5771 -0.2870 -0.3061 0.9077 0.2533 0.3698
20 -3.3573 -8.0895 187.3277 -0.0825 -0.7290 0.6795 0.2852 0.3699
K_nude01.jpg
20 -5.4499 -8.2383 185.0974 -0.5115 -0.8589 0.0244 0.3057 0.3670
20 -3.1889 -9.0642 185.0438 -0.0926 -0.9956 0.0136 0.3006 0.3825
20 -3.3573 -8.0895 187.3277 -0.0825 -0.7290 0.6795 0.2852 0.3699
K_nude01.jpg
20 0.0000 -8.8384 182.9508 -0.0000 -0.9931 0.1171 0.3019 0.4068
20 0.0000 -7.7494 186.6049 -0.0000 -0.8043 0.5942 0.2777 0.4039
20 -3.3573 -8.0895 187.3277 -0.0825 -0.7290 0.6795 0.2852 0.3699
K_nude01.jpg
20 -3.3573 -8.0895 187.3277 -0.0825 -0.7290 0.6795 0.2852 0.3699
20 -3.1889 -9.0642 185.0438 -0.0926 -0.9956 0.0136 0.3006 0.3825
20 0.0000 -8.8384 182.9508 -0.0000 -0.9931 0.1171 0.3019 0.4068
K_nude01.jpg
20 -7.1889 -4.0491 180.0136 -0.8600 -0.4921 -0.1351 0.2679 0.3164
20 -5.8874 -6.2027 183.0889 -0.6170 -0.7251 -0.3058 0.2824 0.3377
20 -8.2305 -3.1569 181.4524 -0.8372 -0.5014 -0.2184 0.2797 0.3109
K_nude01.jpg
20 -9.4921 0.7102 181.9994 -0.9971 -0.0671 0.0348 0.2890 0.2860
20 -8.7990 2.0428 178.6102 -0.9385 -0.2678 -0.2181 0.2678 0.2741
20 -8.2312 -1.7268 178.9141 -0.8904 -0.3355 -0.3077 0.2651 0.2987
K_nude01.jpg
20 -9.4921 0.7102 181.9994 -0.9971 -0.0671 0.0348 0.2890 0.2860
20 -8.2312 -1.7268 178.9141 -0.8904 -0.3355 -0.3077 0.2651 0.2987
20 -8.2305 -3.1569 181.4524 -0.8372 -0.5014 -0.2184 0.2797 0.3109
K_nude01.jpg
20 -5.8874 -6.2027 183.0889 -0.6170 -0.7251 -0.3058 0.2824 0.3377
20 -5.4499 -8.2383 185.0974 -0.5115 -0.8589 0.0244 0.2944 0.3555
20 -8.2305 -3.1569 181.4524 -0.8372 -0.5014 -0.2184 0.2797 0.3109
K_nude01.jpg
20 -8.2312 -1.7268 178.9141 -0.8904 -0.3355 -0.3077 0.2651 0.2987
20 -7.1889 -4.0491 180.0136 -0.8600 -0.4921 -0.1351 0.2679 0.3164
20 -8.2305 -3.1569 181.4524 -0.8372 -0.5014 -0.2184 0.2797 0.3109
K_nude01.jpg
20 -7.7501 -2.7808 187.2064 -0.7519 -0.0090 0.6592 0.1342 0.1765
20 -7.0827 -6.3134 186.6685 -0.6626 -0.5001 0.5576 0.1255 0.1565
20 -3.7427 -2.7114 189.5771 -0.2870 -0.3061 0.9077 0.1112 0.1840
K_nude01.jpg
20 -3.3573 -8.0895 187.3277 -0.0825 -0.7290 0.6795 0.1035 0.1508
20 -3.7427 -2.7114 189.5771 -0.2870 -0.3061 0.9077 0.1112 0.1840
20 -7.0827 -6.3134 186.6685 -0.6626 -0.5001 0.5576 0.1255 0.1565
K_nude01.jpg
20 -9.4921 0.7102 181.9994 -0.9971 -0.0671 0.0348 0.1635 0.1877
20 -9.0527 1.4560 178.5396 -0.9578 0.2866 -0.0202 0.1848 0.1822
20 -9.8962 -2.2954 178.5402 -0.9987 0.0203 -0.0459 0.1801 0.1647
K_nude01.jpg
20 -9.8962 -2.2954 178.5402 -0.9987 0.0203 -0.0459 0.1801 0.1647
20 -7.4543 -1.8744 182.5777 -0.9783 -0.0410 0.2029 0.1598 0.1703
20 -9.4921 0.7102 181.9994 -0.9971 -0.0671 0.0348 0.1635 0.1877
K_nude01.jpg
20 -8.5075 1.5627 163.2540 -0.9771 0.0427 -0.2086 0.2641 0.1506
20 -8.4867 -0.8119 163.1350 -0.9377 0.0092 -0.3474 0.2589 0.1353
20 -9.0527 0.6238 166.5036 -0.9958 -0.0547 -0.0730 0.2447 0.1482
K_nude01.jpg
20 -9.0527 0.6238 166.5036 -0.9958 -0.0547 -0.0730 0.2447 0.1482
20 -8.6594 3.2264 166.1647 -0.9868 0.1380 -0.0850 0.2525 0.1651
20 -8.5075 1.5627 163.2540 -0.9771 0.0427 -0.2086 0.2641 0.1506
K_nude01.jpg
20 -7.0827 -6.3134 186.6685 -0.6626 -0.5001 0.5576 0.1255 0.1565
20 -5.4499 -8.2383 185.0974 -0.5115 -0.8589 0.0244 0.1206 0.1396
20 -3.3573 -8.0895 187.3277 -0.0825 -0.7290 0.6795 0.1035 0.1508
K_nude01.jpg
20 -8.8596 -5.8130 178.2477 -0.8748 -0.4670 -0.1289 0.1707 0.1401
20 -7.1651 -6.2256 182.5155 -0.8549 -0.4979 0.1457 0.1485 0.1472
20 -7.4543 -1.8744 182.5777 -0.9783 -0.0410 0.2029 0.1598 0.1703
K_nude01.jpg
20 -7.4543 -1.8744 182.5777 -0.9783 -0.0410 0.2029 0.1598 0.1703
20 -9.8962 -2.2954 178.5402 -0.9987 0.0203 -0.0459 0.1801 0.1647
20 -8.8596 -5.8130 178.2477 -0.8748 -0.4670 -0.1289 0.1707 0.1401
K_nude01.jpg
20 -7.7501 -2.7808 187.2064 -0.7519 -0.0090 0.6592 0.1342 0.1765
20 -3.7427 -2.7114 189.5771 -0.2870 -0.3061 0.9077 0.1112 0.1840
20 -7.5635 -0.7874 186.6658 -0.8145 0.0158 0.5800 0.1405 0.1879
K_nude01.jpg
20 -9.0527 1.4560 178.5396 -0.9578 0.2866 -0.0202 0.1848 0.1822
20 -8.8861 3.6251 171.5584 -0.9907 0.1347 -0.0174 0.2248 0.1745
20 -9.2593 0.8347 171.4027 -0.9977 -0.0368 -0.0570 0.2186 0.1566
K_nude01.jpg
20 -9.2593 0.8347 171.4027 -0.9977 -0.0368 -0.0570 0.2186 0.1566
20 -9.8962 -2.2954 178.5402 -0.9987 0.0203 -0.0459 0.1801 0.1647
20 -9.0527 1.4560 178.5396 -0.9578 0.2866 -0.0202 0.1848 0.1822
K_nude01.jpg
20 -8.8596 -5.8130 178.2477 -0.8748 -0.4670 -0.1289 0.1707 0.1401
20 -9.8962 -2.2954 178.5402 -0.9987 0.0203 -0.0459 0.1801 0.1647
20 -9.2593 0.8347 171.4027 -0.9977 -0.0368 -0.0570 0.2186 0.1566
K_nude01.jpg
20 -9.2593 0.8347 171.4027 -0.9977 -0.0368 -0.0570 0.2186 0.1566
20 -8.1284 -2.9560 171.1222 -0.9052 -0.4053 -0.1278 0.2111 0.1331
20 -8.8596 -5.8130 178.2477 -0.8748 -0.4670 -0.1289 0.1707 0.1401
K_nude01.jpg
20 -5.4499 -8.2383 185.0974 -0.5115 -0.8589 0.0244 0.1206 0.1396
20 -7.0827 -6.3134 186.6685 -0.6626 -0.5001 0.5576 0.1255 0.1565
20 -7.1651 -6.2256 182.5155 -0.8549 -0.4979 0.1457 0.1485 0.1472
K_nude01.jpg
20 -7.1651 -6.2256 182.5155 -0.8549 -0.4979 0.1457 0.1485 0.1472
20 -5.9799 -8.4166 182.1902 -0.6894 -0.7109 0.1392 0.1381 0.1295
20 -5.4499 -8.2383 185.0974 -0.5115 -0.8589 0.0244 0.1206 0.1396
K_nude01.jpg
20 -8.1284 -2.9560 171.1222 -0.9052 -0.4053 -0.1278 0.2111 0.1331
20 -6.4644 -5.4219 170.8896 -0.8289 -0.5471 -0.1166 0.2058 0.1155
20 -6.8495 -8.0339 178.0247 -0.7446 -0.6512 -0.1465 0.1623 0.1201
K_nude01.jpg
20 -6.8495 -8.0339 178.0247 -0.7446 -0.6512 -0.1465 0.1623 0.1201
20 -8.8596 -5.8130 178.2477 -0.8748 -0.4670 -0.1289 0.1707 0.1401
20 -8.1284 -2.9560 171.1222 -0.9052 -0.4053 -0.1278 0.2111 0.1331
K_nude01.jpg
20 -6.4644 -5.4219 170.8896 -0.8289 -0.5471 -0.1166 0.2058 0.1155
20 -8.1284 -2.9560 171.1222 -0.9052 -0.4053 -0.1278 0.2111 0.1331
20 -7.8421 -3.3621 167.4704 -0.9053 -0.4235 -0.0323 0.2333 0.1264
K_nude01.jpg
20 -7.8421 -3.3621 167.4704 -0.9053 -0.4235 -0.0323 0.2333 0.1264
20 -6.0414 -6.0574 167.3681 -0.8351 -0.5478 -0.0505 0.2258 0.1059
20 -6.4644 -5.4219 170.8896 -0.8289 -0.5471 -0.1166 0.2058 0.1155
K_nude01.jpg
20 -7.0827 -6.3134 186.6685 -0.6626 -0.5001 0.5576 0.1255 0.1565
20 -7.7501 -2.7808 187.2064 -0.7519 -0.0090 0.6592 0.1342 0.1765
20 -7.4543 -1.8744 182.5777 -0.9783 -0.0410 0.2029 0.1598 0.1703
K_nude01.jpg
20 -7.4543 -1.8744 182.5777 -0.9783 -0.0410 0.2029 0.1598 0.1703
20 -7.1651 -6.2256 182.5155 -0.8549 -0.4979 0.1457 0.1485 0.1472
20 -7.0827 -6.3134 186.6685 -0.6626 -0.5001 0.5576 0.1255 0.1565
K_nude01.jpg
20 -7.4543 -1.8744 182.5777 -0.9783 -0.0410 0.2029 0.1598 0.1703
20 -7.7501 -2.7808 187.2064 -0.7519 -0.0090 0.6592 0.1342 0.1765
20 -7.5635 -0.7874 186.6658 -0.8145 0.0158 0.5800 0.1405 0.1879
K_nude01.jpg
20 -7.5635 -0.7874 186.6658 -0.8145 0.0158 0.5800 0.1405 0.1879
20 -9.4921 0.7102 181.9994 -0.9971 -0.0671 0.0348 0.1635 0.1877
20 -7.4543 -1.8744 182.5777 -0.9783 -0.0410 0.2029 0.1598 0.1703
K_nude01.jpg
20 -6.8495 -8.0339 178.0247 -0.7446 -0.6512 -0.1465 0.1623 0.1201
20 -5.9799 -8.4166 182.1902 -0.6894 -0.7109 0.1392 0.1381 0.1295
20 -7.1651 -6.2256 182.5155 -0.8549 -0.4979 0.1457 0.1485 0.1472
K_nude01.jpg
20 -7.1651 -6.2256 182.5155 -0.8549 -0.4979 0.1457 0.1485 0.1472
20 -8.8596 -5.8130 178.2477 -0.8748 -0.4670 -0.1289 0.1707 0.1401
20 -6.8495 -8.0339 178.0247 -0.7446 -0.6512 -0.1465 0.1623 0.1201
K_nude01.jpg
20 -8.8861 3.6251 171.5584 -0.9907 0.1347 -0.0174 0.2248 0.1745
20 -8.6594 3.2264 166.1647 -0.9868 0.1380 -0.0850 0.2525 0.1651
20 -9.0527 0.6238 166.5036 -0.9958 -0.0547 -0.0730 0.2447 0.1482
K_nude01.jpg
20 -9.0527 0.6238 166.5036 -0.9958 -0.0547 -0.0730 0.2447 0.1482
20 -9.2593 0.8347 171.4027 -0.9977 -0.0368 -0.0570 0.2186 0.1566
20 -8.8861 3.6251 171.5584 -0.9907 0.1347 -0.0174 0.2248 0.1745
K_nude01.jpg
20 -8.1284 -2.9560 171.1222 -0.9052 -0.4053 -0.1278 0.2111 0.1331
20 -9.2593 0.8347 171.4027 -0.9977 -0.0368 -0.0570 0.2186 0.1566
20 -9.0527 0.6238 166.5036 -0.9958 -0.0547 -0.0730 0.2447 0.1482
K_nude01.jpg
20 -9.0527 0.6238 166.5036 -0.9958 -0.0547 -0.0730 0.2447 0.1482
20 -7.8421 -3.3621 167.4704 -0.9053 -0.4235 -0.0323 0.2333 0.1264
20 -8.1284 -2.9560 171.1222 -0.9052 -0.4053 -0.1278 0.2111 0.1331
K_nude01.jpg
20 -4.8780 -7.5541 164.7096 -0.8579 -0.5104 -0.0595 0.2362 0.0953
20 -5.7844 -5.9333 163.8749 -0.8479 -0.5252 -0.0726 0.2464 0.1047
20 -3.7850 -9.2907 163.2885 -0.8618 -0.5053 -0.0453 0.2458 0.0839
K_nude01.jpg
20 -6.7634 -5.1840 163.2896 -0.8819 -0.4552 -0.1227 0.2524 0.1115
20 -7.7892 -3.0795 162.8553 -0.9065 -0.4130 -0.0881 0.2566 0.1261
20 -6.1631 -4.9292 160.1098 -0.8638 -0.4623 -0.2002 0.2682 0.1142
K_nude01.jpg
20 -7.7892 -3.0795 162.8553 -0.9065 -0.4130 -0.0881 0.2566 0.1261
20 -6.7634 -5.1840 163.2896 -0.8819 -0.4552 -0.1227 0.2524 0.1115
20 -7.8421 -3.3621 167.4704 -0.9053 -0.4235 -0.0323 0.2333 0.1264
K_nude01.jpg
20 -7.8421 -3.3621 167.4704 -0.9053 -0.4235 -0.0323 0.2333 0.1264
20 -9.0527 0.6238 166.5036 -0.9958 -0.0547 -0.0730 0.2447 0.1482
20 -7.7892 -3.0795 162.8553 -0.9065 -0.4130 -0.0881 0.2566 0.1261
K_nude01.jpg
20 -5.7844 -5.9333 163.8749 -0.8479 -0.5252 -0.0726 0.2464 0.1047
20 -4.8780 -7.5541 164.7096 -0.8579 -0.5104 -0.0595 0.2362 0.0953
20 -6.0414 -6.0574 167.3681 -0.8351 -0.5478 -0.0505 0.2258 0.1059
K_nude01.jpg
20 -6.0414 -6.0574 167.3681 -0.8351 -0.5478 -0.0505 0.2258 0.1059
20 -7.8421 -3.3621 167.4704 -0.9053 -0.4235 -0.0323 0.2333 0.1264
20 -5.7844 -5.9333 163.8749 -0.8479 -0.5252 -0.0726 0.2464 0.1047
K_nude01.jpg
20 -8.4867 -0.8119 163.1350 -0.9377 0.0092 -0.3474 0.2589 0.1353
20 -8.5075 1.5627 163.2540 -0.9771 0.0427 -0.2086 0.2641 0.1506
20 -7.4070 -2.5336 160.8441 -0.9004 0.0139 -0.4348 0.2691 0.1255
K_nude01.jpg
20 -7.4806 -3.9410 182.2158 0.9520 0.3056 -0.0197 0.1542 0.1588
20 -7.9743 -3.5267 178.1337 0.9725 0.2269 0.0535 0.1754 0.1524
20 -8.9818 1.4560 178.5396 0.9704 0.2228 0.0930 0.1848 0.1822
K_nude01.jpg
20 -8.9818 1.4560 178.5396 0.9704 0.2228 0.0930 0.1848 0.1822
20 -9.4212 0.7102 181.9994 0.9453 0.3103 0.1009 0.1635 0.1877
20 -7.4806 -3.9410 182.2158 0.9520 0.3056 -0.0197 0.1542 0.1588
K_nude01.jpg
20 -8.4365 1.5627 163.2540 0.9771 -0.0427 0.2086 0.2641 0.1506
20 -8.5885 3.2264 166.1647 0.9984 -0.0536 -0.0184 0.2525 0.1651
20 -8.9817 0.6238 166.5036 0.9973 0.0058 -0.0731 0.2447 0.1482
K_nude01.jpg
20 -8.9817 0.6238 166.5036 0.9973 0.0058 -0.0731 0.2447 0.1482
20 -8.4158 -0.8119 163.1350 0.9377 -0.0092 0.3474 0.2589 0.1353
20 -8.4365 1.5627 163.2540 0.9771 -0.0427 0.2086 0.2641 0.1506
K_nude01.jpg
20 -8.9818 1.4560 178.5396 0.9704 0.2228 0.0930 0.1848 0.1822
20 -7.9743 -3.5267 178.1337 0.9725 0.2269 0.0535 0.1754 0.1524
20 -7.8715 -1.0607 171.2625 0.9745 0.2245 -0.0045 0.2149 0.1448
K_nude01.jpg
20 -7.8715 -1.0607 171.2625 0.9745 0.2245 -0.0045 0.2149 0.1448
20 -8.8152 3.6251 171.5584 0.9795 0.1939 0.0540 0.2248 0.1745
20 -8.9818 1.4560 178.5396 0.9704 0.2228 0.0930 0.1848 0.1822
K_nude01.jpg
20 -5.3790 -8.2383 185.0974 0.8738 0.4839 -0.0480 0.1206 0.1396
20 -5.9198 -8.4166 182.1902 0.9244 0.3245 -0.2005 0.1381 0.1295
20 -7.4806 -3.9410 182.2158 0.9520 0.3056 -0.0197 0.1542 0.1588
K_nude01.jpg
20 -7.4806 -3.9410 182.2158 0.9520 0.3056 -0.0197 0.1542 0.1588
20 -7.0140 -6.3134 186.6685 0.8980 0.4300 0.0933 0.1255 0.1565
20 -5.3790 -8.2383 185.0974 0.8738 0.4839 -0.0480 0.1206 0.1396
K_nude01.jpg
20 -7.8715 -1.0607 171.2625 0.9745 0.2245 -0.0045 0.2149 0.1448
20 -7.9743 -3.5267 178.1337 0.9725 0.2269 0.0535 0.1754 0.1524
20 -6.7786 -8.0339 178.0247 0.9572 0.2871 0.0376 0.1623 0.1201
K_nude01.jpg
20 -6.7786 -8.0339 178.0247 0.9572 0.2871 0.0376 0.1623 0.1201
20 -6.3935 -5.4219 170.8896 0.9266 0.3748 0.0299 0.2058 0.1155
20 -7.8715 -1.0607 171.2625 0.9745 0.2245 -0.0045 0.2149 0.1448
K_nude01.jpg
20 -7.7712 -3.3621 167.4704 0.9203 0.3891 -0.0413 0.2333 0.1264
20 -7.8715 -1.0607 171.2625 0.9745 0.2245 -0.0045 0.2149 0.1448
20 -6.3935 -5.4219 170.8896 0.9266 0.3748 0.0299 0.2058 0.1155
K_nude01.jpg
20 -6.3935 -5.4219 170.8896 0.9266 0.3748 0.0299 0.2058 0.1155
20 -5.9705 -6.0574 167.3681 0.8351 0.5478 0.0505 0.2258 0.1059
20 -7.7712 -3.3621 167.4704 0.9203 0.3891 -0.0413 0.2333 0.1264
K_nude01.jpg
20 -7.4806 -3.9410 182.2158 0.9520 0.3056 -0.0197 0.1542 0.1588
20 -7.6815 -2.7808 187.2064 0.9688 0.2420 -0.0532 0.1342 0.1765
20 -7.0140 -6.3134 186.6685 0.8980 0.4300 0.0933 0.1255 0.1565
K_nude01.jpg
20 -6.7786 -8.0339 178.0247 0.9572 0.2871 0.0376 0.1623 0.1201
20 -7.9743 -3.5267 178.1337 0.9725 0.2269 0.0535 0.1754 0.1524
20 -7.4806 -3.9410 182.2158 0.9520 0.3056 -0.0197 0.1542 0.1588
K_nude01.jpg
20 -7.4806 -3.9410 182.2158 0.9520 0.3056 -0.0197 0.1542 0.1588
20 -5.9198 -8.4166 182.1902 0.9244 0.3245 -0.2005 0.1381 0.1295
20 -6.7786 -8.0339 178.0247 0.9572 0.2871 0.0376 0.1623 0.1201
K_nude01.jpg
20 -7.8715 -1.0607 171.2625 0.9745 0.2245 -0.0045 0.2149 0.1448
20 -8.9817 0.6238 166.5036 0.9973 0.0058 -0.0731 0.2447 0.1482
20 -8.5885 3.2264 166.1647 0.9984 -0.0536 -0.0184 0.2525 0.1651
K_nude01.jpg
20 -8.5885 3.2264 166.1647 0.9984 -0.0536 -0.0184 0.2525 0.1651
20 -8.8152 3.6251 171.5584 0.9795 0.1939 0.0540 0.2248 0.1745
20 -7.8715 -1.0607 171.2625 0.9745 0.2245 -0.0045 0.2149 0.1448
K_nude01.jpg
20 -8.9817 0.6238 166.5036 0.9973 0.0058 -0.0731 0.2447 0.1482
20 -7.8715 -1.0607 171.2625 0.9745 0.2245 -0.0045 0.2149 0.1448
20 -7.7712 -3.3621 167.4704 0.9203 0.3891 -0.0413 0.2333 0.1264
K_nude01.jpg
20 -4.8071 -7.5541 164.7096 0.8579 0.5104 0.0595 0.2362 0.0953
20 -3.7141 -9.2907 163.2885 0.8618 0.5053 0.0453 0.2458 0.0839
20 -5.7135 -5.9333 163.8749 0.8479 0.5252 0.0726 0.2464 0.1047
K_nude01.jpg
20 -6.6925 -5.1840 163.2896 0.8819 0.4552 0.1227 0.2524 0.1115
20 -6.0922 -4.9292 160.1098 0.8638 0.4623 0.2002 0.2682 0.1142
20 -7.7183 -3.0795 162.8553 0.9065 0.4130 0.0881 0.2566 0.1261
K_nude01.jpg
20 -7.7183 -3.0795 162.8553 0.9065 0.4130 0.0881 0.2566 0.1261
20 -8.9817 0.6238 166.5036 0.9973 0.0058 -0.0731 0.2447 0.1482
20 -7.7712 -3.3621 167.4704 0.9203 0.3891 -0.0413 0.2333 0.1264
K_nude01.jpg
20 -7.7712 -3.3621 167.4704 0.9203 0.3891 -0.0413 0.2333 0.1264
20 -6.6925 -5.1840 163.2896 0.8819 0.4552 0.1227 0.2524 0.1115
20 -7.7183 -3.0795 162.8553 0.9065 0.4130 0.0881 0.2566 0.1261
K_nude01.jpg
20 -5.7135 -5.9333 163.8749 0.8479 0.5252 0.0726 0.2464 0.1047
20 -7.7712 -3.3621 167.4704 0.9203 0.3891 -0.0413 0.2333 0.1264
20 -5.9705 -6.0574 167.3681 0.8351 0.5478 0.0505 0.2258 0.1059
K_nude01.jpg
20 -5.9705 -6.0574 167.3681 0.8351 0.5478 0.0505 0.2258 0.1059
20 -4.8071 -7.5541 164.7096 0.8579 0.5104 0.0595 0.2362 0.0953
20 -5.7135 -5.9333 163.8749 0.8479 0.5252 0.0726 0.2464 0.1047
K_nude01.jpg
20 -8.4158 -0.8119 163.1350 0.9377 -0.0092 0.3474 0.2589 0.1353
20 -7.3361 -2.5336 160.8441 0.9004 -0.0139 0.4348 0.2691 0.1255
20 -8.4365 1.5627 163.2540 0.9771 -0.0427 0.2086 0.2641 0.1506
K_nude01.jpg
20 -9.4212 0.7102 181.9994 0.9453 0.3103 0.1009 0.1635 0.1877
20 -7.6815 -2.7808 187.2064 0.9688 0.2420 -0.0532 0.1342 0.1765
20 -7.4806 -3.9410 182.2158 0.9520 0.3056 -0.0197 0.1542 0.1588
K_nude01.jpg
20 0.0000 15.4267 153.9616 0.0000 0.9956 0.0936 0.0701 0.0619
20 6.8044 13.1871 154.0386 0.4867 0.8692 0.0869 0.0374 0.0704
20 6.4772 14.1579 144.7947 0.4929 0.8699 0.0152 0.0278 0.0416
K_nude01.jpg
20 6.4772 14.1579 144.7947 0.4929 0.8699 0.0152 0.0278 0.0416
20 -0.0000 16.9577 144.8615 0.0000 0.9993 0.0366 0.0560 0.0331
20 0.0000 15.4267 153.9616 0.0000 0.9956 0.0936 0.0701 0.0619
K_nude01.jpg
20 13.0567 7.7594 153.9942 0.6832 0.7227 0.1048 0.0037 0.0802
20 12.3031 9.4630 144.9084 0.6605 0.7484 0.0599 0.0013 0.0487
20 10.5003 11.0864 144.5061 0.6392 0.7687 0.0242 0.0101 0.0475
K_nude01.jpg
20 10.5003 11.0864 144.5061 0.6392 0.7687 0.0242 0.0101 0.0475
20 6.8044 13.1871 154.0386 0.4867 0.8692 0.0869 0.0374 0.0704
20 13.0567 7.7594 153.9942 0.6832 0.7227 0.1048 0.0037 0.0802
K_nude01.jpg
20 7.2403 11.9215 164.1477 0.6066 0.7849 0.1265 0.0480 0.1184
20 6.8044 13.1871 154.0386 0.4867 0.8692 0.0869 0.0374 0.0704
20 0.0000 15.4267 153.9616 0.0000 0.9956 0.0936 0.0701 0.0619
K_nude01.jpg
20 0.0000 15.4267 153.9616 0.0000 0.9956 0.0936 0.0701 0.0619
20 0.0000 15.4720 163.9424 0.0000 0.9953 0.0966 0.0845 0.1018
20 7.2403 11.9215 164.1477 0.6066 0.7849 0.1265 0.0480 0.1184
K_nude01.jpg
20 8.6636 7.4029 174.7897 0.9084 0.3741 0.1865 0.0523 0.1768
20 7.2403 11.9215 164.1477 0.6066 0.7849 0.1265 0.0480 0.1184
20 5.2446 11.5742 172.8775 0.5412 0.8147 0.2084 0.0743 0.1658
K_nude01.jpg
20 13.0567 7.7594 153.9942 0.6832 0.7227 0.1048 0.0037 0.0802
20 6.8044 13.1871 154.0386 0.4867 0.8692 0.0869 0.0374 0.0704
20 7.2403 11.9215 164.1477 0.6066 0.7849 0.1265 0.0480 0.1184
K_nude01.jpg
20 7.2403 11.9215 164.1477 0.6066 0.7849 0.1265 0.0480 0.1184
20 11.7572 5.4271 166.3896 0.8303 0.5185 0.2041 0.0118 0.1318
20 13.0567 7.7594 153.9942 0.6832 0.7227 0.1048 0.0037 0.0802
K_nude01.jpg
20 12.3031 9.4630 144.9084 0.6605 0.7484 0.0599 0.0013 0.0487
20 10.6687 10.9451 141.1208 0.6689 0.7434 0.0023 0.0063 0.0375
20 10.5003 11.0864 144.5061 0.6392 0.7687 0.0242 0.0101 0.0475
K_nude01.jpg
20 8.6636 7.4029 174.7897 0.9084 0.3741 0.1865 0.0523 0.1768
20 11.7572 5.4271 166.3896 0.8303 0.5185 0.2041 0.0118 0.1318
20 7.2403 11.9215 164.1477 0.6066 0.7849 0.1265 0.0480 0.1184
K_nude01.jpg
20 7.2403 11.9215 164.1477 0.6066 0.7849 0.1265 0.0480 0.1184
20 0.0000 15.4720 163.9424 0.0000 0.9953 0.0966 0.0845 0.1018
20 5.2446 11.5742 172.8775 0.5412 0.8147 0.2084 0.0743 0.1658
K_nude01.jpg
20 0.0000 15.4720 163.9424 0.0000 0.9953 0.0966 0.0845 0.1018
20 -0.0000 12.9700 171.9975 0.0000 0.9550 0.2966 0.0981 0.1553
20 5.2446 11.5742 172.8775 0.5412 0.8147 0.2084 0.0743 0.1658
K_nude01.jpg
20 8.6636 7.4029 174.7897 0.9084 0.3741 0.1865 0.0523 0.1768
20 9.7159 3.4027 172.1331 0.9593 0.0708 0.2734 0.0262 0.1746
20 11.7572 5.4271 166.3896 0.8303 0.5185 0.2041 0.0118 0.1318
K_nude01.jpg
20 8.6636 7.4029 174.7897 0.9084 0.3741 0.1865 0.0523 0.1768
20 8.9917 4.5828 177.1968 0.9764 0.1942 0.0944 0.0397 0.2149
20 9.7159 3.4027 172.1331 0.9593 0.0708 0.2734 0.0262 0.1746
K_nude01.jpg
20 7.0920 12.2070 137.6318 0.5727 0.7703 -0.2805 0.0163 0.0210
20 7.6498 12.9517 140.8157 0.5918 0.7903 -0.1588 0.0211 0.0319
20 9.6455 11.4594 140.7919 0.5924 0.7944 -0.1341 0.0108 0.0346
K_nude01.jpg
20 7.6498 12.9517 140.8157 0.5918 0.7903 -0.1588 0.0211 0.0319
20 6.4772 14.1579 144.7947 0.4929 0.8699 0.0152 0.0278 0.0416
20 10.5003 11.0864 144.5061 0.6392 0.7687 0.0242 0.0101 0.0475
K_nude01.jpg
20 10.5003 11.0864 144.5061 0.6392 0.7687 0.0242 0.0101 0.0475
20 9.6455 11.4594 140.7919 0.5924 0.7944 -0.1341 0.0108 0.0346
20 7.6498 12.9517 140.8157 0.5918 0.7903 -0.1588 0.0211 0.0319
K_nude01.jpg
20 6.4772 14.1579 144.7947 0.4929 0.8699 0.0152 0.0278 0.0416
20 6.1568 13.7033 140.2968 0.4792 0.8597 -0.1769 0.0228 0.0223
20 3.2829 15.0624 139.1177 0.4246 0.8788 -0.2179 0.0367 0.0185
K_nude01.jpg
20 3.2829 15.0624 139.1177 0.4246 0.8788 -0.2179 0.0367 0.0185
20 6.1568 13.7033 140.2968 0.4792 0.8597 -0.1769 0.0228 0.0223
20 5.0071 13.5553 137.9695 0.4905 0.8086 -0.3248 0.0256 0.0131
K_nude01.jpg
20 5.0071 13.5553 137.9695 0.4905 0.8086 -0.3248 0.0256 0.0131
20 2.1671 14.1028 135.4018 0.4729 0.8083 -0.3507 0.0375 0.0049
20 3.2829 15.0624 139.1177 0.4246 0.8788 -0.2179 0.0367 0.0185
K_nude01.jpg
20 3.2829 15.0624 139.1177 0.4246 0.8788 -0.2179 0.0367 0.0185
20 0.0000 14.8814 135.0993 0.0000 0.9412 -0.3380 0.0461 0.0005
20 0.0000 16.3296 139.1311 0.0000 0.9757 -0.2191 0.0512 0.0170
K_nude01.jpg
20 3.2829 15.0624 139.1177 0.4246 0.8788 -0.2179 0.0367 0.0185
20 0.0000 16.3296 139.1311 0.0000 0.9757 -0.2191 0.0512 0.0170
20 -0.0000 16.9577 144.8615 0.0000 0.9993 0.0366 0.0560 0.0331
K_nude01.jpg
20 -0.0000 16.9577 144.8615 0.0000 0.9993 0.0366 0.0560 0.0331
20 6.4772 14.1579 144.7947 0.4929 0.8699 0.0152 0.0278 0.0416
20 3.2829 15.0624 139.1177 0.4246 0.8788 -0.2179 0.0367 0.0185
K_nude01.jpg
20 -0.0000 11.4779 153.8134 -0.0000 -0.9642 -0.2652 0.0701 0.0619
20 0.0000 13.5063 144.7817 -0.0000 -0.9799 -0.1996 0.0560 0.0331
20 6.4772 14.0711 144.7149 -0.3057 -0.9395 -0.1543 0.0278 0.0416
K_nude01.jpg
20 6.4772 14.0711 144.7149 -0.3057 -0.9395 -0.1543 0.0278 0.0416
20 6.8044 11.0076 153.9588 -0.2789 -0.9230 -0.2652 0.0374 0.0704
20 -0.0000 11.4779 153.8134 -0.0000 -0.9642 -0.2652 0.0701 0.0619
K_nude01.jpg
20 13.0567 7.6726 153.9144 -0.4682 -0.8605 -0.2009 0.0037 0.0802
20 6.8044 11.0076 153.9588 -0.2789 -0.9230 -0.2652 0.0374 0.0704
20 10.5003 10.9996 144.4263 -0.6184 -0.7828 -0.0699 0.0101 0.0475
K_nude01.jpg
20 10.5003 10.9996 144.4263 -0.6184 -0.7828 -0.0699 0.0101 0.0475
20 12.3031 9.3762 144.8286 -0.6605 -0.7484 -0.0599 0.0013 0.0487
20 13.0567 7.6726 153.9144 -0.4682 -0.8605 -0.2009 0.0037 0.0802
K_nude01.jpg
20 7.2403 7.9087 164.0679 -0.3105 -0.9230 -0.2274 0.0480 0.1184
20 -0.0000 9.5635 163.7942 -0.0000 -0.9776 -0.2105 0.0845 0.1018
20 -0.0000 11.4779 153.8134 -0.0000 -0.9642 -0.2652 0.0701 0.0619
K_nude01.jpg
20 -0.0000 11.4779 153.8134 -0.0000 -0.9642 -0.2652 0.0701 0.0619
20 6.8044 11.0076 153.9588 -0.2789 -0.9230 -0.2652 0.0374 0.0704
20 7.2403 7.9087 164.0679 -0.3105 -0.9230 -0.2274 0.0480 0.1184
K_nude01.jpg
20 7.6953 4.5703 174.5604 -0.4760 -0.8767 -0.0689 0.0523 0.1768
20 5.2446 6.5416 172.6482 -0.3339 -0.9085 -0.2513 0.0743 0.1658
20 7.2403 7.9087 164.0679 -0.3105 -0.9230 -0.2274 0.0480 0.1184
K_nude01.jpg
20 13.0567 7.6726 153.9144 -0.4682 -0.8605 -0.2009 0.0037 0.0802
20 11.7572 5.3403 166.3098 -0.4284 -0.8643 -0.2636 0.0118 0.1318
20 7.2403 7.9087 164.0679 -0.3105 -0.9230 -0.2274 0.0480 0.1184
K_nude01.jpg
20 7.2403 7.9087 164.0679 -0.3105 -0.9230 -0.2274 0.0480 0.1184
20 6.8044 11.0076 153.9588 -0.2789 -0.9230 -0.2652 0.0374 0.0704
20 13.0567 7.6726 153.9144 -0.4682 -0.8605 -0.2009 0.0037 0.0802
K_nude01.jpg
20 12.3031 9.3762 144.8286 -0.6605 -0.7484 -0.0599 0.0013 0.0487
20 10.5003 10.9996 144.4263 -0.6184 -0.7828 -0.0699 0.0101 0.0475
20 10.6687 10.8583 141.0410 -0.6689 -0.7434 -0.0023 0.0063 0.0375
K_nude01.jpg
20 7.6953 4.5703 174.5604 -0.4760 -0.8767 -0.0689 0.0523 0.1768
20 7.2403 7.9087 164.0679 -0.3105 -0.9230 -0.2274 0.0480 0.1184
20 11.7572 5.3403 166.3098 -0.4284 -0.8643 -0.2636 0.0118 0.1318
K_nude01.jpg
20 7.2403 7.9087 164.0679 -0.3105 -0.9230 -0.2274 0.0480 0.1184
20 5.2446 6.5416 172.6482 -0.3339 -0.9085 -0.2513 0.0743 0.1658
20 -0.0000 9.5635 163.7942 -0.0000 -0.9776 -0.2105 0.0845 0.1018
K_nude01.jpg
20 -0.0000 9.5635 163.7942 -0.0000 -0.9776 -0.2105 0.0845 0.1018
20 5.2446 6.5416 172.6482 -0.3339 -0.9085 -0.2513 0.0743 0.1658
20 0.0000 7.1700 171.7682 -0.0000 -0.9578 -0.2875 0.0981 0.1553
K_nude01.jpg
20 7.6953 4.5703 174.5604 -0.4760 -0.8767 -0.0689 0.0523 0.1768
20 11.7572 5.3403 166.3098 -0.4284 -0.8643 -0.2636 0.0118 0.1318
20 9.7159 3.3159 172.0533 -0.7650 -0.5443 -0.3442 0.0262 0.1746
K_nude01.jpg
20 7.6953 4.5703 174.5604 -0.4760 -0.8767 -0.0689 0.0523 0.1768
20 9.7159 3.3159 172.0533 -0.7650 -0.5443 -0.3442 0.0262 0.1746
20 8.9917 4.4960 177.1170 -0.3691 -0.9154 0.1606 0.0397 0.2149
K_nude01.jpg
20 7.0920 12.1202 137.5519 -0.5727 -0.7703 0.2805 0.0163 0.0210
20 9.6455 11.3726 140.7120 -0.5924 -0.7944 0.1341 0.0108 0.0346
20 7.6498 12.8649 140.7359 -0.5918 -0.7903 0.1588 0.0211 0.0319
K_nude01.jpg
20 7.6498 12.8649 140.7359 -0.5918 -0.7903 0.1588 0.0211 0.0319
20 9.6455 11.3726 140.7120 -0.5924 -0.7944 0.1341 0.0108 0.0346
20 10.5003 10.9996 144.4263 -0.6184 -0.7828 -0.0699 0.0101 0.0475
K_nude01.jpg
20 10.5003 10.9996 144.4263 -0.6184 -0.7828 -0.0699 0.0101 0.0475
20 6.4772 14.0711 144.7149 -0.3057 -0.9395 -0.1543 0.0278 0.0416
20 7.6498 12.8649 140.7359 -0.5918 -0.7903 0.1588 0.0211 0.0319
K_nude01.jpg
20 6.4772 14.0711 144.7149 -0.3057 -0.9395 -0.1543 0.0278 0.0416
20 3.2829 14.9756 139.0379 -0.1607 -0.9852 0.0599 0.0367 0.0185
20 6.1568 13.6165 140.2170 -0.4792 -0.8597 0.1769 0.0228 0.0223
K_nude01.jpg
20 3.2829 14.9756 139.0379 -0.1607 -0.9852 0.0599 0.0367 0.0185
20 2.1671 14.0160 135.3219 -0.4729 -0.8083 0.3507 0.0375 0.0049
20 5.0071 13.4685 137.8896 -0.4905 -0.8086 0.3248 0.0256 0.0131
K_nude01.jpg
20 5.0071 13.4685 137.8896 -0.4905 -0.8086 0.3248 0.0256 0.0131
20 6.1568 13.6165 140.2170 -0.4792 -0.8597 0.1769 0.0228 0.0223
20 3.2829 14.9756 139.0379 -0.1607 -0.9852 0.0599 0.0367 0.0185
K_nude01.jpg
20 3.2829 14.9756 139.0379 -0.1607 -0.9852 0.0599 0.0367 0.0185
20 6.4772 14.0711 144.7149 -0.3057 -0.9395 -0.1543 0.0278 0.0416
20 0.0000 13.5063 144.7817 -0.0000 -0.9799 -0.1996 0.0560 0.0331
K_nude01.jpg
20 0.0000 13.5063 144.7817 -0.0000 -0.9799 -0.1996 0.0560 0.0331
20 0.0000 14.7946 135.0195 -0.0000 -0.9914 -0.1308 0.0461 0.0005
20 3.2829 14.9756 139.0379 -0.1607 -0.9852 0.0599 0.0367 0.0185
K_nude01.jpg
20 6.8044 11.0076 153.9588 -0.2789 -0.9230 -0.2652 0.0374 0.0704
20 6.4772 14.0711 144.7149 -0.3057 -0.9395 -0.1543 0.0278 0.0416
20 10.5003 10.9996 144.4263 -0.6184 -0.7828 -0.0699 0.0101 0.0475
K_nude01.jpg
20 10.5003 11.0864 144.5061 0.6392 0.7687 0.0242 0.0101 0.0475
20 6.4772 14.1579 144.7947 0.4929 0.8699 0.0152 0.0278 0.0416
20 6.8044 13.1871 154.0386 0.4867 0.8692 0.0869 0.0374 0.0704
K_nude01.jpg
20 0.0000 15.4267 153.9616 0.0000 0.9956 0.0936 0.0701 0.0619
20 -0.0000 16.9577 144.8615 0.0000 0.9993 0.0366 0.0560 0.0331
20 -6.4772 14.1579 144.7947 -0.4929 0.8699 0.0152 0.0278 0.0416
K_nude01.jpg
20 -6.4772 14.1579 144.7947 -0.4929 0.8699 0.0152 0.0278 0.0416
20 -6.8044 13.1871 154.0386 -0.4867 0.8692 0.0869 0.0374 0.0704
20 0.0000 15.4267 153.9616 0.0000 0.9956 0.0936 0.0701 0.0619
K_nude01.jpg
20 -13.0567 7.7594 153.9942 -0.6832 0.7227 0.1048 0.0037 0.0802
20 -6.8044 13.1871 154.0386 -0.4867 0.8692 0.0869 0.0374 0.0704
20 -10.5003 11.0864 144.5061 -0.6392 0.7687 0.0242 0.0101 0.0475
K_nude01.jpg
20 -10.5003 11.0864 144.5061 -0.6392 0.7687 0.0242 0.0101 0.0475
20 -12.3031 9.4630 144.9084 -0.6605 0.7484 0.0599 0.0013 0.0487
20 -13.0567 7.7594 153.9942 -0.6832 0.7227 0.1048 0.0037 0.0802
K_nude01.jpg
20 -7.2403 11.9215 164.1477 -0.6066 0.7849 0.1265 0.0480 0.1184
20 0.0000 15.4720 163.9424 0.0000 0.9953 0.0966 0.0845 0.1018
20 0.0000 15.4267 153.9616 0.0000 0.9956 0.0936 0.0701 0.0619
K_nude01.jpg
20 0.0000 15.4267 153.9616 0.0000 0.9956 0.0936 0.0701 0.0619
20 -6.8044 13.1871 154.0386 -0.4867 0.8692 0.0869 0.0374 0.0704
20 -7.2403 11.9215 164.1477 -0.6066 0.7849 0.1265 0.0480 0.1184
K_nude01.jpg
20 -8.6636 7.4029 174.7897 -0.9084 0.3741 0.1865 0.0523 0.1768
20 -5.2446 11.5742 172.8775 -0.5412 0.8147 0.2084 0.0743 0.1658
20 -7.2403 11.9215 164.1477 -0.6066 0.7849 0.1265 0.0480 0.1184
K_nude01.jpg
20 -13.0567 7.7594 153.9942 -0.6832 0.7227 0.1048 0.0037 0.0802
20 -11.7572 5.4271 166.3896 -0.8303 0.5186 0.2041 0.0118 0.1318
20 -7.2403 11.9215 164.1477 -0.6066 0.7849 0.1265 0.0480 0.1184
K_nude01.jpg
20 -7.2403 11.9215 164.1477 -0.6066 0.7849 0.1265 0.0480 0.1184
20 -6.8044 13.1871 154.0386 -0.4867 0.8692 0.0869 0.0374 0.0704
20 -13.0567 7.7594 153.9942 -0.6832 0.7227 0.1048 0.0037 0.0802
K_nude01.jpg
20 -12.3031 9.4630 144.9084 -0.6605 0.7484 0.0599 0.0013 0.0487
20 -10.5003 11.0864 144.5061 -0.6392 0.7687 0.0242 0.0101 0.0475
20 -10.6687 10.9451 141.1208 -0.6689 0.7434 0.0023 0.0063 0.0375
K_nude01.jpg
20 -8.6636 7.4029 174.7897 -0.9084 0.3741 0.1865 0.0523 0.1768
20 -7.2403 11.9215 164.1477 -0.6066 0.7849 0.1265 0.0480 0.1184
20 -11.7572 5.4271 166.3896 -0.8303 0.5186 0.2041 0.0118 0.1318
K_nude01.jpg
20 -7.2403 11.9215 164.1477 -0.6066 0.7849 0.1265 0.0480 0.1184
20 -5.2446 11.5742 172.8775 -0.5412 0.8147 0.2084 0.0743 0.1658
20 0.0000 15.4720 163.9424 0.0000 0.9953 0.0966 0.0845 0.1018
K_nude01.jpg
20 0.0000 15.4720 163.9424 0.0000 0.9953 0.0966 0.0845 0.1018
20 -5.2446 11.5742 172.8775 -0.5412 0.8147 0.2084 0.0743 0.1658
20 -0.0000 12.9700 171.9975 0.0000 0.9550 0.2966 0.0981 0.1553
K_nude01.jpg
20 -8.6636 7.4029 174.7897 -0.9084 0.3741 0.1865 0.0523 0.1768
20 -11.7572 5.4271 166.3896 -0.8303 0.5186 0.2041 0.0118 0.1318
20 -9.7159 3.4027 172.1331 -0.9593 0.0708 0.2734 0.0262 0.1746
K_nude01.jpg
20 -8.6636 7.4029 174.7897 -0.9084 0.3741 0.1865 0.0523 0.1768
20 -9.7159 3.4027 172.1331 -0.9593 0.0708 0.2734 0.0262 0.1746
20 -8.9917 4.5828 177.1968 -0.9764 0.1942 0.0944 0.0397 0.2149
K_nude01.jpg
20 -7.0920 12.2070 137.6318 -0.5727 0.7703 -0.2805 0.0163 0.0210
20 -9.6455 11.4594 140.7919 -0.5924 0.7944 -0.1341 0.0108 0.0346
20 -7.6498 12.9517 140.8157 -0.5918 0.7903 -0.1588 0.0211 0.0319
K_nude01.jpg
20 -7.6498 12.9517 140.8157 -0.5918 0.7903 -0.1588 0.0211 0.0319
20 -9.6455 11.4594 140.7919 -0.5924 0.7944 -0.1341 0.0108 0.0346
20 -10.5003 11.0864 144.5061 -0.6392 0.7687 0.0242 0.0101 0.0475
K_nude01.jpg
20 -10.5003 11.0864 144.5061 -0.6392 0.7687 0.0242 0.0101 0.0475
20 -6.4772 14.1579 144.7947 -0.4929 0.8699 0.0152 0.0278 0.0416
20 -7.6498 12.9517 140.8157 -0.5918 0.7903 -0.1588 0.0211 0.0319
K_nude01.jpg
20 -6.4772 14.1579 144.7947 -0.4929 0.8699 0.0152 0.0278 0.0416
20 -3.2829 15.0624 139.1177 -0.4246 0.8788 -0.2179 0.0367 0.0185
20 -6.1568 13.7033 140.2968 -0.4792 0.8597 -0.1769 0.0228 0.0223
K_nude01.jpg
20 -3.2829 15.0624 139.1177 -0.4246 0.8788 -0.2179 0.0367 0.0185
20 -2.1671 14.1028 135.4018 -0.4729 0.8083 -0.3507 0.0375 0.0049
20 -5.0071 13.5553 137.9695 -0.4905 0.8086 -0.3248 0.0256 0.0131
K_nude01.jpg
20 -5.0071 13.5553 137.9695 -0.4905 0.8086 -0.3248 0.0256 0.0131
20 -6.1568 13.7033 140.2968 -0.4792 0.8597 -0.1769 0.0228 0.0223
20 -3.2829 15.0624 139.1177 -0.4246 0.8788 -0.2179 0.0367 0.0185
K_nude01.jpg
20 -3.2829 15.0624 139.1177 -0.4246 0.8788 -0.2179 0.0367 0.0185
20 0.0000 16.3296 139.1311 0.0000 0.9757 -0.2191 0.0512 0.0170
20 0.0000 14.8814 135.0993 0.0000 0.9412 -0.3380 0.0461 0.0005
K_nude01.jpg
20 -3.2829 15.0624 139.1177 -0.4246 0.8788 -0.2179 0.0367 0.0185
20 -6.4772 14.1579 144.7947 -0.4929 0.8699 0.0152 0.0278 0.0416
20 -0.0000 16.9577 144.8615 0.0000 0.9993 0.0366 0.0560 0.0331
K_nude01.jpg
20 -0.0000 16.9577 144.8615 0.0000 0.9993 0.0366 0.0560 0.0331
20 0.0000 16.3296 139.1311 0.0000 0.9757 -0.2191 0.0512 0.0170
20 -3.2829 15.0624 139.1177 -0.4246 0.8788 -0.2179 0.0367 0.0185
K_nude01.jpg
20 -0.0000 11.4779 153.8134 -0.0000 -0.9642 -0.2652 0.0701 0.0619
20 -6.8044 11.0076 153.9588 0.2789 -0.9230 -0.2652 0.0374 0.0704
20 -6.4772 14.0711 144.7149 0.3057 -0.9395 -0.1543 0.0278 0.0416
K_nude01.jpg
20 -6.4772 14.0711 144.7149 0.3057 -0.9395 -0.1543 0.0278 0.0416
20 0.0000 13.5063 144.7817 -0.0000 -0.9799 -0.1996 0.0560 0.0331
20 -0.0000 11.4779 153.8134 -0.0000 -0.9642 -0.2652 0.0701 0.0619
K_nude01.jpg
20 -13.0567 7.6726 153.9144 0.4682 -0.8605 -0.2009 0.0037 0.0802
20 -12.3031 9.3762 144.8286 0.6605 -0.7484 -0.0599 0.0013 0.0487
20 -10.5003 10.9996 144.4263 0.6184 -0.7828 -0.0699 0.0101 0.0475
K_nude01.jpg
20 -10.5003 10.9996 144.4263 0.6184 -0.7828 -0.0699 0.0101 0.0475
20 -6.8044 11.0076 153.9588 0.2789 -0.9230 -0.2652 0.0374 0.0704
20 -13.0567 7.6726 153.9144 0.4682 -0.8605 -0.2009 0.0037 0.0802
K_nude01.jpg
20 -7.2403 7.9087 164.0679 0.3105 -0.9230 -0.2274 0.0480 0.1184
20 -6.8044 11.0076 153.9588 0.2789 -0.9230 -0.2652 0.0374 0.0704
20 -0.0000 11.4779 153.8134 -0.0000 -0.9642 -0.2652 0.0701 0.0619
K_nude01.jpg
20 -0.0000 11.4779 153.8134 -0.0000 -0.9642 -0.2652 0.0701 0.0619
20 -0.0000 9.5635 163.7942 -0.0000 -0.9776 -0.2105 0.0845 0.1018
20 -7.2403 7.9087 164.0679 0.3105 -0.9230 -0.2274 0.0480 0.1184
K_nude01.jpg
20 -7.6953 4.5703 174.5604 0.4760 -0.8768 -0.0689 0.0523 0.1768
20 -7.2403 7.9087 164.0679 0.3105 -0.9230 -0.2274 0.0480 0.1184
20 -5.2446 6.5416 172.6482 0.3339 -0.9085 -0.2513 0.0743 0.1658
K_nude01.jpg
20 -13.0567 7.6726 153.9144 0.4682 -0.8605 -0.2009 0.0037 0.0802
20 -6.8044 11.0076 153.9588 0.2789 -0.9230 -0.2652 0.0374 0.0704
20 -7.2403 7.9087 164.0679 0.3105 -0.9230 -0.2274 0.0480 0.1184
K_nude01.jpg
20 -7.2403 7.9087 164.0679 0.3105 -0.9230 -0.2274 0.0480 0.1184
20 -11.7572 5.3403 166.3098 0.4284 -0.8643 -0.2636 0.0118 0.1318
20 -13.0567 7.6726 153.9144 0.4682 -0.8605 -0.2009 0.0037 0.0802
K_nude01.jpg
20 -12.3031 9.3762 144.8286 0.6605 -0.7484 -0.0599 0.0013 0.0487
20 -10.6687 10.8583 141.0410 0.6689 -0.7434 -0.0023 0.0063 0.0375
20 -10.5003 10.9996 144.4263 0.6184 -0.7828 -0.0699 0.0101 0.0475
K_nude01.jpg
20 -7.6953 4.5703 174.5604 0.4760 -0.8768 -0.0689 0.0523 0.1768
20 -11.7572 5.3403 166.3098 0.4284 -0.8643 -0.2636 0.0118 0.1318
20 -7.2403 7.9087 164.0679 0.3105 -0.9230 -0.2274 0.0480 0.1184
K_nude01.jpg
20 -7.2403 7.9087 164.0679 0.3105 -0.9230 -0.2274 0.0480 0.1184
20 -0.0000 9.5635 163.7942 -0.0000 -0.9776 -0.2105 0.0845 0.1018
20 -5.2446 6.5416 172.6482 0.3339 -0.9085 -0.2513 0.0743 0.1658
K_nude01.jpg
20 -0.0000 9.5635 163.7942 -0.0000 -0.9776 -0.2105 0.0845 0.1018
20 0.0000 7.1700 171.7682 -0.0000 -0.9578 -0.2875 0.0981 0.1553
20 -5.2446 6.5416 172.6482 0.3339 -0.9085 -0.2513 0.0743 0.1658
K_nude01.jpg
20 -7.6953 4.5703 174.5604 0.4760 -0.8768 -0.0689 0.0523 0.1768
20 -9.7159 3.3159 172.0533 0.7650 -0.5443 -0.3442 0.0262 0.1746
20 -11.7572 5.3403 166.3098 0.4284 -0.8643 -0.2636 0.0118 0.1318
K_nude01.jpg
20 -7.6953 4.5703 174.5604 0.4760 -0.8768 -0.0689 0.0523 0.1768
20 -8.9917 4.4960 177.1170 0.3691 -0.9154 0.1606 0.0397 0.2149
20 -9.7159 3.3159 172.0533 0.7650 -0.5443 -0.3442 0.0262 0.1746
K_nude01.jpg
20 -7.0920 12.1202 137.5519 0.5727 -0.7703 0.2805 0.0163 0.0210
20 -7.6498 12.8649 140.7359 0.5918 -0.7903 0.1588 0.0211 0.0319
20 -9.6455 11.3726 140.7120 0.5924 -0.7944 0.1341 0.0108 0.0346
K_nude01.jpg
20 -7.6498 12.8649 140.7359 0.5918 -0.7903 0.1588 0.0211 0.0319
20 -6.4772 14.0711 144.7149 0.3057 -0.9395 -0.1543 0.0278 0.0416
20 -10.5003 10.9996 144.4263 0.6184 -0.7828 -0.0699 0.0101 0.0475
K_nude01.jpg
20 -10.5003 10.9996 144.4263 0.6184 -0.7828 -0.0699 0.0101 0.0475
20 -9.6455 11.3726 140.7120 0.5924 -0.7944 0.1341 0.0108 0.0346
20 -7.6498 12.8649 140.7359 0.5918 -0.7903 0.1588 0.0211 0.0319
K_nude01.jpg
20 -6.4772 14.0711 144.7149 0.3057 -0.9395 -0.1543 0.0278 0.0416
20 -6.1568 13.6165 140.2170 0.4792 -0.8597 0.1769 0.0228 0.0223
20 -3.2829 14.9756 139.0379 0.1607 -0.9852 0.0599 0.0367 0.0185
K_nude01.jpg
20 -3.2829 14.9756 139.0379 0.1607 -0.9852 0.0599 0.0367 0.0185
20 -6.1568 13.6165 140.2170 0.4792 -0.8597 0.1769 0.0228 0.0223
20 -5.0071 13.4685 137.8896 0.4905 -0.8086 0.3248 0.0256 0.0131
K_nude01.jpg
20 -5.0071 13.4685 137.8896 0.4905 -0.8086 0.3248 0.0256 0.0131
20 -2.1671 14.0160 135.3219 0.4729 -0.8083 0.3507 0.0375 0.0049
20 -3.2829 14.9756 139.0379 0.1607 -0.9852 0.0599 0.0367 0.0185
K_nude01.jpg
20 -3.2829 14.9756 139.0379 0.1607 -0.9852 0.0599 0.0367 0.0185
20 0.0000 14.7946 135.0195 -0.0000 -0.9914 -0.1308 0.0461 0.0005
20 0.0000 13.5063 144.7817 -0.0000 -0.9799 -0.1996 0.0560 0.0331
K_nude01.jpg
20 0.0000 13.5063 144.7817 -0.0000 -0.9799 -0.1996 0.0560 0.0331
20 -6.4772 14.0711 144.7149 0.3057 -0.9395 -0.1543 0.0278 0.0416
20 -3.2829 14.9756 139.0379 0.1607 -0.9852 0.0599 0.0367 0.0185
K_nude01.jpg
20 -6.8044 11.0076 153.9588 0.2789 -0.9230 -0.2652 0.0374 0.0704
20 -10.5003 10.9996 144.4263 0.6184 -0.7828 -0.0699 0.0101 0.0475
20 -6.4772 14.0711 144.7149 0.3057 -0.9395 -0.1543 0.0278 0.0416
K_nude01.jpg
20 -10.5003 11.0864 144.5061 -0.6392 0.7687 0.0242 0.0101 0.0475
20 -6.8044 13.1871 154.0386 -0.4867 0.8692 0.0869 0.0374 0.0704
20 -6.4772 14.1579 144.7947 -0.4929 0.8699 0.0152 0.0278 0.0416
end
