version 1
nodes
0 "Bip01" -1
1 "Bip01 Footsteps" 0
2 "Bip01 Pelvis" 0
3 "Bip01 Spine" 2
4 "Bip01 Spine1" 3
5 "Bip01 Spine2" 4
6 "Bip01 Neck" 5
7 "Bip01 Head" 6
8 "Bip01 HeadNub" 7
9 "Box01" 7
10 "Box04" 9
11 "Box02" 7
12 "Box03" 11
13 "Bone15" 7
14 "Bone16" 13
15 "Bone13" 7
16 "Bone14" 15
17 "Bone23" 7
18 "Bone24" 17
19 "Bone17" 7
20 "Bone18" 19
21 "Bone21" 7
22 "Bone22" 21
23 "Bone19" 7
24 "Bone20" 23
25 "Bone09" 7
26 "Bone10" 25
27 "Bone07" 7
28 "Bone08" 27
29 "Bone11" 7
30 "Bone12" 29
31 "Bone03" 7
32 "Bone04" 31
33 "Bone05" 7
34 "Bone06" 33
35 "Bone01" 7
36 "Bone02" 35
37 "Bip01 L Clavicle" 6
38 "Bip01 L UpperArm" 37
39 "Bip01 L Forearm" 38
40 "Bip01 L Hand" 39
41 "Bip01 L Finger0" 40
42 "Bip01 L Finger0Nub" 41
43 "Bip01 R Clavicle" 6
44 "Bip01 R UpperArm" 43
45 "Bip01 R Forearm" 44
46 "Bip01 R Hand" 45
47 "Bip01 R Finger0" 46
48 "Bip01 R Finger0Nub" 47
49 "Bip01 L Thigh" 3
50 "Bip01 L Calf" 49
51 "Bip01 L Foot" 50
52 "Bip01 L Toe0" 51
53 "Bip01 L Toe0Nub" 52
54 "Bip01 R Thigh" 3
55 "Bip01 R Calf" 54
56 "Bip01 R Foot" 55
57 "Bip01 R Toe0" 56
58 "Bip01 R Toe0Nub" 57
end
skeleton
time 0
0 -0.002617 0.000001 -5.892893 0.000000 0.000000 -1.001119
1 -0.000000 0.000000 -0.924262 0.000000 0.000000 1.001119
2 -0.000000 0.000000 0.000000 -1.570795 -1.570796 0.000000
3 1.754737 -0.002106 0.000003 -0.000004 -0.000001 0.000796
4 2.644818 -0.004214 0.000742 -0.174420 0.000138 -0.000012
5 5.372973 -0.003661 0.000286 -0.077787 0.000062 -0.068756
6 4.622900 -0.001142 -0.000016 0.014144 0.111247 0.173470
7 1.455384 0.000000 -0.000000 -0.295251 -0.046902 0.194006
8 6.329875 -0.000000 -0.000000 0.000000 0.000000 0.000000
9 2.995309 1.987698 -0.864473 -3.141592 -0.000001 1.407923
10 0.458379 0.000000 -0.000000 0.000000 0.000000 0.000000
11 2.995308 1.987695 0.870890 -3.141592 -0.000001 1.407923
12 0.458379 0.000001 0.000000 0.000000 0.000000 0.000000
13 3.078269 1.929374 0.855018 1.547494 -0.743749 1.442334
14 0.664102 -0.000000 -0.000000 0.000000 0.000000 0.000000
15 3.083701 1.962442 0.858416 1.570797 -0.011562 1.407923
16 0.559829 -0.000000 -0.000000 0.000000 0.000000 0.000000
17 3.078100 1.931617 0.863325 -0.051183 -2.462692 -1.026784
18 0.682539 -0.000000 0.000000 0.000000 0.000000 0.000000
19 3.061353 1.933510 0.862958 -1.459740 2.642219 -1.518602
20 0.679195 0.000000 -0.000001 0.000000 -0.000000 0.000000
21 3.081032 1.929496 0.865757 -0.000000 -3.141591 -1.071653
22 0.675653 0.000001 -0.000000 0.000000 0.000000 0.000000
23 3.066324 1.936762 0.868039 0.000000 2.615510 -1.100106
24 0.658072 0.000001 -0.000000 -0.000000 -0.000000 0.000000
25 2.989677 1.934948 -0.857061 -0.000000 2.405157 -1.244421
26 0.578150 -0.000001 0.000000 0.000000 0.000000 0.000000
27 2.979570 1.967334 -0.884714 -0.000000 -3.141591 -1.252624
28 0.518765 0.000000 -0.000000 0.000000 0.000000 0.000000
29 2.978726 1.983215 -0.860808 -0.016269 -2.767885 -1.233359
30 0.535334 -0.000001 -0.000000 0.000000 0.000000 0.000000
31 2.983528 1.967234 -0.884390 1.456493 0.640130 1.182185
32 0.444524 -0.000000 0.000000 0.000000 -0.000000 -0.000000
33 2.986611 1.992943 -0.875042 1.588345 -0.427771 1.365644
34 0.479990 -0.000000 0.000000 0.000000 0.000000 0.000000
35 2.975851 1.966180 -0.894208 -3.141592 -0.000001 1.251407
36 0.533030 -0.000000 -0.000000 0.000000 0.000000 0.000000
37 -1.575327 0.231321 2.819829 -0.013644 -1.170196 2.980977
38 2.707293 0.000000 0.000000 -0.082385 0.600539 0.192562
39 10.066724 -0.000000 -0.000000 0.000000 -0.000000 -0.200000
40 4.577573 -0.000000 -0.000001 -1.570000 0.000000 0.000000
41 1.907322 -0.000001 0.000000 -0.000796 0.000000 -0.000000
42 0.476831 -0.000001 -0.000000 0.000000 0.000000 0.000000
43 -0.913608 0.147559 -3.103217 -0.026973 1.372214 2.941969
44 2.707293 0.000000 -0.000000 -0.245467 -0.581834 -0.060719
45 10.066723 -0.000000 0.000000 0.000000 0.000000 -0.200000
46 4.577572 -0.000000 0.000001 1.570000 0.000000 -0.000000
47 1.907322 0.000000 -0.000001 0.000796 -0.000000 -0.000000
48 0.476831 0.000000 0.000000 0.000000 0.000000 3.141593
49 -1.754735 0.003499 1.525858 -0.000003 -3.141592 -0.100796
50 0.416332 -0.000000 0.000000 0.000000 -0.000000 -0.200000
51 0.416333 0.000000 0.000000 0.000000 0.000000 0.100000
52 0.095757 2.258270 -0.000000 -0.000000 0.000000 1.570796
53 0.012490 0.000000 0.000000 0.000000 0.000000 3.141593
54 -1.754735 0.003507 -1.525858 -0.000003 -3.141592 -0.100796
55 0.416333 -0.000000 0.000000 0.000000 -0.000000 -0.200000
56 0.416333 0.000000 0.000000 0.000000 0.000000 0.100000
57 0.095756 2.258270 0.000000 0.000000 -0.000000 1.570796
58 0.012490 0.000000 0.000000 0.000000 0.000000 0.000000
time 1
0 -0.002617 0.000001 -5.897311 0.000000 0.000000 -1.001119
1 -0.000000 0.000000 -0.919844 0.000000 0.000000 1.001119
2 -0.000000 0.000000 0.000000 -1.570795 -1.570796 0.000000
3 1.754734 -0.002106 0.000003 -0.000004 -0.000001 -0.000712
4 2.644823 -0.004214 0.000742 -0.174420 0.000362 0.001261
5 5.372982 -0.003662 0.000286 -0.077787 0.000251 -0.066332
6 4.622900 -0.001142 -0.000016 0.014144 0.111247 0.173470
7 1.455385 0.000000 -0.000000 -0.295093 -0.047245 0.191755
8 6.329875 -0.000000 -0.000000 0.000000 0.000000 0.000000
9 2.995309 1.987698 -0.864473 -3.141592 -0.000001 1.407923
10 0.458379 0.000000 0.000000 0.000000 0.000000 0.000000
11 2.995308 1.987695 0.870890 -3.141592 -0.000001 1.407923
12 0.458379 0.000001 0.000000 0.000000 0.000000 0.000000
13 3.078269 1.929374 0.855018 1.547494 -0.743749 1.442334
14 0.664102 -0.000000 0.000000 0.000000 0.000000 0.000000
15 3.083701 1.962442 0.858416 1.570797 -0.011562 1.407923
16 0.559829 -0.000000 0.000000 0.000000 0.000000 0.000000
17 3.078101 1.931617 0.863325 -0.051183 -2.462692 -1.026784
18 0.682539 0.000000 0.000000 0.000000 0.000000 0.000000
19 3.061353 1.933510 0.862958 -1.459740 2.642219 -1.518602
20 0.679195 -0.000000 0.000000 0.000000 -0.000000 0.000000
21 3.081032 1.929496 0.865757 -0.000000 -3.141591 -1.071653
22 0.675653 0.000000 -0.000000 0.000000 0.000000 0.000000
23 3.066324 1.936762 0.868039 0.000000 2.615510 -1.100106
24 0.658072 -0.000000 -0.000000 -0.000000 -0.000000 0.000000
25 2.989678 1.934948 -0.857061 -0.000000 2.405157 -1.244421
26 0.578150 -0.000001 -0.000000 0.000000 0.000000 0.000000
27 2.979571 1.967334 -0.884714 -0.000000 -3.141591 -1.252624
28 0.518765 0.000000 -0.000000 0.000000 0.000000 0.000000
29 2.978726 1.983215 -0.860808 -0.016269 -2.767885 -1.233359
30 0.535334 -0.000001 -0.000000 0.000000 0.000000 0.000000
31 2.983528 1.967234 -0.884390 1.456493 0.640130 1.182185
32 0.444524 -0.000000 0.000001 0.000000 -0.000000 -0.000000
33 2.986612 1.992943 -0.875042 1.588345 -0.427771 1.365644
34 0.479990 -0.000000 0.000000 0.000000 0.000000 0.000000
35 2.975851 1.966180 -0.894208 -3.141592 -0.000001 1.251407
36 0.533030 0.000000 -0.000000 0.000000 0.000000 0.000000
37 -1.575327 0.231322 2.819829 -0.013541 -1.166975 2.980865
38 2.707294 0.000000 -0.000000 -0.085643 0.598059 0.190095
39 10.066724 -0.000000 -0.000000 0.000000 -0.000000 -0.200000
40 4.577573 -0.000000 -0.000001 -1.570000 0.000000 0.000000
41 1.907322 -0.000001 0.000000 -0.000796 0.000000 -0.000000
42 0.476831 -0.000001 -0.000000 0.000000 0.000000 0.000000
43 -0.913607 0.147559 -3.103217 -0.026699 1.370144 2.942250
44 2.707293 0.000000 -0.000000 -0.243080 -0.579360 -0.062737
45 10.066723 -0.000000 0.000000 0.000000 0.000000 -0.200000
46 4.577572 -0.000000 0.000001 1.570000 0.000000 -0.000000
47 1.907321 -0.000000 -0.000001 0.000796 -0.000000 -0.000000
48 0.476831 0.000000 0.000000 0.000000 0.000000 3.141593
49 -1.754735 0.000852 1.525858 -0.000003 -3.141592 -0.099288
50 0.416333 -0.000000 0.000000 0.000000 -0.000000 -0.200000
51 0.416333 0.000000 0.000000 0.000000 0.000000 0.100000
52 0.095757 2.258270 -0.000000 -0.000000 0.000000 1.570796
53 0.012490 0.000000 0.000000 0.000000 0.000000 3.141593
54 -1.754735 0.000860 -1.525858 -0.000003 -3.141592 -0.099288
55 0.416333 -0.000000 0.000000 0.000000 -0.000000 -0.200000
56 0.416333 -0.000000 0.000000 0.000000 0.000000 0.100000
57 0.095756 2.258270 0.000000 0.000000 -0.000000 1.570796
58 0.012490 0.000000 0.000000 0.000000 0.000000 0.000000
time 2
0 -0.002617 0.000001 -5.902088 0.000000 0.000000 -1.001119
1 -0.000000 0.000000 -0.919485 0.000000 0.000000 1.001119
2 -0.000000 0.000000 0.000000 -1.570795 -1.570796 0.000000
3 1.754731 -0.002106 0.000003 -0.000004 -0.000001 -0.002344
4 2.644828 -0.004214 0.000742 -0.174419 0.000605 0.002637
5 5.372992 -0.003662 0.000286 -0.077786 0.000455 -0.063711
6 4.622901 -0.001142 -0.000016 0.014144 0.111247 0.173470
7 1.455384 -0.000000 0.000000 -0.294923 -0.047614 0.189320
8 6.329875 -0.000000 -0.000000 0.000000 0.000000 0.000000
9 2.995309 1.987698 -0.864472 -3.141592 -0.000001 1.407923
10 0.458379 0.000000 0.000000 0.000000 0.000000 0.000000
11 2.995308 1.987695 0.870890 -3.141592 -0.000001 1.407923
12 0.458379 0.000001 0.000000 0.000000 0.000000 0.000000
13 3.078269 1.929374 0.855018 1.547494 -0.743749 1.442334
14 0.664102 -0.000000 0.000000 0.000000 0.000000 0.000000
15 3.083701 1.962442 0.858416 1.570797 -0.011562 1.407923
16 0.559829 -0.000000 -0.000000 0.000000 0.000000 0.000000
17 3.078100 1.931618 0.863325 -0.051183 -2.462692 -1.026784
18 0.682539 -0.000001 0.000000 0.000000 0.000000 0.000000
19 3.061353 1.933510 0.862958 -1.459740 2.642219 -1.518602
20 0.679195 -0.000000 -0.000001 0.000000 -0.000000 0.000000
21 3.081032 1.929497 0.865757 -0.000000 -3.141591 -1.071653
22 0.675652 0.000000 -0.000000 0.000000 0.000000 0.000000
23 3.066324 1.936762 0.868039 0.000000 2.615510 -1.100106
24 0.658072 -0.000000 -0.000000 -0.000000 -0.000000 0.000000
25 2.989678 1.934948 -0.857061 -0.000000 2.405157 -1.244421
26 0.578150 -0.000001 -0.000000 0.000000 0.000000 0.000000
27 2.979570 1.967334 -0.884714 -0.000000 -3.141591 -1.252624
28 0.518765 0.000000 -0.000000 0.000000 0.000000 0.000000
29 2.978726 1.983216 -0.860808 -0.016269 -2.767885 -1.233359
30 0.535335 -0.000001 -0.000000 0.000000 0.000000 0.000000
31 2.983528 1.967234 -0.884390 1.456493 0.640130 1.182185
32 0.444524 -0.000000 0.000000 0.000000 -0.000000 -0.000000
33 2.986611 1.992943 -0.875042 1.588345 -0.427771 1.365644
34 0.479990 -0.000000 -0.000000 0.000000 0.000000 0.000000
35 2.975851 1.966180 -0.894208 -3.141592 -0.000001 1.251407
36 0.533030 0.000001 -0.000000 0.000000 0.000000 0.000000
37 -1.575328 0.231322 2.819829 -0.013430 -1.163430 2.980744
38 2.707294 -0.000000 0.000000 -0.089161 0.595309 0.187428
39 10.066724 -0.000000 -0.000001 0.000000 -0.000000 -0.200000
40 4.577573 0.000000 0.000000 -1.570000 0.000000 0.000000
41 1.907322 -0.000001 0.000000 -0.000796 0.000000 -0.000000
42 0.476831 -0.000000 -0.000000 0.000000 0.000000 0.000000
43 -0.913608 0.147559 -3.103217 -0.026400 1.367844 2.942554
44 2.707293 0.000000 0.000000 -0.240517 -0.576619 -0.064908
45 10.066723 -0.000000 0.000000 0.000000 0.000000 -0.200000
46 4.577572 -0.000000 0.000001 1.570000 0.000000 -0.000000
47 1.907322 -0.000000 -0.000001 0.000796 -0.000000 -0.000000
48 0.476830 0.000000 0.000000 0.000000 0.000000 3.141593
49 -1.754731 -0.002011 1.525858 -0.000003 -3.141592 -0.097656
50 0.416333 -0.000000 0.000000 0.000000 -0.000000 -0.200000
51 0.416333 0.000000 0.000000 0.000000 0.000000 0.100000
52 0.095757 2.258270 -0.000000 -0.000000 0.000000 1.570796
53 0.012490 0.000000 0.000000 0.000000 0.000000 3.141593
54 -1.754731 -0.002002 -1.525858 -0.000003 -3.141592 -0.097656
55 0.416333 -0.000000 0.000000 0.000000 -0.000000 -0.200000
56 0.416333 -0.000000 0.000000 0.000000 0.000000 0.100000
57 0.095756 2.258270 0.000000 0.000000 -0.000000 1.570796
58 0.012490 0.000000 0.000000 0.000000 0.000000 0.000000
time 3
0 -0.002617 0.000001 -5.907160 0.000000 0.000000 -1.001119
1 -0.000000 0.000000 -0.919190 0.000000 0.000000 1.001119
2 -0.000000 0.000000 0.000000 -1.570795 -1.570796 0.000000
3 1.754727 -0.002106 0.000003 -0.000004 -0.000001 -0.004076
4 2.644836 -0.004214 0.000742 -0.174418 0.000863 0.004099
5 5.373002 -0.003663 0.000286 -0.077785 0.000672 -0.060928
6 4.622901 -0.001142 -0.000016 0.014144 0.111247 0.173470
7 1.455384 0.000000 0.000000 -0.294742 -0.048006 0.186735
8 6.329875 -0.000000 -0.000000 0.000000 0.000000 0.000000
9 2.995308 1.987698 -0.864472 -3.141592 -0.000001 1.407923
10 0.458379 0.000000 0.000000 0.000000 0.000000 0.000000
11 2.995308 1.987696 0.870890 -3.141592 -0.000001 1.407923
12 0.458379 0.000001 0.000000 0.000000 0.000000 0.000000
13 3.078269 1.929374 0.855018 1.547494 -0.743749 1.442334
14 0.664102 -0.000000 -0.000000 0.000000 0.000000 0.000000
15 3.083701 1.962442 0.858416 1.570797 -0.011562 1.407923
16 0.559829 -0.000000 -0.000000 0.000000 0.000000 0.000000
17 3.078100 1.931617 0.863325 -0.051183 -2.462692 -1.026784
18 0.682539 -0.000000 -0.000000 0.000000 0.000000 0.000000
19 3.061353 1.933510 0.862958 -1.459740 2.642219 -1.518602
20 0.679195 -0.000000 -0.000001 0.000000 -0.000000 0.000000
21 3.081032 1.929497 0.865757 -0.000000 -3.141591 -1.071653
22 0.675653 0.000001 -0.000000 0.000000 0.000000 0.000000
23 3.066324 1.936762 0.868039 0.000000 2.615510 -1.100106
24 0.658072 0.000000 -0.000000 -0.000000 -0.000000 0.000000
25 2.989677 1.934948 -0.857061 -0.000000 2.405157 -1.244421
26 0.578150 -0.000001 -0.000000 0.000000 0.000000 0.000000
27 2.979570 1.967334 -0.884714 -0.000000 -3.141591 -1.252624
28 0.518765 0.000000 -0.000000 0.000000 0.000000 0.000000
29 2.978726 1.983216 -0.860808 -0.016269 -2.767885 -1.233359
30 0.535335 0.000000 -0.000000 0.000000 0.000000 0.000000
31 2.983528 1.967234 -0.884390 1.456493 0.640130 1.182185
32 0.444524 -0.000000 0.000001 0.000000 -0.000000 -0.000000
33 2.986611 1.992943 -0.875042 1.588345 -0.427771 1.365644
34 0.479990 -0.000000 0.000000 0.000000 0.000000 0.000000
35 2.975851 1.966180 -0.894208 -3.141592 -0.000001 1.251407
36 0.533030 0.000001 -0.000000 0.000000 0.000000 0.000000
37 -1.575328 0.231322 2.819829 -0.013312 -1.159618 2.980616
38 2.707293 0.000000 0.000000 -0.092888 0.592333 0.184601
39 10.066724 -0.000000 0.000000 0.000000 -0.000000 -0.200000
40 4.577572 0.000000 0.000000 -1.570000 0.000000 0.000000
41 1.907322 -0.000001 0.000000 -0.000796 0.000000 -0.000000
42 0.476830 -0.000000 -0.000000 0.000000 0.000000 0.000000
43 -0.913608 0.147559 -3.103217 -0.026084 1.365353 2.942877
44 2.707294 0.000000 -0.000000 -0.237813 -0.573655 -0.067202
45 10.066723 0.000000 0.000000 0.000000 0.000000 -0.200000
46 4.577572 -0.000000 0.000001 1.570000 0.000000 -0.000000
47 1.907322 0.000000 -0.000001 0.000796 -0.000000 -0.000000
48 0.476830 0.000000 0.000000 0.000000 0.000000 3.141593
49 -1.754721 -0.005050 1.525858 -0.000003 -3.141592 -0.095924
50 0.416333 -0.000000 0.000000 0.000000 -0.000000 -0.200000
51 0.416333 0.000000 0.000000 0.000000 0.000000 0.100000
52 0.095757 2.258270 -0.000000 -0.000000 0.000000 1.570796
53 0.012490 0.000000 0.000000 0.000000 0.000000 3.141593
54 -1.754721 -0.005041 -1.525858 -0.000003 -3.141592 -0.095924
55 0.416333 -0.000000 0.000000 0.000000 -0.000000 -0.200000
56 0.416333 0.000000 0.000000 0.000000 0.000000 0.100000
57 0.095756 2.258270 0.000000 0.000000 -0.000000 1.570796
58 0.012490 0.000000 0.000000 0.000000 0.000000 0.000000
time 4
0 -0.002617 0.000001 -5.912465 0.000000 0.000000 -1.001119
1 -0.000000 0.000000 -0.918958 0.000000 0.000000 1.001119
2 -0.000000 0.000000 0.000000 -1.570795 -1.570796 0.000000
3 1.754723 -0.002106 0.000003 -0.000004 -0.000001 -0.005887
4 2.644842 -0.004214 0.000742 -0.174416 0.001132 0.005627
5 5.373013 -0.003664 0.000286 -0.077782 0.000899 -0.058019
6 4.622900 -0.001142 -0.000016 0.014144 0.111247 0.173470
7 1.455384 0.000000 -0.000000 -0.294554 -0.048415 0.184031
8 6.329875 -0.000000 -0.000000 0.000000 0.000000 0.000000
9 2.995309 1.987698 -0.864472 -3.141592 -0.000001 1.407923
10 0.458379 0.000001 0.000000 0.000000 0.000000 0.000000
11 2.995308 1.987695 0.870890 -3.141592 -0.000001 1.407923
12 0.458379 0.000001 0.000000 0.000000 0.000000 0.000000
13 3.078269 1.929374 0.855018 1.547494 -0.743749 1.442334
14 0.664102 -0.000000 0.000000 0.000000 0.000000 0.000000
15 3.083701 1.962442 0.858416 1.570797 -0.011562 1.407923
16 0.559829 -0.000000 0.000000 0.000000 0.000000 0.000000
17 3.078101 1.931618 0.863325 -0.051183 -2.462692 -1.026784
18 0.682539 -0.000000 0.000000 0.000000 0.000000 0.000000
19 3.061353 1.933510 0.862958 -1.459740 2.642219 -1.518602
20 0.679195 -0.000000 -0.000000 0.000000 -0.000000 0.000000
21 3.081032 1.929497 0.865757 -0.000000 -3.141591 -1.071653
22 0.675652 0.000000 -0.000000 0.000000 0.000000 0.000000
23 3.066324 1.936762 0.868039 0.000000 2.615510 -1.100106
24 0.658072 0.000000 -0.000000 -0.000000 -0.000000 0.000000
25 2.989678 1.934948 -0.857061 -0.000000 2.405157 -1.244421
26 0.578150 -0.000001 -0.000000 0.000000 0.000000 0.000000
27 2.979570 1.967334 -0.884714 -0.000000 -3.141591 -1.252624
28 0.518766 0.000000 -0.000000 0.000000 0.000000 0.000000
29 2.978726 1.983216 -0.860808 -0.016269 -2.767885 -1.233359
30 0.535335 0.000000 -0.000000 0.000000 0.000000 0.000000
31 2.983528 1.967234 -0.884390 1.456493 0.640130 1.182185
32 0.444524 -0.000000 0.000000 0.000000 -0.000000 -0.000000
33 2.986611 1.992943 -0.875042 1.588345 -0.427771 1.365644
34 0.479990 -0.000000 -0.000000 0.000000 0.000000 0.000000
35 2.975851 1.966180 -0.894208 -3.141592 -0.000001 1.251407
36 0.533030 -0.000000 -0.000000 0.000000 0.000000 0.000000
37 -1.575327 0.231322 2.819829 -0.013191 -1.155596 2.980483
38 2.707293 0.000000 -0.000000 -0.096769 0.589176 0.181651
39 10.066724 -0.000000 0.000000 0.000000 -0.000000 -0.200000
40 4.577573 0.000000 0.000000 -1.570000 0.000000 0.000000
41 1.907322 -0.000001 0.000000 -0.000796 0.000000 -0.000000
42 0.476831 -0.000000 -0.000000 0.000000 0.000000 0.000000
43 -0.913607 0.147559 -3.103217 -0.025758 1.362713 2.943210
44 2.707293 0.000000 -0.000000 -0.235005 -0.570515 -0.069588
45 10.066723 -0.000000 0.000001 0.000000 0.000000 -0.200000
46 4.577572 -0.000000 0.000000 1.570000 0.000000 -0.000000
47 1.907322 -0.000000 -0.000001 0.000796 -0.000000 -0.000000
48 0.476830 0.000001 0.000000 0.000000 0.000000 3.141593
49 -1.754705 -0.008228 1.525857 -0.000003 -3.141592 -0.094113
50 0.416332 -0.000000 0.000000 0.000000 -0.000000 -0.200000
51 0.416333 0.000000 0.000000 0.000000 0.000000 0.100000
52 0.095757 2.258270 -0.000000 -0.000000 0.000000 1.570796
53 0.012490 0.000000 0.000000 0.000000 0.000000 3.141593
54 -1.754705 -0.008220 -1.525858 -0.000003 -3.141592 -0.094113
55 0.416333 -0.000000 0.000000 0.000000 -0.000000 -0.200000
56 0.416332 0.000000 0.000000 0.000000 0.000000 0.100000
57 0.095756 2.258270 0.000000 0.000000 -0.000000 1.570796
58 0.012490 0.000000 0.000000 0.000000 0.000000 0.000000
time 5
0 -0.002617 0.000001 -5.917938 0.000000 0.000000 -1.001119
1 -0.000000 0.000000 -0.918789 0.000000 0.000000 1.001119
2 -0.000000 0.000000 0.000000 -1.570795 -1.570796 0.000000
3 1.754719 -0.002106 0.000003 -0.000004 -0.000001 -0.007756
4 2.644849 -0.004214 0.000742 -0.174415 0.001410 0.007204
5 5.373024 -0.003664 0.000286 -0.077779 0.001133 -0.055016
6 4.622900 -0.001142 -0.000016 0.014144 0.111247 0.173470
7 1.455385 -0.000000 0.000000 -0.294359 -0.048836 0.181241
8 6.329874 -0.000000 -0.000000 0.000000 0.000000 0.000000
9 2.995308 1.987698 -0.864472 -3.141592 -0.000001 1.407923
10 0.458379 0.000000 0.000000 0.000000 0.000000 0.000000
11 2.995308 1.987695 0.870890 -3.141592 -0.000001 1.407923
12 0.458379 0.000001 0.000000 0.000000 0.000000 0.000000
13 3.078268 1.929374 0.855018 1.547494 -0.743749 1.442334
14 0.664102 -0.000000 -0.000000 0.000000 0.000000 0.000000
15 3.083701 1.962442 0.858416 1.570797 -0.011562 1.407923
16 0.559829 -0.000000 0.000000 0.000000 0.000000 0.000000
17 3.078100 1.931618 0.863325 -0.051183 -2.462692 -1.026784
18 0.682539 -0.000000 0.000000 0.000000 0.000000 0.000000
19 3.061353 1.933510 0.862958 -1.459740 2.642219 -1.518602
20 0.679195 -0.000000 -0.000000 0.000000 -0.000000 0.000000
21 3.081031 1.929497 0.865757 -0.000000 -3.141591 -1.071653
22 0.675652 0.000001 -0.000000 0.000000 0.000000 0.000000
23 3.066324 1.936762 0.868039 0.000000 2.615510 -1.100106
24 0.658072 0.000001 -0.000000 -0.000000 -0.000000 0.000000
25 2.989677 1.934948 -0.857062 -0.000000 2.405157 -1.244421
26 0.578150 -0.000001 -0.000000 0.000000 0.000000 0.000000
27 2.979570 1.967334 -0.884714 -0.000000 -3.141591 -1.252624
28 0.518766 0.000000 -0.000000 0.000000 0.000000 0.000000
29 2.978725 1.983216 -0.860808 -0.016269 -2.767885 -1.233359
30 0.535335 0.000000 -0.000000 0.000000 0.000000 0.000000
31 2.983527 1.967234 -0.884390 1.456493 0.640130 1.182185
32 0.444524 -0.000000 0.000000 0.000000 -0.000000 -0.000000
33 2.986611 1.992943 -0.875042 1.588345 -0.427771 1.365644
34 0.479990 -0.000000 0.000000 0.000000 0.000000 0.000000
35 2.975851 1.966180 -0.894208 -3.141592 -0.000001 1.251407
36 0.533030 -0.000000 -0.000000 0.000000 0.000000 0.000000
37 -1.575327 0.231322 2.819829 -0.013067 -1.151422 2.980348
38 2.707293 0.000000 -0.000000 -0.100754 0.585884 0.178616
39 10.066724 -0.000000 0.000000 0.000000 -0.000000 -0.200000
40 4.577573 -0.000000 -0.000000 -1.570000 0.000000 0.000000
41 1.907322 -0.000000 0.000000 -0.000796 0.000000 -0.000000
42 0.476831 -0.000000 -0.000000 0.000000 0.000000 0.000000
43 -0.913607 0.147559 -3.103217 -0.025427 1.359965 2.943548
44 2.707293 -0.000000 0.000000 -0.232128 -0.567244 -0.072037
45 10.066723 0.000000 -0.000000 0.000000 0.000000 -0.200000
46 4.577572 -0.000000 0.000000 1.570000 0.000000 -0.000000
47 1.907322 -0.000001 -0.000001 0.000796 -0.000000 -0.000000
48 0.476831 -0.000000 0.000000 0.000000 0.000000 3.141593
49 -1.754683 -0.011507 1.525857 -0.000003 -3.141593 -0.092244
50 0.416333 -0.000000 0.000000 0.000000 -0.000000 -0.200000
51 0.416333 0.000000 0.000000 0.000000 0.000000 0.100000
52 0.095757 2.258270 -0.000000 -0.000000 0.000000 1.570796
53 0.012490 0.000000 0.000000 0.000000 0.000000 3.141593
54 -1.754683 -0.011499 -1.525858 -0.000003 -3.141593 -0.092244
55 0.416333 -0.000000 0.000000 0.000000 -0.000000 -0.200000
56 0.416333 0.000000 0.000000 0.000000 0.000000 0.100000
57 0.095756 2.258270 0.000000 0.000000 -0.000000 1.570796
58 0.012490 0.000000 0.000000 0.000000 0.000000 0.000000
time 6
0 -0.002617 0.000001 -5.923516 0.000000 0.000000 -1.001119
1 -0.000000 0.000000 -0.918684 0.000000 0.000000 1.001119
2 -0.000000 0.000000 0.000000 -1.570795 -1.570796 0.000000
3 1.754715 -0.002106 0.000003 -0.000004 -0.000001 -0.009660
4 2.644856 -0.004213 0.000742 -0.174412 0.001693 0.008811
5 5.373035 -0.003665 0.000286 -0.077775 0.001371 -0.051956
6 4.622901 -0.001142 -0.000016 0.014144 0.111247 0.173470
7 1.455385 -0.000000 0.000000 -0.294161 -0.049263 0.178397
8 6.329874 -0.000000 -0.000000 0.000000 0.000000 0.000000
9 2.995308 1.987698 -0.864472 -3.141592 -0.000001 1.407923
10 0.458379 -0.000000 0.000000 0.000000 0.000000 0.000000
11 2.995308 1.987696 0.870890 -3.141592 -0.000001 1.407923
12 0.458379 0.000001 0.000000 0.000000 0.000000 0.000000
13 3.078268 1.929374 0.855018 1.547494 -0.743749 1.442334
14 0.664102 -0.000000 0.000000 0.000000 0.000000 0.000000
15 3.083700 1.962442 0.858416 1.570797 -0.011562 1.407923
16 0.559829 -0.000000 0.000000 0.000000 0.000000 0.000000
17 3.078100 1.931618 0.863325 -0.051183 -2.462692 -1.026784
18 0.682539 -0.000000 0.000000 0.000000 0.000000 0.000000
19 3.061353 1.933510 0.862958 -1.459740 2.642219 -1.518602
20 0.679195 -0.000000 -0.000000 0.000000 -0.000000 0.000000
21 3.081031 1.929497 0.865757 -0.000000 -3.141591 -1.071653
22 0.675652 0.000001 -0.000000 0.000000 0.000000 0.000000
23 3.066324 1.936762 0.868039 0.000000 2.615510 -1.100106
24 0.658072 0.000001 -0.000000 -0.000000 -0.000000 0.000000
25 2.989677 1.934948 -0.857061 -0.000000 2.405157 -1.244421
26 0.578150 -0.000000 0.000000 0.000000 0.000000 0.000000
27 2.979570 1.967334 -0.884714 -0.000000 -3.141591 -1.252624
28 0.518766 -0.000000 -0.000000 0.000000 0.000000 0.000000
29 2.978725 1.983216 -0.860808 -0.016269 -2.767885 -1.233359
30 0.535334 -0.000000 -0.000000 0.000000 0.000000 0.000000
31 2.983527 1.967234 -0.884390 1.456493 0.640130 1.182185
32 0.444524 -0.000000 0.000001 0.000000 -0.000000 -0.000000
33 2.986611 1.992943 -0.875042 1.588345 -0.427771 1.365644
34 0.479990 -0.000000 -0.000000 0.000000 0.000000 0.000000
35 2.975850 1.966180 -0.894208 -3.141592 -0.000001 1.251407
36 0.533030 -0.000000 -0.000000 0.000000 0.000000 0.000000
37 -1.575327 0.231322 2.819829 -0.012943 -1.147153 2.980212
38 2.707294 -0.000000 -0.000000 -0.104793 0.582503 0.175534
39 10.066724 -0.000000 0.000000 0.000000 -0.000000 -0.200000
40 4.577573 0.000000 0.000000 -1.570000 0.000000 0.000000
41 1.907322 -0.000001 0.000000 -0.000796 0.000000 -0.000000
42 0.476831 -0.000000 -0.000000 0.000000 0.000000 0.000000
43 -0.913607 0.147559 -3.103217 -0.025097 1.357149 2.943887
44 2.707293 0.000000 0.000000 -0.229214 -0.563890 -0.074521
45 10.066723 -0.000000 0.000000 0.000000 0.000000 -0.200000
46 4.577572 -0.000000 0.000001 1.570000 0.000000 -0.000000
47 1.907322 0.000000 -0.000001 0.000796 -0.000000 -0.000000
48 0.476830 0.000000 0.000000 0.000000 0.000000 3.141593
49 -1.754653 -0.014850 1.525857 -0.000003 -3.141593 -0.090340
50 0.416333 -0.000000 0.000000 0.000000 -0.000000 -0.200000
51 0.416333 0.000000 0.000000 0.000000 0.000000 0.100000
52 0.095757 2.258270 -0.000000 -0.000000 0.000000 1.570796
53 0.012490 0.000000 0.000000 0.000000 0.000000 3.141593
54 -1.754653 -0.014841 -1.525858 -0.000003 -3.141593 -0.090340
55 0.416332 -0.000000 0.000000 0.000000 -0.000000 -0.200000
56 0.416333 0.000000 0.000000 0.000000 0.000000 0.100000
57 0.095756 2.258270 0.000000 0.000000 -0.000000 1.570796
58 0.012490 0.000000 0.000000 0.000000 0.000000 0.000000
time 7
0 -0.002617 0.000001 -5.929137 0.000000 0.000000 -1.001119
1 -0.000000 0.000000 -0.918642 0.000000 0.000000 1.001119
2 -0.000000 0.000000 0.000000 -1.570795 -1.570796 0.000000
3 1.754711 -0.002106 0.000003 -0.000004 -0.000001 -0.011580
4 2.644863 -0.004213 0.000742 -0.174409 0.001978 0.010430
5 5.373046 -0.003665 0.000286 -0.077771 0.001612 -0.048873
6 4.622900 -0.001142 -0.000016 0.014144 0.111247 0.173470
7 1.455385 -0.000000 0.000000 -0.293962 -0.049693 0.175531
8 6.329874 -0.000000 -0.000000 0.000000 0.000000 0.000000
9 2.995308 1.987698 -0.864473 -3.141592 -0.000001 1.407923
10 0.458379 -0.000000 0.000000 0.000000 0.000000 0.000000
11 2.995307 1.987695 0.870890 -3.141592 -0.000001 1.407923
12 0.458379 0.000002 0.000000 0.000000 0.000000 0.000000
13 3.078268 1.929374 0.855018 1.547494 -0.743749 1.442334
14 0.664102 -0.000000 0.000000 0.000000 0.000000 0.000000
15 3.083700 1.962442 0.858416 1.570797 -0.011562 1.407923
16 0.559829 -0.000000 0.000001 0.000000 0.000000 0.000000
17 3.078100 1.931618 0.863325 -0.051183 -2.462692 -1.026784
18 0.682539 -0.000000 0.000000 0.000000 0.000000 0.000000
19 3.061352 1.933510 0.862958 -1.459740 2.642219 -1.518602
20 0.679195 -0.000000 -0.000000 0.000000 -0.000000 0.000000
21 3.081031 1.929497 0.865757 -0.000000 -3.141591 -1.071653
22 0.675652 0.000000 -0.000000 0.000000 0.000000 0.000000
23 3.066323 1.936762 0.868039 0.000000 2.615510 -1.100106
24 0.658072 -0.000000 -0.000000 -0.000000 -0.000000 0.000000
25 2.989677 1.934948 -0.857061 -0.000000 2.405157 -1.244421
26 0.578150 -0.000000 -0.000000 0.000000 0.000000 0.000000
27 2.979570 1.967334 -0.884714 -0.000000 -3.141591 -1.252624
28 0.518765 -0.000000 0.000000 0.000000 0.000000 0.000000
29 2.978725 1.983216 -0.860808 -0.016269 -2.767885 -1.233359
30 0.535334 -0.000000 -0.000000 0.000000 0.000000 0.000000
31 2.983527 1.967234 -0.884390 1.456493 0.640130 1.182185
32 0.444524 -0.000000 0.000000 0.000000 -0.000000 -0.000000
33 2.986611 1.992943 -0.875042 1.588345 -0.427771 1.365644
34 0.479990 -0.000000 -0.000000 0.000000 0.000000 0.000000
35 2.975850 1.966179 -0.894208 -3.141592 -0.000001 1.251407
36 0.533030 0.000000 -0.000000 0.000000 0.000000 0.000000
37 -1.575327 0.231321 2.819829 -0.012821 -1.142845 2.980078
38 2.707294 0.000000 0.000000 -0.108837 0.579080 0.172441
39 10.066724 -0.000000 -0.000000 0.000000 -0.000000 -0.200000
40 4.577573 -0.000000 -0.000001 -1.570000 0.000000 0.000000
41 1.907322 -0.000001 0.000000 -0.000796 0.000000 -0.000000
42 0.476830 -0.000000 -0.000000 0.000000 0.000000 0.000000
43 -0.913607 0.147559 -3.103217 -0.024772 1.354306 2.944219
44 2.707294 0.000000 -0.000000 -0.226298 -0.560498 -0.077011
45 10.066723 -0.000000 0.000001 0.000000 0.000000 -0.200000
46 4.577572 -0.000000 0.000001 1.570000 0.000000 -0.000000
47 1.907322 0.000000 -0.000001 0.000796 -0.000000 -0.000000
48 0.476830 -0.000000 0.000000 0.000000 0.000000 3.141593
49 -1.754618 -0.018217 1.525857 -0.000003 -3.141593 -0.088420
50 0.416333 -0.000000 0.000000 0.000000 -0.000000 -0.200000
51 0.416333 0.000000 0.000000 0.000000 0.000000 0.100000
52 0.095757 2.258270 -0.000000 -0.000000 0.000000 1.570796
53 0.012490 0.000000 0.000000 0.000000 0.000000 3.141593
54 -1.754618 -0.018209 -1.525858 -0.000003 -3.141593 -0.088420
55 0.416333 -0.000000 0.000000 0.000000 -0.000000 -0.200000
56 0.416333 0.000000 0.000000 0.000000 0.000000 0.100000
57 0.095756 2.258270 0.000000 0.000000 -0.000000 1.570796
58 0.012490 0.000000 0.000000 0.000000 0.000000 0.000000
time 8
0 -0.002617 0.000001 -5.934736 0.000000 0.000000 -1.001119
1 -0.000000 0.000000 -0.918663 0.000000 0.000000 1.001119
2 -0.000000 0.000000 0.000000 -1.570795 -1.570796 0.000000
3 1.754707 -0.002106 0.000003 -0.000004 -0.000001 -0.013492
4 2.644870 -0.004213 0.000742 -0.174406 0.002262 0.012044
5 5.373058 -0.003666 0.000286 -0.077766 0.001851 -0.045801
6 4.622901 -0.001142 -0.000016 0.014144 0.111247 0.173470
7 1.455385 0.000000 0.000000 -0.293764 -0.050121 0.172676
8 6.329874 -0.000000 -0.000000 0.000000 0.000000 0.000000
9 2.995308 1.987698 -0.864472 -3.141592 -0.000001 1.407923
10 0.458379 -0.000000 -0.000000 0.000000 0.000000 0.000000
11 2.995308 1.987696 0.870890 -3.141592 -0.000001 1.407923
12 0.458379 0.000001 0.000000 0.000000 0.000000 0.000000
13 3.078268 1.929374 0.855018 1.547494 -0.743749 1.442334
14 0.664102 -0.000000 0.000000 0.000000 0.000000 0.000000
15 3.083701 1.962442 0.858416 1.570797 -0.011562 1.407923
16 0.559829 -0.000000 0.000000 0.000000 0.000000 0.000000
17 3.078100 1.931618 0.863325 -0.051183 -2.462692 -1.026784
18 0.682539 0.000000 0.000000 0.000000 0.000000 0.000000
19 3.061353 1.933510 0.862958 -1.459740 2.642219 -1.518602
20 0.679195 -0.000000 -0.000001 0.000000 -0.000000 0.000000
21 3.081031 1.929497 0.865757 -0.000000 -3.141591 -1.071653
22 0.675652 0.000000 -0.000000 0.000000 0.000000 0.000000
23 3.066324 1.936762 0.868039 0.000000 2.615510 -1.100106
24 0.658072 0.000000 -0.000000 -0.000000 -0.000000 0.000000
25 2.989677 1.934948 -0.857061 -0.000000 2.405157 -1.244421
26 0.578150 -0.000001 -0.000000 0.000000 0.000000 0.000000
27 2.979570 1.967334 -0.884714 -0.000000 -3.141591 -1.252624
28 0.518766 -0.000000 -0.000000 0.000000 0.000000 0.000000
29 2.978725 1.983216 -0.860808 -0.016269 -2.767885 -1.233359
30 0.535334 -0.000000 -0.000000 0.000000 0.000000 0.000000
31 2.983527 1.967234 -0.884390 1.456493 0.640130 1.182185
32 0.444524 -0.000000 0.000001 0.000000 -0.000000 -0.000000
33 2.986611 1.992943 -0.875042 1.588345 -0.427771 1.365644
34 0.479990 -0.000000 0.000000 0.000000 0.000000 0.000000
35 2.975851 1.966180 -0.894208 -3.141592 -0.000001 1.251407
36 0.533030 0.000000 -0.000000 0.000000 0.000000 0.000000
37 -1.575328 0.231322 2.819829 -0.012702 -1.138557 2.979946
38 2.707293 0.000000 -0.000000 -0.112839 0.575661 0.169372
39 10.066724 -0.000000 0.000001 0.000000 -0.000000 -0.200000
40 4.577573 -0.000000 -0.000001 -1.570000 0.000000 0.000000
41 1.907322 -0.000001 0.000000 -0.000796 0.000000 -0.000000
42 0.476831 -0.000000 -0.000000 0.000000 0.000000 0.000000
43 -0.913608 0.147559 -3.103217 -0.024457 1.351476 2.944541
44 2.707293 0.000000 -0.000000 -0.223411 -0.557116 -0.079480
45 10.066723 0.000000 0.000000 0.000000 0.000000 -0.200000
46 4.577572 -0.000000 0.000001 1.570000 0.000000 -0.000000
47 1.907322 -0.000000 -0.000001 0.000796 -0.000000 -0.000000
48 0.476830 0.000000 0.000000 0.000000 0.000000 3.141593
49 -1.754575 -0.021572 1.525857 -0.000003 -3.141593 -0.086508
50 0.416333 -0.000000 0.000000 0.000000 -0.000000 -0.200000
51 0.416333 0.000000 0.000000 0.000000 0.000000 0.100000
52 0.095757 2.258270 -0.000000 -0.000000 0.000000 1.570796
53 0.012490 0.000000 0.000000 0.000000 0.000000 3.141593
54 -1.754575 -0.021564 -1.525858 -0.000003 -3.141593 -0.086508
55 0.416333 -0.000000 0.000000 0.000000 -0.000000 -0.200000
56 0.416333 0.000000 0.000000 0.000000 0.000000 0.100000
57 0.095756 2.258270 0.000000 0.000000 -0.000000 1.570796
58 0.012490 0.000000 0.000000 0.000000 0.000000 0.000000
time 9
0 -0.002617 0.000001 -5.940251 0.000000 0.000000 -1.001119
1 -0.000000 0.000000 -0.918747 0.000000 0.000000 1.001119
2 -0.000000 0.000000 0.000000 -1.570795 -1.570796 0.000000
3 1.754703 -0.002106 0.000003 -0.000004 -0.000001 -0.015375
4 2.644877 -0.004213 0.000742 -0.174402 0.002542 0.013633
5 5.373070 -0.003666 0.000286 -0.077760 0.002087 -0.042775
6 4.622901 -0.001142 -0.000016 0.014144 0.111247 0.173470
7 1.455384 -0.000000 -0.000000 -0.293569 -0.050541 0.169864
8 6.329874 -0.000000 -0.000000 0.000000 0.000000 0.000000
9 2.995308 1.987698 -0.864472 -3.141592 -0.000001 1.407923
10 0.458379 0.000000 0.000000 0.000000 0.000000 0.000000
11 2.995308 1.987696 0.870890 -3.141592 -0.000001 1.407923
12 0.458379 0.000001 0.000000 0.000000 0.000000 0.000000
13 3.078268 1.929374 0.855018 1.547494 -0.743749 1.442334
14 0.664102 -0.000000 0.000000 0.000000 0.000000 0.000000
15 3.083700 1.962442 0.858416 1.570797 -0.011562 1.407923
16 0.559829 -0.000000 0.000000 0.000000 0.000000 0.000000
17 3.078100 1.931618 0.863325 -0.051183 -2.462692 -1.026784
18 0.682540 -0.000000 0.000000 0.000000 0.000000 0.000000
19 3.061353 1.933510 0.862958 -1.459740 2.642219 -1.518602
20 0.679195 -0.000000 -0.000001 0.000000 -0.000000 0.000000
21 3.081031 1.929497 0.865757 -0.000000 -3.141591 -1.071653
22 0.675652 0.000001 -0.000000 0.000000 0.000000 0.000000
23 3.066324 1.936762 0.868039 0.000000 2.615510 -1.100106
24 0.658072 -0.000000 -0.000000 -0.000000 -0.000000 0.000000
25 2.989677 1.934948 -0.857061 -0.000000 2.405157 -1.244421
26 0.578150 -0.000001 -0.000000 0.000000 0.000000 0.000000
27 2.979570 1.967334 -0.884714 -0.000000 -3.141591 -1.252624
28 0.518765 0.000000 -0.000000 0.000000 0.000000 0.000000
29 2.978725 1.983216 -0.860808 -0.016269 -2.767885 -1.233359
30 0.535334 -0.000000 -0.000000 0.000000 0.000000 0.000000
31 2.983527 1.967234 -0.884390 1.456493 0.640130 1.182185
32 0.444524 -0.000000 0.000001 0.000000 -0.000000 -0.000000
33 2.986611 1.992943 -0.875042 1.588345 -0.427771 1.365644
34 0.479990 -0.000000 0.000000 0.000000 0.000000 0.000000
35 2.975851 1.966180 -0.894208 -3.141592 -0.000001 1.251407
36 0.533030 0.000001 -0.000000 0.000000 0.000000 0.000000
37 -1.575328 0.231321 2.819829 -0.012587 -1.134344 2.979820
38 2.707294 0.000000 0.000000 -0.116753 0.572294 0.166363
39 10.066724 -0.000000 -0.000000 0.000000 -0.000000 -0.200000
40 4.577573 0.000000 -0.000000 -1.570000 0.000000 0.000000
41 1.907322 -0.000001 0.000000 -0.000796 0.000000 -0.000000
42 0.476831 0.000000 -0.000000 0.000000 0.000000 0.000000
43 -0.913608 0.147559 -3.103217 -0.024157 1.348701 2.944849
44 2.707293 -0.000000 -0.000000 -0.220585 -0.553791 -0.081900
45 10.066723 -0.000000 0.000001 0.000000 0.000000 -0.200000
46 4.577572 -0.000000 0.000000 1.570000 0.000000 -0.000000
47 1.907322 -0.000000 -0.000001 0.000796 -0.000000 -0.000000
48 0.476831 0.000000 0.000000 0.000000 0.000000 3.141593
49 -1.754528 -0.024876 1.525857 -0.000003 -3.141593 -0.084625
50 0.416333 -0.000000 0.000000 0.000000 -0.000000 -0.200000
51 0.416332 0.000000 0.000000 0.000000 0.000000 0.100000
52 0.095757 2.258270 -0.000000 -0.000000 0.000000 1.570796
53 0.012490 0.000000 0.000000 0.000000 0.000000 3.141593
54 -1.754528 -0.024868 -1.525858 -0.000003 -3.141593 -0.084625
55 0.416333 -0.000000 0.000000 0.000000 -0.000000 -0.200000
56 0.416333 0.000000 0.000000 0.000000 0.000000 0.100000
57 0.095756 2.258270 0.000000 0.000000 -0.000000 1.570796
58 0.012490 0.000000 0.000000 0.000000 0.000000 0.000000
time 10
0 -0.002617 0.000001 -5.945619 0.000000 0.000000 -1.001119
1 -0.000000 0.000000 -0.918895 0.000000 0.000000 1.001119
2 -0.000000 0.000000 0.000000 -1.570795 -1.570796 0.000000
3 1.754699 -0.002106 0.000003 -0.000004 -0.000001 -0.017208
4 2.644884 -0.004213 0.000742 -0.174398 0.002815 0.015179
5 5.373080 -0.003667 0.000286 -0.077753 0.002316 -0.039831
6 4.622901 -0.001142 -0.000016 0.014144 0.111247 0.173470
7 1.455384 0.000000 -0.000000 -0.293380 -0.050948 0.167126
8 6.329875 -0.000000 -0.000000 0.000000 0.000000 0.000000
9 2.995308 1.987698 -0.864472 -3.141592 -0.000001 1.407923
10 0.458379 0.000000 0.000000 0.000000 0.000000 0.000000
11 2.995308 1.987696 0.870890 -3.141592 -0.000001 1.407923
12 0.458379 0.000001 0.000000 0.000000 0.000000 0.000000
13 3.078268 1.929374 0.855018 1.547494 -0.743749 1.442334
14 0.664102 -0.000000 0.000000 0.000000 0.000000 0.000000
15 3.083701 1.962442 0.858416 1.570797 -0.011562 1.407923
16 0.559829 -0.000000 0.000001 0.000000 0.000000 0.000000
17 3.078100 1.931618 0.863325 -0.051183 -2.462692 -1.026784
18 0.682539 -0.000001 0.000000 0.000000 0.000000 0.000000
19 3.061353 1.933510 0.862958 -1.459740 2.642219 -1.518602
20 0.679195 -0.000000 -0.000000 0.000000 -0.000000 0.000000
21 3.081032 1.929497 0.865757 -0.000000 -3.141591 -1.071653
22 0.675653 0.000001 -0.000000 0.000000 0.000000 0.000000
23 3.066324 1.936762 0.868039 0.000000 2.615510 -1.100106
24 0.658072 -0.000000 -0.000000 -0.000000 -0.000000 0.000000
25 2.989677 1.934948 -0.857061 -0.000000 2.405157 -1.244421
26 0.578150 -0.000001 -0.000000 0.000000 0.000000 0.000000
27 2.979570 1.967334 -0.884714 -0.000000 -3.141591 -1.252624
28 0.518765 0.000000 -0.000000 0.000000 0.000000 0.000000
29 2.978726 1.983216 -0.860808 -0.016269 -2.767885 -1.233359
30 0.535334 -0.000001 -0.000000 0.000000 0.000000 0.000000
31 2.983527 1.967234 -0.884390 1.456493 0.640130 1.182185
32 0.444524 -0.000000 0.000000 0.000000 -0.000000 -0.000000
33 2.986611 1.992943 -0.875042 1.588345 -0.427771 1.365644
34 0.479990 -0.000000 0.000000 0.000000 0.000000 0.000000
35 2.975851 1.966180 -0.894208 -3.141592 -0.000001 1.251407
36 0.533030 0.000001 -0.000000 0.000000 0.000000 0.000000
37 -1.575328 0.231322 2.819829 -0.012478 -1.130265 2.979699
38 2.707293 0.000000 0.000000 -0.120533 0.569028 0.163449
39 10.066724 -0.000000 0.000000 0.000000 -0.000000 -0.200000
40 4.577573 0.000000 -0.000000 -1.570000 0.000000 0.000000
41 1.907322 -0.000000 0.000000 -0.000796 0.000000 -0.000000
42 0.476831 -0.000000 -0.000000 0.000000 0.000000 0.000000
43 -0.913608 0.147559 -3.103217 -0.023873 1.346020 2.945140
44 2.707293 0.000000 -0.000000 -0.217848 -0.550570 -0.084246
45 10.066723 -0.000000 0.000001 0.000000 0.000000 -0.200000
46 4.577572 -0.000000 0.000000 1.570000 0.000000 -0.000000
47 1.907322 0.000000 -0.000001 0.000796 -0.000000 -0.000000
48 0.476830 0.000001 0.000000 0.000000 0.000000 3.141593
49 -1.754476 -0.028092 1.525857 -0.000003 -3.141593 -0.082792
50 0.416333 -0.000000 0.000000 0.000000 -0.000000 -0.200000
51 0.416333 -0.000000 0.000000 0.000000 0.000000 0.100000
52 0.095757 2.258270 -0.000000 -0.000000 0.000000 1.570796
53 0.012490 0.000000 0.000000 0.000000 0.000000 3.141593
54 -1.754475 -0.028084 -1.525858 -0.000003 -3.141593 -0.082792
55 0.416333 -0.000000 0.000000 0.000000 -0.000000 -0.200000
56 0.416333 0.000000 0.000000 0.000000 0.000000 0.100000
57 0.095756 2.258270 0.000000 0.000000 -0.000000 1.570796
58 0.012490 0.000000 0.000000 0.000000 0.000000 0.000000
time 11
0 -0.002617 0.000001 -5.950776 0.000000 0.000000 -1.001119
1 -0.000000 0.000000 -0.919105 0.000000 0.000000 1.001119
2 -0.000000 0.000000 0.000000 -1.570795 -1.570796 0.000000
3 1.754695 -0.002106 0.000003 -0.000004 -0.000001 -0.018969
4 2.644890 -0.004213 0.000742 -0.174393 0.003077 0.016665
5 5.373090 -0.003667 0.000286 -0.077746 0.002537 -0.037002
6 4.622900 -0.001142 -0.000016 0.014144 0.111247 0.173470
7 1.455385 -0.000000 0.000000 -0.293199 -0.051339 0.164496
8 6.329875 -0.000000 -0.000000 0.000000 0.000000 0.000000
9 2.995308 1.987698 -0.864472 -3.141592 -0.000001 1.407923
10 0.458379 0.000000 0.000000 0.000000 0.000000 0.000000
11 2.995308 1.987696 0.870890 -3.141592 -0.000001 1.407923
12 0.458379 0.000001 0.000000 0.000000 0.000000 0.000000
13 3.078269 1.929374 0.855018 1.547494 -0.743749 1.442334
14 0.664102 -0.000000 0.000000 0.000000 0.000000 0.000000
15 3.083701 1.962442 0.858416 1.570797 -0.011562 1.407923
16 0.559829 -0.000000 0.000000 0.000000 0.000000 0.000000
17 3.078100 1.931618 0.863325 -0.051183 -2.462692 -1.026784
18 0.682539 0.000000 0.000000 0.000000 0.000000 0.000000
19 3.061353 1.933510 0.862958 -1.459740 2.642219 -1.518602
20 0.679195 -0.000000 -0.000000 0.000000 -0.000000 0.000000
21 3.081032 1.929497 0.865757 -0.000000 -3.141591 -1.071653
22 0.675653 0.000001 -0.000000 0.000000 0.000000 0.000000
23 3.066324 1.936762 0.868039 0.000000 2.615510 -1.100106
24 0.658072 0.000000 -0.000000 -0.000000 -0.000000 0.000000
25 2.989677 1.934948 -0.857061 -0.000000 2.405157 -1.244421
26 0.578150 -0.000001 -0.000000 0.000000 0.000000 0.000000
27 2.979570 1.967334 -0.884714 -0.000000 -3.141591 -1.252624
28 0.518765 0.000000 -0.000000 0.000000 0.000000 0.000000
29 2.978726 1.983216 -0.860808 -0.016269 -2.767885 -1.233359
30 0.535335 -0.000000 -0.000000 0.000000 0.000000 0.000000
31 2.983528 1.967234 -0.884390 1.456493 0.640130 1.182185
32 0.444524 -0.000000 0.000000 0.000000 -0.000000 -0.000000
33 2.986611 1.992943 -0.875042 1.588345 -0.427771 1.365644
34 0.479990 -0.000000 0.000000 0.000000 0.000000 0.000000
35 2.975851 1.966180 -0.894208 -3.141592 -0.000001 1.251407
36 0.533030 0.000000 -0.000000 0.000000 0.000000 0.000000
37 -1.575327 0.231322 2.819829 -0.012376 -1.126377 2.979587
38 2.707293 0.000000 0.000000 -0.124136 0.565911 0.160663
39 10.066724 -0.000000 -0.000000 0.000000 -0.000000 -0.200000
40 4.577573 -0.000000 -0.000000 -1.570000 0.000000 0.000000
41 1.907322 -0.000001 0.000000 -0.000796 0.000000 -0.000000
42 0.476831 -0.000001 -0.000000 0.000000 0.000000 0.000000
43 -0.913608 0.147559 -3.103217 -0.023611 1.343475 2.945409
44 2.707293 0.000000 -0.000000 -0.215232 -0.547501 -0.086491
45 10.066723 -0.000000 0.000001 0.000000 0.000000 -0.200000
46 4.577572 -0.000000 0.000000 1.570000 0.000000 -0.000000
47 1.907322 -0.000000 -0.000001 0.000796 -0.000000 -0.000000
48 0.476830 0.000001 0.000000 0.000000 0.000000 3.141593
49 -1.754420 -0.031181 1.525857 -0.000003 -3.141593 -0.081031
50 0.416333 -0.000000 0.000000 0.000000 -0.000000 -0.200000
51 0.416333 0.000000 0.000000 0.000000 0.000000 0.100000
52 0.095757 2.258270 -0.000000 -0.000000 0.000000 1.570796
53 0.012490 0.000000 0.000000 0.000000 0.000000 3.141593
54 -1.754420 -0.031173 -1.525858 -0.000003 -3.141593 -0.081031
55 0.416333 -0.000000 0.000000 0.000000 -0.000000 -0.200000
56 0.416333 0.000000 0.000000 0.000000 0.000000 0.100000
57 0.095756 2.258270 0.000000 0.000000 -0.000000 1.570796
58 0.012490 0.000000 0.000000 0.000000 0.000000 0.000000
time 12
0 -0.002617 0.000001 -5.955658 0.000000 0.000000 -1.001119
1 -0.000000 0.000000 -0.919380 0.000000 0.000000 1.001119
2 -0.000000 0.000000 0.000000 -1.570795 -1.570796 0.000000
3 1.754692 -0.002106 0.000003 -0.000004 -0.000001 -0.020636
4 2.644896 -0.004213 0.000742 -0.174389 0.003324 0.018071
5 5.373100 -0.003668 0.000286 -0.077739 0.002745 -0.034323
6 4.622901 -0.001142 -0.000016 0.014144 0.111247 0.173470
7 1.455384 0.000000 -0.000000 -0.293027 -0.051708 0.162006
8 6.329875 -0.000000 -0.000000 0.000000 0.000000 0.000000
9 2.995309 1.987698 -0.864472 -3.141592 -0.000001 1.407923
10 0.458379 0.000000 -0.000000 0.000000 0.000000 0.000000
11 2.995308 1.987696 0.870890 -3.141592 -0.000001 1.407923
12 0.458379 0.000001 0.000000 0.000000 0.000000 0.000000
13 3.078269 1.929374 0.855018 1.547494 -0.743749 1.442334
14 0.664102 -0.000000 -0.000001 0.000000 0.000000 0.000000
15 3.083701 1.962442 0.858416 1.570797 -0.011562 1.407923
16 0.559829 -0.000000 0.000000 0.000000 0.000000 0.000000
17 3.078101 1.931618 0.863325 -0.051183 -2.462692 -1.026784
18 0.682539 -0.000000 0.000000 0.000000 0.000000 0.000000
19 3.061353 1.933510 0.862958 -1.459740 2.642219 -1.518602
20 0.679195 -0.000000 0.000000 0.000000 -0.000000 0.000000
21 3.081032 1.929497 0.865757 -0.000000 -3.141591 -1.071653
22 0.675652 0.000001 -0.000000 0.000000 0.000000 0.000000
23 3.066324 1.936762 0.868039 0.000000 2.615510 -1.100106
24 0.658072 0.000001 -0.000000 -0.000000 -0.000000 0.000000
25 2.989678 1.934948 -0.857061 -0.000000 2.405157 -1.244421
26 0.578150 -0.000000 0.000000 0.000000 0.000000 0.000000
27 2.979571 1.967334 -0.884714 -0.000000 -3.141591 -1.252624
28 0.518765 0.000001 0.000000 0.000000 0.000000 0.000000
29 2.978726 1.983216 -0.860808 -0.016269 -2.767885 -1.233359
30 0.535335 -0.000000 -0.000000 0.000000 0.000000 0.000000
31 2.983528 1.967234 -0.884390 1.456493 0.640130 1.182185
32 0.444524 -0.000000 0.000000 0.000000 -0.000000 -0.000000
33 2.986612 1.992943 -0.875042 1.588345 -0.427771 1.365644
34 0.479990 -0.000000 -0.000000 0.000000 0.000000 0.000000
35 2.975851 1.966180 -0.894208 -3.141592 -0.000001 1.251407
36 0.533030 -0.000000 -0.000000 0.000000 0.000000 0.000000
37 -1.575328 0.231322 2.819829 -0.012282 -1.122737 2.979482
38 2.707293 0.000000 0.000000 -0.127520 0.562992 0.158038
39 10.066724 -0.000000 0.000000 0.000000 -0.000000 -0.200000
40 4.577573 0.000000 -0.000000 -1.570000 0.000000 0.000000
41 1.907322 -0.000000 0.000000 -0.000796 0.000000 -0.000000
42 0.476831 -0.000000 -0.000000 0.000000 0.000000 0.000000
43 -0.913608 0.147559 -3.103217 -0.023371 1.341107 2.945655
44 2.707294 0.000000 0.000000 -0.212765 -0.544632 -0.088611
45 10.066722 -0.000000 0.000001 0.000000 0.000000 -0.200000
46 4.577572 -0.000000 0.000001 1.570000 0.000000 -0.000000
47 1.907321 -0.000000 -0.000001 0.000796 -0.000000 -0.000000
48 0.476831 0.000000 0.000000 0.000000 0.000000 3.141593
49 -1.754362 -0.034106 1.525857 -0.000003 -3.141593 -0.079364
50 0.416333 -0.000000 0.000000 0.000000 -0.000000 -0.200000
51 0.416333 0.000000 0.000000 0.000000 0.000000 0.100000
52 0.095757 2.258270 -0.000000 -0.000000 0.000000 1.570796
53 0.012490 0.000000 0.000000 0.000000 0.000000 3.141593
54 -1.754362 -0.034098 -1.525858 -0.000003 -3.141593 -0.079364
55 0.416333 -0.000000 0.000000 0.000000 -0.000000 -0.200000
56 0.416333 0.000000 0.000000 0.000000 0.000000 0.100000
57 0.095756 2.258270 0.000000 0.000000 -0.000000 1.570796
58 0.012490 0.000000 0.000000 0.000000 0.000000 0.000000
time 13
0 -0.002617 0.000001 -5.960203 0.000000 0.000000 -1.001119
1 -0.000000 0.000000 -0.919717 0.000000 0.000000 1.001119
2 -0.000000 0.000000 0.000000 -1.570795 -1.570796 0.000000
3 1.754689 -0.002106 0.000003 -0.000004 -0.000001 -0.022188
4 2.644902 -0.004213 0.000742 -0.174384 0.003555 0.019381
5 5.373109 -0.003668 0.000286 -0.077732 0.002940 -0.031830
6 4.622900 -0.001142 -0.000016 0.014144 0.111247 0.173470
7 1.455385 -0.000000 0.000000 -0.292867 -0.052051 0.159687
8 6.329874 -0.000000 -0.000000 0.000000 0.000000 0.000000
9 2.995308 1.987698 -0.864472 -3.141592 -0.000001 1.407923
10 0.458379 0.000000 -0.000000 0.000000 0.000000 0.000000
11 2.995308 1.987695 0.870890 -3.141592 -0.000001 1.407923
12 0.458379 0.000001 0.000000 0.000000 0.000000 0.000000
13 3.078268 1.929374 0.855018 1.547494 -0.743749 1.442334
14 0.664102 -0.000000 0.000000 0.000000 0.000000 0.000000
15 3.083700 1.962442 0.858416 1.570797 -0.011562 1.407923
16 0.559829 -0.000000 0.000001 0.000000 0.000000 0.000000
17 3.078100 1.931618 0.863325 -0.051183 -2.462692 -1.026784
18 0.682539 0.000000 0.000000 0.000000 0.000000 0.000000
19 3.061353 1.933510 0.862958 -1.459740 2.642219 -1.518602
20 0.679195 -0.000000 -0.000001 0.000000 -0.000000 0.000000
21 3.081031 1.929497 0.865757 -0.000000 -3.141591 -1.071653
22 0.675652 0.000000 -0.000000 0.000000 0.000000 0.000000
23 3.066324 1.936762 0.868039 0.000000 2.615510 -1.100106
24 0.658072 0.000000 -0.000000 -0.000000 -0.000000 0.000000
25 2.989677 1.934948 -0.857061 -0.000000 2.405157 -1.244421
26 0.578150 -0.000001 0.000000 0.000000 0.000000 0.000000
27 2.979570 1.967334 -0.884714 -0.000000 -3.141591 -1.252624
28 0.518765 0.000000 -0.000000 0.000000 0.000000 0.000000
29 2.978725 1.983216 -0.860808 -0.016269 -2.767885 -1.233359
30 0.535335 -0.000001 -0.000000 0.000000 0.000000 0.000000
31 2.983527 1.967234 -0.884390 1.456493 0.640130 1.182185
32 0.444524 -0.000000 0.000001 0.000000 -0.000000 -0.000000
33 2.986611 1.992943 -0.875042 1.588345 -0.427771 1.365644
34 0.479990 -0.000000 -0.000000 0.000000 0.000000 0.000000
35 2.975851 1.966180 -0.894208 -3.141592 -0.000001 1.251407
36 0.533030 -0.000000 -0.000000 0.000000 0.000000 0.000000
37 -1.575326 0.231322 2.819829 -0.012197 -1.119401 2.979388
38 2.707293 0.000000 0.000000 -0.130643 0.560320 0.155608
39 10.066724 -0.000000 -0.000000 0.000000 -0.000000 -0.200000
40 4.577573 -0.000000 -0.000000 -1.570000 0.000000 0.000000
41 1.907322 -0.000001 0.000000 -0.000796 0.000000 -0.000000
42 0.476831 -0.000001 -0.000000 0.000000 0.000000 0.000000
43 -0.913607 0.147559 -3.103217 -0.023158 1.338955 2.945874
44 2.707293 -0.000000 0.000000 -0.210475 -0.542010 -0.090579
45 10.066723 -0.000000 0.000001 0.000000 0.000000 -0.200000
46 4.577572 -0.000000 0.000000 1.570000 0.000000 -0.000000
47 1.907322 -0.000000 -0.000001 0.000796 -0.000000 -0.000000
48 0.476830 0.000000 0.000000 0.000000 0.000000 3.141593
49 -1.754304 -0.036829 1.525857 -0.000003 -3.141593 -0.077812
50 0.416333 -0.000000 0.000000 0.000000 -0.000000 -0.200000
51 0.416332 0.000000 0.000000 0.000000 0.000000 0.100000
52 0.095757 2.258270 -0.000000 -0.000000 0.000000 1.570796
53 0.012490 0.000000 0.000000 0.000000 0.000000 3.141593
54 -1.754304 -0.036820 -1.525858 -0.000003 -3.141593 -0.077812
55 0.416333 -0.000000 0.000000 0.000000 -0.000000 -0.200000
56 0.416333 0.000000 0.000000 0.000000 0.000000 0.100000
57 0.095756 2.258270 0.000000 0.000000 -0.000000 1.570796
58 0.012490 0.000000 0.000000 0.000000 0.000000 0.000000
time 14
0 -0.002617 0.000001 -5.964347 0.000000 0.000000 -1.001119
1 -0.000000 0.000000 -0.920118 0.000000 0.000000 1.001119
2 -0.000000 0.000000 0.000000 -1.570795 -1.570796 0.000000
3 1.754686 -0.002106 0.000003 -0.000004 -0.000001 -0.023603
4 2.644907 -0.004213 0.000742 -0.174380 0.003765 0.020575
5 5.373117 -0.003668 0.000286 -0.077725 0.003117 -0.029556
6 4.622900 -0.001142 -0.000016 0.014144 0.111247 0.173470
7 1.455385 -0.000000 0.000000 -0.292722 -0.052363 0.157573
8 6.329875 -0.000000 -0.000000 0.000000 0.000000 0.000000
9 2.995308 1.987698 -0.864472 -3.141592 -0.000001 1.407923
10 0.458379 0.000000 -0.000000 0.000000 0.000000 0.000000
11 2.995308 1.987696 0.870890 -3.141592 -0.000001 1.407923
12 0.458379 0.000001 0.000000 0.000000 0.000000 0.000000
13 3.078269 1.929374 0.855018 1.547494 -0.743749 1.442334
14 0.664102 -0.000000 0.000000 0.000000 0.000000 0.000000
15 3.083701 1.962442 0.858416 1.570797 -0.011562 1.407923
16 0.559829 -0.000000 0.000000 0.000000 0.000000 0.000000
17 3.078100 1.931618 0.863325 -0.051183 -2.462692 -1.026784
18 0.682539 -0.000000 -0.000000 0.000000 0.000000 0.000000
19 3.061353 1.933510 0.862958 -1.459740 2.642219 -1.518602
20 0.679195 -0.000000 -0.000000 0.000000 -0.000000 0.000000
21 3.081032 1.929497 0.865757 -0.000000 -3.141591 -1.071653
22 0.675652 0.000000 -0.000000 0.000000 0.000000 0.000000
23 3.066324 1.936762 0.868039 0.000000 2.615510 -1.100106
24 0.658072 0.000000 -0.000000 -0.000000 -0.000000 0.000000
25 2.989677 1.934948 -0.857061 -0.000000 2.405157 -1.244421
26 0.578150 -0.000001 0.000000 0.000000 0.000000 0.000000
27 2.979570 1.967334 -0.884714 -0.000000 -3.141591 -1.252624
28 0.518766 0.000000 -0.000000 0.000000 0.000000 0.000000
29 2.978726 1.983216 -0.860808 -0.016269 -2.767885 -1.233359
30 0.535335 -0.000000 -0.000000 0.000000 0.000000 0.000000
31 2.983527 1.967234 -0.884390 1.456493 0.640130 1.182185
32 0.444524 -0.000000 0.000000 0.000000 -0.000000 -0.000000
33 2.986611 1.992943 -0.875042 1.588345 -0.427771 1.365644
34 0.479990 -0.000000 0.000000 0.000000 0.000000 0.000000
35 2.975851 1.966180 -0.894208 -3.141592 -0.000001 1.251407
36 0.533030 -0.000000 -0.000000 0.000000 0.000000 0.000000
37 -1.575327 0.231322 2.819829 -0.012123 -1.116428 2.979306
38 2.707293 0.000000 0.000000 -0.133464 0.557945 0.153405
39 10.066724 0.000000 0.000000 0.000000 -0.000000 -0.200000
40 4.577573 -0.000000 -0.000000 -1.570000 0.000000 0.000000
41 1.907322 -0.000001 0.000000 -0.000796 0.000000 -0.000000
42 0.476831 -0.000000 -0.000000 0.000000 0.000000 0.000000
43 -0.913607 0.147559 -3.103217 -0.022974 1.337061 2.946063
44 2.707293 0.000000 0.000000 -0.208388 -0.539683 -0.092371
45 10.066723 -0.000000 0.000000 0.000000 0.000000 -0.200000
46 4.577572 -0.000000 0.000001 1.570000 0.000000 -0.000000
47 1.907322 0.000000 -0.000001 0.000796 -0.000000 -0.000000
48 0.476830 0.000000 0.000000 0.000000 0.000000 3.141593
49 -1.754247 -0.039311 1.525857 -0.000003 -3.141593 -0.076397
50 0.416333 -0.000000 0.000000 0.000000 -0.000000 -0.200000
51 0.416333 0.000000 0.000000 0.000000 0.000000 0.100000
52 0.095757 2.258270 -0.000000 -0.000000 0.000000 1.570796
53 0.012490 0.000000 0.000000 0.000000 0.000000 3.141593
54 -1.754247 -0.039303 -1.525858 -0.000003 -3.141593 -0.076397
55 0.416333 -0.000000 0.000000 0.000000 -0.000000 -0.200000
56 0.416333 0.000000 0.000000 0.000000 0.000000 0.100000
57 0.095756 2.258270 0.000000 0.000000 -0.000000 1.570796
58 0.012490 0.000000 0.000000 0.000000 0.000000 0.000000
time 15
0 -0.002617 0.000001 -5.968027 0.000000 0.000000 -1.001119
1 -0.000000 0.000000 -0.920582 0.000000 0.000000 1.001119
2 -0.000000 0.000000 0.000000 -1.570795 -1.570796 0.000000
3 1.754683 -0.002105 0.000003 -0.000004 -0.000001 -0.024860
4 2.644912 -0.004213 0.000742 -0.174376 0.003952 0.021635
5 5.373124 -0.003668 0.000286 -0.077719 0.003274 -0.027537
6 4.622900 -0.001142 -0.000016 0.014144 0.111247 0.173470
7 1.455385 -0.000000 0.000000 -0.292593 -0.052639 0.155695
8 6.329875 -0.000000 -0.000000 0.000000 0.000000 0.000000
9 2.995309 1.987698 -0.864472 -3.141592 -0.000001 1.407923
10 0.458379 0.000000 -0.000000 0.000000 0.000000 0.000000
11 2.995308 1.987695 0.870890 -3.141592 -0.000001 1.407923
12 0.458379 0.000001 0.000000 0.000000 0.000000 0.000000
13 3.078269 1.929374 0.855018 1.547494 -0.743749 1.442334
14 0.664102 -0.000000 -0.000000 0.000000 0.000000 0.000000
15 3.083701 1.962442 0.858416 1.570797 -0.011562 1.407923
16 0.559829 -0.000000 0.000000 0.000000 0.000000 0.000000
17 3.078101 1.931617 0.863325 -0.051183 -2.462692 -1.026784
18 0.682539 -0.000000 0.000000 0.000000 0.000000 0.000000
19 3.061353 1.933510 0.862958 -1.459740 2.642219 -1.518602
20 0.679195 -0.000000 -0.000001 0.000000 -0.000000 0.000000
21 3.081032 1.929496 0.865757 -0.000000 -3.141591 -1.071653
22 0.675652 0.000000 -0.000000 0.000000 0.000000 0.000000
23 3.066324 1.936762 0.868039 0.000000 2.615510 -1.100106
24 0.658072 0.000000 -0.000000 -0.000000 -0.000000 0.000000
25 2.989678 1.934948 -0.857061 -0.000000 2.405157 -1.244421
26 0.578150 -0.000000 -0.000000 0.000000 0.000000 0.000000
27 2.979570 1.967334 -0.884714 -0.000000 -3.141591 -1.252624
28 0.518765 0.000001 -0.000000 0.000000 0.000000 0.000000
29 2.978726 1.983215 -0.860808 -0.016269 -2.767885 -1.233359
30 0.535334 -0.000000 -0.000000 0.000000 0.000000 0.000000
31 2.983528 1.967234 -0.884390 1.456493 0.640130 1.182185
32 0.444524 -0.000000 0.000000 0.000000 -0.000000 -0.000000
33 2.986612 1.992943 -0.875042 1.588345 -0.427771 1.365644
34 0.479990 -0.000000 -0.000000 0.000000 0.000000 0.000000
35 2.975851 1.966180 -0.894208 -3.141592 -0.000001 1.251407
36 0.533030 0.000000 -0.000000 0.000000 0.000000 0.000000
37 -1.575327 0.231322 2.819829 -0.012060 -1.113874 2.979236
38 2.707293 0.000000 0.000000 -0.135943 0.555917 0.151462
39 10.066724 -0.000000 -0.000000 0.000000 -0.000000 -0.200000
40 4.577573 0.000000 -0.000000 -1.570000 0.000000 0.000000
41 1.907322 -0.000001 0.000000 -0.000796 0.000000 -0.000000
42 0.476830 0.000000 -0.000000 0.000000 0.000000 0.000000
43 -0.913607 0.147559 -3.103217 -0.022821 1.335466 2.946221
44 2.707293 0.000000 0.000000 -0.206534 -0.537701 -0.093962
45 10.066723 0.000000 0.000000 0.000000 0.000000 -0.200000
46 4.577572 -0.000000 0.000001 1.570000 0.000000 -0.000000
47 1.907322 -0.000000 -0.000001 0.000796 -0.000000 -0.000000
48 0.476831 0.000000 0.000000 0.000000 0.000000 3.141593
49 -1.754193 -0.041516 1.525857 -0.000003 -3.141593 -0.075141
50 0.416333 -0.000000 0.000000 0.000000 -0.000000 -0.200000
51 0.416332 0.000000 0.000000 0.000000 0.000000 0.100000
52 0.095757 2.258270 -0.000000 -0.000000 0.000000 1.570796
53 0.012490 0.000000 0.000000 0.000000 0.000000 3.141593
54 -1.754193 -0.041507 -1.525858 -0.000003 -3.141593 -0.075141
55 0.416333 -0.000000 0.000000 0.000000 -0.000000 -0.200000
56 0.416333 0.000000 0.000000 0.000000 0.000000 0.100000
57 0.095756 2.258270 0.000000 0.000000 -0.000000 1.570796
58 0.012490 0.000000 0.000000 0.000000 0.000000 0.000000
time 16
0 -0.002617 0.000001 -5.971180 0.000000 0.000000 -1.001119
1 -0.000000 0.000000 -0.921109 0.000000 0.000000 1.001119
2 -0.000000 0.000000 0.000000 -1.570795 -1.570796 0.000000
3 1.754681 -0.002105 0.000003 -0.000004 -0.000001 -0.025936
4 2.644916 -0.004213 0.000742 -0.174372 0.004112 0.022544
5 5.373132 -0.003669 0.000286 -0.077713 0.003409 -0.025808
6 4.622901 -0.001142 -0.000016 0.014144 0.111247 0.173470
7 1.455384 0.000000 0.000000 -0.292483 -0.052876 0.154087
8 6.329874 -0.000000 -0.000000 0.000000 0.000000 0.000000
9 2.995308 1.987698 -0.864472 -3.141592 -0.000001 1.407923
10 0.458379 0.000001 0.000000 0.000000 0.000000 0.000000
11 2.995308 1.987696 0.870890 -3.141592 -0.000001 1.407923
12 0.458379 0.000001 0.000000 0.000000 0.000000 0.000000
13 3.078268 1.929374 0.855018 1.547494 -0.743749 1.442334
14 0.664102 -0.000000 0.000000 0.000000 0.000000 0.000000
15 3.083700 1.962442 0.858416 1.570797 -0.011562 1.407923
16 0.559829 -0.000000 0.000000 0.000000 0.000000 0.000000
17 3.078100 1.931618 0.863325 -0.051183 -2.462692 -1.026784
18 0.682539 -0.000000 0.000000 0.000000 0.000000 0.000000
19 3.061353 1.933510 0.862958 -1.459740 2.642219 -1.518602
20 0.679195 -0.000000 -0.000000 0.000000 -0.000000 0.000000
21 3.081031 1.929497 0.865757 -0.000000 -3.141591 -1.071653
22 0.675652 0.000000 -0.000000 0.000000 0.000000 0.000000
23 3.066324 1.936762 0.868039 0.000000 2.615510 -1.100106
24 0.658072 -0.000000 -0.000000 -0.000000 -0.000000 0.000000
25 2.989677 1.934948 -0.857061 -0.000000 2.405157 -1.244421
26 0.578150 -0.000000 -0.000000 0.000000 0.000000 0.000000
27 2.979570 1.967334 -0.884714 -0.000000 -3.141591 -1.252624
28 0.518766 0.000000 -0.000000 0.000000 0.000000 0.000000
29 2.978725 1.983216 -0.860808 -0.016269 -2.767885 -1.233359
30 0.535334 -0.000000 -0.000000 0.000000 0.000000 0.000000
31 2.983527 1.967234 -0.884390 1.456493 0.640130 1.182185
32 0.444524 -0.000000 0.000000 0.000000 -0.000000 -0.000000
33 2.986611 1.992943 -0.875042 1.588345 -0.427771 1.365644
34 0.479990 -0.000000 -0.000000 0.000000 0.000000 0.000000
35 2.975851 1.966180 -0.894208 -3.141592 -0.000001 1.251407
36 0.533030 -0.000000 -0.000000 0.000000 0.000000 0.000000
37 -1.575328 0.231322 2.819829 -0.012009 -1.111796 2.979179
38 2.707293 -0.000000 0.000000 -0.138039 0.554285 0.149811
39 10.066724 -0.000000 0.000000 0.000000 -0.000000 -0.200000
40 4.577573 -0.000000 -0.000000 -1.570000 0.000000 0.000000
41 1.907321 -0.000001 0.000000 -0.000796 0.000000 -0.000000
42 0.476830 -0.000000 -0.000000 0.000000 0.000000 0.000000
43 -0.913608 0.147559 -3.103217 -0.022702 1.334210 2.946343
44 2.707293 0.000000 -0.000000 -0.204938 -0.536111 -0.095328
45 10.066723 -0.000000 0.000001 0.000000 0.000000 -0.200000
46 4.577572 -0.000000 0.000000 1.570000 0.000000 -0.000000
47 1.907321 -0.000000 -0.000001 0.000796 -0.000000 -0.000000
48 0.476830 0.000000 0.000000 0.000000 0.000000 3.141593
49 -1.754146 -0.043404 1.525857 -0.000003 -3.141593 -0.074064
50 0.416333 -0.000000 0.000000 0.000000 -0.000000 -0.200000
51 0.416333 0.000000 0.000000 0.000000 0.000000 0.100000
52 0.095757 2.258270 -0.000000 -0.000000 0.000000 1.570796
53 0.012490 0.000000 0.000000 0.000000 0.000000 3.141593
54 -1.754146 -0.043396 -1.525858 -0.000003 -3.141593 -0.074064
55 0.416333 -0.000000 0.000000 0.000000 -0.000000 -0.200000
56 0.416333 0.000000 0.000000 0.000000 0.000000 0.100000
57 0.095756 2.258270 0.000000 0.000000 -0.000000 1.570796
58 0.012490 0.000000 0.000000 0.000000 0.000000 0.000000
time 17
0 -0.002617 0.000001 -5.973743 0.000000 0.000000 -1.001119
1 -0.000000 0.000000 -0.921700 0.000000 0.000000 1.001119
2 -0.000000 0.000000 0.000000 -1.570795 -1.570796 0.000000
3 1.754679 -0.002105 0.000003 -0.000004 -0.000001 -0.026811
4 2.644918 -0.004213 0.000742 -0.174369 0.004242 0.023282
5 5.373137 -0.003669 0.000286 -0.077708 0.003518 -0.024402
6 4.622900 -0.001142 -0.000016 0.014144 0.111247 0.173470
7 1.455385 -0.000000 0.000000 -0.292393 -0.053068 0.152779
8 6.329874 -0.000000 -0.000000 0.000000 0.000000 0.000000
9 2.995308 1.987698 -0.864472 -3.141592 -0.000001 1.407923
10 0.458379 0.000000 -0.000000 0.000000 0.000000 0.000000
11 2.995308 1.987696 0.870890 -3.141592 -0.000001 1.407923
12 0.458379 0.000001 0.000000 0.000000 0.000000 0.000000
13 3.078268 1.929374 0.855018 1.547494 -0.743749 1.442334
14 0.664102 -0.000000 0.000000 0.000000 0.000000 0.000000
15 3.083701 1.962442 0.858416 1.570797 -0.011562 1.407923
16 0.559829 -0.000000 -0.000000 0.000000 0.000000 0.000000
17 3.078100 1.931618 0.863325 -0.051183 -2.462692 -1.026784
18 0.682539 -0.000000 0.000000 0.000000 0.000000 0.000000
19 3.061353 1.933510 0.862958 -1.459740 2.642219 -1.518602
20 0.679195 -0.000000 -0.000000 0.000000 -0.000000 0.000000
21 3.081031 1.929497 0.865757 -0.000000 -3.141591 -1.071653
22 0.675652 0.000000 -0.000000 0.000000 0.000000 0.000000
23 3.066324 1.936762 0.868039 0.000000 2.615510 -1.100106
24 0.658072 0.000001 -0.000000 -0.000000 -0.000000 0.000000
25 2.989677 1.934948 -0.857061 -0.000000 2.405157 -1.244421
26 0.578150 -0.000001 -0.000000 0.000000 0.000000 0.000000
27 2.979570 1.967334 -0.884714 -0.000000 -3.141591 -1.252624
28 0.518766 0.000001 -0.000000 0.000000 0.000000 0.000000
29 2.978725 1.983216 -0.860808 -0.016269 -2.767885 -1.233359
30 0.535334 -0.000000 -0.000000 0.000000 0.000000 0.000000
31 2.983527 1.967234 -0.884390 1.456493 0.640130 1.182185
32 0.444524 -0.000000 0.000000 0.000000 -0.000000 -0.000000
33 2.986611 1.992943 -0.875042 1.588345 -0.427771 1.365644
34 0.479990 -0.000000 0.000000 0.000000 0.000000 0.000000
35 2.975851 1.966180 -0.894208 -3.141592 -0.000001 1.251407
36 0.533030 0.000000 -0.000000 0.000000 0.000000 0.000000
37 -1.575326 0.231321 2.819829 -0.011972 -1.110252 2.979138
38 2.707293 0.000000 0.000000 -0.139713 0.553100 0.148484
39 10.066724 -0.000000 0.000000 0.000000 -0.000000 -0.200000
40 4.577573 0.000000 0.000000 -1.570000 0.000000 0.000000
41 1.907322 -0.000000 0.000000 -0.000796 0.000000 -0.000000
42 0.476831 -0.000000 -0.000000 0.000000 0.000000 0.000000
43 -0.913607 0.147559 -3.103217 -0.022620 1.333333 2.946427
44 2.707293 0.000000 -0.000000 -0.203629 -0.534961 -0.096444
45 10.066722 -0.000000 0.000001 0.000000 0.000000 -0.200000
46 4.577572 -0.000000 0.000000 1.570000 0.000000 -0.000000
47 1.907322 -0.000000 -0.000001 0.000796 -0.000000 -0.000000
48 0.476830 0.000000 0.000000 0.000000 0.000000 3.141593
49 -1.754105 -0.044939 1.525857 -0.000003 -3.141593 -0.073189
50 0.416332 -0.000000 0.000000 0.000000 -0.000000 -0.200000
51 0.416333 0.000000 0.000000 0.000000 0.000000 0.100000
52 0.095757 2.258270 -0.000000 -0.000000 0.000000 1.570796
53 0.012490 0.000000 0.000000 0.000000 0.000000 3.141593
54 -1.754105 -0.044931 -1.525858 -0.000003 -3.141593 -0.073189
55 0.416333 -0.000000 0.000000 0.000000 -0.000000 -0.200000
56 0.416332 0.000000 0.000000 0.000000 0.000000 0.100000
57 0.095756 2.258270 0.000000 0.000000 -0.000000 1.570796
58 0.012490 0.000000 0.000000 0.000000 0.000000 0.000000
time 18
0 -0.002617 0.000001 -5.975652 0.000000 0.000000 -1.001119
1 -0.000000 0.000000 -0.922353 0.000000 0.000000 1.001119
2 -0.000000 0.000000 0.000000 -1.570795 -1.570796 0.000000
3 1.754678 -0.002105 0.000003 -0.000004 -0.000001 -0.027463
4 2.644921 -0.004212 0.000742 -0.174367 0.004339 0.023832
5 5.373140 -0.003669 0.000286 -0.077704 0.003599 -0.023355
6 4.622900 -0.001142 -0.000016 0.014144 0.111247 0.173470
7 1.455385 0.000000 -0.000000 -0.292326 -0.053211 0.151805
8 6.329874 -0.000000 -0.000000 0.000000 0.000000 0.000000
9 2.995308 1.987698 -0.864472 -3.141592 -0.000001 1.407923
10 0.458379 0.000000 -0.000000 0.000000 0.000000 0.000000
11 2.995308 1.987695 0.870890 -3.141592 -0.000001 1.407923
12 0.458379 0.000001 0.000000 0.000000 0.000000 0.000000
13 3.078268 1.929374 0.855018 1.547494 -0.743749 1.442334
14 0.664102 -0.000000 -0.000000 0.000000 0.000000 0.000000
15 3.083701 1.962442 0.858416 1.570797 -0.011562 1.407923
16 0.559829 -0.000000 0.000001 0.000000 0.000000 0.000000
17 3.078100 1.931618 0.863325 -0.051183 -2.462692 -1.026784
18 0.682539 0.000000 0.000000 0.000000 0.000000 0.000000
19 3.061353 1.933510 0.862958 -1.459740 2.642219 -1.518602
20 0.679195 -0.000000 -0.000000 0.000000 -0.000000 0.000000
21 3.081031 1.929497 0.865757 -0.000000 -3.141591 -1.071653
22 0.675652 0.000000 -0.000000 0.000000 0.000000 0.000000
23 3.066324 1.936762 0.868039 0.000000 2.615510 -1.100106
24 0.658072 0.000000 -0.000000 -0.000000 -0.000000 0.000000
25 2.989677 1.934948 -0.857061 -0.000000 2.405157 -1.244421
26 0.578150 -0.000000 -0.000000 0.000000 0.000000 0.000000
27 2.979570 1.967334 -0.884714 -0.000000 -3.141591 -1.252624
28 0.518765 0.000000 -0.000000 0.000000 0.000000 0.000000
29 2.978725 1.983216 -0.860808 -0.016269 -2.767885 -1.233359
30 0.535335 -0.000000 -0.000000 0.000000 0.000000 0.000000
31 2.983527 1.967234 -0.884390 1.456493 0.640130 1.182185
32 0.444524 -0.000000 0.000000 0.000000 -0.000000 -0.000000
33 2.986611 1.992943 -0.875042 1.588345 -0.427771 1.365644
34 0.479990 -0.000000 0.000000 0.000000 0.000000 0.000000
35 2.975851 1.966180 -0.894208 -3.141592 -0.000001 1.251407
36 0.533030 0.000001 -0.000000 0.000000 0.000000 0.000000
37 -1.575327 0.231322 2.819829 -0.011949 -1.109299 2.979112
38 2.707293 0.000000 0.000000 -0.140923 0.552410 0.147515
39 10.066724 -0.000000 0.000001 0.000000 -0.000000 -0.200000
40 4.577573 -0.000000 -0.000001 -1.570000 0.000000 0.000000
41 1.907322 -0.000001 0.000000 -0.000796 0.000000 -0.000000
42 0.476830 -0.000000 -0.000000 0.000000 0.000000 0.000000
43 -0.913608 0.147559 -3.103217 -0.022577 1.332877 2.946471
44 2.707293 0.000000 -0.000000 -0.202633 -0.534300 -0.097286
45 10.066723 -0.000000 0.000001 0.000000 0.000000 -0.200000
46 4.577572 -0.000000 0.000001 1.570000 0.000000 -0.000000
47 1.907322 -0.000000 -0.000001 0.000796 -0.000000 -0.000000
48 0.476830 0.000000 0.000000 0.000000 0.000000 3.141593
49 -1.754074 -0.046082 1.525857 -0.000003 -3.141593 -0.072537
50 0.416332 -0.000000 0.000000 0.000000 -0.000000 -0.200000
51 0.416333 0.000000 0.000000 0.000000 0.000000 0.100000
52 0.095757 2.258270 -0.000000 -0.000000 0.000000 1.570796
53 0.012490 0.000000 0.000000 0.000000 0.000000 3.141593
54 -1.754074 -0.046074 -1.525858 -0.000003 -3.141593 -0.072537
55 0.416333 -0.000000 0.000000 0.000000 -0.000000 -0.200000
56 0.416332 0.000000 0.000000 0.000000 0.000000 0.100000
57 0.095756 2.258270 0.000000 0.000000 -0.000000 1.570796
58 0.012490 0.000000 0.000000 0.000000 0.000000 0.000000
time 19
0 -0.002617 0.000001 -5.976843 0.000000 0.000000 -1.001119
1 -0.000000 0.000000 -0.923070 0.000000 0.000000 1.001119
2 -0.000000 0.000000 0.000000 -1.570795 -1.570796 0.000000
3 1.754677 -0.002105 0.000003 -0.000004 -0.000001 -0.027870
4 2.644922 -0.004212 0.000742 -0.174365 0.004400 0.024175
5 5.373143 -0.003669 0.000286 -0.077702 0.003650 -0.022701
6 4.622900 -0.001142 -0.000016 0.014144 0.111247 0.173470
7 1.455385 -0.000000 0.000000 -0.292285 -0.053300 0.151197
8 6.329874 -0.000000 -0.000000 0.000000 0.000000 0.000000
9 2.995308 1.987698 -0.864472 -3.141592 -0.000001 1.407923
10 0.458379 0.000000 0.000000 0.000000 0.000000 0.000000
11 2.995308 1.987696 0.870890 -3.141592 -0.000001 1.407923
12 0.458379 0.000001 0.000000 0.000000 0.000000 0.000000
13 3.078268 1.929374 0.855018 1.547494 -0.743749 1.442334
14 0.664102 -0.000000 -0.000001 0.000000 0.000000 0.000000
15 3.083701 1.962442 0.858416 1.570797 -0.011562 1.407923
16 0.559829 -0.000000 0.000000 0.000000 0.000000 0.000000
17 3.078100 1.931618 0.863325 -0.051183 -2.462692 -1.026784
18 0.682539 0.000000 0.000000 0.000000 0.000000 0.000000
19 3.061353 1.933510 0.862958 -1.459740 2.642219 -1.518602
20 0.679195 -0.000000 -0.000001 0.000000 -0.000000 0.000000
21 3.081031 1.929497 0.865757 -0.000000 -3.141591 -1.071653
22 0.675652 0.000000 -0.000000 0.000000 0.000000 0.000000
23 3.066324 1.936762 0.868039 0.000000 2.615510 -1.100106
24 0.658072 0.000001 -0.000000 -0.000000 -0.000000 0.000000
25 2.989677 1.934948 -0.857061 -0.000000 2.405157 -1.244421
26 0.578150 -0.000001 -0.000000 0.000000 0.000000 0.000000
27 2.979570 1.967334 -0.884714 -0.000000 -3.141591 -1.252624
28 0.518766 0.000000 -0.000000 0.000000 0.000000 0.000000
29 2.978725 1.983216 -0.860808 -0.016269 -2.767885 -1.233359
30 0.535334 -0.000000 -0.000000 0.000000 0.000000 0.000000
31 2.983527 1.967234 -0.884390 1.456493 0.640130 1.182185
32 0.444524 -0.000000 0.000001 0.000000 -0.000000 -0.000000
33 2.986611 1.992943 -0.875042 1.588345 -0.427771 1.365644
34 0.479990 -0.000000 0.000000 0.000000 0.000000 0.000000
35 2.975851 1.966180 -0.894208 -3.141592 -0.000001 1.251407
36 0.533030 -0.000000 -0.000000 0.000000 0.000000 0.000000
37 -1.575327 0.231322 2.819829 -0.011942 -1.108994 2.979104
38 2.707293 -0.000000 -0.000000 -0.141628 0.552266 0.146936
39 10.066724 -0.000001 0.000001 0.000000 -0.000000 -0.200000
40 4.577573 0.000000 -0.000001 -1.570000 0.000000 0.000000
41 1.907322 -0.000001 0.000000 -0.000796 0.000000 -0.000000
42 0.476830 -0.000001 -0.000000 0.000000 0.000000 0.000000
43 -0.913607 0.147559 -3.103217 -0.022578 1.332883 2.946471
44 2.707293 -0.000000 -0.000000 -0.201979 -0.534175 -0.097827
45 10.066723 -0.000000 0.000000 0.000000 0.000000 -0.200000
46 4.577572 -0.000000 0.000001 1.570000 0.000000 -0.000000
47 1.907322 -0.000000 -0.000001 0.000796 -0.000000 -0.000000
48 0.476830 0.000000 0.000000 0.000000 0.000000 3.141593
49 -1.754054 -0.046796 1.525857 -0.000003 -3.141593 -0.072130
50 0.416333 -0.000000 0.000000 0.000000 -0.000000 -0.200000
51 0.416333 0.000000 0.000000 0.000000 0.000000 0.100000
52 0.095757 2.258270 -0.000000 -0.000000 0.000000 1.570796
53 0.012490 0.000000 0.000000 0.000000 0.000000 3.141593
54 -1.754054 -0.046788 -1.525858 -0.000003 -3.141593 -0.072130
55 0.416333 -0.000000 0.000000 0.000000 -0.000000 -0.200000
56 0.416333 0.000000 0.000000 0.000000 0.000000 0.100000
57 0.095756 2.258270 0.000000 0.000000 -0.000000 1.570796
58 0.012490 0.000000 0.000000 0.000000 0.000000 0.000000
time 20
0 -0.002617 0.000001 -5.977254 0.000000 0.000000 -1.001119
1 -0.000000 0.000000 -0.923851 0.000000 0.000000 1.001119
2 -0.000000 0.000000 0.000000 -1.570795 -1.570796 0.000000
3 1.754676 -0.002105 0.000003 -0.000004 -0.000001 -0.028010
4 2.644923 -0.004212 0.000742 -0.174365 0.004421 0.024294
5 5.373144 -0.003669 0.000286 -0.077701 0.003668 -0.022475
6 4.622901 -0.001142 -0.000016 0.014144 0.111247 0.173470
7 1.455385 -0.000000 -0.000000 -0.292271 -0.053331 0.150988
8 6.329874 -0.000000 -0.000000 0.000000 0.000000 0.000000
9 2.995308 1.987698 -0.864472 -3.141592 -0.000001 1.407923
10 0.458379 0.000001 0.000000 0.000000 0.000000 0.000000
11 2.995308 1.987696 0.870890 -3.141592 -0.000001 1.407923
12 0.458379 0.000001 0.000000 0.000000 0.000000 0.000000
13 3.078268 1.929374 0.855018 1.547494 -0.743749 1.442334
14 0.664102 -0.000000 -0.000000 0.000000 0.000000 0.000000
15 3.083700 1.962442 0.858416 1.570797 -0.011562 1.407923
16 0.559829 -0.000000 0.000000 0.000000 0.000000 0.000000
17 3.078100 1.931618 0.863325 -0.051183 -2.462692 -1.026784
18 0.682539 -0.000000 0.000000 0.000000 0.000000 0.000000
19 3.061353 1.933510 0.862958 -1.459740 2.642219 -1.518602
20 0.679195 -0.000000 -0.000000 0.000000 -0.000000 0.000000
21 3.081031 1.929497 0.865757 -0.000000 -3.141591 -1.071653
22 0.675652 0.000001 -0.000000 0.000000 0.000000 0.000000
23 3.066324 1.936762 0.868039 0.000000 2.615510 -1.100106
24 0.658072 0.000000 -0.000000 -0.000000 -0.000000 0.000000
25 2.989677 1.934948 -0.857061 -0.000000 2.405157 -1.244421
26 0.578150 -0.000000 -0.000000 0.000000 0.000000 0.000000
27 2.979570 1.967334 -0.884714 -0.000000 -3.141591 -1.252624
28 0.518766 0.000000 -0.000000 0.000000 0.000000 0.000000
29 2.978725 1.983216 -0.860808 -0.016269 -2.767885 -1.233359
30 0.535335 -0.000001 -0.000000 0.000000 0.000000 0.000000
31 2.983527 1.967234 -0.884390 1.456493 0.640130 1.182185
32 0.444524 -0.000000 0.000001 0.000000 -0.000000 -0.000000
33 2.986611 1.992943 -0.875042 1.588345 -0.427771 1.365644
34 0.479990 -0.000000 0.000000 0.000000 0.000000 0.000000
35 2.975851 1.966180 -0.894208 -3.141592 -0.000001 1.251407
36 0.533030 0.000000 -0.000000 0.000000 0.000000 0.000000
37 -1.575327 0.231322 2.819829 -0.011951 -1.109394 2.979115
38 2.707294 0.000000 0.000000 -0.141784 0.552716 0.146782
39 10.066724 -0.000000 0.000000 0.000000 -0.000000 -0.200000
40 4.577573 -0.000000 -0.000000 -1.570000 0.000000 0.000000
41 1.907322 -0.000000 0.000000 -0.000796 0.000000 -0.000000
42 0.476831 0.000000 -0.000000 0.000000 0.000000 0.000000
43 -0.913608 0.147559 -3.103217 -0.022625 1.333390 2.946422
44 2.707293 -0.000000 -0.000000 -0.201696 -0.534635 -0.098043
45 10.066723 -0.000000 0.000001 0.000000 0.000000 -0.200000
46 4.577572 -0.000000 0.000000 1.570000 0.000000 -0.000000
47 1.907322 -0.000000 -0.000001 0.000796 -0.000000 -0.000000
48 0.476830 0.000000 0.000000 0.000000 0.000000 3.141593
49 -1.754047 -0.047042 1.525857 -0.000003 -3.141593 -0.071990
50 0.416333 -0.000000 0.000000 0.000000 -0.000000 -0.200000
51 0.416333 0.000000 0.000000 0.000000 0.000000 0.100000
52 0.095757 2.258270 -0.000000 -0.000000 0.000000 1.570796
53 0.012490 0.000000 0.000000 0.000000 0.000000 3.141593
54 -1.754047 -0.047034 -1.525858 -0.000003 -3.141593 -0.071990
55 0.416332 -0.000000 0.000000 0.000000 -0.000000 -0.200000
56 0.416333 0.000000 0.000000 0.000000 0.000000 0.100000
57 0.095756 2.258270 0.000000 0.000000 -0.000000 1.570796
58 0.012490 0.000000 0.000000 0.000000 0.000000 0.000000
time 21
0 -0.002617 0.000001 -5.976643 0.000000 0.000000 -1.001119
1 -0.000000 0.000000 -0.924874 0.000000 0.000000 1.001119
2 -0.000000 0.000000 0.000000 -1.570795 -1.570796 0.000000
3 1.754677 -0.002105 0.000003 -0.000004 -0.000001 -0.027801
4 2.644923 -0.004212 0.000742 -0.174365 0.004390 0.024118
5 5.373142 -0.003669 0.000286 -0.077702 0.003642 -0.022811
6 4.622901 -0.001142 -0.000016 0.014144 0.111247 0.173470
7 1.455385 0.000000 -0.000000 -0.292292 -0.053285 0.151300
8 6.329875 -0.000000 -0.000000 0.000000 0.000000 0.000000
9 2.995308 1.987698 -0.864472 -3.141592 -0.000001 1.407923
10 0.458379 -0.000000 -0.000000 0.000000 0.000000 0.000000
11 2.995308 1.987695 0.870890 -3.141592 -0.000001 1.407923
12 0.458379 0.000001 0.000000 0.000000 0.000000 0.000000
13 3.078269 1.929374 0.855018 1.547494 -0.743749 1.442334
14 0.664102 -0.000000 0.000000 0.000000 0.000000 0.000000
15 3.083701 1.962442 0.858416 1.570797 -0.011562 1.407923
16 0.559829 -0.000000 0.000001 0.000000 0.000000 0.000000
17 3.078100 1.931618 0.863325 -0.051183 -2.462692 -1.026784
18 0.682539 0.000000 0.000000 0.000000 0.000000 0.000000
19 3.061353 1.933510 0.862958 -1.459740 2.642219 -1.518602
20 0.679195 -0.000000 -0.000001 0.000000 -0.000000 0.000000
21 3.081032 1.929497 0.865757 -0.000000 -3.141591 -1.071653
22 0.675652 0.000000 -0.000000 0.000000 0.000000 0.000000
23 3.066324 1.936762 0.868039 0.000000 2.615510 -1.100106
24 0.658072 0.000001 -0.000000 -0.000000 -0.000000 0.000000
25 2.989677 1.934948 -0.857061 -0.000000 2.405157 -1.244421
26 0.578150 -0.000001 0.000000 0.000000 0.000000 0.000000
27 2.979570 1.967334 -0.884714 -0.000000 -3.141591 -1.252624
28 0.518766 0.000001 -0.000000 0.000000 0.000000 0.000000
29 2.978726 1.983216 -0.860808 -0.016269 -2.767885 -1.233359
30 0.535335 -0.000000 -0.000000 0.000000 0.000000 0.000000
31 2.983528 1.967234 -0.884390 1.456493 0.640130 1.182185
32 0.444524 -0.000000 0.000001 0.000000 -0.000000 -0.000000
33 2.986611 1.992943 -0.875042 1.588345 -0.427771 1.365644
34 0.479990 -0.000000 0.000000 0.000000 0.000000 0.000000
35 2.975851 1.966180 -0.894208 -3.141592 -0.000001 1.251407
36 0.533030 0.000000 -0.000000 0.000000 0.000000 0.000000
37 -1.575327 0.231322 2.819829 -0.011984 -1.110756 2.979151
38 2.707294 0.000000 0.000000 -0.141214 0.553982 0.147188
39 10.066724 -0.000001 0.000000 0.000000 -0.000000 -0.200000
40 4.577573 0.000000 -0.000000 -1.570000 0.000000 0.000000
41 1.907322 -0.000001 0.000000 -0.000796 0.000000 -0.000000
42 0.476831 -0.000000 -0.000000 0.000000 0.000000 0.000000
43 -0.913608 0.147559 -3.103217 -0.022738 1.334592 2.946306
44 2.707293 -0.000000 -0.000000 -0.201895 -0.535899 -0.097835
45 10.066722 -0.000000 0.000001 0.000000 0.000000 -0.200000
46 4.577572 -0.000000 0.000001 1.570000 0.000000 -0.000000
47 1.907322 -0.000000 -0.000001 0.000796 -0.000000 -0.000000
48 0.476830 0.000000 0.000000 0.000000 0.000000 3.141593
49 -1.754057 -0.046676 1.525857 -0.000003 -3.141593 -0.072199
50 0.416333 -0.000000 0.000000 0.000000 -0.000000 -0.200000
51 0.416333 -0.000000 0.000000 0.000000 0.000000 0.100000
52 0.095757 2.258270 -0.000000 -0.000000 0.000000 1.570796
53 0.012490 0.000000 0.000000 0.000000 0.000000 3.141593
54 -1.754057 -0.046668 -1.525858 -0.000003 -3.141593 -0.072199
55 0.416333 -0.000000 0.000000 0.000000 -0.000000 -0.200000
56 0.416333 0.000000 0.000000 0.000000 0.000000 0.100000
57 0.095756 2.258270 0.000000 0.000000 -0.000000 1.570796
58 0.012490 0.000000 0.000000 0.000000 0.000000 0.000000
time 22
0 -0.002617 0.000001 -5.974892 0.000000 0.000000 -1.001119
1 -0.000000 0.000000 -0.926013 0.000000 0.000000 1.001119
2 -0.000000 0.000000 0.000000 -1.570795 -1.570796 0.000000
3 1.754678 -0.002105 0.000003 -0.000004 -0.000001 -0.027204
4 2.644920 -0.004212 0.000742 -0.174368 0.004301 0.023613
5 5.373139 -0.003669 0.000286 -0.077706 0.003567 -0.023771
6 4.622900 -0.001142 -0.000016 0.014144 0.111247 0.173470
7 1.455385 -0.000000 0.000000 -0.292353 -0.053154 0.152193
8 6.329874 -0.000000 -0.000000 0.000000 0.000000 0.000000
9 2.995308 1.987698 -0.864472 -3.141592 -0.000001 1.407923
10 0.458379 0.000000 0.000000 0.000000 0.000000 0.000000
11 2.995307 1.987695 0.870890 -3.141592 -0.000001 1.407923
12 0.458379 0.000001 0.000000 0.000000 0.000000 0.000000
13 3.078268 1.929374 0.855018 1.547494 -0.743749 1.442334
14 0.664102 -0.000000 0.000000 0.000000 0.000000 0.000000
15 3.083700 1.962442 0.858416 1.570797 -0.011562 1.407923
16 0.559829 -0.000000 0.000000 0.000000 0.000000 0.000000
17 3.078100 1.931617 0.863325 -0.051183 -2.462692 -1.026784
18 0.682539 -0.000000 0.000000 0.000000 0.000000 0.000000
19 3.061352 1.933510 0.862958 -1.459740 2.642219 -1.518602
20 0.679195 -0.000000 -0.000001 0.000000 -0.000000 0.000000
21 3.081031 1.929496 0.865757 -0.000000 -3.141591 -1.071653
22 0.675653 0.000000 -0.000000 0.000000 0.000000 0.000000
23 3.066323 1.936762 0.868039 0.000000 2.615510 -1.100106
24 0.658072 0.000000 -0.000000 -0.000000 -0.000000 0.000000
25 2.989677 1.934948 -0.857061 -0.000000 2.405157 -1.244421
26 0.578150 -0.000001 -0.000000 0.000000 0.000000 0.000000
27 2.979570 1.967334 -0.884714 -0.000000 -3.141591 -1.252624
28 0.518765 0.000000 -0.000000 0.000000 0.000000 0.000000
29 2.978725 1.983215 -0.860808 -0.016269 -2.767885 -1.233359
30 0.535335 0.000000 -0.000000 0.000000 0.000000 0.000000
31 2.983527 1.967234 -0.884390 1.456493 0.640130 1.182185
32 0.444524 -0.000000 0.000000 0.000000 -0.000000 -0.000000
33 2.986611 1.992943 -0.875042 1.588345 -0.427771 1.365644
34 0.479990 -0.000000 0.000000 0.000000 0.000000 0.000000
35 2.975850 1.966180 -0.894208 -3.141592 -0.000001 1.251407
36 0.533030 0.000000 -0.000000 0.000000 0.000000 0.000000
37 -1.575327 0.231321 2.819829 -0.012044 -1.113212 2.979218
38 2.707293 0.000000 -0.000000 -0.139829 0.556180 0.148223
39 10.066724 0.000000 0.000000 0.000000 -0.000000 -0.200000
40 4.577573 -0.000000 -0.000000 -1.570000 0.000000 0.000000
41 1.907322 -0.000001 0.000000 -0.000796 0.000000 -0.000000
42 0.476831 0.000000 -0.000000 0.000000 0.000000 0.000000
43 -0.913607 0.147559 -3.103217 -0.022929 1.336592 2.946110
44 2.707293 0.000000 -0.000000 -0.202630 -0.538081 -0.097155
45 10.066723 -0.000000 0.000001 0.000000 0.000000 -0.200000
46 4.577572 -0.000000 0.000000 1.570000 0.000000 -0.000000
47 1.907322 -0.000000 -0.000001 0.000796 -0.000000 -0.000000
48 0.476830 0.000000 0.000000 0.000000 0.000000 3.141593
49 -1.754086 -0.045628 1.525857 -0.000003 -3.141593 -0.072796
50 0.416333 -0.000000 0.000000 0.000000 -0.000000 -0.200000
51 0.416333 -0.000000 0.000000 0.000000 0.000000 0.100000
52 0.095757 2.258270 -0.000000 -0.000000 0.000000 1.570796
53 0.012490 0.000000 0.000000 0.000000 0.000000 3.141593
54 -1.754086 -0.045619 -1.525858 -0.000003 -3.141593 -0.072796
55 0.416333 -0.000000 0.000000 0.000000 -0.000000 -0.200000
56 0.416332 0.000000 0.000000 0.000000 0.000000 0.100000
57 0.095756 2.258270 0.000000 0.000000 -0.000000 1.570796
58 0.012490 0.000000 0.000000 0.000000 0.000000 0.000000
time 23
0 -0.002617 0.000001 -5.972129 0.000000 0.000000 -1.001119
1 -0.000000 0.000000 -0.927025 0.000000 0.000000 1.001119
2 -0.000000 0.000000 0.000000 -1.570795 -1.570796 0.000000
3 1.754680 -0.002105 0.000003 -0.000004 -0.000001 -0.026260
4 2.644917 -0.004213 0.000742 -0.174371 0.004160 0.022817
5 5.373134 -0.003669 0.000286 -0.077711 0.003449 -0.025287
6 4.622901 -0.001142 -0.000016 0.014144 0.111247 0.173470
7 1.455384 -0.000000 -0.000000 -0.292450 -0.052947 0.153603
8 6.329874 -0.000000 -0.000000 0.000000 0.000000 0.000000
9 2.995308 1.987698 -0.864473 -3.141592 -0.000001 1.407923
10 0.458379 0.000000 -0.000000 0.000000 0.000000 0.000000
11 2.995307 1.987696 0.870890 -3.141592 -0.000001 1.407923
12 0.458379 0.000001 0.000000 0.000000 0.000000 0.000000
13 3.078268 1.929374 0.855018 1.547494 -0.743749 1.442334
14 0.664102 -0.000000 0.000000 0.000000 0.000000 0.000000
15 3.083700 1.962442 0.858416 1.570797 -0.011562 1.407923
16 0.559829 -0.000000 -0.000000 0.000000 0.000000 0.000000
17 3.078100 1.931618 0.863325 -0.051183 -2.462692 -1.026784
18 0.682539 -0.000000 -0.000000 0.000000 0.000000 0.000000
19 3.061352 1.933510 0.862958 -1.459740 2.642219 -1.518602
20 0.679195 -0.000000 -0.000000 0.000000 -0.000000 0.000000
21 3.081031 1.929497 0.865757 -0.000000 -3.141591 -1.071653
22 0.675652 0.000001 -0.000000 0.000000 0.000000 0.000000
23 3.066323 1.936762 0.868039 0.000000 2.615510 -1.100106
24 0.658072 -0.000000 -0.000000 -0.000000 -0.000000 0.000000
25 2.989677 1.934948 -0.857061 -0.000000 2.405157 -1.244421
26 0.578150 -0.000000 -0.000000 0.000000 0.000000 0.000000
27 2.979570 1.967334 -0.884714 -0.000000 -3.141591 -1.252624
28 0.518766 -0.000000 -0.000000 0.000000 0.000000 0.000000
29 2.978725 1.983216 -0.860808 -0.016269 -2.767885 -1.233359
30 0.535334 -0.000000 -0.000000 0.000000 0.000000 0.000000
31 2.983527 1.967234 -0.884390 1.456493 0.640130 1.182185
32 0.444524 -0.000000 0.000001 0.000000 -0.000000 -0.000000
33 2.986611 1.992943 -0.875042 1.588345 -0.427771 1.365644
34 0.479990 -0.000000 -0.000000 0.000000 0.000000 0.000000
35 2.975850 1.966180 -0.894208 -3.141592 -0.000001 1.251407
36 0.533030 0.000000 -0.000000 0.000000 0.000000 0.000000
37 -1.575328 0.231322 2.819829 -0.012128 -1.116637 2.979312
38 2.707293 0.000000 0.000000 -0.137710 0.559199 0.149821
39 10.066724 -0.000000 0.000000 0.000000 -0.000000 -0.200000
40 4.577573 0.000000 0.000000 -1.570000 0.000000 0.000000
41 1.907322 -0.000001 0.000000 -0.000796 0.000000 -0.000000
42 0.476830 -0.000000 -0.000000 0.000000 0.000000 0.000000
43 -0.913608 0.147559 -3.103217 -0.023192 1.339297 2.945839
44 2.707293 0.000000 -0.000000 -0.203849 -0.541074 -0.096051
45 10.066723 -0.000000 0.000001 0.000000 0.000000 -0.200000
46 4.577572 -0.000000 0.000000 1.570000 0.000000 -0.000000
47 1.907322 -0.000000 -0.000001 0.000796 -0.000000 -0.000000
48 0.476830 0.000001 0.000000 0.000000 0.000000 3.141593
49 -1.754131 -0.043973 1.525857 -0.000003 -3.141593 -0.073740
50 0.416333 -0.000000 0.000000 0.000000 -0.000000 -0.200000
51 0.416332 0.000000 0.000000 0.000000 0.000000 0.100000
52 0.095757 2.258270 -0.000000 -0.000000 0.000000 1.570796
53 0.012490 0.000000 0.000000 0.000000 0.000000 3.141593
54 -1.754130 -0.043964 -1.525858 -0.000003 -3.141593 -0.073740
55 0.416333 -0.000000 0.000000 0.000000 -0.000000 -0.200000
56 0.416333 0.000000 0.000000 0.000000 0.000000 0.100000
57 0.095756 2.258270 0.000000 0.000000 -0.000000 1.570796
58 0.012490 0.000000 0.000000 0.000000 0.000000 0.000000
time 24
0 -0.002617 0.000001 -5.968481 0.000000 0.000000 -1.001119
1 -0.000000 0.000000 -0.927911 0.000000 0.000000 1.001119
2 -0.000000 0.000000 0.000000 -1.570795 -1.570796 0.000000
3 1.754683 -0.002105 0.000003 -0.000004 -0.000001 -0.025014
4 2.644913 -0.004213 0.000742 -0.174375 0.003975 0.021766
5 5.373127 -0.003668 0.000286 -0.077718 0.003293 -0.027289
6 4.622900 -0.001142 -0.000016 0.014144 0.111247 0.173470
7 1.455385 0.000000 0.000000 -0.292577 -0.052673 0.155464
8 6.329875 -0.000000 -0.000000 0.000000 0.000000 0.000000
9 2.995308 1.987698 -0.864472 -3.141592 -0.000001 1.407923
10 0.458379 0.000001 0.000000 0.000000 0.000000 0.000000
11 2.995308 1.987696 0.870890 -3.141592 -0.000001 1.407923
12 0.458379 0.000001 0.000000 0.000000 0.000000 0.000000
13 3.078269 1.929374 0.855018 1.547494 -0.743749 1.442334
14 0.664102 -0.000000 -0.000000 0.000000 0.000000 0.000000
15 3.083701 1.962442 0.858416 1.570797 -0.011562 1.407923
16 0.559829 -0.000000 0.000000 0.000000 0.000000 0.000000
17 3.078100 1.931618 0.863325 -0.051183 -2.462692 -1.026784
18 0.682539 0.000000 0.000000 0.000000 0.000000 0.000000
19 3.061353 1.933510 0.862958 -1.459740 2.642219 -1.518602
20 0.679195 -0.000000 0.000000 0.000000 -0.000000 0.000000
21 3.081032 1.929497 0.865757 -0.000000 -3.141591 -1.071653
22 0.675652 0.000001 -0.000000 0.000000 0.000000 0.000000
23 3.066324 1.936762 0.868039 0.000000 2.615510 -1.100106
24 0.658072 0.000000 -0.000000 -0.000000 -0.000000 0.000000
25 2.989677 1.934948 -0.857061 -0.000000 2.405157 -1.244421
26 0.578150 -0.000001 -0.000000 0.000000 0.000000 0.000000
27 2.979570 1.967334 -0.884714 -0.000000 -3.141591 -1.252624
28 0.518766 0.000001 -0.000000 0.000000 0.000000 0.000000
29 2.978726 1.983216 -0.860808 -0.016269 -2.767885 -1.233359
30 0.535335 0.000000 -0.000000 0.000000 0.000000 0.000000
31 2.983528 1.967234 -0.884390 1.456493 0.640130 1.182185
32 0.444524 -0.000000 0.000000 0.000000 -0.000000 -0.000000
33 2.986611 1.992943 -0.875042 1.588345 -0.427771 1.365644
34 0.479990 -0.000000 0.000000 0.000000 0.000000 0.000000
35 2.975851 1.966180 -0.894208 -3.141592 -0.000001 1.251407
36 0.533030 0.000000 -0.000000 0.000000 0.000000 0.000000
37 -1.575326 0.231321 2.819829 -0.012235 -1.120906 2.979431
38 2.707293 0.000000 -0.000000 -0.134939 0.562930 0.151917
39 10.066724 -0.000000 0.000000 0.000000 -0.000000 -0.200000
40 4.577573 0.000000 -0.000000 -1.570000 0.000000 0.000000
41 1.907322 -0.000001 0.000000 -0.000796 0.000000 -0.000000
42 0.476831 -0.000000 -0.000000 0.000000 0.000000 0.000000
43 -0.913607 0.147559 -3.103217 -0.023523 1.342615 2.945499
44 2.707293 -0.000000 -0.000000 -0.205498 -0.544771 -0.094574
45 10.066723 -0.000000 0.000000 0.000000 0.000000 -0.200000
46 4.577572 -0.000000 0.000001 1.570000 0.000000 -0.000000
47 1.907322 0.000000 -0.000001 0.000796 -0.000000 -0.000000
48 0.476830 0.000000 0.000000 0.000000 0.000000 3.141593
49 -1.754186 -0.041787 1.525857 -0.000003 -3.141593 -0.074986
50 0.416333 -0.000000 0.000000 0.000000 -0.000000 -0.200000
51 0.416333 0.000000 0.000000 0.000000 0.000000 0.100000
52 0.095757 2.258270 -0.000000 -0.000000 0.000000 1.570796
53 0.012490 0.000000 0.000000 0.000000 0.000000 3.141593
54 -1.754186 -0.041779 -1.525858 -0.000003 -3.141593 -0.074986
55 0.416333 -0.000000 0.000000 0.000000 -0.000000 -0.200000
56 0.416333 0.000000 0.000000 0.000000 0.000000 0.100000
57 0.095756 2.258270 0.000000 0.000000 -0.000000 1.570796
58 0.012490 0.000000 0.000000 0.000000 0.000000 0.000000
time 25
0 -0.002617 0.000001 -5.964073 0.000000 0.000000 -1.001119
1 -0.000000 0.000000 -0.928670 0.000000 0.000000 1.001119
2 -0.000000 0.000000 0.000000 -1.570795 -1.570796 0.000000
3 1.754686 -0.002106 0.000003 -0.000004 -0.000001 -0.023509
4 2.644907 -0.004213 0.000742 -0.174380 0.003752 0.020496
5 5.373118 -0.003668 0.000286 -0.077726 0.003105 -0.029707
6 4.622900 -0.001142 -0.000016 0.014144 0.111247 0.173470
7 1.455385 -0.000000 0.000000 -0.292732 -0.052342 0.157713
8 6.329875 -0.000000 -0.000000 0.000000 0.000000 0.000000
9 2.995309 1.987698 -0.864472 -3.141592 -0.000001 1.407923
10 0.458379 0.000001 -0.000000 0.000000 0.000000 0.000000
11 2.995308 1.987696 0.870890 -3.141592 -0.000001 1.407923
12 0.458379 0.000001 0.000000 0.000000 0.000000 0.000000
13 3.078269 1.929374 0.855018 1.547494 -0.743749 1.442334
14 0.664102 -0.000000 -0.000000 0.000000 0.000000 0.000000
15 3.083701 1.962442 0.858416 1.570797 -0.011562 1.407923
16 0.559829 -0.000000 0.000000 0.000000 0.000000 0.000000
17 3.078100 1.931618 0.863325 -0.051183 -2.462692 -1.026784
18 0.682539 0.000000 0.000000 0.000000 0.000000 0.000000
19 3.061353 1.933510 0.862958 -1.459740 2.642219 -1.518602
20 0.679195 -0.000000 -0.000000 0.000000 -0.000000 0.000000
21 3.081032 1.929497 0.865757 -0.000000 -3.141591 -1.071653
22 0.675653 0.000001 -0.000000 0.000000 0.000000 0.000000
23 3.066324 1.936762 0.868039 0.000000 2.615510 -1.100106
24 0.658072 0.000000 -0.000000 -0.000000 -0.000000 0.000000
25 2.989677 1.934949 -0.857061 -0.000000 2.405157 -1.244421
26 0.578150 -0.000000 -0.000000 0.000000 0.000000 0.000000
27 2.979570 1.967334 -0.884714 -0.000000 -3.141591 -1.252624
28 0.518765 0.000000 -0.000000 0.000000 0.000000 0.000000
29 2.978726 1.983216 -0.860808 -0.016269 -2.767885 -1.233359
30 0.535334 -0.000001 -0.000000 0.000000 0.000000 0.000000
31 2.983528 1.967234 -0.884390 1.456493 0.640130 1.182185
32 0.444524 -0.000000 0.000000 0.000000 -0.000000 -0.000000
33 2.986611 1.992943 -0.875042 1.588345 -0.427771 1.365644
34 0.479990 -0.000000 -0.000000 0.000000 0.000000 0.000000
35 2.975851 1.966180 -0.894208 -3.141592 -0.000001 1.251407
36 0.533030 0.000000 -0.000000 0.000000 0.000000 0.000000
37 -1.575327 0.231322 2.819829 -0.012363 -1.125891 2.979573
38 2.707293 0.000000 -0.000000 -0.131597 0.567260 0.154447
39 10.066724 -0.000001 -0.000000 0.000000 -0.000000 -0.200000
40 4.577573 0.000000 -0.000000 -1.570000 0.000000 0.000000
41 1.907322 -0.000001 0.000000 -0.000796 0.000000 -0.000000
42 0.476831 -0.000001 -0.000000 0.000000 0.000000 0.000000
43 -0.913608 0.147559 -3.103217 -0.023919 1.346451 2.945093
44 2.707293 0.000000 -0.000000 -0.207525 -0.549065 -0.092771
45 10.066723 0.000000 0.000000 0.000000 0.000000 -0.200000
46 4.577572 -0.000000 0.000001 1.570000 0.000000 -0.000000
47 1.907322 0.000000 -0.000001 0.000796 -0.000000 -0.000000
48 0.476830 0.000000 0.000000 0.000000 0.000000 3.141593
49 -1.754251 -0.039147 1.525857 -0.000003 -3.141593 -0.076491
50 0.416333 -0.000000 0.000000 0.000000 -0.000000 -0.200000
51 0.416333 0.000000 0.000000 0.000000 0.000000 0.100000
52 0.095757 2.258270 -0.000000 -0.000000 0.000000 1.570796
53 0.012490 0.000000 0.000000 0.000000 0.000000 3.141593
54 -1.754251 -0.039138 -1.525858 -0.000003 -3.141593 -0.076491
55 0.416333 -0.000000 0.000000 0.000000 -0.000000 -0.200000
56 0.416333 0.000000 0.000000 0.000000 0.000000 0.100000
57 0.095756 2.258270 0.000000 0.000000 -0.000000 1.570796
58 0.012490 0.000000 0.000000 0.000000 0.000000 0.000000
time 26
0 -0.002617 0.000001 -5.959033 0.000000 0.000000 -1.001119
1 -0.000000 0.000000 -0.929302 0.000000 0.000000 1.001119
2 -0.000000 0.000000 0.000000 -1.570795 -1.570796 0.000000
3 1.754690 -0.002106 0.000003 -0.000004 -0.000001 -0.021788
4 2.644900 -0.004213 0.000742 -0.174385 0.003496 0.019044
5 5.373107 -0.003668 0.000286 -0.077734 0.002890 -0.032472
6 4.622901 -0.001142 -0.000016 0.014144 0.111247 0.173470
7 1.455385 -0.000000 0.000000 -0.292908 -0.051962 0.160284
8 6.329875 -0.000000 -0.000000 0.000000 0.000000 0.000000
9 2.995308 1.987698 -0.864472 -3.141592 -0.000001 1.407923
10 0.458379 0.000000 -0.000000 0.000000 0.000000 0.000000
11 2.995308 1.987696 0.870890 -3.141592 -0.000001 1.407923
12 0.458379 0.000001 0.000000 0.000000 0.000000 0.000000
13 3.078268 1.929374 0.855018 1.547494 -0.743749 1.442334
14 0.664102 -0.000000 -0.000000 0.000000 0.000000 0.000000
15 3.083701 1.962442 0.858416 1.570797 -0.011562 1.407923
16 0.559829 -0.000000 0.000000 0.000000 0.000000 0.000000
17 3.078100 1.931618 0.863325 -0.051183 -2.462692 -1.026784
18 0.682539 0.000000 -0.000000 0.000000 0.000000 0.000000
19 3.061353 1.933510 0.862958 -1.459740 2.642219 -1.518602
20 0.679195 -0.000000 -0.000000 0.000000 -0.000000 0.000000
21 3.081032 1.929497 0.865757 -0.000000 -3.141591 -1.071653
22 0.675652 0.000000 -0.000000 0.000000 0.000000 0.000000
23 3.066324 1.936762 0.868039 0.000000 2.615510 -1.100106
24 0.658072 0.000000 -0.000000 -0.000000 -0.000000 0.000000
25 2.989677 1.934948 -0.857061 -0.000000 2.405157 -1.244421
26 0.578150 -0.000001 -0.000000 0.000000 0.000000 0.000000
27 2.979570 1.967334 -0.884714 -0.000000 -3.141591 -1.252624
28 0.518765 0.000000 -0.000000 0.000000 0.000000 0.000000
29 2.978726 1.983216 -0.860808 -0.016269 -2.767885 -1.233359
30 0.535335 -0.000000 -0.000000 0.000000 0.000000 0.000000
31 2.983527 1.967234 -0.884390 1.456493 0.640130 1.182185
32 0.444524 -0.000000 0.000001 0.000000 -0.000000 -0.000000
33 2.986611 1.992943 -0.875042 1.588345 -0.427771 1.365644
34 0.479990 -0.000000 -0.000000 0.000000 0.000000 0.000000
35 2.975851 1.966180 -0.894208 -3.141592 -0.000001 1.251407
36 0.533030 -0.000000 -0.000000 0.000000 0.000000 0.000000
37 -1.575328 0.231322 2.819829 -0.012510 -1.131467 2.979735
38 2.707293 0.000000 -0.000001 -0.127766 0.572080 0.157346
39 10.066724 -0.000000 -0.000000 0.000000 -0.000000 -0.200000
40 4.577573 0.000000 -0.000001 -1.570000 0.000000 0.000000
41 1.907322 -0.000001 0.000000 -0.000796 0.000000 -0.000000
42 0.476831 -0.000001 -0.000000 0.000000 0.000000 0.000000
43 -0.913608 0.147559 -3.103217 -0.024374 1.350714 2.944626
44 2.707293 0.000000 0.000000 -0.209878 -0.553848 -0.090690
45 10.066723 -0.000000 0.000001 0.000000 0.000000 -0.200000
46 4.577572 -0.000000 0.000000 1.570000 0.000000 -0.000000
47 1.907322 0.000000 -0.000001 0.000796 -0.000000 -0.000000
48 0.476830 0.000001 0.000000 0.000000 0.000000 3.141593
49 -1.754319 -0.036127 1.525857 -0.000003 -3.141593 -0.078212
50 0.416333 -0.000000 0.000000 0.000000 -0.000000 -0.200000
51 0.416333 0.000000 0.000000 0.000000 0.000000 0.100000
52 0.095757 2.258270 -0.000000 -0.000000 0.000000 1.570796
53 0.012490 0.000000 0.000000 0.000000 0.000000 3.141593
54 -1.754319 -0.036119 -1.525858 -0.000003 -3.141593 -0.078212
55 0.416333 -0.000000 0.000000 0.000000 -0.000000 -0.200000
56 0.416333 0.000000 0.000000 0.000000 0.000000 0.100000
57 0.095756 2.258270 0.000000 0.000000 -0.000000 1.570796
58 0.012490 0.000000 0.000000 0.000000 0.000000 0.000000
time 27
0 -0.002617 0.000001 -5.953485 0.000000 0.000000 -1.001119
1 -0.000000 0.000000 -0.929809 0.000000 0.000000 1.001119
2 -0.000000 0.000000 0.000000 -1.570795 -1.570796 0.000000
3 1.754694 -0.002106 0.000003 -0.000004 -0.000001 -0.019894
4 2.644894 -0.004213 0.000742 -0.174391 0.003214 0.017446
5 5.373095 -0.003667 0.000286 -0.077742 0.002652 -0.035515
6 4.622900 -0.001142 -0.000016 0.014144 0.111247 0.173470
7 1.455385 -0.000000 0.000000 -0.293103 -0.051544 0.163114
8 6.329875 -0.000000 -0.000000 0.000000 0.000000 0.000000
9 2.995308 1.987698 -0.864472 -3.141592 -0.000001 1.407923
10 0.458379 -0.000000 0.000000 0.000000 0.000000 0.000000
11 2.995308 1.987696 0.870890 -3.141592 -0.000001 1.407923
12 0.458379 0.000001 0.000000 0.000000 0.000000 0.000000
13 3.078269 1.929374 0.855018 1.547494 -0.743749 1.442334
14 0.664102 -0.000000 0.000000 0.000000 0.000000 0.000000
15 3.083701 1.962442 0.858416 1.570797 -0.011562 1.407923
16 0.559829 -0.000000 0.000001 0.000000 0.000000 0.000000
17 3.078100 1.931618 0.863325 -0.051183 -2.462692 -1.026784
18 0.682539 -0.000000 0.000000 0.000000 0.000000 0.000000
19 3.061353 1.933510 0.862958 -1.459740 2.642219 -1.518602
20 0.679195 0.000000 -0.000001 0.000000 -0.000000 0.000000
21 3.081032 1.929497 0.865757 -0.000000 -3.141591 -1.071653
22 0.675652 0.000001 -0.000000 0.000000 0.000000 0.000000
23 3.066324 1.936762 0.868039 0.000000 2.615510 -1.100106
24 0.658072 -0.000000 -0.000000 -0.000000 -0.000000 0.000000
25 2.989677 1.934948 -0.857061 -0.000000 2.405157 -1.244421
26 0.578150 -0.000000 -0.000000 0.000000 0.000000 0.000000
27 2.979570 1.967334 -0.884714 -0.000000 -3.141591 -1.252624
28 0.518766 0.000000 -0.000000 0.000000 0.000000 0.000000
29 2.978726 1.983216 -0.860808 -0.016269 -2.767885 -1.233359
30 0.535335 -0.000001 -0.000000 0.000000 0.000000 0.000000
31 2.983528 1.967234 -0.884390 1.456493 0.640130 1.182185
32 0.444524 -0.000000 0.000000 0.000000 -0.000000 -0.000000
33 2.986611 1.992943 -0.875042 1.588345 -0.427771 1.365644
34 0.479990 -0.000000 0.000000 0.000000 0.000000 0.000000
35 2.975851 1.966180 -0.894208 -3.141592 -0.000001 1.251407
36 0.533030 0.000000 -0.000000 0.000000 0.000000 0.000000
37 -1.575327 0.231321 2.819829 -0.012673 -1.137509 2.979915
38 2.707294 0.000000 -0.000000 -0.123528 0.577278 0.160549
39 10.066724 0.000000 -0.000000 0.000000 -0.000000 -0.200000
40 4.577573 -0.000000 -0.000001 -1.570000 0.000000 0.000000
41 1.907322 -0.000001 0.000000 -0.000796 0.000000 -0.000000
42 0.476831 -0.000000 -0.000000 0.000000 0.000000 0.000000
43 -0.913608 0.147559 -3.103217 -0.024886 1.355310 2.944102
44 2.707293 0.000000 -0.000000 -0.212503 -0.559012 -0.088382
45 10.066723 0.000000 0.000001 0.000000 0.000000 -0.200000
46 4.577572 -0.000000 0.000000 1.570000 0.000000 -0.000000
47 1.907322 0.000000 -0.000001 0.000796 -0.000000 -0.000000
48 0.476830 -0.000000 0.000000 0.000000 0.000000 3.141593
49 -1.754388 -0.032805 1.525857 -0.000003 -3.141593 -0.080106
50 0.416333 -0.000000 0.000000 0.000000 -0.000000 -0.200000
51 0.416333 0.000000 0.000000 0.000000 0.000000 0.100000
52 0.095757 2.258270 -0.000000 -0.000000 0.000000 1.570796
53 0.012490 0.000000 0.000000 0.000000 0.000000 3.141593
54 -1.754388 -0.032796 -1.525858 -0.000003 -3.141593 -0.080106
55 0.416332 -0.000000 0.000000 0.000000 -0.000000 -0.200000
56 0.416333 0.000000 0.000000 0.000000 0.000000 0.100000
57 0.095756 2.258270 0.000000 0.000000 -0.000000 1.570796
58 0.012490 0.000000 0.000000 0.000000 0.000000 0.000000
time 28
0 -0.002617 0.000001 -5.947559 0.000000 0.000000 -1.001119
1 -0.000000 0.000000 -0.930188 0.000000 0.000000 1.001119
2 -0.000000 0.000000 0.000000 -1.570795 -1.570796 0.000000
3 1.754698 -0.002106 0.000003 -0.000004 -0.000001 -0.017870
4 2.644886 -0.004213 0.000742 -0.174396 0.002913 0.015738
5 5.373084 -0.003667 0.000286 -0.077751 0.002399 -0.038766
6 4.622900 -0.001142 -0.000016 0.014144 0.111247 0.173470
7 1.455385 -0.000000 0.000000 -0.293312 -0.051095 0.166137
8 6.329875 -0.000000 -0.000000 0.000000 0.000000 0.000000
9 2.995309 1.987698 -0.864472 -3.141592 -0.000001 1.407923
10 0.458379 0.000000 0.000000 0.000000 0.000000 0.000000
11 2.995308 1.987695 0.870890 -3.141592 -0.000001 1.407923
12 0.458379 0.000001 0.000000 0.000000 0.000000 0.000000
13 3.078269 1.929374 0.855018 1.547494 -0.743749 1.442334
14 0.664102 -0.000000 0.000000 0.000000 0.000000 0.000000
15 3.083701 1.962442 0.858416 1.570797 -0.011562 1.407923
16 0.559829 -0.000000 0.000000 0.000000 0.000000 0.000000
17 3.078101 1.931618 0.863325 -0.051183 -2.462692 -1.026784
18 0.682539 -0.000000 0.000000 0.000000 0.000000 0.000000
19 3.061353 1.933510 0.862958 -1.459740 2.642219 -1.518602
20 0.679195 -0.000000 -0.000001 0.000000 -0.000000 0.000000
21 3.081032 1.929497 0.865757 -0.000000 -3.141591 -1.071653
22 0.675652 0.000001 -0.000000 0.000000 0.000000 0.000000
23 3.066324 1.936762 0.868039 0.000000 2.615510 -1.100106
24 0.658072 0.000000 -0.000000 -0.000000 -0.000000 0.000000
25 2.989678 1.934948 -0.857061 -0.000000 2.405157 -1.244421
26 0.578150 -0.000001 0.000000 0.000000 0.000000 0.000000
27 2.979570 1.967334 -0.884714 -0.000000 -3.141591 -1.252624
28 0.518766 0.000000 -0.000000 0.000000 0.000000 0.000000
29 2.978726 1.983216 -0.860808 -0.016269 -2.767885 -1.233359
30 0.535335 -0.000000 -0.000000 0.000000 0.000000 0.000000
31 2.983528 1.967234 -0.884390 1.456493 0.640130 1.182185
32 0.444524 -0.000000 0.000001 0.000000 -0.000000 -0.000000
33 2.986611 1.992943 -0.875042 1.588345 -0.427771 1.365644
34 0.479990 -0.000000 -0.000000 0.000000 0.000000 0.000000
35 2.975851 1.966180 -0.894208 -3.141592 -0.000001 1.251407
36 0.533030 0.000001 -0.000000 0.000000 0.000000 0.000000
37 -1.575327 0.231322 2.819829 -0.012850 -1.143890 2.980110
38 2.707293 0.000000 -0.000000 -0.118969 0.582744 0.163989
39 10.066724 0.000000 0.000000 0.000000 -0.000000 -0.200000
40 4.577573 -0.000000 -0.000000 -1.570000 0.000000 0.000000
41 1.907322 -0.000000 0.000000 -0.000796 0.000000 -0.000000
42 0.476831 0.000000 -0.000000 0.000000 0.000000 0.000000
43 -0.913608 0.147559 -3.103217 -0.025449 1.360146 2.943527
44 2.707293 0.000000 -0.000000 -0.215345 -0.564450 -0.085894
45 10.066723 -0.000000 0.000001 0.000000 0.000000 -0.200000
46 4.577572 -0.000000 0.000000 1.570000 0.000000 -0.000000
47 1.907321 0.000000 -0.000001 0.000796 -0.000000 -0.000000
48 0.476830 0.000001 0.000000 0.000000 0.000000 3.141593
49 -1.754455 -0.029254 1.525857 -0.000003 -3.141593 -0.082130
50 0.416333 -0.000000 0.000000 0.000000 -0.000000 -0.200000
51 0.416333 0.000000 0.000000 0.000000 0.000000 0.100000
52 0.095757 2.258270 -0.000000 -0.000000 0.000000 1.570796
53 0.012490 0.000000 0.000000 0.000000 0.000000 3.141593
54 -1.754455 -0.029246 -1.525858 -0.000003 -3.141593 -0.082130
55 0.416333 -0.000000 0.000000 0.000000 -0.000000 -0.200000
56 0.416333 0.000000 0.000000 0.000000 0.000000 0.100000
57 0.095756 2.258270 0.000000 0.000000 -0.000000 1.570796
58 0.012490 0.000000 0.000000 0.000000 0.000000 0.000000
time 29
0 -0.002617 0.000001 -5.941380 0.000000 0.000000 -1.001119
1 -0.000000 0.000000 -0.930442 0.000000 0.000000 1.001119
2 -0.000000 0.000000 0.000000 -1.570795 -1.570796 0.000000
3 1.754702 -0.002106 0.000003 -0.000004 -0.000001 -0.015760
4 2.644879 -0.004213 0.000742 -0.174401 0.002600 0.013958
5 5.373072 -0.003666 0.000286 -0.077758 0.002135 -0.042156
6 4.622900 -0.001142 -0.000016 0.014144 0.111247 0.173470
7 1.455385 -0.000000 0.000000 -0.293529 -0.050626 0.169288
8 6.329875 -0.000000 -0.000000 0.000000 0.000000 0.000000
9 2.995309 1.987698 -0.864472 -3.141592 -0.000001 1.407923
10 0.458379 -0.000000 -0.000000 0.000000 0.000000 0.000000
11 2.995308 1.987696 0.870890 -3.141592 -0.000001 1.407923
12 0.458379 0.000002 0.000000 0.000000 0.000000 0.000000
13 3.078269 1.929374 0.855018 1.547494 -0.743749 1.442334
14 0.664102 -0.000000 0.000000 0.000000 0.000000 0.000000
15 3.083701 1.962442 0.858416 1.570797 -0.011562 1.407923
16 0.559829 -0.000000 0.000001 0.000000 0.000000 0.000000
17 3.078101 1.931618 0.863325 -0.051183 -2.462692 -1.026784
18 0.682539 0.000000 0.000000 0.000000 0.000000 0.000000
19 3.061353 1.933510 0.862958 -1.459740 2.642219 -1.518602
20 0.679195 -0.000000 -0.000001 0.000000 -0.000000 0.000000
21 3.081032 1.929497 0.865757 -0.000000 -3.141591 -1.071653
22 0.675652 0.000001 -0.000000 0.000000 0.000000 0.000000
23 3.066324 1.936762 0.868039 0.000000 2.615510 -1.100106
24 0.658072 0.000000 -0.000000 -0.000000 -0.000000 0.000000
25 2.989677 1.934948 -0.857061 -0.000000 2.405157 -1.244421
26 0.578150 -0.000000 -0.000000 0.000000 0.000000 0.000000
27 2.979570 1.967334 -0.884714 -0.000000 -3.141591 -1.252624
28 0.518765 0.000000 -0.000000 0.000000 0.000000 0.000000
29 2.978726 1.983216 -0.860808 -0.016269 -2.767885 -1.233359
30 0.535335 -0.000001 -0.000000 0.000000 0.000000 0.000000
31 2.983528 1.967234 -0.884390 1.456493 0.640130 1.182185
32 0.444524 -0.000000 0.000000 0.000000 -0.000000 -0.000000
33 2.986611 1.992943 -0.875042 1.588345 -0.427771 1.365644
34 0.479990 -0.000000 0.000000 0.000000 0.000000 0.000000
35 2.975851 1.966180 -0.894208 -3.141592 -0.000001 1.251407
36 0.533030 0.000000 -0.000000 0.000000 0.000000 0.000000
37 -1.575328 0.231322 2.819829 -0.013040 -1.150484 2.980318
38 2.707293 0.000000 -0.000000 -0.114178 0.588371 0.167597
39 10.066724 -0.000000 -0.000001 0.000000 -0.000000 -0.200000
40 4.577573 0.000000 0.000000 -1.570000 0.000000 0.000000
41 1.907322 -0.000001 0.000000 -0.000796 0.000000 -0.000000
42 0.476831 -0.000000 -0.000000 0.000000 0.000000 0.000000
43 -0.913608 0.147559 -3.103217 -0.026056 1.365130 2.942905
44 2.707293 0.000000 -0.000000 -0.218346 -0.570055 -0.083279
45 10.066723 -0.000000 0.000000 0.000000 0.000000 -0.200000
46 4.577572 -0.000000 0.000001 1.570000 0.000000 -0.000000
47 1.907322 -0.000000 -0.000001 0.000796 -0.000000 -0.000000
48 0.476830 0.000000 0.000000 0.000000 0.000000 3.141593
49 -1.754517 -0.025552 1.525857 -0.000003 -3.141593 -0.084240
50 0.416332 -0.000000 0.000000 0.000000 -0.000000 -0.200000
51 0.416333 0.000000 0.000000 0.000000 0.000000 0.100000
52 0.095757 2.258270 -0.000000 -0.000000 0.000000 1.570796
53 0.012490 0.000000 0.000000 0.000000 0.000000 3.141593
54 -1.754517 -0.025544 -1.525858 -0.000003 -3.141593 -0.084240
55 0.416333 -0.000000 0.000000 0.000000 -0.000000 -0.200000
56 0.416333 0.000000 0.000000 0.000000 0.000000 0.100000
57 0.095756 2.258270 0.000000 0.000000 -0.000000 1.570796
58 0.012490 0.000000 0.000000 0.000000 0.000000 0.000000
time 30
0 -0.002617 0.000001 -5.935074 0.000000 0.000000 -1.001119
1 -0.000000 0.000000 -0.930568 0.000000 0.000000 1.001119
2 -0.000000 0.000000 0.000000 -1.570795 -1.570796 0.000000
3 1.754707 -0.002106 0.000003 -0.000004 -0.000001 -0.013607
4 2.644870 -0.004213 0.000742 -0.174405 0.002280 0.012141
5 5.373060 -0.003666 0.000286 -0.077765 0.001866 -0.045616
6 4.622901 -0.001142 -0.000016 0.014144 0.111247 0.173470
7 1.455385 -0.000000 0.000000 -0.293752 -0.050146 0.172504
8 6.329875 -0.000000 -0.000000 0.000000 0.000000 0.000000
9 2.995309 1.987698 -0.864472 -3.141592 -0.000001 1.407923
10 0.458379 0.000000 -0.000000 0.000000 0.000000 0.000000
11 2.995308 1.987696 0.870890 -3.141592 -0.000001 1.407923
12 0.458379 0.000001 0.000000 0.000000 0.000000 0.000000
13 3.078269 1.929374 0.855018 1.547494 -0.743749 1.442334
14 0.664102 -0.000000 -0.000000 0.000000 0.000000 0.000000
15 3.083701 1.962442 0.858416 1.570797 -0.011562 1.407923
16 0.559829 -0.000000 0.000000 0.000000 0.000000 0.000000
17 3.078100 1.931618 0.863325 -0.051183 -2.462692 -1.026784
18 0.682539 0.000000 0.000000 0.000000 0.000000 0.000000
19 3.061353 1.933510 0.862958 -1.459740 2.642219 -1.518602
20 0.679195 0.000000 -0.000000 0.000000 -0.000000 0.000000
21 3.081032 1.929497 0.865757 -0.000000 -3.141591 -1.071653
22 0.675652 0.000001 -0.000000 0.000000 0.000000 0.000000
23 3.066324 1.936762 0.868039 0.000000 2.615510 -1.100106
24 0.658072 0.000000 -0.000000 -0.000000 -0.000000 0.000000
25 2.989677 1.934949 -0.857061 -0.000000 2.405157 -1.244421
26 0.578150 -0.000001 -0.000000 0.000000 0.000000 0.000000
27 2.979570 1.967334 -0.884714 -0.000000 -3.141591 -1.252624
28 0.518765 0.000000 -0.000000 0.000000 0.000000 0.000000
29 2.978726 1.983216 -0.860808 -0.016269 -2.767885 -1.233359
30 0.535335 -0.000001 -0.000000 0.000000 0.000000 0.000000
31 2.983528 1.967234 -0.884390 1.456493 0.640130 1.182185
32 0.444524 -0.000000 0.000000 0.000000 -0.000000 -0.000000
33 2.986611 1.992943 -0.875042 1.588345 -0.427771 1.365644
34 0.479990 -0.000000 -0.000000 0.000000 0.000000 0.000000
35 2.975851 1.966180 -0.894208 -3.141592 -0.000001 1.251407
36 0.533030 0.000000 -0.000000 0.000000 0.000000 0.000000
37 -1.575327 0.231321 2.819829 -0.013238 -1.157165 2.980534
38 2.707293 0.000000 0.000000 -0.109246 0.594050 0.171304
39 10.066724 -0.000000 -0.000000 0.000000 -0.000000 -0.200000
40 4.577573 0.000000 -0.000001 -1.570000 0.000000 0.000000
41 1.907322 -0.000000 0.000000 -0.000796 0.000000 -0.000000
42 0.476831 -0.000001 -0.000000 0.000000 0.000000 0.000000
43 -0.913607 0.147559 -3.103217 -0.026702 1.370168 2.942246
44 2.707293 0.000000 0.000000 -0.221449 -0.575720 -0.080588
45 10.066723 -0.000000 0.000001 0.000000 0.000000 -0.200000
46 4.577572 -0.000000 0.000001 1.570000 0.000000 -0.000000
47 1.907322 -0.000000 -0.000001 0.000796 -0.000000 -0.000000
48 0.476831 -0.000000 0.000000 0.000000 0.000000 3.141593
49 -1.754573 -0.021774 1.525857 -0.000003 -3.141593 -0.086393
50 0.416333 -0.000000 0.000000 0.000000 -0.000000 -0.200000
51 0.416333 0.000000 0.000000 0.000000 0.000000 0.100000
52 0.095757 2.258270 -0.000000 -0.000000 0.000000 1.570796
53 0.012490 0.000000 0.000000 0.000000 0.000000 3.141593
54 -1.754573 -0.021766 -1.525858 -0.000003 -3.141593 -0.086393
55 0.416333 -0.000000 0.000000 0.000000 -0.000000 -0.200000
56 0.416333 0.000000 0.000000 0.000000 0.000000 0.100000
57 0.095756 2.258270 0.000000 0.000000 -0.000000 1.570796
58 0.012490 0.000000 0.000000 0.000000 0.000000 0.000000
time 31
0 -0.002617 0.000001 -5.928768 0.000000 0.000000 -1.001119
1 -0.000000 0.000000 -0.930568 0.000000 0.000000 1.001119
2 -0.000000 0.000000 0.000000 -1.570795 -1.570796 0.000000
3 1.754712 -0.002106 0.000003 -0.000004 -0.000001 -0.011454
4 2.644863 -0.004213 0.000742 -0.174409 0.001959 0.010324
5 5.373045 -0.003665 0.000286 -0.077771 0.001596 -0.049075
6 4.622900 -0.001142 -0.000016 0.014144 0.111247 0.173470
7 1.455385 -0.000000 0.000000 -0.293975 -0.049665 0.175720
8 6.329875 -0.000000 -0.000000 0.000000 0.000000 0.000000
9 2.995308 1.987698 -0.864472 -3.141592 -0.000001 1.407923
10 0.458379 -0.000000 0.000000 0.000000 0.000000 0.000000
11 2.995308 1.987695 0.870890 -3.141592 -0.000001 1.407923
12 0.458379 0.000002 0.000000 0.000000 0.000000 0.000000
13 3.078269 1.929374 0.855018 1.547494 -0.743749 1.442334
14 0.664102 -0.000000 -0.000000 0.000000 0.000000 0.000000
15 3.083701 1.962442 0.858416 1.570797 -0.011562 1.407923
16 0.559829 -0.000000 0.000001 0.000000 0.000000 0.000000
17 3.078100 1.931618 0.863325 -0.051183 -2.462692 -1.026784
18 0.682539 0.000000 0.000000 0.000000 0.000000 0.000000
19 3.061353 1.933510 0.862958 -1.459740 2.642219 -1.518602
20 0.679195 -0.000000 -0.000001 0.000000 -0.000000 0.000000
21 3.081032 1.929497 0.865757 -0.000000 -3.141591 -1.071653
22 0.675652 0.000000 -0.000000 0.000000 0.000000 0.000000
23 3.066324 1.936762 0.868039 0.000000 2.615510 -1.100106
24 0.658072 0.000000 -0.000000 -0.000000 -0.000000 0.000000
25 2.989677 1.934948 -0.857061 -0.000000 2.405157 -1.244421
26 0.578150 -0.000001 -0.000000 0.000000 0.000000 0.000000
27 2.979570 1.967334 -0.884714 -0.000000 -3.141591 -1.252624
28 0.518766 -0.000000 -0.000000 0.000000 0.000000 0.000000
29 2.978726 1.983216 -0.860808 -0.016269 -2.767885 -1.233359
30 0.535334 -0.000000 -0.000000 0.000000 0.000000 0.000000
31 2.983527 1.967234 -0.884390 1.456493 0.640130 1.182185
32 0.444524 -0.000000 0.000001 0.000000 -0.000000 -0.000000
33 2.986611 1.992943 -0.875042 1.588345 -0.427771 1.365644
34 0.479990 -0.000000 0.000000 0.000000 0.000000 0.000000
35 2.975851 1.966180 -0.894208 -3.141592 -0.000001 1.251407
36 0.533030 -0.000000 -0.000000 0.000000 0.000000 0.000000
37 -1.575327 0.231322 2.819829 -0.013442 -1.163808 2.980757
38 2.707293 0.000000 -0.000000 -0.104269 0.599675 0.175036
39 10.066724 -0.000000 -0.000000 0.000000 -0.000000 -0.200000
40 4.577573 -0.000000 -0.000001 -1.570000 0.000000 0.000000
41 1.907322 -0.000001 0.000000 -0.000796 0.000000 -0.000000
42 0.476831 -0.000001 -0.000000 0.000000 0.000000 0.000000
43 -0.913608 0.147559 -3.103217 -0.027375 1.375167 2.941560
44 2.707293 0.000000 0.000000 -0.224589 -0.581341 -0.077874
45 10.066723 -0.000000 0.000000 0.000000 0.000000 -0.200000
46 4.577572 -0.000000 0.000001 1.570000 0.000000 -0.000000
47 1.907322 0.000000 -0.000001 0.000796 -0.000000 -0.000000
48 0.476830 0.000000 0.000000 0.000000 0.000000 3.141593
49 -1.754621 -0.017996 1.525857 -0.000003 -3.141593 -0.088546
50 0.416333 -0.000000 0.000000 0.000000 -0.000000 -0.200000
51 0.416333 -0.000000 0.000000 0.000000 0.000000 0.100000
52 0.095757 2.258270 -0.000000 -0.000000 0.000000 1.570796
53 0.012490 0.000000 0.000000 0.000000 0.000000 3.141593
54 -1.754620 -0.017988 -1.525858 -0.000003 -3.141593 -0.088546
55 0.416332 -0.000000 0.000000 0.000000 -0.000000 -0.200000
56 0.416333 0.000000 0.000000 0.000000 0.000000 0.100000
57 0.095756 2.258270 0.000000 0.000000 -0.000000 1.570796
58 0.012490 0.000000 0.000000 0.000000 0.000000 0.000000
time 32
0 -0.002617 0.000001 -5.922588 0.000000 0.000000 -1.001119
1 -0.000000 0.000000 -0.930442 0.000000 0.000000 1.001119
2 -0.000000 0.000000 0.000000 -1.570795 -1.570796 0.000000
3 1.754716 -0.002106 0.000003 -0.000004 -0.000001 -0.009344
4 2.644855 -0.004214 0.000742 -0.174412 0.001646 0.008544
5 5.373034 -0.003665 0.000286 -0.077776 0.001332 -0.052465
6 4.622900 -0.001142 -0.000016 0.014144 0.111247 0.173470
7 1.455385 0.000000 -0.000000 -0.294194 -0.049192 0.178870
8 6.329874 -0.000000 -0.000000 0.000000 0.000000 0.000000
9 2.995308 1.987698 -0.864472 -3.141592 -0.000001 1.407923
10 0.458379 0.000000 -0.000000 0.000000 0.000000 0.000000
11 2.995307 1.987695 0.870890 -3.141592 -0.000001 1.407923
12 0.458379 0.000001 0.000000 0.000000 0.000000 0.000000
13 3.078268 1.929374 0.855018 1.547494 -0.743749 1.442334
14 0.664102 -0.000000 -0.000001 0.000000 0.000000 0.000000
15 3.083700 1.962442 0.858416 1.570797 -0.011562 1.407923
16 0.559829 -0.000000 0.000001 0.000000 0.000000 0.000000
17 3.078100 1.931617 0.863325 -0.051183 -2.462692 -1.026784
18 0.682539 -0.000000 -0.000000 0.000000 0.000000 0.000000
19 3.061352 1.933510 0.862958 -1.459740 2.642219 -1.518602
20 0.679195 -0.000000 -0.000000 0.000000 -0.000000 0.000000
21 3.081031 1.929496 0.865757 -0.000000 -3.141591 -1.071653
22 0.675652 0.000000 -0.000000 0.000000 0.000000 0.000000
23 3.066323 1.936762 0.868039 0.000000 2.615510 -1.100106
24 0.658072 0.000000 -0.000000 -0.000000 -0.000000 0.000000
25 2.989677 1.934948 -0.857061 -0.000000 2.405157 -1.244421
26 0.578150 -0.000001 -0.000000 0.000000 0.000000 0.000000
27 2.979570 1.967334 -0.884714 -0.000000 -3.141591 -1.252624
28 0.518766 0.000000 -0.000000 0.000000 0.000000 0.000000
29 2.978725 1.983215 -0.860808 -0.016269 -2.767885 -1.233359
30 0.535335 -0.000000 -0.000000 0.000000 0.000000 0.000000
31 2.983527 1.967234 -0.884390 1.456493 0.640130 1.182185
32 0.444524 -0.000000 0.000000 0.000000 -0.000000 -0.000000
33 2.986611 1.992943 -0.875042 1.588345 -0.427771 1.365644
34 0.479990 -0.000000 0.000000 0.000000 0.000000 0.000000
35 2.975850 1.966180 -0.894208 -3.141592 -0.000001 1.251407
36 0.533030 0.000001 -0.000000 0.000000 0.000000 0.000000
37 -1.575327 0.231322 2.819829 -0.013647 -1.170286 2.980980
38 2.707293 0.000000 0.000000 -0.099348 0.605139 0.178719
39 10.066724 -0.000001 0.000000 0.000000 -0.000000 -0.200000
40 4.577573 0.000000 -0.000000 -1.570000 0.000000 0.000000
41 1.907322 -0.000001 0.000000 -0.000796 0.000000 -0.000000
42 0.476831 -0.000000 -0.000000 0.000000 0.000000 0.000000
43 -0.913607 0.147559 -3.103217 -0.028065 1.380034 2.940857
44 2.707294 0.000000 -0.000000 -0.227704 -0.586811 -0.075194
45 10.066723 -0.000000 0.000001 0.000000 0.000000 -0.200000
46 4.577572 -0.000000 0.000000 1.570000 0.000000 -0.000000
47 1.907321 -0.000000 -0.000001 0.000796 -0.000000 -0.000000
48 0.476830 0.000001 0.000000 0.000000 0.000000 3.141593
49 -1.754659 -0.014294 1.525857 -0.000003 -3.141593 -0.090656
50 0.416333 -0.000000 0.000000 0.000000 -0.000000 -0.200000
51 0.416332 0.000000 0.000000 0.000000 0.000000 0.100000
52 0.095757 2.258270 -0.000000 -0.000000 0.000000 1.570796
53 0.012490 0.000000 0.000000 0.000000 0.000000 3.141593
54 -1.754659 -0.014285 -1.525858 -0.000003 -3.141593 -0.090656
55 0.416333 -0.000000 0.000000 0.000000 -0.000000 -0.200000
56 0.416332 0.000000 0.000000 0.000000 0.000000 0.100000
57 0.095756 2.258270 0.000000 0.000000 -0.000000 1.570796
58 0.012490 0.000000 0.000000 0.000000 0.000000 0.000000
time 33
0 -0.002617 0.000001 -5.916662 0.000000 0.000000 -1.001119
1 -0.000000 0.000000 -0.930188 0.000000 0.000000 1.001119
2 -0.000000 0.000000 0.000000 -1.570795 -1.570796 0.000000
3 1.754720 -0.002106 0.000003 -0.000004 -0.000001 -0.007320
4 2.644847 -0.004214 0.000742 -0.174415 0.001345 0.006836
5 5.373021 -0.003664 0.000286 -0.077780 0.001078 -0.055716
6 4.622900 -0.001142 -0.000016 0.014144 0.111247 0.173470
7 1.455385 -0.000000 -0.000000 -0.294404 -0.048738 0.181892
8 6.329874 -0.000000 -0.000000 0.000000 0.000000 0.000000
9 2.995308 1.987698 -0.864472 -3.141592 -0.000001 1.407923
10 0.458379 -0.000000 0.000000 0.000000 0.000000 0.000000
11 2.995308 1.987696 0.870890 -3.141592 -0.000001 1.407923
12 0.458379 0.000001 0.000000 0.000000 0.000000 0.000000
13 3.078268 1.929374 0.855018 1.547494 -0.743749 1.442334
14 0.664102 -0.000000 -0.000000 0.000000 0.000000 0.000000
15 3.083701 1.962442 0.858416 1.570797 -0.011562 1.407923
16 0.559829 -0.000000 0.000001 0.000000 0.000000 0.000000
17 3.078100 1.931618 0.863325 -0.051183 -2.462692 -1.026784
18 0.682539 -0.000000 0.000000 0.000000 0.000000 0.000000
19 3.061353 1.933510 0.862958 -1.459740 2.642219 -1.518602
20 0.679195 -0.000000 -0.000000 0.000000 -0.000000 0.000000
21 3.081032 1.929497 0.865757 -0.000000 -3.141591 -1.071653
22 0.675653 0.000001 -0.000000 0.000000 0.000000 0.000000
23 3.066324 1.936762 0.868039 0.000000 2.615510 -1.100106
24 0.658072 0.000000 -0.000000 -0.000000 -0.000000 0.000000
25 2.989677 1.934948 -0.857061 -0.000000 2.405157 -1.244421
26 0.578150 -0.000000 0.000000 0.000000 0.000000 0.000000
27 2.979570 1.967334 -0.884714 -0.000000 -3.141591 -1.252624
28 0.518765 0.000000 -0.000000 0.000000 0.000000 0.000000
29 2.978725 1.983216 -0.860808 -0.016269 -2.767885 -1.233359
30 0.535334 0.000000 -0.000000 0.000000 0.000000 0.000000
31 2.983527 1.967234 -0.884390 1.456493 0.640130 1.182185
32 0.444524 -0.000000 0.000000 0.000000 -0.000000 -0.000000
33 2.986611 1.992943 -0.875042 1.588345 -0.427771 1.365644
34 0.479990 -0.000000 0.000000 0.000000 0.000000 0.000000
35 2.975851 1.966180 -0.894208 -3.141592 -0.000001 1.251407
36 0.533030 -0.000000 -0.000000 0.000000 0.000000 0.000000
37 -1.575328 0.231322 2.819829 -0.013850 -1.176474 2.981200
38 2.707293 0.000000 0.000000 -0.094586 0.610341 0.182276
39 10.066724 0.000000 -0.000001 0.000000 -0.000000 -0.200000
40 4.577573 -0.000000 -0.000000 -1.570000 0.000000 0.000000
41 1.907322 -0.000000 0.000000 -0.000796 0.000000 -0.000000
42 0.476831 -0.000000 -0.000000 0.000000 0.000000 0.000000
43 -0.913608 0.147559 -3.103217 -0.028757 1.384677 2.940152
44 2.707293 -0.000000 -0.000001 -0.230725 -0.592025 -0.072603
45 10.066723 -0.000000 0.000001 0.000000 0.000000 -0.200000
46 4.577572 -0.000000 0.000000 1.570000 0.000000 -0.000000
47 1.907322 0.000000 -0.000001 0.000796 -0.000000 -0.000000
48 0.476830 0.000001 0.000000 0.000000 0.000000 3.141593
49 -1.754688 -0.010743 1.525857 -0.000003 -3.141593 -0.092680
50 0.416332 -0.000000 0.000000 0.000000 -0.000000 -0.200000
51 0.416333 0.000000 0.000000 0.000000 0.000000 0.100000
52 0.095757 2.258270 -0.000000 -0.000000 0.000000 1.570796
53 0.012490 0.000000 0.000000 0.000000 0.000000 3.141593
54 -1.754688 -0.010734 -1.525858 -0.000003 -3.141593 -0.092680
55 0.416333 -0.000000 0.000000 0.000000 -0.000000 -0.200000
56 0.416332 0.000000 0.000000 0.000000 0.000000 0.100000
57 0.095756 2.258270 0.000000 0.000000 -0.000000 1.570796
58 0.012490 0.000000 0.000000 0.000000 0.000000 0.000000
time 34
0 -0.002617 0.000001 -5.911115 0.000000 0.000000 -1.001119
1 -0.000000 0.000000 -0.929809 0.000000 0.000000 1.001119
2 -0.000000 0.000000 0.000000 -1.570795 -1.570796 0.000000
3 1.754724 -0.002106 0.000003 -0.000004 -0.000001 -0.005426
4 2.644841 -0.004214 0.000742 -0.174417 0.001063 0.005238
5 5.373011 -0.003663 0.000286 -0.077783 0.000841 -0.058759
6 4.622900 -0.001142 -0.000016 0.014144 0.111247 0.173470
7 1.455385 0.000000 -0.000000 -0.294602 -0.048311 0.184719
8 6.329875 -0.000000 -0.000000 0.000000 0.000000 0.000000
9 2.995308 1.987698 -0.864473 -3.141592 -0.000001 1.407923
10 0.458379 -0.000000 -0.000000 0.000000 0.000000 0.000000
11 2.995308 1.987695 0.870890 -3.141592 -0.000001 1.407923
12 0.458379 0.000001 0.000000 0.000000 0.000000 0.000000
13 3.078269 1.929374 0.855018 1.547494 -0.743749 1.442334
14 0.664102 -0.000000 0.000000 0.000000 0.000000 0.000000
15 3.083701 1.962442 0.858416 1.570797 -0.011562 1.407923
16 0.559829 -0.000000 0.000001 0.000000 0.000000 0.000000
17 3.078100 1.931618 0.863325 -0.051183 -2.462692 -1.026784
18 0.682539 -0.000000 0.000000 0.000000 0.000000 0.000000
19 3.061353 1.933510 0.862958 -1.459740 2.642219 -1.518602
20 0.679195 -0.000000 -0.000000 0.000000 -0.000000 0.000000
21 3.081032 1.929497 0.865757 -0.000000 -3.141591 -1.071653
22 0.675652 0.000001 -0.000000 0.000000 0.000000 0.000000
23 3.066324 1.936762 0.868039 0.000000 2.615510 -1.100106
24 0.658072 0.000000 -0.000000 -0.000000 -0.000000 0.000000
25 2.989677 1.934948 -0.857061 -0.000000 2.405157 -1.244421
26 0.578150 -0.000001 -0.000000 0.000000 0.000000 0.000000
27 2.979570 1.967334 -0.884714 -0.000000 -3.141591 -1.252624
28 0.518766 0.000001 -0.000000 0.000000 0.000000 0.000000
29 2.978726 1.983216 -0.860808 -0.016269 -2.767885 -1.233359
30 0.535335 -0.000001 -0.000000 0.000000 0.000000 0.000000
31 2.983528 1.967234 -0.884390 1.456493 0.640130 1.182185
32 0.444524 -0.000000 0.000000 0.000000 -0.000000 -0.000000
33 2.986611 1.992943 -0.875042 1.588345 -0.427771 1.365644
34 0.479990 -0.000000 0.000000 0.000000 0.000000 0.000000
35 2.975851 1.966179 -0.894208 -3.141592 -0.000001 1.251407
36 0.533030 -0.000000 -0.000000 0.000000 0.000000 0.000000
37 -1.575327 0.231321 2.819829 -0.014045 -1.182245 2.981411
38 2.707293 0.000000 0.000000 -0.090092 0.615175 0.185626
39 10.066724 -0.000000 0.000000 0.000000 -0.000000 -0.200000
40 4.577573 -0.000000 -0.000000 -1.570000 0.000000 0.000000
41 1.907322 -0.000001 0.000000 -0.000796 0.000000 -0.000000
42 0.476831 -0.000000 -0.000000 0.000000 0.000000 0.000000
43 -0.913607 0.147559 -3.103217 -0.029433 1.389003 2.939464
44 2.707293 -0.000000 0.000000 -0.233583 -0.596880 -0.070159
45 10.066723 -0.000000 0.000000 0.000000 0.000000 -0.200000
46 4.577572 -0.000000 0.000001 1.570000 0.000000 -0.000000
47 1.907322 -0.000000 -0.000001 0.000796 -0.000000 -0.000000
48 0.476830 -0.000000 0.000000 0.000000 0.000000 3.141593
49 -1.754709 -0.007419 1.525857 -0.000003 -3.141592 -0.094574
50 0.416333 -0.000000 0.000000 0.000000 -0.000000 -0.200000
51 0.416333 0.000000 0.000000 0.000000 0.000000 0.100000
52 0.095757 2.258270 -0.000000 -0.000000 0.000000 1.570796
53 0.012490 0.000000 0.000000 0.000000 0.000000 3.141593
54 -1.754709 -0.007411 -1.525858 -0.000003 -3.141592 -0.094574
55 0.416333 -0.000000 0.000000 0.000000 -0.000000 -0.200000
56 0.416333 0.000000 0.000000 0.000000 0.000000 0.100000
57 0.095756 2.258270 0.000000 0.000000 -0.000000 1.570796
58 0.012490 0.000000 0.000000 0.000000 0.000000 0.000000
time 35
0 -0.002617 0.000001 -5.906075 0.000000 0.000000 -1.001119
1 -0.000000 0.000000 -0.929302 0.000000 0.000000 1.001119
2 -0.000000 0.000000 0.000000 -1.570795 -1.570796 0.000000
3 1.754728 -0.002106 0.000003 -0.000004 -0.000001 -0.003705
4 2.644834 -0.004214 0.000742 -0.174418 0.000807 0.003786
5 5.372999 -0.003663 0.000286 -0.077785 0.000626 -0.061524
6 4.622901 -0.001142 -0.000016 0.014144 0.111247 0.173470
7 1.455385 -0.000000 0.000000 -0.294781 -0.047922 0.187288
8 6.329875 -0.000000 -0.000000 0.000000 0.000000 0.000000
9 2.995309 1.987698 -0.864472 -3.141592 -0.000001 1.407923
10 0.458379 -0.000000 -0.000000 0.000000 0.000000 0.000000
11 2.995308 1.987696 0.870890 -3.141592 -0.000001 1.407923
12 0.458379 0.000001 0.000000 0.000000 0.000000 0.000000
13 3.078269 1.929374 0.855018 1.547494 -0.743749 1.442334
14 0.664102 -0.000000 -0.000000 0.000000 0.000000 0.000000
15 3.083701 1.962442 0.858416 1.570797 -0.011562 1.407923
16 0.559829 -0.000000 0.000000 0.000000 0.000000 0.000000
17 3.078100 1.931618 0.863325 -0.051183 -2.462692 -1.026784
18 0.682539 -0.000000 0.000000 0.000000 0.000000 0.000000
19 3.061353 1.933510 0.862958 -1.459740 2.642219 -1.518602
20 0.679195 -0.000000 -0.000000 0.000000 -0.000000 0.000000
21 3.081032 1.929497 0.865757 -0.000000 -3.141591 -1.071653
22 0.675652 0.000000 -0.000000 0.000000 0.000000 0.000000
23 3.066324 1.936762 0.868039 0.000000 2.615510 -1.100106
24 0.658072 0.000000 -0.000000 -0.000000 -0.000000 0.000000
25 2.989677 1.934948 -0.857061 -0.000000 2.405157 -1.244421
26 0.578150 -0.000000 -0.000000 0.000000 0.000000 0.000000
27 2.979570 1.967334 -0.884714 -0.000000 -3.141591 -1.252624
28 0.518765 0.000000 -0.000000 0.000000 0.000000 0.000000
29 2.978726 1.983216 -0.860808 -0.016269 -2.767885 -1.233359
30 0.535335 -0.000000 -0.000000 0.000000 0.000000 0.000000
31 2.983528 1.967234 -0.884390 1.456493 0.640130 1.182185
32 0.444524 -0.000000 0.000001 0.000000 -0.000000 -0.000000
33 2.986611 1.992943 -0.875042 1.588345 -0.427771 1.365644
34 0.479990 -0.000000 0.000000 0.000000 0.000000 0.000000
35 2.975851 1.966180 -0.894208 -3.141592 -0.000001 1.251407
36 0.533030 0.000000 -0.000000 0.000000 0.000000 0.000000
37 -1.575327 0.231322 2.819829 -0.014227 -1.187474 2.981607
38 2.707293 0.000000 -0.000000 -0.085976 0.619542 0.188691
39 10.066724 -0.000000 0.000000 0.000000 -0.000000 -0.200000
40 4.577573 0.000000 -0.000000 -1.570000 0.000000 0.000000
41 1.907322 -0.000001 0.000000 -0.000796 0.000000 -0.000000
42 0.476831 -0.000000 -0.000000 0.000000 0.000000 0.000000
43 -0.913608 0.147559 -3.103217 -0.030074 1.392918 2.938813
44 2.707293 0.000000 -0.000000 -0.236205 -0.601271 -0.067924
45 10.066723 -0.000000 0.000001 0.000000 0.000000 -0.200000
46 4.577572 -0.000000 0.000000 1.570000 0.000000 -0.000000
47 1.907322 -0.000001 -0.000001 0.000796 -0.000000 -0.000000
48 0.476830 0.000001 0.000000 0.000000 0.000000 3.141593
49 -1.754724 -0.004399 1.525858 -0.000003 -3.141592 -0.096295
50 0.416333 -0.000000 0.000000 0.000000 -0.000000 -0.200000
51 0.416333 0.000000 0.000000 0.000000 0.000000 0.100000
52 0.095757 2.258270 -0.000000 -0.000000 0.000000 1.570796
53 0.012490 0.000000 0.000000 0.000000 0.000000 3.141593
54 -1.754724 -0.004391 -1.525858 -0.000003 -3.141592 -0.096295
55 0.416333 -0.000000 0.000000 0.000000 -0.000000 -0.200000
56 0.416332 0.000000 0.000000 0.000000 0.000000 0.100000
57 0.095756 2.258270 0.000000 0.000000 -0.000000 1.570796
58 0.012490 0.000000 0.000000 0.000000 0.000000 0.000000
time 36
0 -0.002617 0.000001 -5.901667 0.000000 0.000000 -1.001119
1 -0.000000 0.000000 -0.928670 0.000000 0.000000 1.001119
2 -0.000000 0.000000 0.000000 -1.570795 -1.570796 0.000000
3 1.754731 -0.002106 0.000003 -0.000004 -0.000001 -0.002200
4 2.644829 -0.004214 0.000742 -0.174419 0.000584 0.002516
5 5.372991 -0.003662 0.000286 -0.077786 0.000437 -0.063942
6 4.622900 -0.001142 -0.000016 0.014144 0.111247 0.173470
7 1.455385 -0.000000 0.000000 -0.294938 -0.047582 0.189535
8 6.329874 -0.000000 -0.000000 0.000000 0.000000 0.000000
9 2.995308 1.987698 -0.864472 -3.141592 -0.000001 1.407923
10 0.458379 0.000000 0.000000 0.000000 0.000000 0.000000
11 2.995307 1.987696 0.870890 -3.141592 -0.000001 1.407923
12 0.458379 0.000001 0.000000 0.000000 0.000000 0.000000
13 3.078268 1.929374 0.855018 1.547494 -0.743749 1.442334
14 0.664102 -0.000000 -0.000000 0.000000 0.000000 0.000000
15 3.083700 1.962442 0.858416 1.570797 -0.011562 1.407923
16 0.559829 -0.000000 0.000001 0.000000 0.000000 0.000000
17 3.078100 1.931618 0.863325 -0.051183 -2.462692 -1.026784
18 0.682539 -0.000000 0.000000 0.000000 0.000000 0.000000
19 3.061352 1.933510 0.862958 -1.459740 2.642219 -1.518602
20 0.679195 -0.000000 -0.000000 0.000000 -0.000000 0.000000
21 3.081031 1.929497 0.865757 -0.000000 -3.141591 -1.071653
22 0.675652 0.000001 -0.000000 0.000000 0.000000 0.000000
23 3.066323 1.936762 0.868039 0.000000 2.615510 -1.100106
24 0.658072 0.000000 -0.000000 -0.000000 -0.000000 0.000000
25 2.989677 1.934948 -0.857061 -0.000000 2.405157 -1.244421
26 0.578150 -0.000000 -0.000000 0.000000 0.000000 0.000000
27 2.979570 1.967334 -0.884714 -0.000000 -3.141591 -1.252624
28 0.518765 0.000001 -0.000000 0.000000 0.000000 0.000000
29 2.978725 1.983216 -0.860808 -0.016269 -2.767885 -1.233359
30 0.535335 -0.000000 -0.000000 0.000000 0.000000 0.000000
31 2.983527 1.967234 -0.884390 1.456493 0.640130 1.182185
32 0.444524 -0.000000 0.000001 0.000000 -0.000000 -0.000000
33 2.986611 1.992943 -0.875042 1.588345 -0.427771 1.365644
34 0.479990 -0.000000 0.000000 0.000000 0.000000 0.000000
35 2.975850 1.966180 -0.894208 -3.141592 -0.000001 1.251407
36 0.533030 0.000000 -0.000000 0.000000 0.000000 0.000000
37 -1.575327 0.231321 2.819829 -0.014389 -1.192034 2.981782
38 2.707293 -0.000000 0.000000 -0.082351 0.623340 0.191385
39 10.066724 -0.000000 0.000000 0.000000 -0.000000 -0.200000
40 4.577573 0.000000 0.000000 -1.570000 0.000000 0.000000
41 1.907322 -0.000001 0.000000 -0.000796 0.000000 -0.000000
42 0.476831 -0.000000 -0.000000 0.000000 0.000000 0.000000
43 -0.913607 0.147559 -3.103217 -0.030656 1.396329 2.938221
44 2.707293 0.000000 0.000000 -0.238518 -0.605095 -0.065957
45 10.066723 -0.000000 0.000001 0.000000 0.000000 -0.200000
46 4.577572 -0.000000 0.000000 1.570000 0.000000 -0.000000
47 1.907321 0.000000 -0.000001 0.000796 -0.000000 -0.000000
48 0.476830 0.000000 0.000000 0.000000 0.000000 3.141593
49 -1.754731 -0.001758 1.525858 -0.000003 -3.141592 -0.097801
50 0.416333 -0.000000 0.000000 0.000000 -0.000000 -0.200000
51 0.416333 0.000000 0.000000 0.000000 0.000000 0.100000
52 0.095757 2.258270 -0.000000 -0.000000 0.000000 1.570796
53 0.012490 0.000000 0.000000 0.000000 0.000000 3.141593
54 -1.754731 -0.001750 -1.525858 -0.000003 -3.141592 -0.097801
55 0.416333 -0.000000 0.000000 0.000000 -0.000000 -0.200000
56 0.416333 -0.000000 0.000000 0.000000 0.000000 0.100000
57 0.095756 2.258270 0.000000 0.000000 -0.000000 1.570796
58 0.012490 0.000000 0.000000 0.000000 0.000000 0.000000
time 37
0 -0.002617 0.000001 -5.898018 0.000000 0.000000 -1.001119
1 -0.000000 0.000000 -0.927911 0.000000 0.000000 1.001119
2 -0.000000 0.000000 0.000000 -1.570795 -1.570796 0.000000
3 1.754734 -0.002106 0.000003 -0.000004 -0.000001 -0.000954
4 2.644824 -0.004214 0.000742 -0.174420 0.000398 0.001464
5 5.372983 -0.003662 0.000286 -0.077787 0.000281 -0.065944
6 4.622900 -0.001142 -0.000016 0.014144 0.111247 0.173470
7 1.455385 -0.000000 0.000000 -0.295068 -0.047299 0.191395
8 6.329874 -0.000000 -0.000000 0.000000 0.000000 0.000000
9 2.995308 1.987698 -0.864472 -3.141592 -0.000001 1.407923
10 0.458379 0.000000 -0.000000 0.000000 0.000000 0.000000
11 2.995307 1.987696 0.870890 -3.141592 -0.000001 1.407923
12 0.458379 0.000001 0.000000 0.000000 0.000000 0.000000
13 3.078268 1.929374 0.855018 1.547494 -0.743749 1.442334
14 0.664102 -0.000000 0.000000 0.000000 0.000000 0.000000
15 3.083700 1.962442 0.858416 1.570797 -0.011562 1.407923
16 0.559829 -0.000000 0.000000 0.000000 0.000000 0.000000
17 3.078100 1.931618 0.863325 -0.051183 -2.462692 -1.026784
18 0.682539 -0.000000 0.000000 0.000000 0.000000 0.000000
19 3.061352 1.933510 0.862958 -1.459740 2.642219 -1.518602
20 0.679195 -0.000000 -0.000001 0.000000 -0.000000 0.000000
21 3.081031 1.929497 0.865757 -0.000000 -3.141591 -1.071653
22 0.675652 0.000001 -0.000000 0.000000 0.000000 0.000000
23 3.066323 1.936762 0.868039 0.000000 2.615510 -1.100106
24 0.658072 0.000001 -0.000000 -0.000000 -0.000000 0.000000
25 2.989677 1.934948 -0.857061 -0.000000 2.405157 -1.244421
26 0.578150 -0.000000 -0.000000 0.000000 0.000000 0.000000
27 2.979570 1.967334 -0.884714 -0.000000 -3.141591 -1.252624
28 0.518765 -0.000000 -0.000000 0.000000 0.000000 0.000000
29 2.978725 1.983215 -0.860808 -0.016269 -2.767885 -1.233359
30 0.535335 -0.000000 -0.000000 0.000000 0.000000 0.000000
31 2.983527 1.967234 -0.884390 1.456493 0.640130 1.182185
32 0.444524 -0.000000 0.000000 0.000000 -0.000000 -0.000000
33 2.986611 1.992943 -0.875042 1.588345 -0.427771 1.365644
34 0.479990 -0.000000 0.000000 0.000000 0.000000 0.000000
35 2.975850 1.966180 -0.894208 -3.141592 -0.000001 1.251407
36 0.533030 -0.000000 -0.000000 0.000000 0.000000 0.000000
37 -1.575327 0.231322 2.819829 -0.014527 -1.195801 2.981930
38 2.707293 0.000000 0.000000 -0.079333 0.626468 0.193626
39 10.066724 0.000000 0.000000 0.000000 -0.000000 -0.200000
40 4.577573 -0.000000 -0.000000 -1.570000 0.000000 0.000000
41 1.907322 -0.000000 0.000000 -0.000796 0.000000 -0.000000
42 0.476831 -0.000001 -0.000000 0.000000 0.000000 0.000000
43 -0.913607 0.147559 -3.103217 -0.031154 1.399144 2.937716
44 2.707294 0.000000 0.000000 -0.240447 -0.608248 -0.064320
45 10.066723 0.000000 0.000000 0.000000 0.000000 -0.200000
46 4.577572 -0.000000 0.000001 1.570000 0.000000 -0.000000
47 1.907322 0.000000 -0.000001 0.000796 -0.000000 -0.000000
48 0.476830 0.000000 0.000000 0.000000 0.000000 3.141593
49 -1.754735 0.000428 1.525858 -0.000003 -3.141592 -0.099046
50 0.416333 -0.000000 0.000000 0.000000 -0.000000 -0.200000
51 0.416333 0.000000 0.000000 0.000000 0.000000 0.100000
52 0.095757 2.258270 -0.000000 -0.000000 0.000000 1.570796
53 0.012490 0.000000 0.000000 0.000000 0.000000 3.141593
54 -1.754735 0.000437 -1.525858 -0.000003 -3.141592 -0.099046
55 0.416333 -0.000000 0.000000 0.000000 -0.000000 -0.200000
56 0.416333 0.000000 0.000000 0.000000 0.000000 0.100000
57 0.095756 2.258270 0.000000 0.000000 -0.000000 1.570796
58 0.012490 0.000000 0.000000 0.000000 0.000000 0.000000
time 38
0 -0.002617 0.000001 -5.895255 0.000000 0.000000 -1.001119
1 -0.000000 0.000000 -0.927025 0.000000 0.000000 1.001119
2 -0.000000 0.000000 0.000000 -1.570795 -1.570796 0.000000
3 1.754735 -0.002106 0.000003 -0.000004 -0.000001 -0.000010
4 2.644821 -0.004214 0.000742 -0.174420 0.000258 0.000668
5 5.372978 -0.003661 0.000286 -0.077787 0.000163 -0.067460
6 4.622900 -0.001142 -0.000016 0.014144 0.111247 0.173470
7 1.455385 -0.000000 0.000000 -0.295167 -0.047085 0.192803
8 6.329875 -0.000000 -0.000000 0.000000 0.000000 0.000000
9 2.995309 1.987698 -0.864472 -3.141592 -0.000001 1.407923
10 0.458379 0.000000 -0.000000 0.000000 0.000000 0.000000
11 2.995308 1.987696 0.870890 -3.141592 -0.000001 1.407923
12 0.458379 0.000001 0.000000 0.000000 0.000000 0.000000
13 3.078269 1.929374 0.855018 1.547494 -0.743749 1.442334
14 0.664102 -0.000000 -0.000000 0.000000 0.000000 0.000000
15 3.083701 1.962442 0.858416 1.570797 -0.011562 1.407923
16 0.559829 -0.000000 0.000001 0.000000 0.000000 0.000000
17 3.078101 1.931618 0.863325 -0.051183 -2.462692 -1.026784
18 0.682539 0.000000 0.000000 0.000000 0.000000 0.000000
19 3.061353 1.933510 0.862958 -1.459740 2.642219 -1.518602
20 0.679195 -0.000000 -0.000001 0.000000 -0.000000 0.000000
21 3.081032 1.929497 0.865757 -0.000000 -3.141591 -1.071653
22 0.675653 0.000000 -0.000000 0.000000 0.000000 0.000000
23 3.066324 1.936762 0.868039 0.000000 2.615510 -1.100106
24 0.658072 -0.000000 -0.000000 -0.000000 -0.000000 0.000000
25 2.989678 1.934948 -0.857061 -0.000000 2.405157 -1.244421
26 0.578150 -0.000001 -0.000000 0.000000 0.000000 0.000000
27 2.979571 1.967334 -0.884714 -0.000000 -3.141591 -1.252624
28 0.518765 -0.000000 -0.000000 0.000000 0.000000 0.000000
29 2.978726 1.983216 -0.860808 -0.016269 -2.767885 -1.233359
30 0.535335 0.000000 -0.000000 0.000000 0.000000 0.000000
31 2.983528 1.967234 -0.884390 1.456493 0.640130 1.182185
32 0.444524 -0.000000 0.000001 0.000000 -0.000000 -0.000000
33 2.986612 1.992943 -0.875042 1.588345 -0.427771 1.365644
34 0.479990 -0.000000 -0.000000 0.000000 0.000000 0.000000
35 2.975851 1.966180 -0.894208 -3.141592 -0.000001 1.251407
36 0.533030 -0.000000 -0.000000 0.000000 0.000000 0.000000
37 -1.575327 0.231321 2.819829 -0.014633 -1.198647 2.982044
38 2.707293 0.000000 0.000000 -0.077037 0.628828 0.195329
39 10.066724 -0.000000 -0.000000 0.000000 -0.000000 -0.200000
40 4.577573 0.000000 -0.000000 -1.570000 0.000000 0.000000
41 1.907322 -0.000001 0.000000 -0.000796 0.000000 -0.000000
42 0.476830 -0.000001 -0.000000 0.000000 0.000000 0.000000
43 -0.913607 0.147559 -3.103217 -0.031541 1.401270 2.937323
44 2.707293 -0.000000 -0.000000 -0.241915 -0.610629 -0.063075
45 10.066723 -0.000000 0.000000 0.000000 0.000000 -0.200000
46 4.577572 -0.000000 0.000001 1.570000 0.000000 -0.000000
47 1.907321 -0.000000 -0.000001 0.000796 -0.000000 -0.000000
48 0.476831 0.000000 0.000000 0.000000 0.000000 3.141593
49 -1.754735 0.002084 1.525858 -0.000003 -3.141592 -0.099990
50 0.416333 -0.000000 0.000000 0.000000 -0.000000 -0.200000
51 0.416333 0.000000 0.000000 0.000000 0.000000 0.100000
52 0.095757 2.258270 -0.000000 -0.000000 0.000000 1.570796
53 0.012490 0.000000 0.000000 0.000000 0.000000 3.141593
54 -1.754735 0.002092 -1.525858 -0.000003 -3.141592 -0.099990
55 0.416333 -0.000000 0.000000 0.000000 -0.000000 -0.200000
56 0.416333 0.000000 0.000000 0.000000 0.000000 0.100000
57 0.095756 2.258270 0.000000 0.000000 -0.000000 1.570796
58 0.012490 0.000000 0.000000 0.000000 0.000000 0.000000
time 39
0 -0.002617 0.000001 -5.893505 0.000000 0.000000 -1.001119
1 -0.000000 0.000000 -0.926013 0.000000 0.000000 1.001119
2 -0.000000 0.000000 0.000000 -1.570795 -1.570796 0.000000
3 1.754737 -0.002106 0.000003 -0.000004 -0.000001 0.000587
4 2.644819 -0.004214 0.000742 -0.174420 0.000169 0.000164
5 5.372975 -0.003661 0.000286 -0.077787 0.000088 -0.068420
6 4.622900 -0.001142 -0.000016 0.014144 0.111247 0.173470
7 1.455385 0.000000 0.000000 -0.295229 -0.046949 0.193695
8 6.329874 -0.000000 -0.000000 0.000000 0.000000 0.000000
9 2.995308 1.987698 -0.864472 -3.141592 -0.000001 1.407923
10 0.458379 -0.000000 0.000000 0.000000 0.000000 0.000000
11 2.995308 1.987696 0.870890 -3.141592 -0.000001 1.407923
12 0.458379 0.000001 0.000000 0.000000 0.000000 0.000000
13 3.078268 1.929374 0.855018 1.547494 -0.743749 1.442334
14 0.664102 -0.000000 0.000000 0.000000 0.000000 0.000000
15 3.083701 1.962442 0.858416 1.570797 -0.011562 1.407923
16 0.559829 -0.000000 0.000001 0.000000 0.000000 0.000000
17 3.078100 1.931618 0.863325 -0.051183 -2.462692 -1.026784
18 0.682539 -0.000000 -0.000000 0.000000 0.000000 0.000000
19 3.061353 1.933510 0.862958 -1.459740 2.642219 -1.518602
20 0.679195 -0.000000 -0.000001 0.000000 -0.000000 0.000000
21 3.081031 1.929497 0.865757 -0.000000 -3.141591 -1.071653
22 0.675652 0.000001 -0.000000 0.000000 0.000000 0.000000
23 3.066324 1.936762 0.868039 0.000000 2.615510 -1.100106
24 0.658072 -0.000000 -0.000000 -0.000000 -0.000000 0.000000
25 2.989677 1.934948 -0.857062 -0.000000 2.405157 -1.244421
26 0.578150 -0.000000 0.000000 0.000000 0.000000 0.000000
27 2.979570 1.967334 -0.884714 -0.000000 -3.141591 -1.252624
28 0.518765 -0.000000 -0.000000 0.000000 0.000000 0.000000
29 2.978725 1.983216 -0.860808 -0.016269 -2.767885 -1.233359
30 0.535334 -0.000000 -0.000000 0.000000 0.000000 0.000000
31 2.983527 1.967234 -0.884390 1.456493 0.640130 1.182185
32 0.444524 -0.000000 0.000000 0.000000 -0.000000 -0.000000
33 2.986611 1.992943 -0.875042 1.588345 -0.427771 1.365644
34 0.479990 -0.000000 0.000000 0.000000 0.000000 0.000000
35 2.975851 1.966180 -0.894208 -3.141592 -0.000001 1.251407
36 0.533030 -0.000000 -0.000000 0.000000 0.000000 0.000000
37 -1.575327 0.231322 2.819829 -0.014701 -1.200447 2.982117
38 2.707293 0.000000 0.000000 -0.075578 0.630318 0.196411
39 10.066724 -0.000000 0.000000 0.000000 -0.000000 -0.200000
40 4.577573 0.000000 0.000000 -1.570000 0.000000 0.000000
41 1.907322 -0.000001 0.000000 -0.000796 0.000000 -0.000000
42 0.476830 -0.000000 -0.000000 0.000000 0.000000 0.000000
43 -0.913607 0.147559 -3.103217 -0.031791 1.402614 2.937070
44 2.707294 0.000000 0.000000 -0.242850 -0.612133 -0.062284
45 10.066723 -0.000000 0.000001 0.000000 0.000000 -0.200000
46 4.577572 -0.000000 0.000000 1.570000 0.000000 -0.000000
47 1.907322 -0.000000 -0.000001 0.000796 -0.000000 -0.000000
48 0.476830 0.000001 0.000000 0.000000 0.000000 3.141593
49 -1.754735 0.003133 1.525858 -0.000003 -3.141592 -0.100588
50 0.416333 -0.000000 0.000000 0.000000 -0.000000 -0.200000
51 0.416333 -0.000000 0.000000 0.000000 0.000000 0.100000
52 0.095757 2.258270 -0.000000 -0.000000 0.000000 1.570796
53 0.012490 0.000000 0.000000 0.000000 0.000000 3.141593
54 -1.754735 0.003141 -1.525858 -0.000003 -3.141592 -0.100588
55 0.416333 -0.000000 0.000000 0.000000 -0.000000 -0.200000
56 0.416333 0.000000 0.000000 0.000000 0.000000 0.100000
57 0.095756 2.258270 0.000000 0.000000 -0.000000 1.570796
58 0.012490 0.000000 0.000000 0.000000 0.000000 0.000000
time 40
0 -0.002617 0.000001 -5.892893 0.000000 0.000000 -1.001119
1 -0.000000 0.000000 -0.924874 0.000000 0.000000 1.001119
2 -0.000000 0.000000 0.000000 -1.570795 -1.570796 0.000000
3 1.754737 -0.002106 0.000003 -0.000004 -0.000001 0.000796
4 2.644818 -0.004214 0.000742 -0.174420 0.000138 -0.000012
5 5.372973 -0.003661 0.000286 -0.077787 0.000062 -0.068756
6 4.622900 -0.001142 -0.000016 0.014144 0.111247 0.173470
7 1.455384 0.000000 -0.000000 -0.295251 -0.046902 0.194006
8 6.329875 -0.000000 -0.000000 0.000000 0.000000 0.000000
9 2.995309 1.987698 -0.864473 -3.141592 -0.000001 1.407923
10 0.458379 0.000000 -0.000000 0.000000 0.000000 0.000000
11 2.995308 1.987695 0.870890 -3.141592 -0.000001 1.407923
12 0.458379 0.000001 0.000000 0.000000 0.000000 0.000000
13 3.078269 1.929374 0.855018 1.547494 -0.743749 1.442334
14 0.664102 -0.000000 -0.000000 0.000000 0.000000 0.000000
15 3.083701 1.962442 0.858416 1.570797 -0.011562 1.407923
16 0.559829 -0.000000 -0.000000 0.000000 0.000000 0.000000
17 3.078100 1.931617 0.863325 -0.051183 -2.462692 -1.026784
18 0.682539 -0.000000 0.000000 0.000000 0.000000 0.000000
19 3.061353 1.933510 0.862958 -1.459740 2.642219 -1.518602
20 0.679195 0.000000 -0.000001 0.000000 -0.000000 0.000000
21 3.081032 1.929496 0.865757 -0.000000 -3.141591 -1.071653
22 0.675653 0.000001 -0.000000 0.000000 0.000000 0.000000
23 3.066324 1.936762 0.868039 0.000000 2.615510 -1.100106
24 0.658072 0.000001 -0.000000 -0.000000 -0.000000 0.000000
25 2.989677 1.934948 -0.857061 -0.000000 2.405157 -1.244421
26 0.578150 -0.000001 0.000000 0.000000 0.000000 0.000000
27 2.979570 1.967334 -0.884714 -0.000000 -3.141591 -1.252624
28 0.518765 0.000000 -0.000000 0.000000 0.000000 0.000000
29 2.978726 1.983215 -0.860808 -0.016269 -2.767885 -1.233359
30 0.535334 -0.000001 -0.000000 0.000000 0.000000 0.000000
31 2.983528 1.967234 -0.884390 1.456493 0.640130 1.182185
32 0.444524 -0.000000 0.000000 0.000000 -0.000000 -0.000000
33 2.986611 1.992943 -0.875042 1.588345 -0.427771 1.365644
34 0.479990 -0.000000 0.000000 0.000000 0.000000 0.000000
35 2.975851 1.966180 -0.894208 -3.141592 -0.000001 1.251407
36 0.533030 -0.000000 -0.000000 0.000000 0.000000 0.000000
37 -1.575327 0.231321 2.819829 -0.014725 -1.201075 2.982143
38 2.707294 -0.000000 -0.000000 -0.075067 0.630838 0.196789
39 10.066724 -0.000000 -0.000000 0.000000 -0.000000 -0.200000
40 4.577573 0.000000 0.000000 -1.570000 0.000000 0.000000
41 1.907322 -0.000001 0.000000 -0.000796 0.000000 -0.000000
42 0.476831 -0.000000 -0.000000 0.000000 0.000000 0.000000
43 -0.913608 0.147559 -3.103217 -0.031879 1.403082 2.936981
44 2.707293 0.000000 0.000000 -0.243177 -0.612658 -0.062007
45 10.066722 -0.000000 0.000001 0.000000 0.000000 -0.200000
46 4.577572 -0.000000 0.000000 1.570000 0.000000 -0.000000
47 1.907322 -0.000000 -0.000001 0.000796 -0.000000 -0.000000
48 0.476830 0.000001 0.000000 0.000000 0.000000 3.141593
49 -1.754735 0.003499 1.525858 -0.000003 -3.141592 -0.100796
50 0.416332 -0.000000 0.000000 0.000000 -0.000000 -0.200000
51 0.416333 0.000000 0.000000 0.000000 0.000000 0.100000
52 0.095757 2.258270 -0.000000 -0.000000 0.000000 1.570796
53 0.012490 0.000000 0.000000 0.000000 0.000000 3.141593
54 -1.754735 0.003507 -1.525858 -0.000003 -3.141592 -0.100796
55 0.416333 -0.000000 0.000000 0.000000 -0.000000 -0.200000
56 0.416333 0.000000 0.000000 0.000000 0.000000 0.100000
57 0.095756 2.258270 0.000000 0.000000 -0.000000 1.570796
58 0.012490 0.000000 0.000000 0.000000 0.000000 0.000000
time 41
0 -0.002617 0.000001 -5.893505 0.000000 0.000000 -1.001119
1 -0.000000 0.000000 -0.923650 0.000000 0.000000 1.001119
2 -0.000000 0.000000 0.000000 -1.570795 -1.570796 0.000000
3 1.754737 -0.002106 0.000003 -0.000004 -0.000001 0.000587
4 2.644819 -0.004214 0.000742 -0.174420 0.000169 0.000164
5 5.372975 -0.003661 0.000286 -0.077787 0.000088 -0.068420
6 4.622900 -0.001142 -0.000016 0.014144 0.111247 0.173470
7 1.455385 0.000000 0.000000 -0.295229 -0.046949 0.193695
8 6.329874 -0.000000 -0.000000 0.000000 0.000000 0.000000
9 2.995308 1.987698 -0.864472 -3.141592 -0.000001 1.407923
10 0.458379 -0.000000 0.000000 0.000000 0.000000 0.000000
11 2.995308 1.987696 0.870890 -3.141592 -0.000001 1.407923
12 0.458379 0.000001 0.000000 0.000000 0.000000 0.000000
13 3.078268 1.929374 0.855018 1.547494 -0.743749 1.442334
14 0.664102 -0.000000 0.000000 0.000000 0.000000 0.000000
15 3.083701 1.962442 0.858416 1.570797 -0.011562 1.407923
16 0.559829 -0.000000 0.000001 0.000000 0.000000 0.000000
17 3.078100 1.931618 0.863325 -0.051183 -2.462692 -1.026784
18 0.682539 -0.000000 -0.000000 0.000000 0.000000 0.000000
19 3.061353 1.933510 0.862958 -1.459740 2.642219 -1.518602
20 0.679195 -0.000000 -0.000001 0.000000 -0.000000 0.000000
21 3.081031 1.929497 0.865757 -0.000000 -3.141591 -1.071653
22 0.675652 0.000001 -0.000000 0.000000 0.000000 0.000000
23 3.066324 1.936762 0.868039 0.000000 2.615510 -1.100106
24 0.658072 -0.000000 -0.000000 -0.000000 -0.000000 0.000000
25 2.989677 1.934948 -0.857062 -0.000000 2.405157 -1.244421
26 0.578150 -0.000000 0.000000 0.000000 0.000000 0.000000
27 2.979570 1.967334 -0.884714 -0.000000 -3.141591 -1.252624
28 0.518765 -0.000000 -0.000000 0.000000 0.000000 0.000000
29 2.978725 1.983216 -0.860808 -0.016269 -2.767885 -1.233359
30 0.535334 -0.000000 -0.000000 0.000000 0.000000 0.000000
31 2.983527 1.967234 -0.884390 1.456493 0.640130 1.182185
32 0.444524 -0.000000 0.000000 0.000000 -0.000000 -0.000000
33 2.986611 1.992943 -0.875042 1.588345 -0.427771 1.365644
34 0.479990 -0.000000 0.000000 0.000000 0.000000 0.000000
35 2.975851 1.966180 -0.894208 -3.141592 -0.000001 1.251407
36 0.533030 -0.000000 -0.000000 0.000000 0.000000 0.000000
37 -1.575327 0.231322 2.819829 -0.014701 -1.200447 2.982117
38 2.707293 0.000000 0.000000 -0.075578 0.630318 0.196411
39 10.066724 -0.000000 0.000000 0.000000 -0.000000 -0.200000
40 4.577573 0.000000 0.000000 -1.570000 0.000000 0.000000
41 1.907322 -0.000001 0.000000 -0.000796 0.000000 -0.000000
42 0.476830 -0.000000 -0.000000 0.000000 0.000000 0.000000
43 -0.913607 0.147559 -3.103217 -0.031791 1.402614 2.937070
44 2.707294 0.000000 -0.000000 -0.242850 -0.612133 -0.062284
45 10.066723 -0.000000 0.000001 0.000000 0.000000 -0.200000
46 4.577572 -0.000000 0.000000 1.570000 0.000000 -0.000000
47 1.907322 -0.000000 -0.000001 0.000796 -0.000000 -0.000000
48 0.476830 0.000001 0.000000 0.000000 0.000000 3.141593
49 -1.754735 0.003133 1.525858 -0.000003 -3.141592 -0.100588
50 0.416333 -0.000000 0.000000 0.000000 -0.000000 -0.200000
51 0.416333 -0.000000 0.000000 0.000000 0.000000 0.100000
52 0.095757 2.258270 -0.000000 -0.000000 0.000000 1.570796
53 0.012490 0.000000 0.000000 0.000000 0.000000 3.141593
54 -1.754735 0.003141 -1.525858 -0.000003 -3.141592 -0.100588
55 0.416333 -0.000000 0.000000 0.000000 -0.000000 -0.200000
56 0.416333 0.000000 0.000000 0.000000 0.000000 0.100000
57 0.095756 2.258270 0.000000 0.000000 -0.000000 1.570796
58 0.012490 0.000000 0.000000 0.000000 0.000000 0.000000
time 42
0 -0.002617 0.000001 -5.895255 0.000000 0.000000 -1.001119
1 -0.000000 0.000000 -0.922512 0.000000 0.000000 1.001119
2 -0.000000 0.000000 0.000000 -1.570795 -1.570796 0.000000
3 1.754735 -0.002106 0.000003 -0.000004 -0.000001 -0.000010
4 2.644821 -0.004214 0.000742 -0.174420 0.000258 0.000668
5 5.372978 -0.003661 0.000286 -0.077787 0.000163 -0.067460
6 4.622900 -0.001142 -0.000016 0.014144 0.111247 0.173470
7 1.455385 0.000000 0.000000 -0.295167 -0.047085 0.192803
8 6.329875 -0.000000 -0.000000 0.000000 0.000000 0.000000
9 2.995309 1.987698 -0.864472 -3.141592 -0.000001 1.407923
10 0.458379 0.000000 -0.000000 0.000000 0.000000 0.000000
11 2.995308 1.987696 0.870890 -3.141592 -0.000001 1.407923
12 0.458379 0.000001 0.000000 0.000000 0.000000 0.000000
13 3.078269 1.929374 0.855018 1.547494 -0.743749 1.442334
14 0.664102 -0.000000 -0.000000 0.000000 0.000000 0.000000
15 3.083701 1.962442 0.858416 1.570797 -0.011562 1.407923
16 0.559829 -0.000000 0.000001 0.000000 0.000000 0.000000
17 3.078101 1.931618 0.863325 -0.051183 -2.462692 -1.026784
18 0.682539 -0.000000 0.000000 0.000000 0.000000 0.000000
19 3.061353 1.933510 0.862958 -1.459740 2.642219 -1.518602
20 0.679195 -0.000000 -0.000001 0.000000 -0.000000 0.000000
21 3.081032 1.929497 0.865757 -0.000000 -3.141591 -1.071653
22 0.675652 0.000001 -0.000000 0.000000 0.000000 0.000000
23 3.066324 1.936762 0.868039 0.000000 2.615510 -1.100106
24 0.658072 -0.000000 -0.000000 -0.000000 -0.000000 0.000000
25 2.989678 1.934948 -0.857061 -0.000000 2.405157 -1.244421
26 0.578150 -0.000001 -0.000000 0.000000 0.000000 0.000000
27 2.979571 1.967334 -0.884714 -0.000000 -3.141591 -1.252624
28 0.518765 -0.000000 -0.000000 0.000000 0.000000 0.000000
29 2.978726 1.983216 -0.860808 -0.016269 -2.767885 -1.233359
30 0.535335 0.000000 -0.000000 0.000000 0.000000 0.000000
31 2.983528 1.967234 -0.884390 1.456493 0.640130 1.182185
32 0.444524 -0.000000 0.000001 0.000000 -0.000000 -0.000000
33 2.986612 1.992943 -0.875042 1.588345 -0.427771 1.365644
34 0.479990 -0.000000 -0.000000 0.000000 0.000000 0.000000
35 2.975851 1.966180 -0.894208 -3.141592 -0.000001 1.251407
36 0.533030 -0.000000 -0.000000 0.000000 0.000000 0.000000
37 -1.575327 0.231322 2.819829 -0.014633 -1.198647 2.982044
38 2.707293 0.000000 0.000000 -0.077037 0.628828 0.195329
39 10.066724 -0.000000 -0.000000 0.000000 -0.000000 -0.200000
40 4.577573 0.000000 -0.000000 -1.570000 0.000000 0.000000
41 1.907322 -0.000001 0.000000 -0.000796 0.000000 -0.000000
42 0.476830 -0.000001 -0.000000 0.000000 0.000000 0.000000
43 -0.913607 0.147559 -3.103217 -0.031541 1.401270 2.937323
44 2.707293 0.000000 -0.000000 -0.241915 -0.610629 -0.063075
45 10.066723 -0.000000 0.000000 0.000000 0.000000 -0.200000
46 4.577572 -0.000000 0.000001 1.570000 0.000000 -0.000000
47 1.907321 -0.000000 -0.000001 0.000796 -0.000000 -0.000000
48 0.476831 0.000000 0.000000 0.000000 0.000000 3.141593
49 -1.754735 0.002084 1.525858 -0.000003 -3.141592 -0.099990
50 0.416333 -0.000000 0.000000 0.000000 -0.000000 -0.200000
51 0.416333 0.000000 0.000000 0.000000 0.000000 0.100000
52 0.095757 2.258270 -0.000000 -0.000000 0.000000 1.570796
53 0.012490 0.000000 0.000000 0.000000 0.000000 3.141593
54 -1.754735 0.002092 -1.525858 -0.000003 -3.141592 -0.099990
55 0.416333 -0.000000 0.000000 0.000000 -0.000000 -0.200000
56 0.416333 0.000000 0.000000 0.000000 0.000000 0.100000
57 0.095756 2.258270 0.000000 0.000000 -0.000000 1.570796
58 0.012490 0.000000 0.000000 0.000000 0.000000 0.000000
time 43
0 -0.002617 0.000001 -5.898018 0.000000 0.000000 -1.001119
1 -0.000000 0.000000 -0.921499 0.000000 0.000000 1.001119
2 -0.000000 0.000000 0.000000 -1.570795 -1.570796 0.000000
3 1.754734 -0.002106 0.000003 -0.000004 -0.000001 -0.000954
4 2.644824 -0.004214 0.000742 -0.174420 0.000398 0.001464
5 5.372983 -0.003662 0.000286 -0.077787 0.000281 -0.065944
6 4.622900 -0.001142 -0.000016 0.014144 0.111247 0.173470
7 1.455385 -0.000000 -0.000000 -0.295068 -0.047299 0.191395
8 6.329874 -0.000000 -0.000000 0.000000 0.000000 0.000000
9 2.995308 1.987698 -0.864472 -3.141592 -0.000001 1.407923
10 0.458379 0.000000 0.000000 0.000000 0.000000 0.000000
11 2.995307 1.987696 0.870890 -3.141592 -0.000001 1.407923
12 0.458379 0.000001 0.000000 0.000000 0.000000 0.000000
13 3.078268 1.929374 0.855018 1.547494 -0.743749 1.442334
14 0.664102 -0.000000 -0.000001 0.000000 0.000000 0.000000
15 3.083700 1.962442 0.858416 1.570797 -0.011562 1.407923
16 0.559829 -0.000000 0.000000 0.000000 0.000000 0.000000
17 3.078100 1.931618 0.863325 -0.051183 -2.462692 -1.026784
18 0.682539 -0.000000 0.000000 0.000000 0.000000 0.000000
19 3.061352 1.933510 0.862958 -1.459740 2.642219 -1.518602
20 0.679195 -0.000000 -0.000001 0.000000 -0.000000 0.000000
21 3.081031 1.929497 0.865757 -0.000000 -3.141591 -1.071653
22 0.675652 0.000001 -0.000000 0.000000 0.000000 0.000000
23 3.066323 1.936762 0.868039 0.000000 2.615510 -1.100106
24 0.658072 0.000001 -0.000000 -0.000000 -0.000000 0.000000
25 2.989677 1.934948 -0.857061 -0.000000 2.405157 -1.244421
26 0.578150 -0.000001 -0.000000 0.000000 0.000000 0.000000
27 2.979570 1.967334 -0.884714 -0.000000 -3.141591 -1.252624
28 0.518765 -0.000000 -0.000000 0.000000 0.000000 0.000000
29 2.978725 1.983216 -0.860808 -0.016269 -2.767885 -1.233359
30 0.535334 -0.000000 -0.000000 0.000000 0.000000 0.000000
31 2.983527 1.967234 -0.884390 1.456493 0.640130 1.182185
32 0.444524 -0.000000 0.000000 0.000000 -0.000000 -0.000000
33 2.986611 1.992943 -0.875042 1.588345 -0.427771 1.365644
34 0.479990 -0.000000 0.000000 0.000000 0.000000 0.000000
35 2.975850 1.966180 -0.894208 -3.141592 -0.000001 1.251407
36 0.533030 -0.000000 -0.000000 0.000000 0.000000 0.000000
37 -1.575327 0.231321 2.819829 -0.014527 -1.195801 2.981930
38 2.707293 0.000000 0.000000 -0.079333 0.626468 0.193626
39 10.066724 0.000000 0.000000 0.000000 -0.000000 -0.200000
40 4.577573 -0.000000 -0.000000 -1.570000 0.000000 0.000000
41 1.907322 -0.000000 0.000000 -0.000796 0.000000 -0.000000
42 0.476831 -0.000001 -0.000000 0.000000 0.000000 0.000000
43 -0.913607 0.147559 -3.103217 -0.031154 1.399144 2.937716
44 2.707294 0.000000 0.000000 -0.240447 -0.608248 -0.064320
45 10.066723 0.000000 0.000000 0.000000 0.000000 -0.200000
46 4.577572 -0.000000 0.000001 1.570000 0.000000 -0.000000
47 1.907322 0.000000 -0.000001 0.000796 -0.000000 -0.000000
48 0.476830 0.000000 0.000000 0.000000 0.000000 3.141593
49 -1.754735 0.000428 1.525858 -0.000003 -3.141592 -0.099046
50 0.416333 -0.000000 0.000000 0.000000 -0.000000 -0.200000
51 0.416333 0.000000 0.000000 0.000000 0.000000 0.100000
52 0.095757 2.258270 -0.000000 -0.000000 0.000000 1.570796
53 0.012490 0.000000 0.000000 0.000000 0.000000 3.141593
54 -1.754735 0.000437 -1.525858 -0.000003 -3.141592 -0.099046
55 0.416333 -0.000000 0.000000 0.000000 -0.000000 -0.200000
56 0.416333 0.000000 0.000000 0.000000 0.000000 0.100000
57 0.095756 2.258270 0.000000 0.000000 -0.000000 1.570796
58 0.012490 0.000000 0.000000 0.000000 0.000000 0.000000
time 44
0 -0.002617 0.000001 -5.901667 0.000000 0.000000 -1.001119
1 -0.000000 0.000000 -0.920613 0.000000 0.000000 1.001119
2 -0.000000 0.000000 0.000000 -1.570795 -1.570796 0.000000
3 1.754731 -0.002106 0.000003 -0.000004 -0.000001 -0.002200
4 2.644829 -0.004214 0.000742 -0.174419 0.000584 0.002516
5 5.372991 -0.003662 0.000286 -0.077786 0.000437 -0.063942
6 4.622900 -0.001142 -0.000016 0.014144 0.111247 0.173470
7 1.455385 -0.000000 0.000000 -0.294938 -0.047582 0.189535
8 6.329874 -0.000000 -0.000000 0.000000 0.000000 0.000000
9 2.995308 1.987698 -0.864472 -3.141592 -0.000001 1.407923
10 0.458379 0.000000 0.000000 0.000000 0.000000 0.000000
11 2.995307 1.987696 0.870890 -3.141592 -0.000001 1.407923
12 0.458379 0.000001 0.000000 0.000000 0.000000 0.000000
13 3.078268 1.929374 0.855018 1.547494 -0.743749 1.442334
14 0.664102 -0.000000 -0.000000 0.000000 0.000000 0.000000
15 3.083700 1.962442 0.858416 1.570797 -0.011562 1.407923
16 0.559829 -0.000000 0.000001 0.000000 0.000000 0.000000
17 3.078100 1.931618 0.863325 -0.051183 -2.462692 -1.026784
18 0.682539 -0.000000 0.000000 0.000000 0.000000 0.000000
19 3.061352 1.933510 0.862958 -1.459740 2.642219 -1.518602
20 0.679195 -0.000000 -0.000000 0.000000 -0.000000 0.000000
21 3.081031 1.929497 0.865757 -0.000000 -3.141591 -1.071653
22 0.675652 0.000001 -0.000000 0.000000 0.000000 0.000000
23 3.066323 1.936762 0.868039 0.000000 2.615510 -1.100106
24 0.658072 0.000000 -0.000000 -0.000000 -0.000000 0.000000
25 2.989677 1.934948 -0.857061 -0.000000 2.405157 -1.244421
26 0.578150 -0.000000 -0.000000 0.000000 0.000000 0.000000
27 2.979570 1.967334 -0.884714 -0.000000 -3.141591 -1.252624
28 0.518765 0.000001 -0.000000 0.000000 0.000000 0.000000
29 2.978725 1.983216 -0.860808 -0.016269 -2.767885 -1.233359
30 0.535335 -0.000000 -0.000000 0.000000 0.000000 0.000000
31 2.983527 1.967234 -0.884390 1.456493 0.640130 1.182185
32 0.444524 -0.000000 0.000001 0.000000 -0.000000 -0.000000
33 2.986611 1.992943 -0.875042 1.588345 -0.427771 1.365644
34 0.479990 -0.000000 0.000000 0.000000 0.000000 0.000000
35 2.975850 1.966180 -0.894208 -3.141592 -0.000001 1.251407
36 0.533030 0.000000 -0.000000 0.000000 0.000000 0.000000
37 -1.575327 0.231321 2.819829 -0.014390 -1.192034 2.981783
38 2.707293 0.000000 0.000000 -0.082351 0.623340 0.191385
39 10.066724 -0.000000 -0.000000 0.000000 -0.000000 -0.200000
40 4.577573 -0.000000 -0.000001 -1.570000 0.000000 0.000000
41 1.907322 -0.000001 0.000000 -0.000796 0.000000 -0.000000
42 0.476831 -0.000000 -0.000000 0.000000 0.000000 0.000000
43 -0.913607 0.147559 -3.103217 -0.030656 1.396329 2.938221
44 2.707293 -0.000000 0.000000 -0.238518 -0.605095 -0.065957
45 10.066723 0.000000 0.000001 0.000000 0.000000 -0.200000
46 4.577572 -0.000000 0.000000 1.570000 0.000000 -0.000000
47 1.907321 0.000000 -0.000001 0.000796 -0.000000 -0.000000
48 0.476830 0.000000 0.000000 0.000000 0.000000 3.141593
49 -1.754731 -0.001758 1.525858 -0.000003 -3.141592 -0.097801
50 0.416333 -0.000000 0.000000 0.000000 -0.000000 -0.200000
51 0.416333 0.000000 0.000000 0.000000 0.000000 0.100000
52 0.095757 2.258270 -0.000000 -0.000000 0.000000 1.570796
53 0.012490 0.000000 0.000000 0.000000 0.000000 3.141593
54 -1.754731 -0.001750 -1.525858 -0.000003 -3.141592 -0.097801
55 0.416333 -0.000000 0.000000 0.000000 -0.000000 -0.200000
56 0.416333 -0.000000 0.000000 0.000000 0.000000 0.100000
57 0.095756 2.258270 0.000000 0.000000 -0.000000 1.570796
58 0.012490 0.000000 0.000000 0.000000 0.000000 0.000000
time 45
0 -0.002617 0.000001 -5.906075 0.000000 0.000000 -1.001119
1 -0.000000 0.000000 -0.919854 0.000000 0.000000 1.001119
2 -0.000000 0.000000 0.000000 -1.570795 -1.570796 0.000000
3 1.754728 -0.002106 0.000003 -0.000004 -0.000001 -0.003705
4 2.644834 -0.004214 0.000742 -0.174418 0.000807 0.003786
5 5.372999 -0.003663 0.000286 -0.077785 0.000626 -0.061524
6 4.622901 -0.001142 -0.000016 0.014144 0.111247 0.173470
7 1.455385 -0.000000 0.000000 -0.294781 -0.047922 0.187288
8 6.329875 -0.000000 -0.000000 0.000000 0.000000 0.000000
9 2.995309 1.987698 -0.864472 -3.141592 -0.000001 1.407923
10 0.458379 -0.000000 -0.000000 0.000000 0.000000 0.000000
11 2.995308 1.987696 0.870890 -3.141592 -0.000001 1.407923
12 0.458379 0.000001 0.000000 0.000000 0.000000 0.000000
13 3.078269 1.929374 0.855018 1.547494 -0.743749 1.442334
14 0.664102 -0.000000 -0.000000 0.000000 0.000000 0.000000
15 3.083701 1.962442 0.858416 1.570797 -0.011562 1.407923
16 0.559829 -0.000000 0.000000 0.000000 0.000000 0.000000
17 3.078100 1.931618 0.863325 -0.051183 -2.462692 -1.026784
18 0.682539 -0.000000 0.000000 0.000000 0.000000 0.000000
19 3.061353 1.933510 0.862958 -1.459740 2.642219 -1.518602
20 0.679195 -0.000000 -0.000000 0.000000 -0.000000 0.000000
21 3.081032 1.929497 0.865757 -0.000000 -3.141591 -1.071653
22 0.675652 0.000000 -0.000000 0.000000 0.000000 0.000000
23 3.066324 1.936762 0.868039 0.000000 2.615510 -1.100106
24 0.658072 0.000000 -0.000000 -0.000000 -0.000000 0.000000
25 2.989677 1.934948 -0.857061 -0.000000 2.405157 -1.244421
26 0.578150 -0.000000 -0.000000 0.000000 0.000000 0.000000
27 2.979570 1.967334 -0.884714 -0.000000 -3.141591 -1.252624
28 0.518765 0.000000 -0.000000 0.000000 0.000000 0.000000
29 2.978726 1.983216 -0.860808 -0.016269 -2.767885 -1.233359
30 0.535335 -0.000000 -0.000000 0.000000 0.000000 0.000000
31 2.983528 1.967234 -0.884390 1.456493 0.640130 1.182185
32 0.444524 -0.000000 0.000001 0.000000 -0.000000 -0.000000
33 2.986611 1.992943 -0.875042 1.588345 -0.427771 1.365644
34 0.479990 -0.000000 0.000000 0.000000 0.000000 0.000000
35 2.975851 1.966180 -0.894208 -3.141592 -0.000001 1.251407
36 0.533030 0.000000 -0.000000 0.000000 0.000000 0.000000
37 -1.575327 0.231322 2.819829 -0.014227 -1.187474 2.981607
38 2.707293 0.000000 -0.000000 -0.085976 0.619542 0.188691
39 10.066724 -0.000000 0.000000 0.000000 -0.000000 -0.200000
40 4.577573 0.000000 -0.000000 -1.570000 0.000000 0.000000
41 1.907322 -0.000001 0.000000 -0.000796 0.000000 -0.000000
42 0.476831 -0.000000 -0.000000 0.000000 0.000000 0.000000
43 -0.913608 0.147559 -3.103217 -0.030074 1.392918 2.938813
44 2.707293 0.000000 -0.000000 -0.236205 -0.601271 -0.067924
45 10.066723 -0.000000 0.000001 0.000000 0.000000 -0.200000
46 4.577572 -0.000000 0.000000 1.570000 0.000000 -0.000000
47 1.907322 -0.000001 -0.000001 0.000796 -0.000000 -0.000000
48 0.476830 0.000001 0.000000 0.000000 0.000000 3.141593
49 -1.754724 -0.004399 1.525858 -0.000003 -3.141592 -0.096295
50 0.416333 -0.000000 0.000000 0.000000 -0.000000 -0.200000
51 0.416333 0.000000 0.000000 0.000000 0.000000 0.100000
52 0.095757 2.258270 -0.000000 -0.000000 0.000000 1.570796
53 0.012490 0.000000 0.000000 0.000000 0.000000 3.141593
54 -1.754724 -0.004391 -1.525858 -0.000003 -3.141592 -0.096295
55 0.416333 -0.000000 0.000000 0.000000 -0.000000 -0.200000
56 0.416332 0.000000 0.000000 0.000000 0.000000 0.100000
57 0.095756 2.258270 0.000000 0.000000 -0.000000 1.570796
58 0.012490 0.000000 0.000000 0.000000 0.000000 0.000000
time 46
0 -0.002617 0.000001 -5.911115 0.000000 0.000000 -1.001119
1 -0.000000 0.000000 -0.919222 0.000000 0.000000 1.001119
2 -0.000000 0.000000 0.000000 -1.570795 -1.570796 0.000000
3 1.754724 -0.002106 0.000003 -0.000004 -0.000001 -0.005426
4 2.644841 -0.004214 0.000742 -0.174417 0.001063 0.005238
5 5.373011 -0.003663 0.000286 -0.077783 0.000841 -0.058759
6 4.622900 -0.001142 -0.000016 0.014144 0.111247 0.173470
7 1.455385 0.000000 -0.000000 -0.294602 -0.048311 0.184719
8 6.329875 -0.000000 -0.000000 0.000000 0.000000 0.000000
9 2.995308 1.987698 -0.864473 -3.141592 -0.000001 1.407923
10 0.458379 -0.000000 -0.000000 0.000000 0.000000 0.000000
11 2.995308 1.987695 0.870890 -3.141592 -0.000001 1.407923
12 0.458379 0.000001 0.000000 0.000000 0.000000 0.000000
13 3.078269 1.929374 0.855018 1.547494 -0.743749 1.442334
14 0.664102 -0.000000 0.000000 0.000000 0.000000 0.000000
15 3.083701 1.962442 0.858416 1.570797 -0.011562 1.407923
16 0.559829 -0.000000 0.000001 0.000000 0.000000 0.000000
17 3.078100 1.931618 0.863325 -0.051183 -2.462692 -1.026784
18 0.682539 -0.000000 0.000000 0.000000 0.000000 0.000000
19 3.061353 1.933510 0.862958 -1.459740 2.642219 -1.518602
20 0.679195 -0.000000 -0.000000 0.000000 -0.000000 0.000000
21 3.081032 1.929497 0.865757 -0.000000 -3.141591 -1.071653
22 0.675652 0.000001 -0.000000 0.000000 0.000000 0.000000
23 3.066324 1.936762 0.868039 0.000000 2.615510 -1.100106
24 0.658072 0.000000 -0.000000 -0.000000 -0.000000 0.000000
25 2.989677 1.934948 -0.857061 -0.000000 2.405157 -1.244421
26 0.578150 -0.000001 -0.000000 0.000000 0.000000 0.000000
27 2.979570 1.967334 -0.884714 -0.000000 -3.141591 -1.252624
28 0.518766 0.000001 -0.000000 0.000000 0.000000 0.000000
29 2.978726 1.983215 -0.860808 -0.016269 -2.767885 -1.233359
30 0.535334 0.000000 -0.000000 0.000000 0.000000 0.000000
31 2.983528 1.967234 -0.884390 1.456493 0.640130 1.182185
32 0.444524 -0.000000 0.000000 0.000000 -0.000000 -0.000000
33 2.986611 1.992943 -0.875042 1.588345 -0.427771 1.365644
34 0.479990 -0.000000 0.000000 0.000000 0.000000 0.000000
35 2.975851 1.966179 -0.894208 -3.141592 -0.000001 1.251407
36 0.533030 -0.000000 -0.000000 0.000000 0.000000 0.000000
37 -1.575327 0.231322 2.819829 -0.014045 -1.182245 2.981411
38 2.707293 0.000000 0.000000 -0.090092 0.615175 0.185626
39 10.066724 -0.000000 0.000000 0.000000 -0.000000 -0.200000
40 4.577573 0.000000 -0.000000 -1.570000 0.000000 0.000000
41 1.907322 -0.000001 0.000000 -0.000796 0.000000 -0.000000
42 0.476831 -0.000000 -0.000000 0.000000 0.000000 0.000000
43 -0.913607 0.147559 -3.103217 -0.029433 1.389003 2.939464
44 2.707293 -0.000000 0.000000 -0.233583 -0.596880 -0.070160
45 10.066723 0.000000 0.000000 0.000000 0.000000 -0.200000
46 4.577572 -0.000000 0.000001 1.570000 0.000000 -0.000000
47 1.907322 0.000000 -0.000001 0.000796 -0.000000 -0.000000
48 0.476830 0.000000 0.000000 0.000000 0.000000 3.141593
49 -1.754709 -0.007419 1.525857 -0.000003 -3.141592 -0.094574
50 0.416333 -0.000000 0.000000 0.000000 -0.000000 -0.200000
51 0.416333 0.000000 0.000000 0.000000 0.000000 0.100000
52 0.095757 2.258270 -0.000000 -0.000000 0.000000 1.570796
53 0.012490 0.000000 0.000000 0.000000 0.000000 3.141593
54 -1.754709 -0.007411 -1.525858 -0.000003 -3.141592 -0.094574
55 0.416333 -0.000000 0.000000 0.000000 -0.000000 -0.200000
56 0.416333 0.000000 0.000000 0.000000 0.000000 0.100000
57 0.095756 2.258270 0.000000 0.000000 -0.000000 1.570796
58 0.012490 0.000000 0.000000 0.000000 0.000000 0.000000
time 47
0 -0.002617 0.000001 -5.916662 0.000000 0.000000 -1.001119
1 -0.000000 0.000000 -0.918715 0.000000 0.000000 1.001119
2 -0.000000 0.000000 0.000000 -1.570795 -1.570796 0.000000
3 1.754720 -0.002106 0.000003 -0.000004 -0.000001 -0.007320
4 2.644847 -0.004214 0.000742 -0.174415 0.001345 0.006836
5 5.373021 -0.003664 0.000286 -0.077780 0.001078 -0.055716
6 4.622900 -0.001142 -0.000016 0.014144 0.111247 0.173470
7 1.455385 -0.000000 -0.000000 -0.294404 -0.048738 0.181892
8 6.329874 -0.000000 -0.000000 0.000000 0.000000 0.000000
9 2.995308 1.987698 -0.864472 -3.141592 -0.000001 1.407923
10 0.458379 -0.000000 0.000000 0.000000 0.000000 0.000000
11 2.995308 1.987696 0.870890 -3.141592 -0.000001 1.407923
12 0.458379 0.000001 0.000000 0.000000 0.000000 0.000000
13 3.078268 1.929374 0.855018 1.547494 -0.743749 1.442334
14 0.664102 -0.000000 -0.000000 0.000000 0.000000 0.000000
15 3.083701 1.962442 0.858416 1.570797 -0.011562 1.407923
16 0.559829 -0.000000 0.000001 0.000000 0.000000 0.000000
17 3.078100 1.931618 0.863325 -0.051183 -2.462692 -1.026784
18 0.682539 -0.000000 0.000000 0.000000 0.000000 0.000000
19 3.061353 1.933510 0.862958 -1.459740 2.642219 -1.518602
20 0.679195 -0.000000 -0.000000 0.000000 -0.000000 0.000000
21 3.081032 1.929497 0.865757 -0.000000 -3.141591 -1.071653
22 0.675653 0.000001 -0.000000 0.000000 0.000000 0.000000
23 3.066324 1.936762 0.868039 0.000000 2.615510 -1.100106
24 0.658072 0.000000 -0.000000 -0.000000 -0.000000 0.000000
25 2.989677 1.934948 -0.857061 -0.000000 2.405157 -1.244421
26 0.578150 -0.000000 0.000000 0.000000 0.000000 0.000000
27 2.979570 1.967334 -0.884714 -0.000000 -3.141591 -1.252624
28 0.518765 0.000000 -0.000000 0.000000 0.000000 0.000000
29 2.978725 1.983216 -0.860808 -0.016269 -2.767885 -1.233359
30 0.535334 0.000000 -0.000000 0.000000 0.000000 0.000000
31 2.983527 1.967234 -0.884390 1.456493 0.640130 1.182185
32 0.444524 -0.000000 0.000000 0.000000 -0.000000 -0.000000
33 2.986611 1.992943 -0.875042 1.588345 -0.427771 1.365644
34 0.479990 -0.000000 0.000000 0.000000 0.000000 0.000000
35 2.975851 1.966180 -0.894208 -3.141592 -0.000001 1.251407
36 0.533030 -0.000000 -0.000000 0.000000 0.000000 0.000000
37 -1.575328 0.231322 2.819829 -0.013850 -1.176474 2.981200
38 2.707293 0.000000 0.000000 -0.094586 0.610341 0.182275
39 10.066724 -0.000000 -0.000001 0.000000 -0.000000 -0.200000
40 4.577573 0.000000 0.000000 -1.570000 0.000000 0.000000
41 1.907321 -0.000001 0.000000 -0.000796 0.000000 -0.000000
42 0.476831 -0.000000 -0.000000 0.000000 0.000000 0.000000
43 -0.913608 0.147559 -3.103217 -0.028757 1.384677 2.940152
44 2.707293 -0.000000 -0.000001 -0.230725 -0.592025 -0.072603
45 10.066723 -0.000000 0.000001 0.000000 0.000000 -0.200000
46 4.577572 -0.000000 0.000000 1.570000 0.000000 -0.000000
47 1.907322 0.000000 -0.000001 0.000796 -0.000000 -0.000000
48 0.476830 0.000001 0.000000 0.000000 0.000000 3.141593
49 -1.754688 -0.010743 1.525857 -0.000003 -3.141593 -0.092680
50 0.416332 -0.000000 0.000000 0.000000 -0.000000 -0.200000
51 0.416333 0.000000 0.000000 0.000000 0.000000 0.100000
52 0.095757 2.258270 -0.000000 -0.000000 0.000000 1.570796
53 0.012490 0.000000 0.000000 0.000000 0.000000 3.141593
54 -1.754688 -0.010734 -1.525858 -0.000003 -3.141593 -0.092680
55 0.416333 -0.000000 0.000000 0.000000 -0.000000 -0.200000
56 0.416332 0.000000 0.000000 0.000000 0.000000 0.100000
57 0.095756 2.258270 0.000000 0.000000 -0.000000 1.570796
58 0.012490 0.000000 0.000000 0.000000 0.000000 0.000000
time 48
0 -0.002617 0.000001 -5.922588 0.000000 0.000000 -1.001119
1 -0.000000 0.000000 -0.918335 0.000000 0.000000 1.001119
2 -0.000000 0.000000 0.000000 -1.570795 -1.570796 0.000000
3 1.754716 -0.002106 0.000003 -0.000004 -0.000001 -0.009344
4 2.644855 -0.004214 0.000742 -0.174412 0.001646 0.008544
5 5.373034 -0.003665 0.000286 -0.077776 0.001332 -0.052465
6 4.622900 -0.001142 -0.000016 0.014144 0.111247 0.173470
7 1.455385 -0.000000 0.000000 -0.294194 -0.049192 0.178870
8 6.329874 -0.000000 -0.000000 0.000000 0.000000 0.000000
9 2.995308 1.987698 -0.864472 -3.141592 -0.000001 1.407923
10 0.458379 0.000000 -0.000000 0.000000 0.000000 0.000000
11 2.995308 1.987696 0.870890 -3.141592 -0.000001 1.407923
12 0.458379 0.000001 0.000000 0.000000 0.000000 0.000000
13 3.078268 1.929374 0.855018 1.547494 -0.743749 1.442334
14 0.664102 -0.000000 -0.000001 0.000000 0.000000 0.000000
15 3.083700 1.962442 0.858416 1.570797 -0.011562 1.407923
16 0.559829 -0.000000 0.000001 0.000000 0.000000 0.000000
17 3.078100 1.931617 0.863325 -0.051183 -2.462692 -1.026784
18 0.682539 -0.000000 -0.000000 0.000000 0.000000 0.000000
19 3.061352 1.933510 0.862958 -1.459740 2.642219 -1.518602
20 0.679195 -0.000000 -0.000000 0.000000 -0.000000 0.000000
21 3.081031 1.929496 0.865757 -0.000000 -3.141591 -1.071653
22 0.675652 0.000000 -0.000000 0.000000 0.000000 0.000000
23 3.066323 1.936762 0.868039 0.000000 2.615510 -1.100106
24 0.658072 0.000000 -0.000000 -0.000000 -0.000000 0.000000
25 2.989677 1.934948 -0.857061 -0.000000 2.405157 -1.244421
26 0.578150 -0.000001 -0.000000 0.000000 0.000000 0.000000
27 2.979570 1.967334 -0.884714 -0.000000 -3.141591 -1.252624
28 0.518765 0.000000 -0.000000 0.000000 0.000000 0.000000
29 2.978725 1.983215 -0.860808 -0.016269 -2.767885 -1.233359
30 0.535335 -0.000000 -0.000000 0.000000 0.000000 0.000000
31 2.983527 1.967234 -0.884390 1.456493 0.640130 1.182185
32 0.444524 -0.000000 0.000000 0.000000 -0.000000 -0.000000
33 2.986611 1.992943 -0.875042 1.588345 -0.427771 1.365644
34 0.479990 -0.000000 0.000000 0.000000 0.000000 0.000000
35 2.975850 1.966180 -0.894208 -3.141592 -0.000001 1.251407
36 0.533030 0.000001 -0.000000 0.000000 0.000000 0.000000
37 -1.575327 0.231321 2.819829 -0.013647 -1.170286 2.980980
38 2.707293 0.000000 0.000000 -0.099348 0.605139 0.178719
39 10.066724 -0.000001 0.000000 0.000000 -0.000000 -0.200000
40 4.577573 0.000000 -0.000000 -1.570000 0.000000 0.000000
41 1.907322 -0.000001 0.000000 -0.000796 0.000000 -0.000000
42 0.476831 -0.000000 -0.000000 0.000000 0.000000 0.000000
43 -0.913607 0.147559 -3.103217 -0.028065 1.380034 2.940857
44 2.707294 0.000000 -0.000000 -0.227704 -0.586811 -0.075194
45 10.066723 -0.000000 0.000001 0.000000 0.000000 -0.200000
46 4.577572 -0.000000 0.000000 1.570000 0.000000 -0.000000
47 1.907321 -0.000000 -0.000001 0.000796 -0.000000 -0.000000
48 0.476830 0.000001 0.000000 0.000000 0.000000 3.141593
49 -1.754659 -0.014294 1.525857 -0.000003 -3.141593 -0.090656
50 0.416333 -0.000000 0.000000 0.000000 -0.000000 -0.200000
51 0.416332 -0.000000 0.000000 0.000000 0.000000 0.100000
52 0.095757 2.258270 -0.000000 -0.000000 0.000000 1.570796
53 0.012490 0.000000 0.000000 0.000000 0.000000 3.141593
54 -1.754659 -0.014285 -1.525858 -0.000003 -3.141593 -0.090656
55 0.416333 -0.000000 0.000000 0.000000 -0.000000 -0.200000
56 0.416332 0.000000 0.000000 0.000000 0.000000 0.100000
57 0.095756 2.258270 0.000000 0.000000 -0.000000 1.570796
58 0.012490 0.000000 0.000000 0.000000 0.000000 0.000000
time 49
0 -0.002617 0.000001 -5.928768 0.000000 0.000000 -1.001119
1 -0.000000 0.000000 -0.918083 0.000000 0.000000 1.001119
2 -0.000000 0.000000 0.000000 -1.570795 -1.570796 0.000000
3 1.754712 -0.002106 0.000003 -0.000004 -0.000001 -0.011454
4 2.644863 -0.004213 0.000742 -0.174409 0.001959 0.010324
5 5.373045 -0.003665 0.000286 -0.077771 0.001596 -0.049075
6 4.622900 -0.001142 -0.000016 0.014144 0.111247 0.173470
7 1.455385 -0.000000 -0.000000 -0.293975 -0.049665 0.175720
8 6.329875 -0.000000 -0.000000 0.000000 0.000000 0.000000
9 2.995308 1.987698 -0.864472 -3.141592 -0.000001 1.407923
10 0.458379 -0.000000 0.000000 0.000000 0.000000 0.000000
11 2.995308 1.987695 0.870890 -3.141592 -0.000001 1.407923
12 0.458379 0.000002 0.000000 0.000000 0.000000 0.000000
13 3.078269 1.929374 0.855018 1.547494 -0.743749 1.442334
14 0.664102 -0.000000 -0.000000 0.000000 0.000000 0.000000
15 3.083701 1.962442 0.858416 1.570797 -0.011562 1.407923
16 0.559829 -0.000000 0.000001 0.000000 0.000000 0.000000
17 3.078100 1.931618 0.863325 -0.051183 -2.462692 -1.026784
18 0.682539 0.000000 0.000000 0.000000 0.000000 0.000000
19 3.061353 1.933510 0.862958 -1.459740 2.642219 -1.518602
20 0.679195 -0.000000 -0.000001 0.000000 -0.000000 0.000000
21 3.081032 1.929497 0.865757 -0.000000 -3.141591 -1.071653
22 0.675652 0.000000 -0.000000 0.000000 0.000000 0.000000
23 3.066324 1.936762 0.868039 0.000000 2.615510 -1.100106
24 0.658072 0.000000 -0.000000 -0.000000 -0.000000 0.000000
25 2.989677 1.934948 -0.857061 -0.000000 2.405157 -1.244421
26 0.578150 -0.000001 -0.000000 0.000000 0.000000 0.000000
27 2.979570 1.967334 -0.884714 -0.000000 -3.141591 -1.252624
28 0.518766 -0.000000 -0.000000 0.000000 0.000000 0.000000
29 2.978726 1.983216 -0.860808 -0.016269 -2.767885 -1.233359
30 0.535334 -0.000000 -0.000000 0.000000 0.000000 0.000000
31 2.983527 1.967234 -0.884390 1.456493 0.640130 1.182185
32 0.444524 -0.000000 0.000001 0.000000 -0.000000 -0.000000
33 2.986611 1.992943 -0.875042 1.588345 -0.427771 1.365644
34 0.479990 -0.000000 0.000000 0.000000 0.000000 0.000000
35 2.975851 1.966180 -0.894208 -3.141592 -0.000001 1.251407
36 0.533030 -0.000000 -0.000000 0.000000 0.000000 0.000000
37 -1.575327 0.231322 2.819829 -0.013442 -1.163808 2.980757
38 2.707293 0.000000 -0.000000 -0.104269 0.599675 0.175036
39 10.066724 -0.000000 -0.000000 0.000000 -0.000000 -0.200000
40 4.577573 0.000000 -0.000001 -1.570000 0.000000 0.000000
41 1.907322 -0.000001 0.000000 -0.000796 0.000000 -0.000000
42 0.476831 -0.000001 -0.000000 0.000000 0.000000 0.000000
43 -0.913608 0.147559 -3.103217 -0.027375 1.375167 2.941560
44 2.707293 0.000000 0.000000 -0.224589 -0.581341 -0.077875
45 10.066723 -0.000000 0.000000 0.000000 0.000000 -0.200000
46 4.577572 -0.000000 0.000001 1.570000 0.000000 -0.000000
47 1.907322 0.000000 -0.000001 0.000796 -0.000000 -0.000000
48 0.476830 0.000000 0.000000 0.000000 0.000000 3.141593
49 -1.754621 -0.017996 1.525857 -0.000003 -3.141593 -0.088546
50 0.416333 -0.000000 0.000000 0.000000 -0.000000 -0.200000
51 0.416333 -0.000000 0.000000 0.000000 0.000000 0.100000
52 0.095757 2.258270 -0.000000 -0.000000 0.000000 1.570796
53 0.012490 0.000000 0.000000 0.000000 0.000000 3.141593
54 -1.754620 -0.017988 -1.525858 -0.000003 -3.141593 -0.088546
55 0.416332 -0.000000 0.000000 0.000000 -0.000000 -0.200000
56 0.416333 0.000000 0.000000 0.000000 0.000000 0.100000
57 0.095756 2.258270 0.000000 0.000000 -0.000000 1.570796
58 0.012490 0.000000 0.000000 0.000000 0.000000 0.000000
time 50
0 -0.002617 0.000001 -5.935074 0.000000 0.000000 -1.001119
1 -0.000000 0.000000 -0.917956 0.000000 0.000000 1.001119
2 -0.000000 0.000000 0.000000 -1.570795 -1.570796 0.000000
3 1.754707 -0.002106 0.000003 -0.000004 -0.000001 -0.013607
4 2.644870 -0.004213 0.000742 -0.174405 0.002280 0.012141
5 5.373060 -0.003666 0.000286 -0.077765 0.001866 -0.045616
6 4.622901 -0.001142 -0.000016 0.014144 0.111247 0.173470
7 1.455385 -0.000000 0.000000 -0.293752 -0.050146 0.172504
8 6.329875 -0.000000 -0.000000 0.000000 0.000000 0.000000
9 2.995309 1.987698 -0.864472 -3.141592 -0.000001 1.407923
10 0.458379 0.000000 -0.000000 0.000000 0.000000 0.000000
11 2.995308 1.987696 0.870890 -3.141592 -0.000001 1.407923
12 0.458379 0.000001 0.000000 0.000000 0.000000 0.000000
13 3.078269 1.929374 0.855018 1.547494 -0.743749 1.442334
14 0.664102 -0.000000 -0.000000 0.000000 0.000000 0.000000
15 3.083701 1.962442 0.858416 1.570797 -0.011562 1.407923
16 0.559829 -0.000000 0.000000 0.000000 0.000000 0.000000
17 3.078100 1.931618 0.863325 -0.051183 -2.462692 -1.026784
18 0.682539 0.000000 0.000000 0.000000 0.000000 0.000000
19 3.061353 1.933510 0.862958 -1.459740 2.642219 -1.518602
20 0.679195 0.000000 -0.000000 0.000000 -0.000000 0.000000
21 3.081032 1.929497 0.865757 -0.000000 -3.141591 -1.071653
22 0.675652 0.000001 -0.000000 0.000000 0.000000 0.000000
23 3.066324 1.936762 0.868039 0.000000 2.615510 -1.100106
24 0.658072 0.000000 -0.000000 -0.000000 -0.000000 0.000000
25 2.989677 1.934949 -0.857061 -0.000000 2.405157 -1.244421
26 0.578150 -0.000001 -0.000000 0.000000 0.000000 0.000000
27 2.979570 1.967334 -0.884714 -0.000000 -3.141591 -1.252624
28 0.518765 0.000000 -0.000000 0.000000 0.000000 0.000000
29 2.978726 1.983216 -0.860808 -0.016269 -2.767885 -1.233359
30 0.535335 -0.000001 -0.000000 0.000000 0.000000 0.000000
31 2.983528 1.967234 -0.884390 1.456493 0.640130 1.182185
32 0.444524 -0.000000 0.000000 0.000000 -0.000000 -0.000000
33 2.986611 1.992943 -0.875042 1.588345 -0.427771 1.365644
34 0.479990 -0.000000 -0.000000 0.000000 0.000000 0.000000
35 2.975851 1.966180 -0.894208 -3.141592 -0.000001 1.251407
36 0.533030 0.000000 -0.000000 0.000000 0.000000 0.000000
37 -1.575327 0.231321 2.819829 -0.013238 -1.157165 2.980534
38 2.707293 0.000000 0.000000 -0.109246 0.594050 0.171304
39 10.066724 -0.000000 -0.000000 0.000000 -0.000000 -0.200000
40 4.577573 0.000000 -0.000001 -1.570000 0.000000 0.000000
41 1.907322 -0.000000 0.000000 -0.000796 0.000000 -0.000000
42 0.476831 -0.000001 -0.000000 0.000000 0.000000 0.000000
43 -0.913607 0.147559 -3.103217 -0.026702 1.370168 2.942246
44 2.707293 0.000000 0.000000 -0.221449 -0.575720 -0.080588
45 10.066723 -0.000000 0.000001 0.000000 0.000000 -0.200000
46 4.577572 -0.000000 0.000001 1.570000 0.000000 -0.000000
47 1.907322 -0.000000 -0.000001 0.000796 -0.000000 -0.000000
48 0.476831 -0.000000 0.000000 0.000000 0.000000 3.141593
49 -1.754573 -0.021774 1.525857 -0.000003 -3.141593 -0.086393
50 0.416333 -0.000000 0.000000 0.000000 -0.000000 -0.200000
51 0.416333 0.000000 0.000000 0.000000 0.000000 0.100000
52 0.095757 2.258270 -0.000000 -0.000000 0.000000 1.570796
53 0.012490 0.000000 0.000000 0.000000 0.000000 3.141593
54 -1.754573 -0.021766 -1.525858 -0.000003 -3.141593 -0.086393
55 0.416333 -0.000000 0.000000 0.000000 -0.000000 -0.200000
56 0.416333 0.000000 0.000000 0.000000 0.000000 0.100000
57 0.095756 2.258270 0.000000 0.000000 -0.000000 1.570796
58 0.012490 0.000000 0.000000 0.000000 0.000000 0.000000
time 51
0 -0.002617 0.000001 -5.941380 0.000000 0.000000 -1.001119
1 -0.000000 0.000000 -0.917956 0.000000 0.000000 1.001119
2 -0.000000 0.000000 0.000000 -1.570795 -1.570796 0.000000
3 1.754702 -0.002106 0.000003 -0.000004 -0.000001 -0.015760
4 2.644879 -0.004213 0.000742 -0.174401 0.002600 0.013958
5 5.373072 -0.003667 0.000286 -0.077758 0.002135 -0.042156
6 4.622900 -0.001142 -0.000016 0.014144 0.111247 0.173470
7 1.455385 -0.000000 0.000000 -0.293529 -0.050626 0.169288
8 6.329875 -0.000000 -0.000000 0.000000 0.000000 0.000000
9 2.995309 1.987698 -0.864472 -3.141592 -0.000001 1.407923
10 0.458379 -0.000000 -0.000000 0.000000 0.000000 0.000000
11 2.995308 1.987696 0.870890 -3.141592 -0.000001 1.407923
12 0.458379 0.000002 0.000000 0.000000 0.000000 0.000000
13 3.078269 1.929374 0.855018 1.547494 -0.743749 1.442334
14 0.664102 -0.000000 0.000000 0.000000 0.000000 0.000000
15 3.083701 1.962442 0.858416 1.570797 -0.011562 1.407923
16 0.559829 -0.000000 0.000001 0.000000 0.000000 0.000000
17 3.078100 1.931618 0.863325 -0.051183 -2.462692 -1.026784
18 0.682539 0.000000 0.000000 0.000000 0.000000 0.000000
19 3.061353 1.933510 0.862958 -1.459740 2.642219 -1.518602
20 0.679195 -0.000000 -0.000001 0.000000 -0.000000 0.000000
21 3.081032 1.929497 0.865757 -0.000000 -3.141591 -1.071653
22 0.675653 0.000001 -0.000000 0.000000 0.000000 0.000000
23 3.066324 1.936762 0.868039 0.000000 2.615510 -1.100106
24 0.658072 0.000000 -0.000000 -0.000000 -0.000000 0.000000
25 2.989677 1.934948 -0.857061 -0.000000 2.405157 -1.244421
26 0.578150 -0.000000 -0.000000 0.000000 0.000000 0.000000
27 2.979570 1.967334 -0.884714 -0.000000 -3.141591 -1.252624
28 0.518765 0.000000 -0.000000 0.000000 0.000000 0.000000
29 2.978726 1.983216 -0.860808 -0.016269 -2.767885 -1.233359
30 0.535335 -0.000001 -0.000000 0.000000 0.000000 0.000000
31 2.983528 1.967234 -0.884390 1.456493 0.640130 1.182185
32 0.444524 -0.000000 0.000000 0.000000 -0.000000 -0.000000
33 2.986611 1.992943 -0.875042 1.588345 -0.427771 1.365644
34 0.479990 -0.000000 0.000000 0.000000 0.000000 0.000000
35 2.975851 1.966180 -0.894208 -3.141592 -0.000001 1.251407
36 0.533030 0.000000 -0.000000 0.000000 0.000000 0.000000
37 -1.575328 0.231322 2.819829 -0.013040 -1.150484 2.980318
38 2.707293 0.000000 -0.000000 -0.114178 0.588371 0.167597
39 10.066724 -0.000000 -0.000001 0.000000 -0.000000 -0.200000
40 4.577573 0.000000 0.000000 -1.570000 0.000000 0.000000
41 1.907322 -0.000001 0.000000 -0.000796 0.000000 -0.000000
42 0.476831 -0.000000 -0.000000 0.000000 0.000000 0.000000
43 -0.913608 0.147559 -3.103217 -0.026056 1.365130 2.942905
44 2.707293 0.000000 -0.000000 -0.218346 -0.570055 -0.083279
45 10.066723 -0.000000 0.000000 0.000000 0.000000 -0.200000
46 4.577572 -0.000000 0.000001 1.570000 0.000000 -0.000000
47 1.907322 -0.000000 -0.000001 0.000796 -0.000000 -0.000000
48 0.476830 0.000000 0.000000 0.000000 0.000000 3.141593
49 -1.754517 -0.025552 1.525857 -0.000003 -3.141593 -0.084240
50 0.416332 -0.000000 0.000000 0.000000 -0.000000 -0.200000
51 0.416333 0.000000 0.000000 0.000000 0.000000 0.100000
52 0.095757 2.258270 -0.000000 -0.000000 0.000000 1.570796
53 0.012490 0.000000 0.000000 0.000000 0.000000 3.141593
54 -1.754517 -0.025544 -1.525858 -0.000003 -3.141593 -0.084240
55 0.416333 -0.000000 0.000000 0.000000 -0.000000 -0.200000
56 0.416333 0.000000 0.000000 0.000000 0.000000 0.100000
57 0.095756 2.258270 0.000000 0.000000 -0.000000 1.570796
58 0.012490 0.000000 0.000000 0.000000 0.000000 0.000000
time 52
0 -0.002617 0.000001 -5.947559 0.000000 0.000000 -1.001119
1 -0.000000 0.000000 -0.918083 0.000000 0.000000 1.001119
2 -0.000000 0.000000 0.000000 -1.570795 -1.570796 0.000000
3 1.754698 -0.002106 0.000003 -0.000004 -0.000001 -0.017870
4 2.644886 -0.004213 0.000742 -0.174396 0.002913 0.015738
5 5.373083 -0.003667 0.000286 -0.077751 0.002399 -0.038766
6 4.622900 -0.001142 -0.000016 0.014144 0.111247 0.173470
7 1.455385 -0.000000 0.000000 -0.293312 -0.051095 0.166137
8 6.329875 -0.000000 -0.000000 0.000000 0.000000 0.000000
9 2.995309 1.987698 -0.864472 -3.141592 -0.000001 1.407923
10 0.458379 0.000000 0.000000 0.000000 0.000000 0.000000
11 2.995308 1.987696 0.870890 -3.141592 -0.000001 1.407923
12 0.458379 0.000001 0.000000 0.000000 0.000000 0.000000
13 3.078269 1.929374 0.855018 1.547494 -0.743749 1.442334
14 0.664102 -0.000000 0.000000 0.000000 0.000000 0.000000
15 3.083701 1.962442 0.858416 1.570797 -0.011562 1.407923
16 0.559829 -0.000000 0.000000 0.000000 0.000000 0.000000
17 3.078101 1.931618 0.863325 -0.051183 -2.462692 -1.026784
18 0.682539 0.000000 0.000000 0.000000 0.000000 0.000000
19 3.061353 1.933510 0.862958 -1.459740 2.642219 -1.518602
20 0.679195 -0.000000 -0.000000 0.000000 -0.000000 0.000000
21 3.081032 1.929497 0.865757 -0.000000 -3.141591 -1.071653
22 0.675652 0.000001 -0.000000 0.000000 0.000000 0.000000
23 3.066324 1.936762 0.868039 0.000000 2.615510 -1.100106
24 0.658072 0.000000 -0.000000 -0.000000 -0.000000 0.000000
25 2.989678 1.934948 -0.857061 -0.000000 2.405157 -1.244421
26 0.578150 -0.000001 0.000000 0.000000 0.000000 0.000000
27 2.979571 1.967334 -0.884714 -0.000000 -3.141591 -1.252624
28 0.518765 0.000000 -0.000000 0.000000 0.000000 0.000000
29 2.978726 1.983216 -0.860808 -0.016269 -2.767885 -1.233359
30 0.535335 -0.000000 -0.000000 0.000000 0.000000 0.000000
31 2.983528 1.967234 -0.884390 1.456493 0.640130 1.182185
32 0.444524 -0.000000 0.000001 0.000000 -0.000000 -0.000000
33 2.986611 1.992943 -0.875042 1.588345 -0.427771 1.365644
34 0.479990 -0.000000 -0.000000 0.000000 0.000000 0.000000
35 2.975851 1.966180 -0.894208 -3.141592 -0.000001 1.251407
36 0.533030 0.000001 -0.000000 0.000000 0.000000 0.000000
37 -1.575327 0.231322 2.819829 -0.012850 -1.143890 2.980110
38 2.707293 0.000000 -0.000000 -0.118969 0.582744 0.163989
39 10.066724 0.000000 0.000000 0.000000 -0.000000 -0.200000
40 4.577573 -0.000000 -0.000000 -1.570000 0.000000 0.000000
41 1.907322 -0.000000 0.000000 -0.000796 0.000000 -0.000000
42 0.476831 0.000000 -0.000000 0.000000 0.000000 0.000000
43 -0.913608 0.147559 -3.103217 -0.025449 1.360146 2.943527
44 2.707293 0.000000 -0.000000 -0.215345 -0.564450 -0.085894
45 10.066723 -0.000000 0.000001 0.000000 0.000000 -0.200000
46 4.577572 -0.000000 0.000000 1.570000 0.000000 -0.000000
47 1.907321 0.000000 -0.000001 0.000796 -0.000000 -0.000000
48 0.476830 0.000001 0.000000 0.000000 0.000000 3.141593
49 -1.754455 -0.029254 1.525857 -0.000003 -3.141593 -0.082130
50 0.416333 -0.000000 0.000000 0.000000 -0.000000 -0.200000
51 0.416333 0.000000 0.000000 0.000000 0.000000 0.100000
52 0.095757 2.258270 -0.000000 -0.000000 0.000000 1.570796
53 0.012490 0.000000 0.000000 0.000000 0.000000 3.141593
54 -1.754455 -0.029246 -1.525858 -0.000003 -3.141593 -0.082130
55 0.416333 -0.000000 0.000000 0.000000 -0.000000 -0.200000
56 0.416333 0.000000 0.000000 0.000000 0.000000 0.100000
57 0.095756 2.258270 0.000000 0.000000 -0.000000 1.570796
58 0.012490 0.000000 0.000000 0.000000 0.000000 0.000000
time 53
0 -0.002617 0.000001 -5.953485 0.000000 0.000000 -1.001119
1 -0.000000 0.000000 -0.918335 0.000000 0.000000 1.001119
2 -0.000000 0.000000 0.000000 -1.570795 -1.570796 0.000000
3 1.754694 -0.002106 0.000003 -0.000004 -0.000001 -0.019894
4 2.644894 -0.004213 0.000742 -0.174391 0.003214 0.017446
5 5.373095 -0.003668 0.000286 -0.077742 0.002652 -0.035515
6 4.622900 -0.001142 -0.000016 0.014144 0.111247 0.173470
7 1.455385 -0.000000 0.000000 -0.293103 -0.051544 0.163114
8 6.329875 -0.000000 -0.000000 0.000000 0.000000 0.000000
9 2.995308 1.987698 -0.864472 -3.141592 -0.000001 1.407923
10 0.458379 -0.000000 0.000000 0.000000 0.000000 0.000000
11 2.995308 1.987696 0.870890 -3.141592 -0.000001 1.407923
12 0.458379 0.000001 0.000000 0.000000 0.000000 0.000000
13 3.078269 1.929374 0.855018 1.547494 -0.743749 1.442334
14 0.664102 -0.000000 0.000000 0.000000 0.000000 0.000000
15 3.083701 1.962442 0.858416 1.570797 -0.011562 1.407923
16 0.559829 -0.000000 0.000001 0.000000 0.000000 0.000000
17 3.078100 1.931618 0.863325 -0.051183 -2.462692 -1.026784
18 0.682539 -0.000000 0.000000 0.000000 0.000000 0.000000
19 3.061353 1.933510 0.862958 -1.459740 2.642219 -1.518602
20 0.679195 0.000000 -0.000001 0.000000 -0.000000 0.000000
21 3.081032 1.929497 0.865757 -0.000000 -3.141591 -1.071653
22 0.675652 0.000001 -0.000000 0.000000 0.000000 0.000000
23 3.066324 1.936762 0.868039 0.000000 2.615510 -1.100106
24 0.658072 -0.000000 -0.000000 -0.000000 -0.000000 0.000000
25 2.989677 1.934948 -0.857061 -0.000000 2.405157 -1.244421
26 0.578150 -0.000000 0.000000 0.000000 0.000000 0.000000
27 2.979570 1.967334 -0.884714 -0.000000 -3.141591 -1.252624
28 0.518766 0.000000 -0.000000 0.000000 0.000000 0.000000
29 2.978726 1.983216 -0.860808 -0.016269 -2.767885 -1.233359
30 0.535335 -0.000001 -0.000000 0.000000 0.000000 0.000000
31 2.983528 1.967234 -0.884390 1.456493 0.640130 1.182185
32 0.444524 -0.000000 0.000000 0.000000 -0.000000 -0.000000
33 2.986611 1.992943 -0.875042 1.588345 -0.427771 1.365644
34 0.479990 -0.000000 0.000000 0.000000 0.000000 0.000000
35 2.975851 1.966180 -0.894208 -3.141592 -0.000001 1.251407
36 0.533030 0.000000 -0.000000 0.000000 0.000000 0.000000
37 -1.575327 0.231322 2.819829 -0.012673 -1.137509 2.979915
38 2.707294 0.000000 -0.000000 -0.123528 0.577278 0.160549
39 10.066724 0.000000 -0.000000 0.000000 -0.000000 -0.200000
40 4.577573 -0.000000 -0.000001 -1.570000 0.000000 0.000000
41 1.907322 -0.000001 0.000000 -0.000796 0.000000 -0.000000
42 0.476831 -0.000000 -0.000000 0.000000 0.000000 0.000000
43 -0.913608 0.147559 -3.103217 -0.024886 1.355310 2.944102
44 2.707293 0.000000 -0.000000 -0.212503 -0.559012 -0.088382
45 10.066723 0.000000 0.000001 0.000000 0.000000 -0.200000
46 4.577572 -0.000000 0.000000 1.570000 0.000000 -0.000000
47 1.907322 0.000000 -0.000001 0.000796 -0.000000 -0.000000
48 0.476830 -0.000000 0.000000 0.000000 0.000000 3.141593
49 -1.754388 -0.032805 1.525857 -0.000003 -3.141593 -0.080106
50 0.416333 -0.000000 0.000000 0.000000 -0.000000 -0.200000
51 0.416333 0.000000 0.000000 0.000000 0.000000 0.100000
52 0.095757 2.258270 -0.000000 -0.000000 0.000000 1.570796
53 0.012490 0.000000 0.000000 0.000000 0.000000 3.141593
54 -1.754388 -0.032796 -1.525858 -0.000003 -3.141593 -0.080106
55 0.416332 -0.000000 0.000000 0.000000 -0.000000 -0.200000
56 0.416333 0.000000 0.000000 0.000000 0.000000 0.100000
57 0.095756 2.258270 0.000000 0.000000 -0.000000 1.570796
58 0.012490 0.000000 0.000000 0.000000 0.000000 0.000000
time 54
0 -0.002617 0.000001 -5.959033 0.000000 0.000000 -1.001119
1 -0.000000 0.000000 -0.918715 0.000000 0.000000 1.001119
2 -0.000000 0.000000 0.000000 -1.570795 -1.570796 0.000000
3 1.754690 -0.002106 0.000003 -0.000004 -0.000001 -0.021788
4 2.644900 -0.004213 0.000742 -0.174385 0.003496 0.019044
5 5.373107 -0.003668 0.000286 -0.077734 0.002890 -0.032472
6 4.622901 -0.001142 -0.000016 0.014144 0.111247 0.173470
7 1.455385 -0.000000 0.000000 -0.292908 -0.051962 0.160284
8 6.329875 -0.000000 -0.000000 0.000000 0.000000 0.000000
9 2.995308 1.987698 -0.864472 -3.141592 -0.000001 1.407923
10 0.458379 0.000000 0.000000 0.000000 0.000000 0.000000
11 2.995308 1.987696 0.870890 -3.141592 -0.000001 1.407923
12 0.458379 0.000001 0.000000 0.000000 0.000000 0.000000
13 3.078268 1.929374 0.855018 1.547494 -0.743749 1.442334
14 0.664102 -0.000000 -0.000000 0.000000 0.000000 0.000000
15 3.083701 1.962442 0.858416 1.570797 -0.011562 1.407923
16 0.559829 -0.000000 -0.000000 0.000000 0.000000 0.000000
17 3.078100 1.931618 0.863325 -0.051183 -2.462692 -1.026784
18 0.682539 0.000000 -0.000000 0.000000 0.000000 0.000000
19 3.061353 1.933510 0.862958 -1.459740 2.642219 -1.518602
20 0.679195 -0.000000 -0.000000 0.000000 -0.000000 0.000000
21 3.081032 1.929497 0.865757 -0.000000 -3.141591 -1.071653
22 0.675652 0.000000 -0.000000 0.000000 0.000000 0.000000
23 3.066324 1.936762 0.868039 0.000000 2.615510 -1.100106
24 0.658072 0.000000 -0.000000 -0.000000 -0.000000 0.000000
25 2.989677 1.934948 -0.857061 -0.000000 2.405157 -1.244421
26 0.578150 -0.000001 -0.000000 0.000000 0.000000 0.000000
27 2.979570 1.967334 -0.884714 -0.000000 -3.141591 -1.252624
28 0.518765 0.000000 -0.000000 0.000000 0.000000 0.000000
29 2.978726 1.983216 -0.860808 -0.016269 -2.767885 -1.233359
30 0.535335 -0.000000 -0.000000 0.000000 0.000000 0.000000
31 2.983527 1.967234 -0.884390 1.456493 0.640130 1.182185
32 0.444524 -0.000000 0.000001 0.000000 -0.000000 -0.000000
33 2.986611 1.992943 -0.875042 1.588345 -0.427771 1.365644
34 0.479990 -0.000000 -0.000000 0.000000 0.000000 0.000000
35 2.975851 1.966180 -0.894208 -3.141592 -0.000001 1.251407
36 0.533030 -0.000000 -0.000000 0.000000 0.000000 0.000000
37 -1.575328 0.231322 2.819829 -0.012510 -1.131467 2.979735
38 2.707293 0.000000 -0.000001 -0.127766 0.572080 0.157346
39 10.066724 -0.000000 -0.000000 0.000000 -0.000000 -0.200000
40 4.577573 0.000000 -0.000001 -1.570000 0.000000 0.000000
41 1.907322 -0.000001 0.000000 -0.000796 0.000000 -0.000000
42 0.476831 -0.000001 -0.000000 0.000000 0.000000 0.000000
43 -0.913608 0.147559 -3.103217 -0.024374 1.350714 2.944626
44 2.707293 0.000000 0.000000 -0.209878 -0.553848 -0.090690
45 10.066723 -0.000000 0.000001 0.000000 0.000000 -0.200000
46 4.577572 -0.000000 0.000000 1.570000 0.000000 -0.000000
47 1.907322 0.000000 -0.000001 0.000796 -0.000000 -0.000000
48 0.476830 0.000001 0.000000 0.000000 0.000000 3.141593
49 -1.754319 -0.036127 1.525857 -0.000003 -3.141593 -0.078212
50 0.416333 -0.000000 0.000000 0.000000 -0.000000 -0.200000
51 0.416333 0.000000 0.000000 0.000000 0.000000 0.100000
52 0.095757 2.258270 -0.000000 -0.000000 0.000000 1.570796
53 0.012490 0.000000 0.000000 0.000000 0.000000 3.141593
54 -1.754319 -0.036119 -1.525858 -0.000003 -3.141593 -0.078212
55 0.416333 -0.000000 0.000000 0.000000 -0.000000 -0.200000
56 0.416333 0.000000 0.000000 0.000000 0.000000 0.100000
57 0.095756 2.258270 0.000000 0.000000 -0.000000 1.570796
58 0.012490 0.000000 0.000000 0.000000 0.000000 0.000000
time 55
0 -0.002617 0.000001 -5.964073 0.000000 0.000000 -1.001119
1 -0.000000 0.000000 -0.919222 0.000000 0.000000 1.001119
2 -0.000000 0.000000 0.000000 -1.570795 -1.570796 0.000000
3 1.754686 -0.002106 0.000003 -0.000004 -0.000001 -0.023509
4 2.644907 -0.004213 0.000742 -0.174380 0.003752 0.020496
5 5.373118 -0.003668 0.000286 -0.077726 0.003105 -0.029707
6 4.622900 -0.001142 -0.000016 0.014144 0.111247 0.173470
7 1.455385 -0.000000 0.000000 -0.292732 -0.052342 0.157713
8 6.329875 -0.000000 -0.000000 0.000000 0.000000 0.000000
9 2.995309 1.987698 -0.864472 -3.141592 -0.000001 1.407923
10 0.458379 0.000001 -0.000000 0.000000 0.000000 0.000000
11 2.995308 1.987696 0.870890 -3.141592 -0.000001 1.407923
12 0.458379 0.000001 0.000000 0.000000 0.000000 0.000000
13 3.078269 1.929374 0.855018 1.547494 -0.743749 1.442334
14 0.664102 -0.000000 -0.000000 0.000000 0.000000 0.000000
15 3.083701 1.962442 0.858416 1.570797 -0.011562 1.407923
16 0.559829 -0.000000 0.000000 0.000000 0.000000 0.000000
17 3.078100 1.931618 0.863325 -0.051183 -2.462692 -1.026784
18 0.682539 0.000000 0.000000 0.000000 0.000000 0.000000
19 3.061353 1.933510 0.862958 -1.459740 2.642219 -1.518602
20 0.679195 -0.000000 -0.000000 0.000000 -0.000000 0.000000
21 3.081032 1.929497 0.865757 -0.000000 -3.141591 -1.071653
22 0.675653 0.000001 -0.000000 0.000000 0.000000 0.000000
23 3.066324 1.936762 0.868039 0.000000 2.615510 -1.100106
24 0.658072 0.000000 -0.000000 -0.000000 -0.000000 0.000000
25 2.989677 1.934949 -0.857061 -0.000000 2.405157 -1.244421
26 0.578150 -0.000000 -0.000000 0.000000 0.000000 0.000000
27 2.979570 1.967334 -0.884714 -0.000000 -3.141591 -1.252624
28 0.518765 0.000000 -0.000000 0.000000 0.000000 0.000000
29 2.978726 1.983216 -0.860808 -0.016269 -2.767885 -1.233359
30 0.535334 -0.000001 -0.000000 0.000000 0.000000 0.000000
31 2.983528 1.967234 -0.884390 1.456493 0.640130 1.182185
32 0.444524 -0.000000 0.000000 0.000000 -0.000000 -0.000000
33 2.986611 1.992943 -0.875042 1.588345 -0.427771 1.365644
34 0.479990 -0.000000 -0.000000 0.000000 0.000000 0.000000
35 2.975851 1.966180 -0.894208 -3.141592 -0.000001 1.251407
36 0.533030 0.000000 -0.000000 0.000000 0.000000 0.000000
37 -1.575327 0.231322 2.819829 -0.012363 -1.125891 2.979573
38 2.707293 0.000000 -0.000000 -0.131597 0.567260 0.154447
39 10.066724 -0.000001 -0.000000 0.000000 -0.000000 -0.200000
40 4.577573 0.000000 -0.000000 -1.570000 0.000000 0.000000
41 1.907322 -0.000001 0.000000 -0.000796 0.000000 -0.000000
42 0.476831 -0.000001 -0.000000 0.000000 0.000000 0.000000
43 -0.913608 0.147559 -3.103217 -0.023919 1.346451 2.945093
44 2.707293 0.000000 -0.000000 -0.207525 -0.549065 -0.092771
45 10.066723 0.000000 0.000000 0.000000 0.000000 -0.200000
46 4.577572 -0.000000 0.000001 1.570000 0.000000 -0.000000
47 1.907322 0.000000 -0.000001 0.000796 -0.000000 -0.000000
48 0.476830 0.000000 0.000000 0.000000 0.000000 3.141593
49 -1.754251 -0.039147 1.525857 -0.000003 -3.141593 -0.076491
50 0.416333 -0.000000 0.000000 0.000000 -0.000000 -0.200000
51 0.416333 0.000000 0.000000 0.000000 0.000000 0.100000
52 0.095757 2.258270 -0.000000 -0.000000 0.000000 1.570796
53 0.012490 0.000000 0.000000 0.000000 0.000000 3.141593
54 -1.754251 -0.039138 -1.525858 -0.000003 -3.141593 -0.076491
55 0.416333 -0.000000 0.000000 0.000000 -0.000000 -0.200000
56 0.416333 0.000000 0.000000 0.000000 0.000000 0.100000
57 0.095756 2.258270 0.000000 0.000000 -0.000000 1.570796
58 0.012490 0.000000 0.000000 0.000000 0.000000 0.000000
time 56
0 -0.002617 0.000001 -5.968481 0.000000 0.000000 -1.001119
1 -0.000000 0.000000 -0.919854 0.000000 0.000000 1.001119
2 -0.000000 0.000000 0.000000 -1.570795 -1.570796 0.000000
3 1.754683 -0.002105 0.000003 -0.000004 -0.000001 -0.025014
4 2.644913 -0.004213 0.000742 -0.174375 0.003975 0.021766
5 5.373127 -0.003668 0.000286 -0.077718 0.003293 -0.027289
6 4.622900 -0.001142 -0.000016 0.014144 0.111247 0.173470
7 1.455385 0.000000 -0.000000 -0.292577 -0.052673 0.155464
8 6.329875 -0.000000 -0.000000 0.000000 0.000000 0.000000
9 2.995308 1.987698 -0.864472 -3.141592 -0.000001 1.407923
10 0.458379 0.000001 -0.000000 0.000000 0.000000 0.000000
11 2.995308 1.987696 0.870890 -3.141592 -0.000001 1.407923
12 0.458379 0.000001 0.000000 0.000000 0.000000 0.000000
13 3.078269 1.929374 0.855018 1.547494 -0.743749 1.442334
14 0.664102 -0.000000 -0.000000 0.000000 0.000000 0.000000
15 3.083701 1.962442 0.858416 1.570797 -0.011562 1.407923
16 0.559829 -0.000000 0.000000 0.000000 0.000000 0.000000
17 3.078100 1.931618 0.863325 -0.051183 -2.462692 -1.026784
18 0.682539 0.000000 0.000000 0.000000 0.000000 0.000000
19 3.061353 1.933510 0.862958 -1.459740 2.642219 -1.518602
20 0.679195 -0.000000 0.000000 0.000000 -0.000000 0.000000
21 3.081032 1.929497 0.865757 -0.000000 -3.141591 -1.071653
22 0.675652 0.000001 -0.000000 0.000000 0.000000 0.000000
23 3.066324 1.936762 0.868039 0.000000 2.615510 -1.100106
24 0.658072 0.000000 -0.000000 -0.000000 -0.000000 0.000000
25 2.989677 1.934948 -0.857061 -0.000000 2.405157 -1.244421
26 0.578150 -0.000001 -0.000000 0.000000 0.000000 0.000000
27 2.979570 1.967334 -0.884714 -0.000000 -3.141591 -1.252624
28 0.518766 0.000001 -0.000000 0.000000 0.000000 0.000000
29 2.978726 1.983216 -0.860808 -0.016269 -2.767885 -1.233359
30 0.535335 0.000000 -0.000000 0.000000 0.000000 0.000000
31 2.983528 1.967234 -0.884390 1.456493 0.640130 1.182185
32 0.444524 -0.000000 0.000000 0.000000 -0.000000 -0.000000
33 2.986611 1.992943 -0.875042 1.588345 -0.427771 1.365644
34 0.479990 -0.000000 0.000000 0.000000 0.000000 0.000000
35 2.975851 1.966180 -0.894208 -3.141592 -0.000001 1.251407
36 0.533030 0.000000 -0.000000 0.000000 0.000000 0.000000
37 -1.575326 0.231321 2.819829 -0.012235 -1.120906 2.979431
38 2.707293 0.000000 -0.000000 -0.134939 0.562930 0.151917
39 10.066724 0.000000 0.000000 0.000000 -0.000000 -0.200000
40 4.577573 -0.000000 -0.000000 -1.570000 0.000000 0.000000
41 1.907322 -0.000001 0.000000 -0.000796 0.000000 -0.000000
42 0.476831 -0.000001 -0.000000 0.000000 0.000000 0.000000
43 -0.913607 0.147559 -3.103217 -0.023523 1.342615 2.945499
44 2.707293 0.000000 -0.000001 -0.205498 -0.544771 -0.094574
45 10.066723 -0.000000 0.000000 0.000000 0.000000 -0.200000
46 4.577572 -0.000000 0.000001 1.570000 0.000000 -0.000000
47 1.907321 0.000000 -0.000001 0.000796 -0.000000 -0.000000
48 0.476830 0.000000 0.000000 0.000000 0.000000 3.141593
49 -1.754186 -0.041787 1.525857 -0.000003 -3.141593 -0.074986
50 0.416333 -0.000000 0.000000 0.000000 -0.000000 -0.200000
51 0.416333 0.000000 0.000000 0.000000 0.000000 0.100000
52 0.095757 2.258270 -0.000000 -0.000000 0.000000 1.570796
53 0.012490 0.000000 0.000000 0.000000 0.000000 3.141593
54 -1.754186 -0.041779 -1.525858 -0.000003 -3.141593 -0.074986
55 0.416333 -0.000000 0.000000 0.000000 -0.000000 -0.200000
56 0.416333 0.000000 0.000000 0.000000 0.000000 0.100000
57 0.095756 2.258270 0.000000 0.000000 -0.000000 1.570796
58 0.012490 0.000000 0.000000 0.000000 0.000000 0.000000
time 57
0 -0.002617 0.000001 -5.972129 0.000000 0.000000 -1.001119
1 -0.000000 0.000000 -0.920613 0.000000 0.000000 1.001119
2 -0.000000 0.000000 0.000000 -1.570795 -1.570796 0.000000
3 1.754680 -0.002105 0.000003 -0.000004 -0.000001 -0.026260
4 2.644917 -0.004213 0.000742 -0.174371 0.004160 0.022817
5 5.373134 -0.003669 0.000286 -0.077711 0.003449 -0.025287
6 4.622901 -0.001142 -0.000016 0.014144 0.111247 0.173470
7 1.455384 -0.000000 -0.000000 -0.292450 -0.052947 0.153603
8 6.329874 -0.000000 -0.000000 0.000000 0.000000 0.000000
9 2.995308 1.987698 -0.864472 -3.141592 -0.000001 1.407923
10 0.458379 0.000000 0.000000 0.000000 0.000000 0.000000
11 2.995307 1.987696 0.870890 -3.141592 -0.000001 1.407923
12 0.458379 0.000001 0.000000 0.000000 0.000000 0.000000
13 3.078268 1.929374 0.855018 1.547494 -0.743749 1.442334
14 0.664102 -0.000000 -0.000000 0.000000 0.000000 0.000000
15 3.083700 1.962442 0.858416 1.570797 -0.011562 1.407923
16 0.559829 -0.000000 -0.000000 0.000000 0.000000 0.000000
17 3.078100 1.931618 0.863325 -0.051183 -2.462692 -1.026784
18 0.682539 -0.000000 0.000000 0.000000 0.000000 0.000000
19 3.061352 1.933510 0.862958 -1.459740 2.642219 -1.518602
20 0.679195 -0.000000 -0.000000 0.000000 -0.000000 0.000000
21 3.081031 1.929497 0.865757 -0.000000 -3.141591 -1.071653
22 0.675652 0.000001 -0.000000 0.000000 0.000000 0.000000
23 3.066323 1.936762 0.868039 0.000000 2.615510 -1.100106
24 0.658072 -0.000000 -0.000000 -0.000000 -0.000000 0.000000
25 2.989677 1.934948 -0.857061 -0.000000 2.405157 -1.244421
26 0.578150 -0.000000 -0.000000 0.000000 0.000000 0.000000
27 2.979570 1.967334 -0.884714 -0.000000 -3.141591 -1.252624
28 0.518766 -0.000000 -0.000000 0.000000 0.000000 0.000000
29 2.978725 1.983216 -0.860808 -0.016269 -2.767885 -1.233359
30 0.535334 -0.000000 -0.000000 0.000000 0.000000 0.000000
31 2.983527 1.967234 -0.884390 1.456493 0.640130 1.182185
32 0.444524 -0.000000 0.000001 0.000000 -0.000000 -0.000000
33 2.986611 1.992943 -0.875042 1.588345 -0.427771 1.365644
34 0.479990 -0.000000 -0.000000 0.000000 0.000000 0.000000
35 2.975850 1.966180 -0.894208 -3.141592 -0.000001 1.251407
36 0.533030 0.000000 -0.000000 0.000000 0.000000 0.000000
37 -1.575328 0.231322 2.819829 -0.012128 -1.116637 2.979312
38 2.707294 0.000000 0.000001 -0.137710 0.559199 0.149821
39 10.066724 0.000000 -0.000000 0.000000 -0.000000 -0.200000
40 4.577572 -0.000000 -0.000001 -1.570000 0.000000 0.000000
41 1.907322 -0.000001 0.000000 -0.000796 0.000000 -0.000000
42 0.476830 -0.000000 -0.000000 0.000000 0.000000 0.000000
43 -0.913608 0.147559 -3.103217 -0.023192 1.339297 2.945839
44 2.707293 0.000000 -0.000000 -0.203849 -0.541074 -0.096051
45 10.066723 -0.000000 0.000000 0.000000 0.000000 -0.200000
46 4.577572 -0.000000 0.000001 1.570000 0.000000 -0.000000
47 1.907322 -0.000000 -0.000001 0.000796 -0.000000 -0.000000
48 0.476830 0.000000 0.000000 0.000000 0.000000 3.141593
49 -1.754131 -0.043973 1.525857 -0.000003 -3.141593 -0.073740
50 0.416333 -0.000000 0.000000 0.000000 -0.000000 -0.200000
51 0.416332 0.000000 0.000000 0.000000 0.000000 0.100000
52 0.095757 2.258270 -0.000000 -0.000000 0.000000 1.570796
53 0.012490 0.000000 0.000000 0.000000 0.000000 3.141593
54 -1.754130 -0.043964 -1.525858 -0.000003 -3.141593 -0.073740
55 0.416333 -0.000000 0.000000 0.000000 -0.000000 -0.200000
56 0.416333 0.000000 0.000000 0.000000 0.000000 0.100000
57 0.095756 2.258270 0.000000 0.000000 -0.000000 1.570796
58 0.012490 0.000000 0.000000 0.000000 0.000000 0.000000
time 58
0 -0.002617 0.000001 -5.974892 0.000000 0.000000 -1.001119
1 -0.000000 0.000000 -0.921499 0.000000 0.000000 1.001119
2 -0.000000 0.000000 0.000000 -1.570795 -1.570796 0.000000
3 1.754678 -0.002105 0.000003 -0.000004 -0.000001 -0.027204
4 2.644920 -0.004212 0.000742 -0.174368 0.004301 0.023613
5 5.373140 -0.003669 0.000286 -0.077706 0.003567 -0.023771
6 4.622900 -0.001142 -0.000016 0.014144 0.111247 0.173470
7 1.455385 -0.000000 0.000000 -0.292353 -0.053154 0.152193
8 6.329874 -0.000000 -0.000000 0.000000 0.000000 0.000000
9 2.995308 1.987698 -0.864472 -3.141592 -0.000001 1.407923
10 0.458379 0.000000 -0.000000 0.000000 0.000000 0.000000
11 2.995307 1.987696 0.870890 -3.141592 -0.000001 1.407923
12 0.458379 0.000001 0.000000 0.000000 0.000000 0.000000
13 3.078268 1.929374 0.855018 1.547494 -0.743749 1.442334
14 0.664102 -0.000000 0.000000 0.000000 0.000000 0.000000
15 3.083700 1.962442 0.858416 1.570797 -0.011562 1.407923
16 0.559829 -0.000000 0.000000 0.000000 0.000000 0.000000
17 3.078100 1.931618 0.863325 -0.051183 -2.462692 -1.026784
18 0.682539 -0.000000 0.000000 0.000000 0.000000 0.000000
19 3.061352 1.933510 0.862958 -1.459740 2.642219 -1.518602
20 0.679195 -0.000000 -0.000001 0.000000 -0.000000 0.000000
21 3.081031 1.929497 0.865757 -0.000000 -3.141591 -1.071653
22 0.675653 0.000001 -0.000000 0.000000 0.000000 0.000000
23 3.066323 1.936762 0.868039 0.000000 2.615510 -1.100106
24 0.658072 0.000000 -0.000000 -0.000000 -0.000000 0.000000
25 2.989677 1.934948 -0.857061 -0.000000 2.405157 -1.244421
26 0.578150 -0.000001 0.000000 0.000000 0.000000 0.000000
27 2.979570 1.967334 -0.884714 -0.000000 -3.141591 -1.252624
28 0.518765 0.000000 -0.000000 0.000000 0.000000 0.000000
29 2.978725 1.983215 -0.860808 -0.016269 -2.767885 -1.233359
30 0.535335 -0.000000 -0.000000 0.000000 0.000000 0.000000
31 2.983527 1.967234 -0.884390 1.456493 0.640130 1.182185
32 0.444524 -0.000000 0.000000 0.000000 -0.000000 -0.000000
33 2.986611 1.992943 -0.875042 1.588345 -0.427771 1.365644
34 0.479990 -0.000000 0.000000 0.000000 0.000000 0.000000
35 2.975850 1.966180 -0.894208 -3.141592 -0.000001 1.251407
36 0.533030 0.000000 -0.000000 0.000000 0.000000 0.000000
37 -1.575327 0.231322 2.819829 -0.012044 -1.113212 2.979218
38 2.707293 0.000000 -0.000000 -0.139829 0.556180 0.148223
39 10.066724 -0.000000 -0.000000 0.000000 -0.000000 -0.200000
40 4.577573 -0.000000 -0.000001 -1.570000 0.000000 0.000000
41 1.907321 -0.000001 0.000000 -0.000796 0.000000 -0.000000
42 0.476831 -0.000001 -0.000000 0.000000 0.000000 0.000000
43 -0.913607 0.147559 -3.103217 -0.022929 1.336592 2.946110
44 2.707293 0.000000 0.000000 -0.202630 -0.538081 -0.097155
45 10.066723 -0.000000 0.000001 0.000000 0.000000 -0.200000
46 4.577572 -0.000000 0.000001 1.570000 0.000000 -0.000000
47 1.907322 -0.000000 -0.000001 0.000796 -0.000000 -0.000000
48 0.476830 0.000000 0.000000 0.000000 0.000000 3.141593
49 -1.754086 -0.045628 1.525857 -0.000003 -3.141593 -0.072796
50 0.416333 -0.000000 0.000000 0.000000 -0.000000 -0.200000
51 0.416333 -0.000000 0.000000 0.000000 0.000000 0.100000
52 0.095757 2.258270 -0.000000 -0.000000 0.000000 1.570796
53 0.012490 0.000000 0.000000 0.000000 0.000000 3.141593
54 -1.754086 -0.045619 -1.525858 -0.000003 -3.141593 -0.072796
55 0.416333 -0.000000 0.000000 0.000000 -0.000000 -0.200000
56 0.416332 0.000000 0.000000 0.000000 0.000000 0.100000
57 0.095756 2.258270 0.000000 0.000000 -0.000000 1.570796
58 0.012490 0.000000 0.000000 0.000000 0.000000 0.000000
time 59
0 -0.002617 0.000001 -5.976643 0.000000 0.000000 -1.001119
1 -0.000000 0.000000 -0.922512 0.000000 0.000000 1.001119
2 -0.000000 0.000000 0.000000 -1.570795 -1.570796 0.000000
3 1.754677 -0.002105 0.000003 -0.000004 -0.000001 -0.027801
4 2.644923 -0.004212 0.000742 -0.174365 0.004390 0.024118
5 5.373142 -0.003669 0.000286 -0.077702 0.003642 -0.022811
6 4.622901 -0.001142 -0.000016 0.014144 0.111247 0.173470
7 1.455385 -0.000000 -0.000000 -0.292292 -0.053285 0.151300
8 6.329875 -0.000000 -0.000000 0.000000 0.000000 0.000000
9 2.995308 1.987698 -0.864472 -3.141592 -0.000001 1.407923
10 0.458379 -0.000000 0.000000 0.000000 0.000000 0.000000
11 2.995308 1.987695 0.870890 -3.141592 -0.000001 1.407923
12 0.458379 0.000001 0.000000 0.000000 0.000000 0.000000
13 3.078269 1.929374 0.855018 1.501153 -0.734413 1.512402
14 0.664102 -0.000000 0.000000 0.000000 0.000000 0.000000
15 3.083701 1.962442 0.858416 1.570797 -0.011562 1.492099
16 0.559829 -0.000000 0.000000 0.000000 0.000000 0.000000
17 3.078100 1.931618 0.863325 -0.028222 -2.463330 -1.063342
18 0.682539 0.000000 0.000000 0.000000 0.000000 0.000000
19 3.061353 1.933510 0.862958 -1.434601 2.651867 -1.463416
20 0.679195 -0.000000 -0.000000 0.000000 -0.000000 0.000000
21 3.081032 1.929497 0.865757 0.053804 -3.141591 -1.086411
22 0.675652 0.000001 -0.000000 0.000000 0.000000 0.000000
23 3.066324 1.936762 0.868039 -0.009297 2.615988 -1.118653
24 0.658072 0.000000 0.000000 -0.000000 0.000000 0.000000
25 2.989677 1.934948 -0.857061 -0.017820 2.406289 -1.271024
26 0.578150 -0.000001 -0.000000 0.000000 0.000000 0.000000
27 2.979570 1.967334 -0.884714 -0.071923 3.137292 -1.268480
28 0.518766 0.000000 0.000000 0.000000 0.000000 0.000000
29 2.978726 1.983216 -0.860808 -0.010328 -2.767926 -1.249625
30 0.535335 -0.000001 0.000000 0.000000 0.000000 0.000000
31 2.983528 1.967234 -0.884390 1.496770 0.639333 1.249181
32 0.444524 -0.000000 0.000000 0.000000 -0.000000 -0.000000
33 2.986611 1.992943 -0.875042 1.564775 -0.424690 1.423166
34 0.479990 -0.000000 -0.000000 0.000000 0.000000 0.000000
35 2.975851 1.966180 -0.894208 -3.141592 -0.000001 1.328030
36 0.533030 -0.000000 -0.000000 0.000000 0.000000 0.000000
37 -1.575327 0.231322 2.819829 -0.011984 -1.110756 2.979151
38 2.707294 -0.000000 0.000000 -0.141214 0.553982 0.147188
39 10.066724 -0.000001 0.000000 0.000000 -0.000000 -0.200000
40 4.577573 0.000000 -0.000000 -1.570000 0.000000 0.000000
41 1.907322 -0.000001 0.000000 -0.000796 0.000000 -0.000000
42 0.476831 -0.000000 -0.000000 0.000000 0.000000 0.000000
43 -0.913608 0.147559 -3.103217 -0.022738 1.334592 2.946306
44 2.707293 0.000000 -0.000000 -0.201895 -0.535899 -0.097835
45 10.066722 -0.000000 0.000001 0.000000 0.000000 -0.200000
46 4.577572 -0.000000 0.000001 1.570000 0.000000 -0.000000
47 1.907322 -0.000000 -0.000001 0.000796 -0.000000 -0.000000
48 0.476830 0.000000 0.000000 0.000000 0.000000 3.141593
49 -1.754057 -0.046676 1.525857 -0.000003 -3.141593 -0.072199
50 0.416333 -0.000000 0.000000 0.000000 -0.000000 -0.200000
51 0.416333 -0.000000 0.000000 0.000000 0.000000 0.100000
52 0.095757 2.258270 -0.000000 -0.000000 0.000000 1.570796
53 0.012490 0.000000 0.000000 0.000000 0.000000 3.141593
54 -1.754057 -0.046668 -1.525858 -0.000003 -3.141593 -0.072199
55 0.416333 -0.000000 0.000000 0.000000 -0.000000 -0.200000
56 0.416333 0.000000 0.000000 0.000000 0.000000 0.100000
57 0.095756 2.258270 0.000000 0.000000 -0.000000 1.570796
58 0.012490 0.000000 0.000000 0.000000 0.000000 0.000000
time 60
0 -0.002617 0.000001 -5.977254 0.000000 0.000000 -1.001119
1 -0.000000 0.000000 -0.923650 0.000000 0.000000 1.001119
2 -0.000000 0.000000 0.000000 -1.570795 -1.570796 0.000000
3 1.754676 -0.002105 0.000003 -0.000004 -0.000001 -0.028010
4 2.644923 -0.004212 0.000742 -0.174365 0.004421 0.024294
5 5.373144 -0.003669 0.000286 -0.077701 0.003668 -0.022475
6 4.622901 -0.001142 -0.000016 0.014144 0.111247 0.173470
7 1.455385 -0.000000 -0.000000 -0.292271 -0.053331 0.150988
8 6.329874 -0.000000 -0.000000 0.000000 0.000000 0.000000
9 2.995308 1.987698 -0.864472 -3.141592 -0.000001 1.407923
10 0.458379 0.000001 0.000000 0.000000 0.000000 0.000000
11 2.995308 1.987696 0.870890 -3.141592 -0.000001 1.407923
12 0.458379 0.000001 0.000000 0.000000 0.000000 0.000000
13 3.078268 1.929374 0.855018 1.399203 -0.713874 1.666551
14 0.664102 -0.000000 -0.000000 0.000000 0.000000 0.000000
15 3.083700 1.962442 0.858416 -1.570796 -3.130031 -1.464307
16 0.559829 -0.000000 -0.000000 0.000000 0.000000 0.000000
17 3.078100 1.931618 0.863325 0.022294 -2.464735 -1.143770
18 0.682539 0.000000 -0.000000 0.000000 -0.000000 0.000000
19 3.061353 1.933510 0.862958 -1.379295 2.673094 -1.342006
20 0.679194 -0.000000 -0.000000 0.000000 0.000000 0.000000
21 3.081031 1.929497 0.865757 0.172171 -3.141591 -1.118880
22 0.675653 0.000000 -0.000000 0.000000 0.000000 0.000000
23 3.066324 1.936762 0.868039 -0.029750 2.617041 -1.159457
24 0.658072 -0.000000 -0.000000 -0.000000 -0.000000 0.000000
25 2.989677 1.934948 -0.857061 -0.057024 2.408778 -1.329549
26 0.578150 -0.000001 -0.000000 0.000000 0.000000 0.000000
27 2.979570 1.967334 -0.884714 -0.230153 3.127828 -1.303362
28 0.518765 0.000000 -0.000000 0.000000 0.000000 0.000000
29 2.978725 1.983216 -0.860808 0.002741 -2.768018 -1.285409
30 0.535335 -0.000000 0.000000 0.000000 0.000000 0.000000
31 2.983527 1.967234 -0.884390 1.585380 0.637578 1.396571
32 0.444524 -0.000000 -0.000000 -0.000000 0.000000 -0.000000
33 2.986611 1.992943 -0.875042 1.512923 -0.417912 1.549715
34 0.479990 0.000000 0.000000 0.000000 0.000000 0.000000
35 2.975851 1.966180 -0.894208 -3.141592 -0.000001 1.496602
36 0.533030 0.000001 -0.000000 0.000000 0.000000 0.000000
37 -1.575327 0.231322 2.819829 -0.011951 -1.109394 2.979115
38 2.707294 0.000000 0.000000 -0.141784 0.552716 0.146782
39 10.066724 -0.000000 0.000000 0.000000 -0.000000 -0.200000
40 4.577573 -0.000000 -0.000000 -1.570000 0.000000 0.000000
41 1.907322 -0.000000 0.000000 -0.000796 0.000000 -0.000000
42 0.476831 0.000000 -0.000000 0.000000 0.000000 0.000000
43 -0.913608 0.147559 -3.103217 -0.022625 1.333390 2.946422
44 2.707293 -0.000000 -0.000000 -0.201696 -0.534635 -0.098043
45 10.066723 -0.000000 0.000001 0.000000 0.000000 -0.200000
46 4.577572 -0.000000 0.000000 1.570000 0.000000 -0.000000
47 1.907322 -0.000000 -0.000001 0.000796 -0.000000 -0.000000
48 0.476830 0.000000 0.000000 0.000000 0.000000 3.141593
49 -1.754047 -0.047042 1.525857 -0.000003 -3.141593 -0.071990
50 0.416333 -0.000000 0.000000 0.000000 -0.000000 -0.200000
51 0.416333 0.000000 0.000000 0.000000 0.000000 0.100000
52 0.095757 2.258270 -0.000000 -0.000000 0.000000 1.570796
53 0.012490 0.000000 0.000000 0.000000 0.000000 3.141593
54 -1.754047 -0.047034 -1.525858 -0.000003 -3.141593 -0.071990
55 0.416332 -0.000000 0.000000 0.000000 -0.000000 -0.200000
56 0.416333 0.000000 0.000000 0.000000 0.000000 0.100000
57 0.095756 2.258270 0.000000 0.000000 -0.000000 1.570796
58 0.012490 0.000000 0.000000 0.000000 0.000000 0.000000
time 61
0 -0.002617 0.000001 -5.976843 0.000000 0.000000 -1.001119
1 -0.000000 0.000000 -0.924673 0.000000 0.000000 1.001119
2 -0.000000 0.000000 0.000000 -1.570795 -1.570796 0.000000
3 1.754677 -0.002105 0.000003 -0.000004 -0.000001 -0.027870
4 2.644922 -0.004212 0.000742 -0.174365 0.004400 0.024175
5 5.373143 -0.003669 0.000286 -0.077702 0.003650 -0.022701
6 4.622900 -0.001142 -0.000016 0.014144 0.111247 0.173470
7 1.455385 -0.000000 0.000000 -0.292285 -0.053300 0.151197
8 6.329874 -0.000000 -0.000000 0.000000 0.000000 0.000000
9 2.995308 1.987698 -0.864472 -3.141592 -0.000001 1.407923
10 0.458379 0.000000 0.000000 0.000000 0.000000 0.000000
11 2.995308 1.987696 0.870890 -3.141592 -0.000001 1.407923
12 0.458379 0.000001 0.000000 0.000000 0.000000 0.000000
13 3.078268 1.929374 0.855018 1.297254 -0.693335 1.820700
14 0.664102 -0.000000 0.000000 0.000000 0.000000 0.000000
15 3.083701 1.962442 0.858416 -1.570796 -3.130031 -1.279120
16 0.559829 -0.000000 -0.000000 0.000000 0.000000 0.000000
17 3.078100 1.931618 0.863325 0.072810 -2.466139 -1.224197
18 0.682539 0.000000 0.000000 0.000000 -0.000000 0.000000
19 3.061353 1.933510 0.862958 -1.323989 2.694320 -1.220597
20 0.679195 -0.000000 -0.000000 0.000000 -0.000000 0.000000
21 3.081031 1.929497 0.865757 0.290539 -3.141591 -1.151348
22 0.675652 0.000000 0.000000 0.000000 0.000000 0.000000
23 3.066324 1.936762 0.868039 -0.050204 2.618093 -1.200260
24 0.658072 0.000000 -0.000000 -0.000000 -0.000000 0.000000
25 2.989677 1.934948 -0.857061 -0.096228 2.411268 -1.388074
26 0.578150 -0.000000 -0.000000 0.000000 0.000000 0.000000
27 2.979570 1.967334 -0.884714 -0.388383 3.118363 -1.338244
28 0.518765 -0.000000 0.000000 0.000000 0.000000 0.000000
29 2.978725 1.983216 -0.860808 0.015811 -2.768109 -1.321193
30 0.535335 -0.000001 -0.000000 0.000000 0.000000 0.000000
31 2.983527 1.967234 -0.884390 1.673990 0.635824 1.543961
32 0.444524 -0.000000 -0.000001 -0.000000 0.000000 -0.000000
33 2.986611 1.992943 -0.875042 1.461071 -0.411134 1.676263
34 0.479991 -0.000000 0.000000 0.000000 0.000000 0.000000
35 2.975851 1.966180 -0.894208 0.000001 -3.141592 -1.476420
36 0.533030 -0.000000 0.000000 0.000000 0.000000 0.000000
37 -1.575327 0.231322 2.819829 -0.011942 -1.108994 2.979104
38 2.707293 0.000000 -0.000000 -0.141628 0.552266 0.146936
39 10.066724 -0.000000 0.000001 0.000000 -0.000000 -0.200000
40 4.577573 0.000000 -0.000001 -1.570000 0.000000 0.000000
41 1.907322 -0.000001 0.000000 -0.000796 0.000000 -0.000000
42 0.476830 -0.000001 -0.000000 0.000000 0.000000 0.000000
43 -0.913607 0.147558 -3.103217 -0.022578 1.332883 2.946471
44 2.707293 0.000000 -0.000001 -0.201979 -0.534175 -0.097827
45 10.066723 -0.000000 0.000001 0.000000 0.000000 -0.200000
46 4.577572 -0.000000 0.000001 1.570000 0.000000 -0.000000
47 1.907322 -0.000000 -0.000001 0.000796 -0.000000 -0.000000
48 0.476830 0.000000 0.000000 0.000000 0.000000 3.141593
49 -1.754054 -0.046796 1.525857 -0.000003 -3.141593 -0.072130
50 0.416333 -0.000000 0.000000 0.000000 -0.000000 -0.200000
51 0.416333 0.000000 0.000000 0.000000 0.000000 0.100000
52 0.095757 2.258270 -0.000000 -0.000000 0.000000 1.570796
53 0.012490 0.000000 0.000000 0.000000 0.000000 3.141593
54 -1.754054 -0.046788 -1.525858 -0.000003 -3.141593 -0.072130
55 0.416333 -0.000000 0.000000 0.000000 -0.000000 -0.200000
56 0.416333 0.000000 0.000000 0.000000 0.000000 0.100000
57 0.095756 2.258270 0.000000 0.000000 -0.000000 1.570796
58 0.012490 0.000000 0.000000 0.000000 0.000000 0.000000
time 62
0 -0.002617 0.000001 -5.975652 0.000000 0.000000 -1.001119
1 -0.000000 0.000000 -0.925454 0.000000 0.000000 1.001119
2 -0.000000 0.000000 0.000000 -1.570795 -1.570796 0.000000
3 1.754678 -0.002105 0.000003 -0.000004 -0.000001 -0.027463
4 2.644921 -0.004212 0.000742 -0.174367 0.004339 0.023832
5 5.373140 -0.003669 0.000286 -0.077704 0.003599 -0.023355
6 4.622900 -0.001142 -0.000016 0.014144 0.111247 0.173470
7 1.455385 0.000000 -0.000000 -0.292327 -0.053211 0.151805
8 6.329874 -0.000000 -0.000000 0.000000 0.000000 0.000000
9 2.995308 1.987698 -0.864472 -3.141592 -0.000001 1.407923
10 0.458379 0.000000 -0.000000 0.000000 0.000000 0.000000
11 2.995308 1.987695 0.870890 -3.141592 -0.000001 1.407923
12 0.458379 0.000001 0.000000 0.000000 0.000000 0.000000
13 3.078268 1.929374 0.855018 1.250913 -0.683999 1.890767
14 0.664102 -0.000000 -0.000000 0.000000 0.000000 0.000000
15 3.083701 1.962442 0.858416 -1.570796 -3.130031 -1.194945
16 0.559829 -0.000000 0.000000 0.000000 0.000000 0.000000
17 3.078100 1.931618 0.863325 0.095771 -2.466778 -1.260755
18 0.682539 -0.000000 -0.000000 0.000000 -0.000000 0.000000
19 3.061353 1.933510 0.862958 -1.298849 2.703969 -1.165410
20 0.679195 -0.000000 -0.000001 0.000000 -0.000000 0.000000
21 3.081031 1.929497 0.865757 0.344343 -3.141591 -1.166106
22 0.675653 0.000001 0.000000 0.000000 0.000000 0.000000
23 3.066324 1.936762 0.868039 -0.059501 2.618571 -1.218807
24 0.658072 0.000000 -0.000000 -0.000000 0.000000 0.000000
25 2.989677 1.934948 -0.857061 -0.114047 2.412399 -1.414676
26 0.578150 0.000000 0.000000 0.000000 0.000000 0.000000
27 2.979570 1.967334 -0.884714 -0.460306 3.114061 -1.354100
28 0.518766 -0.000000 -0.000000 0.000000 0.000000 0.000000
29 2.978725 1.983216 -0.860808 0.021751 -2.768151 -1.337458
30 0.535334 -0.000000 -0.000000 0.000000 0.000000 0.000000
31 2.983527 1.967234 -0.884390 -1.427325 2.506566 -1.530636
32 0.444524 -0.000000 0.000000 -0.000000 0.000000 -0.000000
33 2.986611 1.992943 -0.875042 1.437502 -0.408053 1.733785
34 0.479990 0.000000 -0.000000 0.000000 0.000000 0.000000
35 2.975851 1.966180 -0.894208 0.000001 -3.141592 -1.399797
36 0.533030 -0.000001 -0.000000 0.000000 0.000000 0.000000
37 -1.575327 0.231322 2.819829 -0.011949 -1.109299 2.979112
38 2.707293 0.000000 0.000000 -0.140923 0.552410 0.147515
39 10.066724 -0.000000 0.000001 0.000000 -0.000000 -0.200000
40 4.577573 -0.000000 -0.000001 -1.570000 0.000000 0.000000
41 1.907322 -0.000001 0.000000 -0.000796 0.000000 -0.000000
42 0.476830 -0.000000 -0.000000 0.000000 0.000000 0.000000
43 -0.913608 0.147559 -3.103217 -0.022577 1.332877 2.946471
44 2.707293 0.000000 0.000000 -0.202633 -0.534300 -0.097286
45 10.066723 -0.000000 0.000001 0.000000 0.000000 -0.200000
46 4.577572 -0.000000 0.000001 1.570000 0.000000 -0.000000
47 1.907322 -0.000000 -0.000001 0.000796 -0.000000 -0.000000
48 0.476830 0.000000 0.000000 0.000000 0.000000 3.141593
49 -1.754074 -0.046082 1.525857 -0.000003 -3.141593 -0.072537
50 0.416332 -0.000000 0.000000 0.000000 -0.000000 -0.200000
51 0.416333 0.000000 0.000000 0.000000 0.000000 0.100000
52 0.095757 2.258270 -0.000000 -0.000000 0.000000 1.570796
53 0.012490 0.000000 0.000000 0.000000 0.000000 3.141593
54 -1.754074 -0.046074 -1.525858 -0.000003 -3.141593 -0.072537
55 0.416333 -0.000000 0.000000 0.000000 -0.000000 -0.200000
56 0.416332 0.000000 0.000000 0.000000 0.000000 0.100000
57 0.095756 2.258270 0.000000 0.000000 -0.000000 1.570796
58 0.012490 0.000000 0.000000 0.000000 0.000000 0.000000
time 63
0 -0.002617 0.000001 -5.973743 0.000000 0.000000 -1.001119
1 -0.000000 0.000000 -0.926171 0.000000 0.000000 1.001119
2 -0.000000 0.000000 0.000000 -1.570795 -1.570796 0.000000
3 1.754679 -0.002105 0.000003 -0.000004 -0.000001 -0.026811
4 2.644918 -0.004213 0.000742 -0.174369 0.004242 0.023282
5 5.373137 -0.003669 0.000286 -0.077708 0.003518 -0.024402
6 4.622900 -0.001142 -0.000016 0.014144 0.111247 0.173470
7 1.455385 -0.000000 0.000000 -0.292393 -0.053068 0.152779
8 6.329874 -0.000000 -0.000000 0.000000 0.000000 0.000000
9 2.995308 1.987698 -0.864472 -3.141592 -0.000001 1.407923
10 0.458379 0.000000 0.000000 0.000000 0.000000 0.000000
11 2.995308 1.987696 0.870890 -3.141592 -0.000001 1.407923
12 0.458379 0.000001 0.000000 0.000000 0.000000 0.000000
13 3.078268 1.929374 0.855018 1.272882 -0.688425 1.857550
14 0.664102 -0.000000 0.000000 0.000000 0.000000 0.000000
15 3.083701 1.962442 0.858416 -1.570796 -3.130031 -1.234850
16 0.559829 -0.000000 -0.000000 0.000000 0.000000 0.000000
17 3.078100 1.931618 0.863325 0.084886 -2.466475 -1.243424
18 0.682539 0.000000 0.000000 0.000000 -0.000000 0.000000
19 3.061353 1.933510 0.862958 -1.310767 2.699395 -1.191573
20 0.679195 -0.000000 -0.000000 0.000000 -0.000000 0.000000
21 3.081031 1.929497 0.865757 0.318836 -3.141591 -1.159109
22 0.675653 0.000000 -0.000000 0.000000 0.000000 0.000000
23 3.066324 1.936762 0.868039 -0.055093 2.618345 -1.210015
24 0.658072 0.000000 -0.000000 -0.000000 -0.000000 0.000000
25 2.989677 1.934948 -0.857061 -0.105600 2.411863 -1.402065
26 0.578150 -0.000001 -0.000000 0.000000 0.000000 0.000000
27 2.979570 1.967334 -0.884714 -0.426209 3.116101 -1.346583
28 0.518766 0.000000 -0.000000 0.000000 0.000000 0.000000
29 2.978725 1.983216 -0.860808 0.018935 -2.768131 -1.329747
30 0.535335 0.000000 -0.000000 0.000000 0.000000 0.000000
31 2.983527 1.967234 -0.884390 -1.446420 2.506188 -1.562397
32 0.444524 -0.000000 -0.000000 -0.000000 0.000000 -0.000000
33 2.986611 1.992943 -0.875042 1.448676 -0.409514 1.706515
34 0.479990 -0.000000 -0.000000 0.000000 0.000000 0.000000
35 2.975851 1.966180 -0.894208 0.000001 -3.141592 -1.436122
36 0.533030 0.000001 -0.000000 0.000000 0.000000 0.000000
37 -1.575326 0.231321 2.819829 -0.011972 -1.110252 2.979137
38 2.707293 0.000000 -0.000000 -0.139713 0.553099 0.148484
39 10.066724 -0.000000 0.000000 0.000000 -0.000000 -0.200000
40 4.577573 -0.000000 -0.000000 -1.570000 0.000000 0.000000
41 1.907322 -0.000001 0.000000 -0.000796 0.000000 -0.000000
42 0.476831 0.000000 -0.000000 0.000000 0.000000 0.000000
43 -0.913607 0.147559 -3.103217 -0.022620 1.333333 2.946427
44 2.707293 0.000000 -0.000000 -0.203629 -0.534961 -0.096444
45 10.066723 0.000000 0.000000 0.000000 0.000000 -0.200000
46 4.577572 -0.000000 0.000001 1.570000 0.000000 -0.000000
47 1.907322 -0.000000 -0.000001 0.000796 -0.000000 -0.000000
48 0.476830 0.000000 0.000000 0.000000 0.000000 3.141593
49 -1.754105 -0.044939 1.525857 -0.000003 -3.141593 -0.073189
50 0.416332 -0.000000 0.000000 0.000000 -0.000000 -0.200000
51 0.416333 0.000000 0.000000 0.000000 0.000000 0.100000
52 0.095757 2.258270 -0.000000 -0.000000 0.000000 1.570796
53 0.012490 0.000000 0.000000 0.000000 0.000000 3.141593
54 -1.754105 -0.044931 -1.525858 -0.000003 -3.141593 -0.073189
55 0.416333 -0.000000 0.000000 0.000000 -0.000000 -0.200000
56 0.416332 0.000000 0.000000 0.000000 0.000000 0.100000
57 0.095756 2.258270 0.000000 0.000000 -0.000000 1.570796
58 0.012490 0.000000 0.000000 0.000000 0.000000 0.000000
time 64
0 -0.002617 0.000001 -5.971180 0.000000 0.000000 -1.001119
1 -0.000000 0.000000 -0.926825 0.000000 0.000000 1.001119
2 -0.000000 0.000000 0.000000 -1.570795 -1.570796 0.000000
3 1.754681 -0.002105 0.000003 -0.000004 -0.000001 -0.025936
4 2.644916 -0.004213 0.000742 -0.174372 0.004112 0.022544
5 5.373132 -0.003669 0.000286 -0.077713 0.003409 -0.025808
6 4.622901 -0.001142 -0.000016 0.014144 0.111247 0.173470
7 1.455384 0.000000 0.000000 -0.292483 -0.052876 0.154087
8 6.329874 -0.000000 -0.000000 0.000000 0.000000 0.000000
9 2.995308 1.987698 -0.864472 -3.141592 -0.000001 1.407923
10 0.458379 0.000001 0.000000 0.000000 0.000000 0.000000
11 2.995308 1.987695 0.870890 -3.141592 -0.000001 1.407923
12 0.458379 0.000001 0.000000 0.000000 0.000000 0.000000
13 3.078268 1.929374 0.855018 1.327804 -0.699489 1.774507
14 0.664102 -0.000000 0.000000 0.000000 0.000000 0.000000
15 3.083700 1.962442 0.858416 -1.570796 -3.130031 -1.334614
16 0.559829 -0.000000 -0.000000 0.000000 0.000000 0.000000
17 3.078100 1.931618 0.863325 0.057672 -2.465718 -1.200096
18 0.682539 -0.000000 0.000000 0.000000 -0.000000 0.000000
19 3.061353 1.933510 0.862958 -1.340562 2.687959 -1.256979
20 0.679194 -0.000000 0.000000 0.000000 -0.000000 0.000000
21 3.081031 1.929497 0.865757 0.255069 -3.141591 -1.141618
22 0.675653 0.000000 -0.000000 0.000000 0.000000 0.000000
23 3.066324 1.936762 0.868039 -0.044075 2.617778 -1.188033
24 0.658072 0.000000 -0.000000 -0.000000 0.000000 0.000000
25 2.989677 1.934948 -0.857061 -0.084480 2.410522 -1.370536
26 0.578150 -0.000001 -0.000000 0.000000 0.000000 0.000000
27 2.979570 1.967334 -0.884714 -0.340967 3.121199 -1.327791
28 0.518766 -0.000001 -0.000000 0.000000 0.000000 0.000000
29 2.978725 1.983216 -0.860808 0.011894 -2.768082 -1.310470
30 0.535335 -0.000000 -0.000000 0.000000 0.000000 0.000000
31 2.983527 1.967234 -0.884390 1.647437 0.636350 1.499794
32 0.444524 -0.000000 0.000000 -0.000000 0.000000 -0.000000
33 2.986611 1.992943 -0.875042 1.476609 -0.413165 1.638341
34 0.479990 -0.000000 -0.000000 0.000000 0.000000 0.000000
35 2.975851 1.966180 -0.894208 0.000001 -3.141592 -1.526935
36 0.533030 0.000000 -0.000000 0.000000 0.000000 0.000000
37 -1.575328 0.231322 2.819829 -0.012009 -1.111796 2.979179
38 2.707293 0.000000 0.000000 -0.138039 0.554285 0.149811
39 10.066724 -0.000000 0.000000 0.000000 -0.000000 -0.200000
40 4.577573 -0.000000 -0.000000 -1.570000 0.000000 0.000000
41 1.907321 -0.000001 0.000000 -0.000796 0.000000 -0.000000
42 0.476830 -0.000000 -0.000000 0.000000 0.000000 0.000000
43 -0.913608 0.147559 -3.103217 -0.022702 1.334210 2.946343
44 2.707293 0.000000 -0.000000 -0.204938 -0.536111 -0.095328
45 10.066723 -0.000000 0.000001 0.000000 0.000000 -0.200000
46 4.577572 -0.000000 0.000000 1.570000 0.000000 -0.000000
47 1.907321 -0.000000 -0.000001 0.000796 -0.000000 -0.000000
48 0.476830 0.000000 0.000000 0.000000 0.000000 3.141593
49 -1.754146 -0.043404 1.525857 -0.000003 -3.141593 -0.074064
50 0.416333 -0.000000 0.000000 0.000000 -0.000000 -0.200000
51 0.416333 0.000000 0.000000 0.000000 0.000000 0.100000
52 0.095757 2.258270 -0.000000 -0.000000 0.000000 1.570796
53 0.012490 0.000000 0.000000 0.000000 0.000000 3.141593
54 -1.754146 -0.043396 -1.525858 -0.000003 -3.141593 -0.074064
55 0.416333 -0.000000 0.000000 0.000000 -0.000000 -0.200000
56 0.416333 0.000000 0.000000 0.000000 0.000000 0.100000
57 0.095756 2.258270 0.000000 0.000000 -0.000000 1.570796
58 0.012490 0.000000 0.000000 0.000000 0.000000 0.000000
time 65
0 -0.002617 0.000001 -5.968027 0.000000 0.000000 -1.001119
1 -0.000000 0.000000 -0.927415 0.000000 0.000000 1.001119
2 -0.000000 0.000000 0.000000 -1.570795 -1.570796 0.000000
3 1.754683 -0.002105 0.000003 -0.000004 -0.000001 -0.024860
4 2.644912 -0.004213 0.000742 -0.174376 0.003952 0.021635
5 5.373124 -0.003668 0.000286 -0.077719 0.003274 -0.027537
6 4.622900 -0.001142 -0.000016 0.014144 0.111247 0.173470
7 1.455385 -0.000000 0.000000 -0.292593 -0.052639 0.155695
8 6.329875 -0.000000 -0.000000 0.000000 0.000000 0.000000
9 2.995309 1.987698 -0.864472 -3.141592 -0.000001 1.407923
10 0.458379 0.000000 -0.000000 0.000000 0.000000 0.000000
11 2.995308 1.987695 0.870890 -3.141592 -0.000001 1.407923
12 0.458379 0.000001 0.000000 0.000000 0.000000 0.000000
13 3.078269 1.929374 0.855018 1.399203 -0.713874 1.666551
14 0.664102 -0.000000 0.000000 0.000000 0.000000 0.000000
15 3.083701 1.962442 0.858416 -1.570796 -3.130031 -1.464307
16 0.559829 -0.000000 -0.000000 0.000000 0.000000 0.000000
17 3.078101 1.931617 0.863325 0.022294 -2.464735 -1.143770
18 0.682539 -0.000000 -0.000000 0.000000 -0.000000 0.000000
19 3.061353 1.933510 0.862958 -1.379295 2.673094 -1.342006
20 0.679194 -0.000000 0.000000 0.000000 0.000000 0.000000
21 3.081032 1.929496 0.865757 0.172171 -3.141591 -1.118879
22 0.675653 0.000000 0.000000 0.000000 0.000000 0.000000
23 3.066324 1.936762 0.868039 -0.029750 2.617041 -1.159457
24 0.658072 0.000000 -0.000000 -0.000000 -0.000000 0.000000
25 2.989678 1.934948 -0.857061 -0.057024 2.408778 -1.329549
26 0.578150 -0.000001 0.000000 0.000000 0.000000 0.000000
27 2.979570 1.967334 -0.884714 -0.230153 3.127828 -1.303362
28 0.518766 -0.000000 -0.000000 0.000000 0.000000 0.000000
29 2.978726 1.983215 -0.860808 0.002741 -2.768018 -1.285409
30 0.535335 -0.000001 0.000000 0.000000 0.000000 0.000000
31 2.983528 1.967234 -0.884390 1.585380 0.637578 1.396571
32 0.444524 -0.000000 0.000000 -0.000000 0.000000 -0.000000
33 2.986612 1.992943 -0.875042 1.512923 -0.417912 1.549714
34 0.479990 -0.000000 0.000001 0.000000 0.000000 0.000000
35 2.975851 1.966180 -0.894208 -3.141592 -0.000001 1.496602
36 0.533030 -0.000000 -0.000000 0.000000 0.000000 0.000000
37 -1.575327 0.231322 2.819829 -0.012060 -1.113874 2.979236
38 2.707293 0.000000 0.000000 -0.135943 0.555917 0.151462
39 10.066724 -0.000000 -0.000000 0.000000 -0.000000 -0.200000
40 4.577573 0.000000 -0.000000 -1.570000 0.000000 0.000000
41 1.907322 -0.000001 0.000000 -0.000796 0.000000 -0.000000
42 0.476830 0.000000 -0.000000 0.000000 0.000000 0.000000
43 -0.913607 0.147559 -3.103217 -0.022821 1.335466 2.946221
44 2.707293 0.000000 0.000000 -0.206534 -0.537701 -0.093962
45 10.066723 0.000000 0.000000 0.000000 0.000000 -0.200000
46 4.577572 -0.000000 0.000001 1.570000 0.000000 -0.000000
47 1.907322 -0.000000 -0.000001 0.000796 -0.000000 -0.000000
48 0.476831 0.000000 0.000000 0.000000 0.000000 3.141593
49 -1.754193 -0.041516 1.525857 -0.000003 -3.141593 -0.075141
50 0.416333 -0.000000 0.000000 0.000000 -0.000000 -0.200000
51 0.416332 0.000000 0.000000 0.000000 0.000000 0.100000
52 0.095757 2.258270 -0.000000 -0.000000 0.000000 1.570796
53 0.012490 0.000000 0.000000 0.000000 0.000000 3.141593
54 -1.754193 -0.041507 -1.525858 -0.000003 -3.141593 -0.075141
55 0.416333 -0.000000 0.000000 0.000000 -0.000000 -0.200000
56 0.416333 0.000000 0.000000 0.000000 0.000000 0.100000
57 0.095756 2.258270 0.000000 0.000000 -0.000000 1.570796
58 0.012490 0.000000 0.000000 0.000000 0.000000 0.000000
time 66
0 -0.002617 0.000001 -5.964347 0.000000 0.000000 -1.001119
1 -0.000000 0.000000 -0.927942 0.000000 0.000000 1.001119
2 -0.000000 0.000000 0.000000 -1.570795 -1.570796 0.000000
3 1.754686 -0.002106 0.000003 -0.000004 -0.000001 -0.023603
4 2.644907 -0.004213 0.000742 -0.174380 0.003765 0.020575
5 5.373117 -0.003668 0.000286 -0.077725 0.003117 -0.029556
6 4.622900 -0.001142 -0.000016 0.014144 0.111247 0.173470
7 1.455385 -0.000000 0.000000 -0.292722 -0.052363 0.157573
8 6.329875 -0.000000 -0.000000 0.000000 0.000000 0.000000
9 2.995308 1.987698 -0.864472 -3.141592 -0.000001 1.407923
10 0.458379 0.000000 -0.000000 0.000000 0.000000 0.000000
11 2.995308 1.987696 0.870890 -3.141592 -0.000001 1.407923
12 0.458379 0.000001 0.000000 0.000000 0.000000 0.000000
13 3.078269 1.929374 0.855018 1.470602 -0.728258 1.558595
14 0.664102 -0.000000 -0.000000 0.000000 0.000000 0.000000
15 3.083701 1.962442 0.858416 1.570797 -0.011562 1.547592
16 0.559829 -0.000000 -0.000000 0.000000 0.000000 0.000000
17 3.078100 1.931618 0.863325 -0.013084 -2.463751 -1.087443
18 0.682539 0.000000 0.000000 0.000000 -0.000000 0.000000
19 3.061353 1.933510 0.862958 -1.418028 2.658228 -1.427034
20 0.679194 -0.000000 -0.000000 0.000000 0.000000 0.000000
21 3.081032 1.929497 0.865757 0.089274 -3.141591 -1.096141
22 0.675652 0.000001 -0.000000 0.000000 0.000000 0.000000
23 3.066324 1.936762 0.868039 -0.015426 2.616304 -1.130880
24 0.658072 -0.000000 -0.000000 -0.000000 0.000000 0.000000
25 2.989677 1.934948 -0.857061 -0.029568 2.407035 -1.288562
26 0.578150 -0.000000 -0.000000 0.000000 0.000000 0.000000
27 2.979570 1.967334 -0.884714 -0.119339 3.134456 -1.278932
28 0.518766 -0.000001 -0.000000 0.000000 0.000000 0.000000
29 2.978726 1.983216 -0.860808 -0.006412 -2.767954 -1.260348
30 0.535335 -0.000000 0.000000 0.000000 0.000000 0.000000
31 2.983527 1.967234 -0.884390 1.523324 0.638807 1.293349
32 0.444524 -0.000000 -0.000000 -0.000000 -0.000000 -0.000000
33 2.986611 1.992943 -0.875042 1.549237 -0.422659 1.461088
34 0.479990 0.000000 0.000001 0.000000 0.000000 0.000000
35 2.975851 1.966180 -0.894208 -3.141592 -0.000001 1.378545
36 0.533030 -0.000000 -0.000000 0.000000 0.000000 0.000000
37 -1.575327 0.231322 2.819829 -0.012123 -1.116428 2.979306
38 2.707293 0.000000 0.000000 -0.133464 0.557945 0.153405
39 10.066724 0.000000 0.000000 0.000000 -0.000000 -0.200000
40 4.577573 -0.000000 -0.000000 -1.570000 0.000000 0.000000
41 1.907322 -0.000001 0.000000 -0.000796 0.000000 -0.000000
42 0.476831 -0.000000 -0.000000 0.000000 0.000000 0.000000
43 -0.913607 0.147559 -3.103217 -0.022974 1.337061 2.946063
44 2.707293 0.000000 0.000000 -0.208388 -0.539683 -0.092371
45 10.066723 -0.000000 0.000000 0.000000 0.000000 -0.200000
46 4.577572 -0.000000 0.000001 1.570000 0.000000 -0.000000
47 1.907322 0.000000 -0.000001 0.000796 -0.000000 -0.000000
48 0.476830 0.000000 0.000000 0.000000 0.000000 3.141593
49 -1.754247 -0.039311 1.525857 -0.000003 -3.141593 -0.076397
50 0.416333 -0.000000 0.000000 0.000000 -0.000000 -0.200000
51 0.416333 0.000000 0.000000 0.000000 0.000000 0.100000
52 0.095757 2.258270 -0.000000 -0.000000 0.000000 1.570796
53 0.012490 0.000000 0.000000 0.000000 0.000000 3.141593
54 -1.754247 -0.039303 -1.525858 -0.000003 -3.141593 -0.076397
55 0.416333 -0.000000 0.000000 0.000000 -0.000000 -0.200000
56 0.416333 0.000000 0.000000 0.000000 0.000000 0.100000
57 0.095756 2.258270 0.000000 0.000000 -0.000000 1.570796
58 0.012490 0.000000 0.000000 0.000000 0.000000 0.000000
time 67
0 -0.002617 0.000001 -5.960203 0.000000 0.000000 -1.001119
1 -0.000000 0.000000 -0.928406 0.000000 0.000000 1.001119
2 -0.000000 0.000000 0.000000 -1.570795 -1.570796 0.000000
3 1.754689 -0.002106 0.000003 -0.000004 -0.000001 -0.022188
4 2.644902 -0.004213 0.000742 -0.174384 0.003555 0.019381
5 5.373109 -0.003668 0.000286 -0.077732 0.002940 -0.031830
6 4.622900 -0.001142 -0.000016 0.014144 0.111247 0.173470
7 1.455384 -0.000000 0.000000 -0.292867 -0.052051 0.159687
8 6.329874 -0.000000 -0.000000 0.000000 0.000000 0.000000
9 2.995308 1.987698 -0.864472 -3.141592 -0.000001 1.407923
10 0.458379 0.000000 -0.000000 0.000000 0.000000 0.000000
11 2.995308 1.987696 0.870890 -3.141592 -0.000001 1.407923
12 0.458379 0.000001 0.000000 0.000000 0.000000 0.000000
13 3.078268 1.929374 0.855018 1.525525 -0.739323 1.475551
14 0.664102 -0.000000 -0.000001 0.000000 0.000000 0.000000
15 3.083700 1.962442 0.858416 1.570797 -0.011562 1.447828
16 0.559829 -0.000000 0.000000 0.000000 0.000000 0.000000
17 3.078100 1.931618 0.863325 -0.040298 -2.462995 -1.044115
18 0.682539 0.000000 0.000000 0.000000 0.000000 0.000000
19 3.061353 1.933510 0.862958 -1.447822 2.646793 -1.492440
20 0.679195 -0.000000 0.000000 0.000000 -0.000000 0.000000
21 3.081031 1.929497 0.865757 0.025507 -3.141591 -1.078649
22 0.675653 0.000000 -0.000000 0.000000 0.000000 0.000000
23 3.066324 1.936762 0.868039 -0.004407 2.615737 -1.108899
24 0.658072 0.000001 -0.000000 -0.000000 -0.000000 -0.000000
25 2.989677 1.934948 -0.857061 -0.008448 2.405694 -1.257033
26 0.578150 -0.000000 -0.000000 0.000000 0.000000 0.000000
27 2.979570 1.967334 -0.884714 -0.034097 3.139555 -1.260141
28 0.518766 -0.000000 -0.000000 0.000000 0.000000 0.000000
29 2.978725 1.983216 -0.860808 -0.013452 -2.767905 -1.241071
30 0.535335 -0.000001 0.000000 0.000000 0.000000 0.000000
31 2.983527 1.967234 -0.884390 1.475587 0.639752 1.213946
32 0.444524 0.000000 -0.000000 -0.000000 0.000000 -0.000000
33 2.986611 1.992943 -0.875042 1.577171 -0.426310 1.392914
34 0.479990 -0.000000 -0.000001 0.000000 0.000000 0.000000
35 2.975851 1.966180 -0.894208 -3.141592 -0.000001 1.287732
36 0.533030 0.000000 -0.000000 0.000000 0.000000 0.000000
37 -1.575327 0.231322 2.819829 -0.012197 -1.119401 2.979388
38 2.707293 0.000000 0.000000 -0.130643 0.560320 0.155608
39 10.066724 -0.000000 -0.000000 0.000000 -0.000000 -0.200000
40 4.577573 -0.000000 -0.000000 -1.570000 0.000000 0.000000
41 1.907322 -0.000001 0.000000 -0.000796 0.000000 -0.000000
42 0.476831 -0.000001 -0.000000 0.000000 0.000000 0.000000
43 -0.913608 0.147559 -3.103217 -0.023158 1.338955 2.945874
44 2.707293 -0.000000 0.000000 -0.210475 -0.542010 -0.090579
45 10.066723 -0.000000 0.000001 0.000000 0.000000 -0.200000
46 4.577572 -0.000000 0.000000 1.570000 0.000000 -0.000000
47 1.907322 -0.000000 -0.000001 0.000796 -0.000000 -0.000000
48 0.476830 0.000000 0.000000 0.000000 0.000000 3.141593
49 -1.754304 -0.036829 1.525857 -0.000003 -3.141593 -0.077812
50 0.416333 -0.000000 0.000000 0.000000 -0.000000 -0.200000
51 0.416332 0.000000 0.000000 0.000000 0.000000 0.100000
52 0.095757 2.258270 -0.000000 -0.000000 0.000000 1.570796
53 0.012490 0.000000 0.000000 0.000000 0.000000 3.141593
54 -1.754304 -0.036820 -1.525858 -0.000003 -3.141593 -0.077812
55 0.416333 -0.000000 0.000000 0.000000 -0.000000 -0.200000
56 0.416333 0.000000 0.000000 0.000000 0.000000 0.100000
57 0.095756 2.258270 0.000000 0.000000 -0.000000 1.570796
58 0.012490 0.000000 0.000000 0.000000 0.000000 0.000000
time 68
0 -0.002617 0.000001 -5.955658 0.000000 0.000000 -1.001119
1 -0.000000 0.000000 -0.928807 0.000000 0.000000 1.001119
2 -0.000000 0.000000 0.000000 -1.570795 -1.570796 0.000000
3 1.754692 -0.002106 0.000003 -0.000004 -0.000001 -0.020636
4 2.644896 -0.004213 0.000742 -0.174389 0.003324 0.018071
5 5.373100 -0.003668 0.000286 -0.077739 0.002745 -0.034323
6 4.622901 -0.001142 -0.000016 0.014144 0.111247 0.173470
7 1.455384 0.000000 -0.000000 -0.293027 -0.051708 0.162006
8 6.329874 0.000000 -0.000000 0.000000 0.000000 0.000000
9 2.995308 1.987698 -0.864472 -3.141592 -0.000001 1.407923
10 0.458379 0.000000 0.000000 0.000000 0.000000 0.000000
11 2.995307 1.987696 0.870890 -3.141592 -0.000001 1.407923
12 0.458379 0.000001 0.000000 0.000000 0.000000 0.000000
13 3.078268 1.929374 0.855018 1.547494 -0.743749 1.442334
14 0.664102 -0.000000 -0.000001 0.000000 0.000000 0.000000
15 3.083700 1.962442 0.858416 1.570797 -0.011562 1.407923
16 0.559829 -0.000000 0.000000 0.000000 0.000000 0.000000
17 3.078100 1.931618 0.863325 -0.051183 -2.462692 -1.026784
18 0.682539 -0.000000 0.000000 0.000000 0.000000 0.000000
19 3.061352 1.933510 0.862958 -1.459740 2.642219 -1.518602
20 0.679195 -0.000000 0.000000 0.000000 -0.000000 0.000000
21 3.081031 1.929497 0.865757 -0.000000 -3.141591 -1.071653
22 0.675652 0.000001 -0.000000 0.000000 0.000000 0.000000
23 3.066323 1.936762 0.868039 0.000000 2.615510 -1.100106
24 0.658072 0.000001 -0.000000 -0.000000 -0.000000 0.000000
25 2.989677 1.934948 -0.857061 -0.000000 2.405157 -1.244421
26 0.578150 -0.000000 -0.000000 0.000000 0.000000 0.000000
27 2.979570 1.967334 -0.884714 -0.000000 -3.141591 -1.252624
28 0.518765 0.000001 -0.000000 0.000000 0.000000 0.000000
29 2.978725 1.983216 -0.860808 -0.016269 -2.767885 -1.233359
30 0.535335 -0.000000 -0.000000 0.000000 0.000000 0.000000
31 2.983527 1.967234 -0.884390 1.456493 0.640130 1.182185
32 0.444524 -0.000000 0.000000 0.000000 -0.000000 -0.000000
33 2.986611 1.992943 -0.875042 1.588345 -0.427771 1.365644
34 0.479990 -0.000000 -0.000000 0.000000 0.000000 0.000000
35 2.975850 1.966180 -0.894208 -3.141592 -0.000001 1.251407
36 0.533030 -0.000000 -0.000000 0.000000 0.000000 0.000000
37 -1.575328 0.231322 2.819829 -0.012282 -1.122737 2.979482
38 2.707293 0.000000 -0.000000 -0.127520 0.562992 0.158038
39 10.066724 -0.000000 0.000000 0.000000 -0.000000 -0.200000
40 4.577573 -0.000000 -0.000000 -1.570000 0.000000 0.000000
41 1.907322 -0.000000 0.000000 -0.000796 0.000000 -0.000000
42 0.476831 -0.000000 -0.000000 0.000000 0.000000 0.000000
43 -0.913608 0.147559 -3.103217 -0.023371 1.341107 2.945655
44 2.707294 0.000000 0.000000 -0.212765 -0.544632 -0.088611
45 10.066723 -0.000000 0.000000 0.000000 0.000000 -0.200000
46 4.577572 -0.000000 0.000001 1.570000 0.000000 -0.000000
47 1.907322 -0.000001 -0.000001 0.000796 -0.000000 -0.000000
48 0.476830 -0.000000 0.000000 0.000000 0.000000 3.141593
49 -1.754362 -0.034106 1.525857 -0.000003 -3.141593 -0.079364
50 0.416333 -0.000000 0.000000 0.000000 -0.000000 -0.200000
51 0.416333 0.000000 0.000000 0.000000 0.000000 0.100000
52 0.095757 2.258270 -0.000000 -0.000000 0.000000 1.570796
53 0.012490 0.000000 0.000000 0.000000 0.000000 3.141593
54 -1.754362 -0.034098 -1.525858 -0.000003 -3.141593 -0.079364
55 0.416333 -0.000000 0.000000 0.000000 -0.000000 -0.200000
56 0.416333 0.000000 0.000000 0.000000 0.000000 0.100000
57 0.095756 2.258270 0.000000 0.000000 -0.000000 1.570796
58 0.012490 0.000000 0.000000 0.000000 0.000000 0.000000
time 69
0 -0.002617 0.000001 -5.950776 0.000000 0.000000 -1.001119
1 -0.000000 0.000000 -0.929144 0.000000 0.000000 1.001119
2 -0.000000 0.000000 0.000000 -1.570795 -1.570796 0.000000
3 1.754695 -0.002106 0.000003 -0.000004 -0.000001 -0.018969
4 2.644890 -0.004213 0.000742 -0.174393 0.003077 0.016665
5 5.373090 -0.003667 0.000286 -0.077746 0.002537 -0.037002
6 4.622900 -0.001142 -0.000016 0.014144 0.111247 0.173470
7 1.455385 -0.000000 0.000000 -0.293199 -0.051339 0.164496
8 6.329875 -0.000000 -0.000000 0.000000 0.000000 0.000000
9 2.995308 1.987698 -0.864472 -3.141592 -0.000001 1.407923
10 0.458379 0.000000 0.000000 0.000000 0.000000 0.000000
11 2.995308 1.987696 0.870890 -3.141592 -0.000001 1.407923
12 0.458379 0.000001 0.000000 0.000000 0.000000 0.000000
13 3.078269 1.929374 0.855018 1.547494 -0.743749 1.442334
14 0.664102 -0.000000 0.000000 0.000000 0.000000 0.000000
15 3.083701 1.962442 0.858416 1.570797 -0.011562 1.407923
16 0.559829 -0.000000 0.000000 0.000000 0.000000 0.000000
17 3.078100 1.931617 0.863325 -0.051183 -2.462692 -1.026784
18 0.682539 0.000000 0.000000 0.000000 0.000000 0.000000
19 3.061353 1.933510 0.862958 -1.459740 2.642219 -1.518602
20 0.679195 -0.000000 -0.000000 0.000000 -0.000000 0.000000
21 3.081032 1.929496 0.865757 -0.000000 -3.141591 -1.071653
22 0.675652 0.000001 -0.000000 0.000000 0.000000 0.000000
23 3.066324 1.936762 0.868039 0.000000 2.615510 -1.100106
24 0.658072 0.000000 -0.000000 -0.000000 -0.000000 0.000000
25 2.989677 1.934948 -0.857061 -0.000000 2.405157 -1.244421
26 0.578150 -0.000001 -0.000000 0.000000 0.000000 0.000000
27 2.979570 1.967334 -0.884714 -0.000000 -3.141591 -1.252624
28 0.518765 0.000000 -0.000000 0.000000 0.000000 0.000000
29 2.978726 1.983216 -0.860808 -0.016269 -2.767885 -1.233359
30 0.535335 -0.000000 -0.000000 0.000000 0.000000 0.000000
31 2.983528 1.967234 -0.884390 1.456493 0.640130 1.182185
32 0.444524 -0.000000 0.000000 0.000000 -0.000000 -0.000000
33 2.986611 1.992943 -0.875042 1.588345 -0.427771 1.365644
34 0.479990 -0.000000 0.000000 0.000000 0.000000 0.000000
35 2.975851 1.966180 -0.894208 -3.141592 -0.000001 1.251407
36 0.533030 0.000000 -0.000000 0.000000 0.000000 0.000000
37 -1.575327 0.231322 2.819829 -0.012376 -1.126377 2.979587
38 2.707293 0.000000 0.000000 -0.124136 0.565911 0.160663
39 10.066724 -0.000000 -0.000000 0.000000 -0.000000 -0.200000
40 4.577573 -0.000000 -0.000000 -1.570000 0.000000 0.000000
41 1.907322 -0.000001 0.000000 -0.000796 0.000000 -0.000000
42 0.476831 -0.000001 -0.000000 0.000000 0.000000 0.000000
43 -0.913608 0.147559 -3.103217 -0.023611 1.343475 2.945409
44 2.707293 0.000000 -0.000000 -0.215232 -0.547501 -0.086491
45 10.066723 -0.000000 0.000001 0.000000 0.000000 -0.200000
46 4.577572 -0.000000 0.000000 1.570000 0.000000 -0.000000
47 1.907322 -0.000000 -0.000001 0.000796 -0.000000 -0.000000
48 0.476830 0.000001 0.000000 0.000000 0.000000 3.141593
49 -1.754420 -0.031181 1.525857 -0.000003 -3.141593 -0.081031
50 0.416333 -0.000000 0.000000 0.000000 -0.000000 -0.200000
51 0.416333 0.000000 0.000000 0.000000 0.000000 0.100000
52 0.095757 2.258270 -0.000000 -0.000000 0.000000 1.570796
53 0.012490 0.000000 0.000000 0.000000 0.000000 3.141593
54 -1.754420 -0.031173 -1.525858 -0.000003 -3.141593 -0.081031
55 0.416333 -0.000000 0.000000 0.000000 -0.000000 -0.200000
56 0.416333 0.000000 0.000000 0.000000 0.000000 0.100000
57 0.095756 2.258270 0.000000 0.000000 -0.000000 1.570796
58 0.012490 0.000000 0.000000 0.000000 0.000000 0.000000
time 70
0 -0.002617 0.000001 -5.945619 0.000000 0.000000 -1.001119
1 -0.000000 0.000000 -0.929419 0.000000 0.000000 1.001119
2 -0.000000 0.000000 0.000000 -1.570795 -1.570796 0.000000
3 1.754699 -0.002106 0.000003 -0.000004 -0.000001 -0.017208
4 2.644884 -0.004213 0.000742 -0.174398 0.002815 0.015179
5 5.373080 -0.003667 0.000286 -0.077753 0.002316 -0.039831
6 4.622901 -0.001142 -0.000016 0.014144 0.111247 0.173470
7 1.455384 0.000000 -0.000000 -0.293380 -0.050948 0.167126
8 6.329875 -0.000000 -0.000000 0.000000 0.000000 0.000000
9 2.995308 1.987698 -0.864472 -3.141592 -0.000001 1.407923
10 0.458379 0.000000 0.000000 0.000000 0.000000 0.000000
11 2.995308 1.987696 0.870890 -3.141592 -0.000001 1.407923
12 0.458379 0.000001 0.000000 0.000000 0.000000 0.000000
13 3.078268 1.929374 0.855018 1.547494 -0.743749 1.442334
14 0.664102 -0.000000 0.000000 0.000000 0.000000 0.000000
15 3.083701 1.962442 0.858416 1.570797 -0.011562 1.407923
16 0.559829 -0.000000 0.000001 0.000000 0.000000 0.000000
17 3.078100 1.931618 0.863325 -0.051183 -2.462692 -1.026784
18 0.682539 -0.000001 0.000000 0.000000 0.000000 0.000000
19 3.061353 1.933510 0.862958 -1.459740 2.642219 -1.518602
20 0.679195 -0.000000 -0.000000 0.000000 -0.000000 0.000000
21 3.081032 1.929497 0.865757 -0.000000 -3.141591 -1.071653
22 0.675653 0.000001 -0.000000 0.000000 0.000000 0.000000
23 3.066324 1.936762 0.868039 0.000000 2.615510 -1.100106
24 0.658072 -0.000000 -0.000000 -0.000000 -0.000000 0.000000
25 2.989677 1.934948 -0.857061 -0.000000 2.405157 -1.244421
26 0.578150 -0.000001 -0.000000 0.000000 0.000000 0.000000
27 2.979570 1.967334 -0.884714 -0.000000 -3.141591 -1.252624
28 0.518765 0.000000 -0.000000 0.000000 0.000000 0.000000
29 2.978726 1.983216 -0.860808 -0.016269 -2.767885 -1.233359
30 0.535334 -0.000001 -0.000000 0.000000 0.000000 0.000000
31 2.983527 1.967234 -0.884390 1.456493 0.640130 1.182185
32 0.444524 -0.000000 0.000000 0.000000 -0.000000 -0.000000
33 2.986611 1.992943 -0.875042 1.588345 -0.427771 1.365644
34 0.479990 -0.000000 0.000000 0.000000 0.000000 0.000000
35 2.975851 1.966180 -0.894208 -3.141592 -0.000001 1.251407
36 0.533030 0.000001 -0.000000 0.000000 0.000000 0.000000
37 -1.575328 0.231322 2.819829 -0.012478 -1.130265 2.979699
38 2.707293 0.000000 0.000000 -0.120533 0.569028 0.163449
39 10.066724 -0.000000 0.000000 0.000000 -0.000000 -0.200000
40 4.577573 0.000000 -0.000000 -1.570000 0.000000 0.000000
41 1.907322 -0.000000 0.000000 -0.000796 0.000000 -0.000000
42 0.476831 -0.000000 -0.000000 0.000000 0.000000 0.000000
43 -0.913608 0.147559 -3.103217 -0.023873 1.346020 2.945140
44 2.707293 0.000000 -0.000000 -0.217848 -0.550570 -0.084246
45 10.066723 -0.000000 0.000001 0.000000 0.000000 -0.200000
46 4.577572 -0.000000 0.000000 1.570000 0.000000 -0.000000
47 1.907322 0.000000 -0.000001 0.000796 -0.000000 -0.000000
48 0.476830 0.000001 0.000000 0.000000 0.000000 3.141593
49 -1.754476 -0.028092 1.525857 -0.000003 -3.141593 -0.082792
50 0.416333 -0.000000 0.000000 0.000000 -0.000000 -0.200000
51 0.416333 -0.000000 0.000000 0.000000 0.000000 0.100000
52 0.095757 2.258270 -0.000000 -0.000000 0.000000 1.570796
53 0.012490 0.000000 0.000000 0.000000 0.000000 3.141593
54 -1.754475 -0.028084 -1.525858 -0.000003 -3.141593 -0.082792
55 0.416333 -0.000000 0.000000 0.000000 -0.000000 -0.200000
56 0.416333 0.000000 0.000000 0.000000 0.000000 0.100000
57 0.095756 2.258270 0.000000 0.000000 -0.000000 1.570796
58 0.012490 0.000000 0.000000 0.000000 0.000000 0.000000
time 71
0 -0.002617 0.000001 -5.940251 0.000000 0.000000 -1.001119
1 -0.000000 0.000000 -0.929629 0.000000 0.000000 1.001119
2 -0.000000 0.000000 0.000000 -1.570795 -1.570796 0.000000
3 1.754703 -0.002106 0.000003 -0.000004 -0.000001 -0.015375
4 2.644877 -0.004213 0.000742 -0.174402 0.002542 0.013633
5 5.373070 -0.003666 0.000286 -0.077760 0.002087 -0.042775
6 4.622901 -0.001142 -0.000016 0.014144 0.111247 0.173470
7 1.455384 0.000000 -0.000000 -0.293569 -0.050541 0.169864
8 6.329874 -0.000000 -0.000000 0.000000 0.000000 0.000000
9 2.995308 1.987698 -0.864472 -3.141592 -0.000001 1.407923
10 0.458379 0.000000 0.000000 0.000000 0.000000 0.000000
11 2.995308 1.987696 0.870890 -3.141592 -0.000001 1.407923
12 0.458379 0.000001 0.000000 0.000000 0.000000 0.000000
13 3.078268 1.929374 0.855018 1.547494 -0.743749 1.442334
14 0.664102 -0.000000 0.000000 0.000000 0.000000 0.000000
15 3.083700 1.962442 0.858416 1.570797 -0.011562 1.407923
16 0.559829 -0.000000 0.000000 0.000000 0.000000 0.000000
17 3.078100 1.931618 0.863325 -0.051183 -2.462692 -1.026784
18 0.682540 -0.000000 0.000000 0.000000 0.000000 0.000000
19 3.061353 1.933510 0.862958 -1.459740 2.642219 -1.518602
20 0.679195 -0.000000 -0.000001 0.000000 -0.000000 0.000000
21 3.081031 1.929497 0.865757 -0.000000 -3.141591 -1.071653
22 0.675652 0.000001 -0.000000 0.000000 0.000000 0.000000
23 3.066324 1.936762 0.868039 0.000000 2.615510 -1.100106
24 0.658072 0.000001 -0.000000 -0.000000 -0.000000 0.000000
25 2.989677 1.934948 -0.857061 -0.000000 2.405157 -1.244421
26 0.578150 -0.000001 -0.000000 0.000000 0.000000 0.000000
27 2.979570 1.967334 -0.884714 -0.000000 -3.141591 -1.252624
28 0.518765 0.000000 -0.000000 0.000000 0.000000 0.000000
29 2.978725 1.983216 -0.860808 -0.016269 -2.767885 -1.233359
30 0.535334 -0.000000 -0.000000 0.000000 0.000000 0.000000
31 2.983527 1.967234 -0.884390 1.456493 0.640130 1.182185
32 0.444524 -0.000000 0.000001 0.000000 -0.000000 -0.000000
33 2.986611 1.992943 -0.875042 1.588345 -0.427771 1.365644
34 0.479990 -0.000000 0.000000 0.000000 0.000000 0.000000
35 2.975851 1.966180 -0.894208 -3.141592 -0.000001 1.251407
36 0.533030 0.000001 -0.000000 0.000000 0.000000 0.000000
37 -1.575328 0.231322 2.819829 -0.012587 -1.134344 2.979820
38 2.707294 0.000000 0.000000 -0.116753 0.572294 0.166363
39 10.066724 -0.000000 -0.000000 0.000000 -0.000000 -0.200000
40 4.577573 0.000000 -0.000000 -1.570000 0.000000 0.000000
41 1.907322 -0.000001 0.000000 -0.000796 0.000000 -0.000000
42 0.476831 0.000000 -0.000000 0.000000 0.000000 0.000000
43 -0.913608 0.147559 -3.103217 -0.024157 1.348701 2.944849
44 2.707293 -0.000000 -0.000000 -0.220585 -0.553791 -0.081900
45 10.066723 -0.000000 0.000001 0.000000 0.000000 -0.200000
46 4.577572 -0.000000 0.000000 1.570000 0.000000 -0.000000
47 1.907322 -0.000000 -0.000001 0.000796 -0.000000 -0.000000
48 0.476831 0.000000 0.000000 0.000000 0.000000 3.141593
49 -1.754528 -0.024876 1.525857 -0.000003 -3.141593 -0.084625
50 0.416333 -0.000000 0.000000 0.000000 -0.000000 -0.200000
51 0.416332 0.000000 0.000000 0.000000 0.000000 0.100000
52 0.095757 2.258270 -0.000000 -0.000000 0.000000 1.570796
53 0.012490 0.000000 0.000000 0.000000 0.000000 3.141593
54 -1.754528 -0.024868 -1.525858 -0.000003 -3.141593 -0.084625
55 0.416333 -0.000000 0.000000 0.000000 -0.000000 -0.200000
56 0.416333 0.000000 0.000000 0.000000 0.000000 0.100000
57 0.095756 2.258270 0.000000 0.000000 -0.000000 1.570796
58 0.012490 0.000000 0.000000 0.000000 0.000000 0.000000
time 72
0 -0.002617 0.000001 -5.934736 0.000000 0.000000 -1.001119
1 -0.000000 0.000000 -0.929777 0.000000 0.000000 1.001119
2 -0.000000 0.000000 0.000000 -1.570795 -1.570796 0.000000
3 1.754707 -0.002106 0.000003 -0.000004 -0.000001 -0.013492
4 2.644870 -0.004213 0.000742 -0.174406 0.002262 0.012044
5 5.373058 -0.003666 0.000286 -0.077765 0.001851 -0.045801
6 4.622901 -0.001142 -0.000016 0.014144 0.111247 0.173470
7 1.455385 0.000000 0.000000 -0.293764 -0.050121 0.172676
8 6.329874 -0.000000 -0.000000 0.000000 0.000000 0.000000
9 2.995308 1.987698 -0.864472 -3.141592 -0.000001 1.407923
10 0.458379 -0.000000 -0.000000 0.000000 0.000000 0.000000
11 2.995308 1.987695 0.870890 -3.141592 -0.000001 1.407923
12 0.458379 0.000001 0.000000 0.000000 0.000000 0.000000
13 3.078268 1.929374 0.855018 1.547494 -0.743749 1.442334
14 0.664102 -0.000000 0.000000 0.000000 0.000000 0.000000
15 3.083701 1.962442 0.858416 1.570797 -0.011562 1.407923
16 0.559829 -0.000000 0.000001 0.000000 0.000000 0.000000
17 3.078100 1.931617 0.863325 -0.051183 -2.462692 -1.026784
18 0.682539 0.000000 0.000000 0.000000 0.000000 0.000000
19 3.061353 1.933510 0.862958 -1.459740 2.642219 -1.518602
20 0.679195 -0.000000 -0.000001 0.000000 -0.000000 0.000000
21 3.081031 1.929496 0.865757 -0.000000 -3.141591 -1.071653
22 0.675652 0.000000 -0.000000 0.000000 0.000000 0.000000
23 3.066324 1.936762 0.868039 0.000000 2.615510 -1.100106
24 0.658072 0.000000 -0.000000 -0.000000 -0.000000 0.000000
25 2.989677 1.934948 -0.857061 -0.000000 2.405157 -1.244421
26 0.578150 -0.000001 -0.000000 0.000000 0.000000 0.000000
27 2.979570 1.967334 -0.884714 -0.000000 -3.141591 -1.252624
28 0.518766 -0.000000 -0.000000 0.000000 0.000000 0.000000
29 2.978725 1.983215 -0.860808 -0.016269 -2.767885 -1.233359
30 0.535335 -0.000000 -0.000000 0.000000 0.000000 0.000000
31 2.983527 1.967234 -0.884390 1.456493 0.640130 1.182185
32 0.444524 -0.000000 0.000001 0.000000 -0.000000 -0.000000
33 2.986611 1.992943 -0.875042 1.588345 -0.427771 1.365644
34 0.479990 -0.000000 0.000000 0.000000 0.000000 0.000000
35 2.975851 1.966180 -0.894208 -3.141592 -0.000001 1.251407
36 0.533030 0.000000 -0.000000 0.000000 0.000000 0.000000
37 -1.575328 0.231322 2.819829 -0.012702 -1.138557 2.979946
38 2.707293 -0.000000 -0.000000 -0.112839 0.575661 0.169372
39 10.066724 -0.000001 0.000000 0.000000 -0.000000 -0.200000
40 4.577573 0.000000 0.000000 -1.570000 0.000000 0.000000
41 1.907322 -0.000001 0.000000 -0.000796 0.000000 -0.000000
42 0.476831 -0.000000 -0.000000 0.000000 0.000000 0.000000
43 -0.913608 0.147559 -3.103217 -0.024457 1.351476 2.944541
44 2.707293 0.000000 -0.000000 -0.223411 -0.557117 -0.079480
45 10.066723 -0.000000 0.000000 0.000000 0.000000 -0.200000
46 4.577572 -0.000000 0.000001 1.570000 0.000000 -0.000000
47 1.907322 -0.000000 -0.000001 0.000796 -0.000000 -0.000000
48 0.476830 0.000000 0.000000 0.000000 0.000000 3.141593
49 -1.754575 -0.021572 1.525857 -0.000003 -3.141593 -0.086508
50 0.416333 -0.000000 0.000000 0.000000 -0.000000 -0.200000
51 0.416333 0.000000 0.000000 0.000000 0.000000 0.100000
52 0.095757 2.258270 -0.000000 -0.000000 0.000000 1.570796
53 0.012490 0.000000 0.000000 0.000000 0.000000 3.141593
54 -1.754575 -0.021564 -1.525858 -0.000003 -3.141593 -0.086508
55 0.416333 -0.000000 0.000000 0.000000 -0.000000 -0.200000
56 0.416333 0.000000 0.000000 0.000000 0.000000 0.100000
57 0.095756 2.258270 0.000000 0.000000 -0.000000 1.570796
58 0.012490 0.000000 0.000000 0.000000 0.000000 0.000000
time 73
0 -0.002617 0.000001 -5.929137 0.000000 0.000000 -1.001119
1 -0.000000 0.000000 -0.929862 0.000000 0.000000 1.001119
2 -0.000000 0.000000 0.000000 -1.570795 -1.570796 0.000000
3 1.754711 -0.002106 0.000003 -0.000004 -0.000001 -0.011580
4 2.644863 -0.004213 0.000742 -0.174409 0.001978 0.010430
5 5.373046 -0.003665 0.000286 -0.077771 0.001612 -0.048873
6 4.622900 -0.001142 -0.000016 0.014144 0.111247 0.173470
7 1.455385 -0.000000 0.000000 -0.293962 -0.049693 0.175531
8 6.329874 -0.000000 -0.000000 0.000000 0.000000 0.000000
9 2.995308 1.987698 -0.864472 -3.141592 -0.000001 1.407923
10 0.458379 -0.000000 -0.000000 0.000000 0.000000 0.000000
11 2.995307 1.987695 0.870890 -3.141592 -0.000001 1.407923
12 0.458379 0.000002 0.000000 0.000000 0.000000 0.000000
13 3.078268 1.929374 0.855018 1.547494 -0.743749 1.442334
14 0.664102 -0.000000 0.000000 0.000000 0.000000 0.000000
15 3.083700 1.962442 0.858416 1.570797 -0.011562 1.407923
16 0.559829 -0.000000 0.000001 0.000000 0.000000 0.000000
17 3.078100 1.931618 0.863325 -0.051183 -2.462692 -1.026784
18 0.682539 -0.000000 0.000000 0.000000 0.000000 0.000000
19 3.061352 1.933510 0.862958 -1.459740 2.642219 -1.518602
20 0.679195 0.000000 -0.000000 0.000000 -0.000000 0.000000
21 3.081031 1.929497 0.865757 -0.000000 -3.141591 -1.071653
22 0.675652 0.000000 -0.000000 0.000000 0.000000 0.000000
23 3.066323 1.936762 0.868039 0.000000 2.615510 -1.100106
24 0.658072 -0.000000 -0.000000 -0.000000 -0.000000 0.000000
25 2.989677 1.934948 -0.857061 -0.000000 2.405157 -1.244421
26 0.578150 -0.000000 -0.000000 0.000000 0.000000 0.000000
27 2.979570 1.967334 -0.884714 -0.000000 -3.141591 -1.252624
28 0.518765 -0.000000 0.000000 0.000000 0.000000 0.000000
29 2.978725 1.983216 -0.860808 -0.016269 -2.767885 -1.233359
30 0.535334 -0.000000 -0.000000 0.000000 0.000000 0.000000
31 2.983527 1.967234 -0.884390 1.456493 0.640130 1.182185
32 0.444524 -0.000000 0.000000 0.000000 -0.000000 -0.000000
33 2.986611 1.992943 -0.875042 1.588345 -0.427771 1.365644
34 0.479990 -0.000000 -0.000000 0.000000 0.000000 0.000000
35 2.975850 1.966180 -0.894208 -3.141592 -0.000001 1.251407
36 0.533030 0.000000 -0.000000 0.000000 0.000000 0.000000
37 -1.575327 0.231321 2.819829 -0.012821 -1.142845 2.980078
38 2.707294 0.000000 0.000000 -0.108837 0.579080 0.172441
39 10.066724 -0.000000 -0.000000 0.000000 -0.000000 -0.200000
40 4.577573 0.000000 -0.000000 -1.570000 0.000000 0.000000
41 1.907322 -0.000001 0.000000 -0.000796 0.000000 -0.000000
42 0.476831 -0.000001 -0.000000 0.000000 0.000000 0.000000
43 -0.913607 0.147559 -3.103217 -0.024772 1.354306 2.944219
44 2.707293 -0.000000 -0.000000 -0.226298 -0.560498 -0.077011
45 10.066723 0.000000 0.000000 0.000000 0.000000 -0.200000
46 4.577572 -0.000000 0.000001 1.570000 0.000000 -0.000000
47 1.907322 0.000000 -0.000001 0.000796 -0.000000 -0.000000
48 0.476830 -0.000000 0.000000 0.000000 0.000000 3.141593
49 -1.754618 -0.018217 1.525857 -0.000003 -3.141593 -0.088420
50 0.416333 -0.000000 0.000000 0.000000 -0.000000 -0.200000
51 0.416333 0.000000 0.000000 0.000000 0.000000 0.100000
52 0.095757 2.258270 -0.000000 -0.000000 0.000000 1.570796
53 0.012490 0.000000 0.000000 0.000000 0.000000 3.141593
54 -1.754618 -0.018209 -1.525858 -0.000003 -3.141593 -0.088420
55 0.416333 -0.000000 0.000000 0.000000 -0.000000 -0.200000
56 0.416333 0.000000 0.000000 0.000000 0.000000 0.100000
57 0.095756 2.258270 0.000000 0.000000 -0.000000 1.570796
58 0.012490 0.000000 0.000000 0.000000 0.000000 0.000000
time 74
0 -0.002617 0.000001 -5.923516 0.000000 0.000000 -1.001119
1 -0.000000 0.000000 -0.929883 0.000000 0.000000 1.001119
2 -0.000000 0.000000 0.000000 -1.570795 -1.570796 0.000000
3 1.754715 -0.002106 0.000003 -0.000004 -0.000001 -0.009660
4 2.644856 -0.004213 0.000742 -0.174412 0.001693 0.008811
5 5.373035 -0.003665 0.000286 -0.077775 0.001371 -0.051956
6 4.622901 -0.001142 -0.000016 0.014144 0.111247 0.173470
7 1.455385 -0.000000 0.000000 -0.294161 -0.049263 0.178397
8 6.329874 -0.000000 -0.000000 0.000000 0.000000 0.000000
9 2.995308 1.987698 -0.864472 -3.141592 -0.000001 1.407923
10 0.458379 -0.000000 0.000000 0.000000 0.000000 0.000000
11 2.995308 1.987696 0.870890 -3.141592 -0.000001 1.407923
12 0.458379 0.000001 0.000000 0.000000 0.000000 0.000000
13 3.078268 1.929374 0.855018 1.547494 -0.743749 1.442334
14 0.664102 -0.000000 0.000000 0.000000 0.000000 0.000000
15 3.083700 1.962442 0.858416 1.570797 -0.011562 1.407923
16 0.559829 -0.000000 0.000000 0.000000 0.000000 0.000000
17 3.078100 1.931618 0.863325 -0.051183 -2.462692 -1.026784
18 0.682539 -0.000000 0.000000 0.000000 0.000000 0.000000
19 3.061353 1.933510 0.862958 -1.459740 2.642219 -1.518602
20 0.679195 -0.000000 -0.000000 0.000000 -0.000000 0.000000
21 3.081031 1.929497 0.865757 -0.000000 -3.141591 -1.071653
22 0.675652 0.000001 -0.000000 0.000000 0.000000 0.000000
23 3.066324 1.936762 0.868039 0.000000 2.615510 -1.100106
24 0.658072 0.000001 -0.000000 -0.000000 -0.000000 0.000000
25 2.989677 1.934948 -0.857061 -0.000000 2.405157 -1.244421
26 0.578150 -0.000000 0.000000 0.000000 0.000000 0.000000
27 2.979570 1.967334 -0.884714 -0.000000 -3.141591 -1.252624
28 0.518766 -0.000000 -0.000000 0.000000 0.000000 0.000000
29 2.978725 1.983216 -0.860808 -0.016269 -2.767885 -1.233359
30 0.535334 -0.000000 -0.000000 0.000000 0.000000 0.000000
31 2.983527 1.967234 -0.884390 1.456493 0.640130 1.182185
32 0.444524 -0.000000 0.000001 0.000000 -0.000000 -0.000000
33 2.986611 1.992943 -0.875042 1.588345 -0.427771 1.365644
34 0.479990 -0.000000 -0.000000 0.000000 0.000000 0.000000
35 2.975851 1.966180 -0.894208 -3.141592 -0.000001 1.251407
36 0.533030 -0.000000 -0.000000 0.000000 0.000000 0.000000
37 -1.575327 0.231322 2.819829 -0.012943 -1.147153 2.980212
38 2.707294 0.000000 -0.000000 -0.104793 0.582503 0.175534
39 10.066724 -0.000001 0.000000 0.000000 -0.000000 -0.200000
40 4.577573 0.000000 0.000000 -1.570000 0.000000 0.000000
41 1.907322 -0.000001 0.000000 -0.000796 0.000000 -0.000000
42 0.476831 -0.000000 -0.000000 0.000000 0.000000 0.000000
43 -0.913607 0.147559 -3.103217 -0.025097 1.357149 2.943886
44 2.707293 0.000000 0.000000 -0.229214 -0.563890 -0.074521
45 10.066723 -0.000000 0.000000 0.000000 0.000000 -0.200000
46 4.577572 -0.000000 0.000001 1.570000 0.000000 -0.000000
47 1.907322 0.000000 -0.000001 0.000796 -0.000000 -0.000000
48 0.476830 0.000000 0.000000 0.000000 0.000000 3.141593
49 -1.754653 -0.014850 1.525857 -0.000003 -3.141593 -0.090340
50 0.416333 -0.000000 0.000000 0.000000 -0.000000 -0.200000
51 0.416333 0.000000 0.000000 0.000000 0.000000 0.100000
52 0.095757 2.258270 -0.000000 -0.000000 0.000000 1.570796
53 0.012490 0.000000 0.000000 0.000000 0.000000 3.141593
54 -1.754653 -0.014841 -1.525858 -0.000003 -3.141593 -0.090340
55 0.416332 -0.000000 0.000000 0.000000 -0.000000 -0.200000
56 0.416333 0.000000 0.000000 0.000000 0.000000 0.100000
57 0.095756 2.258270 0.000000 0.000000 -0.000000 1.570796
58 0.012490 0.000000 0.000000 0.000000 0.000000 0.000000
time 75
0 -0.002617 0.000001 -5.917938 0.000000 0.000000 -1.001119
1 -0.000000 0.000000 -0.929841 0.000000 0.000000 1.001119
2 -0.000000 0.000000 0.000000 -1.570795 -1.570796 0.000000
3 1.754719 -0.002106 0.000003 -0.000004 -0.000001 -0.007756
4 2.644849 -0.004214 0.000742 -0.174415 0.001410 0.007204
5 5.373024 -0.003664 0.000286 -0.077779 0.001133 -0.055016
6 4.622900 -0.001142 -0.000016 0.014144 0.111247 0.173470
7 1.455385 -0.000000 0.000000 -0.294359 -0.048836 0.181241
8 6.329874 -0.000000 -0.000000 0.000000 0.000000 0.000000
9 2.995308 1.987698 -0.864472 -3.141592 -0.000001 1.407923
10 0.458379 0.000000 0.000000 0.000000 0.000000 0.000000
11 2.995308 1.987695 0.870890 -3.141592 -0.000001 1.407923
12 0.458379 0.000001 0.000000 0.000000 0.000000 0.000000
13 3.078268 1.929374 0.855018 1.547494 -0.743749 1.442334
14 0.664102 -0.000000 -0.000000 0.000000 0.000000 0.000000
15 3.083701 1.962442 0.858416 1.570797 -0.011562 1.407923
16 0.559829 -0.000000 0.000000 0.000000 0.000000 0.000000
17 3.078100 1.931618 0.863325 -0.051183 -2.462692 -1.026784
18 0.682539 -0.000000 0.000000 0.000000 0.000000 0.000000
19 3.061353 1.933510 0.862958 -1.459740 2.642219 -1.518602
20 0.679195 -0.000000 -0.000000 0.000000 -0.000000 0.000000
21 3.081031 1.929497 0.865757 -0.000000 -3.141591 -1.071653
22 0.675652 0.000001 -0.000000 0.000000 0.000000 0.000000
23 3.066324 1.936762 0.868039 0.000000 2.615510 -1.100106
24 0.658072 0.000001 -0.000000 -0.000000 -0.000000 0.000000
25 2.989677 1.934948 -0.857062 -0.000000 2.405157 -1.244421
26 0.578150 -0.000001 -0.000000 0.000000 0.000000 0.000000
27 2.979570 1.967334 -0.884714 -0.000000 -3.141591 -1.252624
28 0.518766 0.000000 -0.000000 0.000000 0.000000 0.000000
29 2.978725 1.983216 -0.860808 -0.016269 -2.767885 -1.233359
30 0.535335 0.000000 -0.000000 0.000000 0.000000 0.000000
31 2.983527 1.967234 -0.884390 1.456493 0.640130 1.182185
32 0.444524 -0.000000 0.000000 0.000000 -0.000000 -0.000000
33 2.986611 1.992943 -0.875042 1.588345 -0.427771 1.365644
34 0.479990 -0.000000 0.000000 0.000000 0.000000 0.000000
35 2.975851 1.966180 -0.894208 -3.141592 -0.000001 1.251407
36 0.533030 -0.000000 -0.000000 0.000000 0.000000 0.000000
37 -1.575327 0.231322 2.819829 -0.013067 -1.151422 2.980348
38 2.707293 0.000000 -0.000000 -0.100754 0.585884 0.178616
39 10.066724 -0.000000 0.000000 0.000000 -0.000000 -0.200000
40 4.577573 -0.000000 -0.000000 -1.570000 0.000000 0.000000
41 1.907322 -0.000000 0.000000 -0.000796 0.000000 -0.000000
42 0.476831 -0.000000 -0.000000 0.000000 0.000000 0.000000
43 -0.913607 0.147559 -3.103217 -0.025427 1.359965 2.943548
44 2.707293 -0.000000 0.000000 -0.232128 -0.567244 -0.072037
45 10.066723 0.000000 -0.000000 0.000000 0.000000 -0.200000
46 4.577572 -0.000000 0.000000 1.570000 0.000000 -0.000000
47 1.907322 -0.000001 -0.000001 0.000796 -0.000000 -0.000000
48 0.476831 -0.000000 0.000000 0.000000 0.000000 3.141593
49 -1.754683 -0.011507 1.525857 -0.000003 -3.141593 -0.092244
50 0.416333 -0.000000 0.000000 0.000000 -0.000000 -0.200000
51 0.416333 0.000000 0.000000 0.000000 0.000000 0.100000
52 0.095757 2.258270 -0.000000 -0.000000 0.000000 1.570796
53 0.012490 0.000000 0.000000 0.000000 0.000000 3.141593
54 -1.754683 -0.011499 -1.525858 -0.000003 -3.141593 -0.092244
55 0.416333 -0.000000 0.000000 0.000000 -0.000000 -0.200000
56 0.416333 0.000000 0.000000 0.000000 0.000000 0.100000
57 0.095756 2.258270 0.000000 0.000000 -0.000000 1.570796
58 0.012490 0.000000 0.000000 0.000000 0.000000 0.000000
time 76
0 -0.002617 0.000001 -5.912465 0.000000 0.000000 -1.001119
1 -0.000000 0.000000 -0.929735 0.000000 0.000000 1.001119
2 -0.000000 0.000000 0.000000 -1.570795 -1.570796 0.000000
3 1.754723 -0.002106 0.000003 -0.000004 -0.000001 -0.005887
4 2.644842 -0.004214 0.000742 -0.174416 0.001132 0.005627
5 5.373013 -0.003664 0.000286 -0.077782 0.000899 -0.058019
6 4.622900 -0.001142 -0.000016 0.014144 0.111247 0.173470
7 1.455384 0.000000 -0.000000 -0.294554 -0.048415 0.184031
8 6.329875 -0.000000 -0.000000 0.000000 0.000000 0.000000
9 2.995309 1.987698 -0.864473 -3.141592 -0.000001 1.407923
10 0.458379 0.000001 0.000000 0.000000 0.000000 0.000000
11 2.995308 1.987695 0.870890 -3.141592 -0.000001 1.407923
12 0.458379 0.000001 0.000000 0.000000 0.000000 0.000000
13 3.078269 1.929374 0.855018 1.547494 -0.743749 1.442334
14 0.664102 -0.000000 0.000000 0.000000 0.000000 0.000000
15 3.083701 1.962442 0.858416 1.570797 -0.011562 1.407923
16 0.559829 -0.000000 0.000000 0.000000 0.000000 0.000000
17 3.078101 1.931618 0.863325 -0.051183 -2.462692 -1.026784
18 0.682539 -0.000000 0.000000 0.000000 0.000000 0.000000
19 3.061353 1.933510 0.862958 -1.459740 2.642219 -1.518602
20 0.679195 -0.000000 -0.000000 0.000000 -0.000000 0.000000
21 3.081032 1.929497 0.865757 -0.000000 -3.141591 -1.071653
22 0.675652 0.000000 -0.000000 0.000000 0.000000 0.000000
23 3.066324 1.936762 0.868039 0.000000 2.615510 -1.100106
24 0.658072 0.000000 -0.000000 -0.000000 -0.000000 0.000000
25 2.989678 1.934948 -0.857061 -0.000000 2.405157 -1.244421
26 0.578150 -0.000001 -0.000000 0.000000 0.000000 0.000000
27 2.979570 1.967334 -0.884714 -0.000000 -3.141591 -1.252624
28 0.518766 0.000000 -0.000000 0.000000 0.000000 0.000000
29 2.978726 1.983216 -0.860808 -0.016269 -2.767885 -1.233359
30 0.535335 0.000000 -0.000000 0.000000 0.000000 0.000000
31 2.983528 1.967234 -0.884390 1.456493 0.640130 1.182185
32 0.444524 -0.000000 0.000000 0.000000 -0.000000 -0.000000
33 2.986611 1.992943 -0.875042 1.588345 -0.427771 1.365644
34 0.479990 -0.000000 -0.000000 0.000000 0.000000 0.000000
35 2.975851 1.966180 -0.894208 -3.141592 -0.000001 1.251407
36 0.533030 -0.000000 -0.000000 0.000000 0.000000 0.000000
37 -1.575327 0.231322 2.819829 -0.013191 -1.155596 2.980483
38 2.707293 0.000000 -0.000000 -0.096769 0.589176 0.181651
39 10.066724 -0.000000 0.000000 0.000000 -0.000000 -0.200000
40 4.577573 0.000000 0.000000 -1.570000 0.000000 0.000000
41 1.907322 -0.000001 0.000000 -0.000796 0.000000 -0.000000
42 0.476831 -0.000000 -0.000000 0.000000 0.000000 0.000000
43 -0.913607 0.147559 -3.103217 -0.025758 1.362713 2.943210
44 2.707293 0.000000 -0.000000 -0.235005 -0.570515 -0.069588
45 10.066723 -0.000000 0.000001 0.000000 0.000000 -0.200000
46 4.577572 -0.000000 0.000000 1.570000 0.000000 -0.000000
47 1.907322 -0.000000 -0.000001 0.000796 -0.000000 -0.000000
48 0.476830 0.000001 0.000000 0.000000 0.000000 3.141593
49 -1.754705 -0.008228 1.525857 -0.000003 -3.141592 -0.094113
50 0.416332 -0.000000 0.000000 0.000000 -0.000000 -0.200000
51 0.416333 0.000000 0.000000 0.000000 0.000000 0.100000
52 0.095757 2.258270 -0.000000 -0.000000 0.000000 1.570796
53 0.012490 0.000000 0.000000 0.000000 0.000000 3.141593
54 -1.754705 -0.008220 -1.525858 -0.000003 -3.141592 -0.094113
55 0.416333 -0.000000 0.000000 0.000000 -0.000000 -0.200000
56 0.416332 0.000000 0.000000 0.000000 0.000000 0.100000
57 0.095756 2.258270 0.000000 0.000000 -0.000000 1.570796
58 0.012490 0.000000 0.000000 0.000000 0.000000 0.000000
time 77
0 -0.002617 0.000001 -5.907160 0.000000 0.000000 -1.001119
1 -0.000000 0.000000 -0.929566 0.000000 0.000000 1.001119
2 -0.000000 0.000000 0.000000 -1.570795 -1.570796 0.000000
3 1.754727 -0.002106 0.000003 -0.000004 -0.000001 -0.004076
4 2.644836 -0.004214 0.000742 -0.174418 0.000863 0.004099
5 5.373002 -0.003663 0.000286 -0.077785 0.000672 -0.060928
6 4.622901 -0.001142 -0.000016 0.014144 0.111247 0.173470
7 1.455384 0.000000 0.000000 -0.294742 -0.048006 0.186735
8 6.329875 -0.000000 -0.000000 0.000000 0.000000 0.000000
9 2.995308 1.987698 -0.864472 -3.141592 -0.000001 1.407923
10 0.458379 0.000000 0.000000 0.000000 0.000000 0.000000
11 2.995308 1.987696 0.870890 -3.141592 -0.000001 1.407923
12 0.458379 0.000001 0.000000 0.000000 0.000000 0.000000
13 3.078269 1.929374 0.855018 1.547494 -0.743749 1.442334
14 0.664102 -0.000000 -0.000000 0.000000 0.000000 0.000000
15 3.083701 1.962442 0.858416 1.570797 -0.011562 1.407923
16 0.559829 -0.000000 -0.000000 0.000000 0.000000 0.000000
17 3.078100 1.931618 0.863325 -0.051183 -2.462692 -1.026784
18 0.682540 0.000000 0.000000 0.000000 0.000000 0.000000
19 3.061353 1.933510 0.862958 -1.459740 2.642219 -1.518602
20 0.679195 -0.000000 -0.000001 0.000000 -0.000000 0.000000
21 3.081032 1.929497 0.865757 -0.000000 -3.141591 -1.071653
22 0.675653 0.000001 -0.000000 0.000000 0.000000 0.000000
23 3.066324 1.936762 0.868039 0.000000 2.615510 -1.100106
24 0.658072 0.000000 -0.000000 -0.000000 -0.000000 0.000000
25 2.989677 1.934948 -0.857061 -0.000000 2.405157 -1.244421
26 0.578150 -0.000001 -0.000000 0.000000 0.000000 0.000000
27 2.979570 1.967334 -0.884714 -0.000000 -3.141591 -1.252624
28 0.518765 0.000000 -0.000000 0.000000 0.000000 0.000000
29 2.978726 1.983216 -0.860808 -0.016269 -2.767885 -1.233359
30 0.535335 0.000000 -0.000000 0.000000 0.000000 0.000000
31 2.983528 1.967234 -0.884390 1.456493 0.640130 1.182185
32 0.444524 -0.000000 0.000001 0.000000 -0.000000 -0.000000
33 2.986611 1.992943 -0.875042 1.588345 -0.427771 1.365644
34 0.479990 -0.000000 0.000000 0.000000 0.000000 0.000000
35 2.975851 1.966180 -0.894208 -3.141592 -0.000001 1.251407
36 0.533030 0.000001 -0.000000 0.000000 0.000000 0.000000
37 -1.575328 0.231322 2.819829 -0.013312 -1.159618 2.980616
38 2.707293 -0.000000 0.000000 -0.092888 0.592333 0.184601
39 10.066724 -0.000000 0.000000 0.000000 -0.000000 -0.200000
40 4.577572 0.000000 0.000000 -1.570000 0.000000 0.000000
41 1.907322 -0.000001 0.000000 -0.000796 0.000000 -0.000000
42 0.476830 -0.000000 -0.000000 0.000000 0.000000 0.000000
43 -0.913608 0.147559 -3.103217 -0.026084 1.365353 2.942877
44 2.707294 0.000000 -0.000000 -0.237813 -0.573655 -0.067202
45 10.066723 -0.000000 0.000000 0.000000 0.000000 -0.200000
46 4.577572 -0.000000 0.000000 1.570000 0.000000 -0.000000
47 1.907322 -0.000000 -0.000001 0.000796 -0.000000 -0.000000
48 0.476830 -0.000000 0.000000 0.000000 0.000000 3.141593
49 -1.754721 -0.005050 1.525858 -0.000003 -3.141592 -0.095924
50 0.416333 -0.000000 0.000000 0.000000 -0.000000 -0.200000
51 0.416333 0.000000 0.000000 0.000000 0.000000 0.100000
52 0.095757 2.258270 -0.000000 -0.000000 0.000000 1.570796
53 0.012490 0.000000 0.000000 0.000000 0.000000 3.141593
54 -1.754721 -0.005041 -1.525858 -0.000003 -3.141592 -0.095924
55 0.416333 -0.000000 0.000000 0.000000 -0.000000 -0.200000
56 0.416333 0.000000 0.000000 0.000000 0.000000 0.100000
57 0.095756 2.258270 0.000000 0.000000 -0.000000 1.570796
58 0.012490 0.000000 0.000000 0.000000 0.000000 0.000000
time 78
0 -0.002617 0.000001 -5.902088 0.000000 0.000000 -1.001119
1 -0.000000 0.000000 -0.929334 0.000000 0.000000 1.001119
2 -0.000000 0.000000 0.000000 -1.570795 -1.570796 0.000000
3 1.754731 -0.002106 0.000003 -0.000004 -0.000001 -0.002344
4 2.644828 -0.004214 0.000742 -0.174419 0.000605 0.002637
5 5.372992 -0.003662 0.000286 -0.077786 0.000455 -0.063711
6 4.622901 -0.001142 -0.000016 0.014144 0.111247 0.173470
7 1.455384 -0.000000 0.000000 -0.294923 -0.047614 0.189320
8 6.329875 -0.000000 -0.000000 0.000000 0.000000 0.000000
9 2.995309 1.987698 -0.864472 -3.141592 -0.000001 1.407923
10 0.458379 0.000000 0.000000 0.000000 0.000000 0.000000
11 2.995308 1.987695 0.870890 -3.141592 -0.000001 1.407923
12 0.458379 0.000001 0.000000 0.000000 0.000000 0.000000
13 3.078269 1.929374 0.855018 1.547494 -0.743749 1.442334
14 0.664102 -0.000000 0.000000 0.000000 0.000000 0.000000
15 3.083701 1.962442 0.858416 1.570797 -0.011562 1.407923
16 0.559829 -0.000000 -0.000000 0.000000 0.000000 0.000000
17 3.078100 1.931618 0.863325 -0.051183 -2.462692 -1.026784
18 0.682539 -0.000001 0.000000 0.000000 0.000000 0.000000
19 3.061353 1.933510 0.862958 -1.459740 2.642219 -1.518602
20 0.679195 -0.000000 -0.000001 0.000000 -0.000000 0.000000
21 3.081032 1.929497 0.865757 -0.000000 -3.141591 -1.071653
22 0.675652 0.000000 -0.000000 0.000000 0.000000 0.000000
23 3.066324 1.936762 0.868039 0.000000 2.615510 -1.100106
24 0.658072 -0.000000 -0.000000 -0.000000 -0.000000 0.000000
25 2.989678 1.934948 -0.857061 -0.000000 2.405157 -1.244421
26 0.578150 -0.000001 -0.000000 0.000000 0.000000 0.000000
27 2.979570 1.967334 -0.884714 -0.000000 -3.141591 -1.252624
28 0.518765 0.000000 -0.000000 0.000000 0.000000 0.000000
29 2.978726 1.983216 -0.860808 -0.016269 -2.767885 -1.233359
30 0.535335 -0.000001 -0.000000 0.000000 0.000000 0.000000
31 2.983528 1.967234 -0.884390 1.456493 0.640130 1.182185
32 0.444524 -0.000000 0.000000 0.000000 -0.000000 -0.000000
33 2.986611 1.992943 -0.875042 1.588345 -0.427771 1.365644
34 0.479990 -0.000000 -0.000000 0.000000 0.000000 0.000000
35 2.975851 1.966180 -0.894208 -3.141592 -0.000001 1.251407
36 0.533030 0.000001 -0.000000 0.000000 0.000000 0.000000
37 -1.575328 0.231322 2.819829 -0.013430 -1.163430 2.980744
38 2.707294 -0.000000 0.000000 -0.089161 0.595309 0.187428
39 10.066724 -0.000000 -0.000001 0.000000 -0.000000 -0.200000
40 4.577573 0.000000 0.000000 -1.570000 0.000000 0.000000
41 1.907322 -0.000001 0.000000 -0.000796 0.000000 -0.000000
42 0.476831 -0.000000 -0.000000 0.000000 0.000000 0.000000
43 -0.913608 0.147559 -3.103217 -0.026400 1.367844 2.942554
44 2.707293 0.000000 0.000000 -0.240517 -0.576619 -0.064908
45 10.066723 -0.000000 0.000000 0.000000 0.000000 -0.200000
46 4.577572 -0.000000 0.000001 1.570000 0.000000 -0.000000
47 1.907322 -0.000000 -0.000001 0.000796 -0.000000 -0.000000
48 0.476830 0.000000 0.000000 0.000000 0.000000 3.141593
49 -1.754731 -0.002011 1.525858 -0.000003 -3.141592 -0.097656
50 0.416333 -0.000000 0.000000 0.000000 -0.000000 -0.200000
51 0.416333 0.000000 0.000000 0.000000 0.000000 0.100000
52 0.095757 2.258270 -0.000000 -0.000000 0.000000 1.570796
53 0.012490 0.000000 0.000000 0.000000 0.000000 3.141593
54 -1.754731 -0.002002 -1.525858 -0.000003 -3.141592 -0.097656
55 0.416333 -0.000000 0.000000 0.000000 -0.000000 -0.200000
56 0.416333 -0.000000 0.000000 0.000000 0.000000 0.100000
57 0.095756 2.258270 0.000000 0.000000 -0.000000 1.570796
58 0.012490 0.000000 0.000000 0.000000 0.000000 0.000000
time 79
0 -0.002617 0.000001 -5.897311 0.000000 0.000000 -1.001119
1 -0.000000 0.000000 -0.929039 0.000000 0.000000 1.001119
2 -0.000000 0.000000 0.000000 -1.570795 -1.570796 0.000000
3 1.754734 -0.002106 0.000003 -0.000004 -0.000001 -0.000712
4 2.644823 -0.004214 0.000742 -0.174420 0.000362 0.001261
5 5.372982 -0.003662 0.000286 -0.077787 0.000251 -0.066332
6 4.622900 -0.001142 -0.000016 0.014144 0.111247 0.173470
7 1.455385 -0.000000 0.000000 -0.295093 -0.047245 0.191755
8 6.329875 -0.000000 -0.000000 0.000000 0.000000 0.000000
9 2.995309 1.987698 -0.864472 -3.141592 -0.000001 1.407923
10 0.458379 0.000000 -0.000000 0.000000 0.000000 0.000000
11 2.995308 1.987695 0.870890 -3.141592 -0.000001 1.407923
12 0.458379 0.000001 0.000000 0.000000 0.000000 0.000000
13 3.078269 1.929374 0.855018 1.547494 -0.743749 1.442334
14 0.664102 -0.000000 0.000000 0.000000 0.000000 0.000000
15 3.083701 1.962442 0.858416 1.570797 -0.011562 1.407923
16 0.559829 -0.000000 0.000000 0.000000 0.000000 0.000000
17 3.078101 1.931617 0.863325 -0.051183 -2.462692 -1.026784
18 0.682539 0.000000 0.000000 0.000000 0.000000 0.000000
19 3.061353 1.933510 0.862958 -1.459740 2.642219 -1.518602
20 0.679195 -0.000000 0.000000 0.000000 -0.000000 0.000000
21 3.081032 1.929496 0.865757 -0.000000 -3.141591 -1.071653
22 0.675653 0.000000 -0.000000 0.000000 0.000000 0.000000
23 3.066324 1.936762 0.868039 0.000000 2.615510 -1.100106
24 0.658072 -0.000000 -0.000000 -0.000000 -0.000000 0.000000
25 2.989678 1.934948 -0.857061 -0.000000 2.405157 -1.244421
26 0.578150 -0.000001 -0.000000 0.000000 0.000000 0.000000
27 2.979571 1.967334 -0.884714 -0.000000 -3.141591 -1.252624
28 0.518765 0.000000 -0.000000 0.000000 0.000000 0.000000
29 2.978726 1.983215 -0.860808 -0.016269 -2.767885 -1.233359
30 0.535334 -0.000001 -0.000000 0.000000 0.000000 0.000000
31 2.983528 1.967234 -0.884390 1.456493 0.640130 1.182185
32 0.444524 -0.000000 0.000001 0.000000 -0.000000 -0.000000
33 2.986612 1.992943 -0.875042 1.588345 -0.427771 1.365644
34 0.479990 -0.000000 0.000000 0.000000 0.000000 0.000000
35 2.975851 1.966180 -0.894208 -3.141592 -0.000001 1.251407
36 0.533030 0.000000 -0.000000 0.000000 0.000000 0.000000
37 -1.575327 0.231321 2.819829 -0.013541 -1.166975 2.980865
38 2.707294 0.000000 0.000000 -0.085643 0.598059 0.190095
39 10.066724 -0.000000 -0.000000 0.000000 -0.000000 -0.200000
40 4.577573 0.000000 -0.000000 -1.570000 0.000000 0.000000
41 1.907322 -0.000001 0.000000 -0.000796 0.000000 -0.000000
42 0.476831 0.000000 -0.000000 0.000000 0.000000 0.000000
43 -0.913607 0.147559 -3.103217 -0.026699 1.370144 2.942250
44 2.707293 0.000000 -0.000000 -0.243080 -0.579360 -0.062737
45 10.066723 -0.000000 0.000000 0.000000 0.000000 -0.200000
46 4.577572 -0.000000 0.000001 1.570000 0.000000 -0.000000
47 1.907321 -0.000000 -0.000001 0.000796 -0.000000 -0.000000
48 0.476831 0.000000 0.000000 0.000000 0.000000 3.141593
49 -1.754735 0.000852 1.525858 -0.000003 -3.141592 -0.099288
50 0.416333 -0.000000 0.000000 0.000000 -0.000000 -0.200000
51 0.416333 0.000000 0.000000 0.000000 0.000000 0.100000
52 0.095757 2.258270 -0.000000 -0.000000 0.000000 1.570796
53 0.012490 0.000000 0.000000 0.000000 0.000000 3.141593
54 -1.754735 0.000860 -1.525858 -0.000003 -3.141592 -0.099288
55 0.416333 -0.000000 0.000000 0.000000 -0.000000 -0.200000
56 0.416333 -0.000000 0.000000 0.000000 0.000000 0.100000
57 0.095756 2.258270 0.000000 0.000000 -0.000000 1.570796
58 0.012490 0.000000 0.000000 0.000000 0.000000 0.000000
end
