version 1
nodes
0 "Bip01" -1
1 "Bip01 Footsteps" 0
2 "Bip01 Pelvis" 0
3 "Bip01 Spine" 2
4 "Bip01 Spine1" 3
5 "Bip01 Spine2" 4
6 "Bip01 Neck" 5
7 "Bip01 Head" 6
8 "Bip01 HeadNub" 7
9 "Box01" 7
10 "Box04" 9
11 "Box02" 7
12 "Box03" 11
13 "Bone15" 7
14 "Bone16" 13
15 "Bone13" 7
16 "Bone14" 15
17 "Bone23" 7
18 "Bone24" 17
19 "Bone17" 7
20 "Bone18" 19
21 "Bone21" 7
22 "Bone22" 21
23 "Bone19" 7
24 "Bone20" 23
25 "Bone09" 7
26 "Bone10" 25
27 "Bone07" 7
28 "Bone08" 27
29 "Bone11" 7
30 "Bone12" 29
31 "Bone03" 7
32 "Bone04" 31
33 "Bone05" 7
34 "Bone06" 33
35 "Bone01" 7
36 "Bone02" 35
37 "Bip01 L Clavicle" 6
38 "Bip01 L UpperArm" 37
39 "Bip01 L Forearm" 38
40 "Bip01 L Hand" 39
41 "Bip01 L Finger0" 40
42 "Bip01 L Finger0Nub" 41
43 "Bip01 R Clavicle" 6
44 "Bip01 R UpperArm" 43
45 "Bip01 R Forearm" 44
46 "Bip01 R Hand" 45
47 "Bip01 R Finger0" 46
48 "Bip01 R Finger0Nub" 47
49 "Bip01 L Thigh" 3
50 "Bip01 L Calf" 49
51 "Bip01 L Foot" 50
52 "Bip01 L Toe0" 51
53 "Bip01 L Toe0Nub" 52
54 "Bip01 R Thigh" 3
55 "Bip01 R Calf" 54
56 "Bip01 R Foot" 55
57 "Bip01 R Toe0" 56
58 "Bip01 R Toe0Nub" 57
end
skeleton
time 0
0 -0.002617 0.000001 -5.892893 0.000000 0.000000 -1.001119
1 -0.000000 0.000000 -0.924262 0.000000 0.000000 1.001119
2 -0.000000 0.000000 0.000000 -1.570795 -1.570796 0.000000
3 1.754737 -0.002106 0.000003 -0.000004 -0.000001 0.000796
4 2.644840 -0.004214 0.000742 -0.174417 0.001009 0.004932
5 5.372973 -0.003661 0.000286 -0.077787 0.000062 -0.068756
6 4.622900 -0.001142 -0.000016 0.014144 0.111247 0.173470
7 1.455385 0.000000 0.000000 -0.294965 -0.044136 0.197496
8 6.329874 -0.000000 -0.000000 0.000000 0.000000 0.000000
9 2.995308 1.987698 -0.864472 -3.141592 -0.000001 1.407923
10 0.458379 -0.000000 0.000000 0.000000 0.000000 0.000000
11 2.995308 1.987696 0.870890 -3.141592 -0.000001 1.407923
12 0.458379 0.000001 -0.000000 0.000000 0.000000 0.000000
13 3.078268 1.929374 0.855018 1.547494 -0.743749 1.442334
14 0.664102 -0.000000 -0.000000 0.000000 0.000000 0.000000
15 3.083700 1.962442 0.858416 1.570797 -0.011562 1.407923
16 0.559829 -0.000000 0.000000 0.000000 0.000000 0.000000
17 3.078100 1.931618 0.863325 -0.051183 -2.462692 -1.026784
18 0.682539 0.000000 0.000000 0.000000 0.000000 0.000000
19 3.061352 1.933510 0.862958 -1.459740 2.642219 -1.518602
20 0.679194 -0.000000 0.000000 0.000000 0.000000 0.000000
21 3.081031 1.929497 0.865757 -0.000000 -3.141591 -1.071653
22 0.675652 0.000000 -0.000000 0.000000 0.000000 0.000000
23 3.066324 1.936762 0.868039 0.000000 2.615510 -1.100106
24 0.658071 0.000001 -0.000000 -0.000000 0.000000 0.000000
25 2.989677 1.934948 -0.857061 -0.000000 2.405157 -1.244421
26 0.578150 -0.000001 0.000000 0.000000 0.000000 0.000000
27 2.979571 1.967334 -0.884714 -0.000000 -3.141591 -1.252624
28 0.518765 0.000000 0.000000 0.000000 0.000000 0.000000
29 2.978725 1.983216 -0.860808 -0.016269 -2.767885 -1.233359
30 0.535335 -0.000000 0.000000 0.000000 0.000000 0.000000
31 2.983527 1.967234 -0.884390 1.456493 0.640130 1.182185
32 0.444524 -0.000000 -0.000000 -0.000000 -0.000000 -0.000000
33 2.986611 1.992943 -0.875042 1.588345 -0.427771 1.365644
34 0.479990 -0.000000 -0.000000 0.000000 0.000000 0.000000
35 2.975851 1.966180 -0.894208 -3.141592 -0.000001 1.251407
36 0.533030 0.000000 -0.000000 0.000000 0.000000 0.000000
37 -1.575327 0.231322 2.819829 -0.013644 -1.170196 2.980977
38 2.707293 0.000000 0.000000 -0.088187 0.601063 0.187858
39 10.066724 -0.000000 0.000000 0.000000 -0.000000 -0.200000
40 4.577573 0.000000 -0.000000 -1.570000 0.000000 0.000000
41 1.907321 -0.000001 0.000000 -0.000796 0.000000 -0.000000
42 0.476830 -0.000000 -0.000000 0.000000 0.000000 0.000000
43 -0.913607 0.147559 -3.103217 -0.026973 1.372214 2.941969
44 2.707293 0.000000 0.000000 -0.239744 -0.581923 -0.065394
45 10.066723 -0.000000 0.000000 0.000000 0.000000 -0.200000
46 4.577572 -0.000000 0.000001 1.570000 0.000000 -0.000000
47 1.907322 -0.000000 -0.000001 0.000796 -0.000000 -0.000000
48 0.476830 0.000000 0.000000 0.000000 0.000000 3.141593
49 -1.754735 0.003499 1.525858 -0.000003 -3.141592 -0.100796
50 0.416332 -0.000000 0.000000 0.000000 -0.000000 -0.200000
51 0.416333 0.000000 0.000000 0.000000 0.000000 0.100000
52 0.095757 2.258270 -0.000000 -0.000000 0.000000 1.570796
53 0.012490 0.000000 0.000000 0.000000 0.000000 3.141593
54 -1.754735 0.003507 -1.525858 -0.000003 -3.141592 -0.100796
55 0.416333 -0.000000 0.000000 0.000000 -0.000000 -0.200000
56 0.416333 0.000000 0.000000 0.000000 0.000000 0.100000
57 0.095756 2.258270 0.000000 0.000000 -0.000000 1.570796
58 0.012490 0.000000 0.000000 0.000000 0.000000 0.000000
time 1
0 -0.002617 0.000001 -5.892893 0.000000 0.000000 -1.001119
1 -0.000000 0.000000 -0.924262 0.000000 0.000000 1.001119
2 -0.000000 0.000000 0.000000 -1.570795 -1.570796 0.000000
3 1.754737 -0.002106 0.000003 -0.000004 -0.000001 0.000796
4 2.644837 -0.004214 0.000741 -0.173956 0.000918 0.004420
5 5.372975 -0.003661 0.000286 -0.077815 0.000336 -0.068620
6 4.622900 -0.001142 -0.000016 0.014144 0.111247 0.173470
7 1.455385 -0.000000 0.000000 -0.295526 -0.044278 0.197829
8 6.329874 -0.000000 -0.000000 0.000000 0.000000 0.000000
9 2.995308 1.987698 -0.864472 -3.141592 -0.000001 1.407923
10 0.458379 0.000000 0.000000 0.000000 0.000000 0.000000
11 2.995307 1.987696 0.870890 -3.141592 -0.000001 1.407923
12 0.458379 0.000001 0.000000 0.000000 0.000000 0.000000
13 3.078268 1.929374 0.855018 1.547494 -0.743749 1.442334
14 0.664102 -0.000000 0.000000 0.000000 0.000000 0.000000
15 3.083700 1.962442 0.858416 1.570797 -0.011562 1.407923
16 0.559829 -0.000000 0.000000 0.000000 0.000000 0.000000
17 3.078100 1.931618 0.863325 -0.051183 -2.462692 -1.026784
18 0.682539 0.000000 -0.000000 0.000000 0.000000 0.000000
19 3.061352 1.933510 0.862958 -1.459740 2.642219 -1.518602
20 0.679194 -0.000000 0.000000 0.000000 0.000000 0.000000
21 3.081031 1.929497 0.865757 -0.000000 -3.141591 -1.071653
22 0.675652 0.000001 -0.000000 0.000000 0.000000 0.000000
23 3.066324 1.936762 0.868039 0.000000 2.615510 -1.100106
24 0.658071 0.000001 -0.000000 -0.000000 0.000000 0.000000
25 2.989677 1.934948 -0.857061 -0.000000 2.405157 -1.244421
26 0.578150 -0.000000 0.000000 0.000000 0.000000 0.000000
27 2.979571 1.967334 -0.884714 -0.000000 -3.141591 -1.252624
28 0.518765 0.000001 0.000000 0.000000 0.000000 0.000000
29 2.978725 1.983216 -0.860808 -0.016269 -2.767885 -1.233359
30 0.535335 -0.000001 0.000000 0.000000 0.000000 0.000000
31 2.983527 1.967234 -0.884390 1.456493 0.640130 1.182185
32 0.444524 -0.000000 0.000000 -0.000000 -0.000000 -0.000000
33 2.986610 1.992943 -0.875042 1.588345 -0.427771 1.365644
34 0.479990 -0.000000 -0.000000 0.000000 0.000000 0.000000
35 2.975851 1.966180 -0.894208 -3.141592 -0.000001 1.251407
36 0.533030 0.000000 -0.000000 0.000000 0.000000 0.000000
37 -1.575327 0.231322 2.819829 -0.013644 -1.170196 2.980977
38 2.707293 0.000000 0.000001 -0.087531 0.600944 0.187942
39 10.066722 0.000000 0.000000 0.000000 -0.000000 -0.200000
40 4.577572 -0.000000 -0.000000 -1.570000 -0.000000 0.000000
41 1.907322 -0.000000 0.000000 -0.000796 0.000000 0.000000
42 0.476830 0.000000 0.000000 0.000000 0.000000 0.000000
43 -0.913607 0.147559 -3.103217 -0.026973 1.372214 2.941969
44 2.707293 0.000000 0.000000 -0.239971 -0.581285 -0.064811
45 10.066722 0.000000 -0.000000 -0.000000 -0.000000 -0.200000
46 4.577573 -0.000000 0.000000 1.570000 0.000000 -0.000000
47 1.907321 0.000001 -0.000001 0.000796 -0.000000 -0.000000
48 0.476830 0.000000 0.000000 0.000000 0.000000 3.141593
49 -1.754735 0.003499 1.525858 -0.000003 -3.141592 -0.100796
50 0.416332 -0.000000 0.000000 0.000000 -0.000000 -0.200000
51 0.416333 0.000000 0.000000 0.000000 0.000000 0.100000
52 0.095757 2.258270 -0.000000 -0.000000 0.000000 1.570796
53 0.012490 0.000000 0.000000 0.000000 0.000000 3.141593
54 -1.754735 0.003507 -1.525858 -0.000003 -3.141592 -0.100796
55 0.416333 -0.000000 0.000000 0.000000 -0.000000 -0.200000
56 0.416333 0.000000 0.000000 0.000000 0.000000 0.100000
57 0.095756 2.258270 0.000000 0.000000 -0.000000 1.570796
58 0.012490 0.000000 0.000000 0.000000 0.000000 0.000000
time 2
0 -0.002617 0.000001 -5.892893 0.000000 0.000000 -1.001119
1 -0.000000 0.000000 -0.924262 0.000000 0.000000 1.001119
2 -0.000000 0.000000 0.000000 -1.570795 -1.570796 0.000000
3 1.754737 -0.002106 0.000003 -0.000004 -0.000001 0.000796
4 2.644835 -0.004215 0.000736 -0.172776 0.000819 0.003879
5 5.372975 -0.003661 0.000286 -0.077884 0.001036 -0.068275
6 4.622900 -0.001142 -0.000016 0.014140 0.109890 0.173450
7 1.455385 -0.000000 0.000000 -0.297073 -0.046877 0.198189
8 6.329874 -0.000000 -0.000000 0.000000 0.000000 0.000000
9 2.995308 1.987698 -0.864472 -3.141592 -0.000001 1.407923
10 0.458379 0.000000 0.000000 0.000000 0.000000 0.000000
11 2.995308 1.987696 0.870889 -3.141592 -0.000001 1.407923
12 0.458380 0.000001 -0.000000 0.000000 0.000000 0.000000
13 3.078267 1.929374 0.855017 1.547493 -0.743749 1.442334
14 0.664102 -0.000000 0.000000 0.000000 0.000000 0.000000
15 3.083701 1.962442 0.858416 1.570797 -0.011562 1.407923
16 0.559829 -0.000000 0.000000 0.000000 0.000000 0.000000
17 3.078100 1.931617 0.863325 -0.051183 -2.462692 -1.026784
18 0.682539 0.000000 0.000000 0.000000 0.000000 0.000000
19 3.061352 1.933510 0.862958 -1.459740 2.642219 -1.518602
20 0.679195 0.000000 0.000000 0.000000 0.000000 0.000000
21 3.081031 1.929497 0.865757 -0.000000 -3.141591 -1.071653
22 0.675652 0.000001 -0.000000 0.000000 0.000000 0.000000
23 3.066324 1.936762 0.868039 0.000000 2.615510 -1.100106
24 0.658071 0.000000 -0.000000 -0.000000 0.000000 0.000000
25 2.989677 1.934948 -0.857061 -0.000000 2.405157 -1.244421
26 0.578150 -0.000000 0.000000 0.000000 0.000000 0.000000
27 2.979570 1.967334 -0.884714 -0.000000 -3.141591 -1.252624
28 0.518766 0.000000 -0.000000 0.000000 0.000000 0.000000
29 2.978724 1.983216 -0.860808 -0.016269 -2.767885 -1.233359
30 0.535334 -0.000000 -0.000000 0.000000 0.000000 0.000000
31 2.983527 1.967234 -0.884390 1.456493 0.640130 1.182185
32 0.444524 0.000000 -0.000000 -0.000000 -0.000000 -0.000000
33 2.986610 1.992943 -0.875042 1.588345 -0.427771 1.365644
34 0.479990 -0.000000 -0.000000 0.000000 0.000000 0.000000
35 2.975851 1.966180 -0.894208 -3.141592 -0.000001 1.251407
36 0.533030 -0.000001 -0.000000 0.000000 0.000000 0.000000
37 -1.571500 0.231318 2.821964 -0.013089 -1.171536 2.980465
38 2.707293 0.000000 0.000000 -0.086758 0.600719 0.187422
39 10.066723 0.000000 0.000000 0.000000 0.000000 -0.200000
40 4.577571 -0.000000 -0.000000 -1.570000 0.000000 0.000000
41 1.907321 -0.000000 0.000000 -0.000796 0.000000 -0.000000
42 0.476831 -0.000000 -0.000000 0.000000 0.000000 0.000000
43 -0.917817 0.147562 -3.101974 -0.025624 1.370884 2.943292
44 2.707293 0.000000 0.000000 -0.239658 -0.579666 -0.064051
45 10.066722 -0.000000 0.000001 -0.000000 0.000000 -0.200000
46 4.577573 0.000000 -0.000000 1.570000 0.000000 0.000000
47 1.907322 0.000001 -0.000000 0.000796 -0.000000 -0.000000
48 0.476830 -0.000000 0.000000 0.000000 0.000000 3.141593
49 -1.754735 0.003499 1.525858 -0.000003 -3.141592 -0.100796
50 0.416332 -0.000000 0.000000 0.000000 -0.000000 -0.200000
51 0.416333 0.000000 0.000000 0.000000 0.000000 0.100000
52 0.095757 2.258270 -0.000000 -0.000000 0.000000 1.570796
53 0.012490 0.000000 0.000000 0.000000 0.000000 3.141593
54 -1.754735 0.003507 -1.525858 -0.000003 -3.141592 -0.100796
55 0.416333 -0.000000 0.000000 0.000000 -0.000000 -0.200000
56 0.416333 0.000000 0.000000 0.000000 0.000000 0.100000
57 0.095756 2.258270 0.000000 0.000000 -0.000000 1.570796
58 0.012490 0.000000 0.000000 0.000000 0.000000 0.000000
time 3
0 -0.002617 0.000001 -5.892893 0.000000 0.000000 -1.001119
1 -0.000000 0.000000 -0.924262 0.000000 0.000000 1.001119
2 -0.000000 0.000000 0.000000 -1.570795 -1.570796 0.000000
3 1.754737 -0.002106 0.000003 -0.000004 -0.000001 0.000796
4 2.644833 -0.004216 0.000729 -0.171185 0.000718 0.003322
5 5.372977 -0.003661 0.000287 -0.077976 0.001980 -0.067809
6 4.622900 -0.001142 -0.000016 0.014133 0.106498 0.173402
7 1.455385 0.000000 0.000000 -0.299446 -0.052592 0.200123
8 6.329875 -0.000000 0.000000 0.000000 0.000000 0.000000
9 2.995308 1.987698 -0.864472 -3.141592 -0.000001 1.407923
10 0.458379 0.000000 0.000000 0.000000 0.000000 0.000000
11 2.995308 1.987695 0.870890 -3.141592 -0.000001 1.407923
12 0.458379 0.000001 0.000000 0.000000 0.000000 0.000000
13 3.078269 1.929374 0.855018 1.547493 -0.743749 1.442334
14 0.664102 -0.000000 0.000001 0.000000 0.000000 0.000000
15 3.083701 1.962442 0.858417 1.570797 -0.011562 1.407923
16 0.559829 -0.000000 0.000000 0.000000 0.000000 0.000000
17 3.078101 1.931618 0.863325 -0.051183 -2.462692 -1.026784
18 0.682539 0.000000 0.000000 0.000000 0.000000 0.000000
19 3.061353 1.933510 0.862958 -1.459740 2.642219 -1.518602
20 0.679194 -0.000000 -0.000000 0.000000 -0.000000 0.000000
21 3.081031 1.929497 0.865757 -0.000000 -3.141591 -1.071653
22 0.675653 0.000000 -0.000000 0.000000 0.000000 0.000000
23 3.066324 1.936762 0.868039 0.000000 2.615510 -1.100106
24 0.658072 0.000001 -0.000000 -0.000000 0.000000 0.000000
25 2.989677 1.934948 -0.857061 -0.000000 2.405158 -1.244421
26 0.578150 -0.000001 0.000000 0.000000 0.000000 0.000000
27 2.979571 1.967334 -0.884714 -0.000000 -3.141591 -1.252624
28 0.518765 0.000000 -0.000000 0.000000 0.000000 0.000000
29 2.978725 1.983216 -0.860808 -0.016269 -2.767885 -1.233359
30 0.535335 0.000000 -0.000000 0.000000 0.000000 0.000000
31 2.983528 1.967234 -0.884390 1.456493 0.640130 1.182185
32 0.444524 -0.000000 0.000000 -0.000000 -0.000000 -0.000000
33 2.986611 1.992943 -0.875042 1.588345 -0.427771 1.365644
34 0.479990 0.000000 -0.000000 0.000000 0.000000 0.000000
35 2.975851 1.966180 -0.894208 -3.141592 -0.000001 1.251407
36 0.533030 -0.000000 -0.000000 0.000000 0.000000 0.000000
37 -1.561918 0.231311 2.827279 -0.011684 -1.174884 2.979171
38 2.707293 0.000000 0.000000 -0.085923 0.600434 0.186555
39 10.066723 0.000000 -0.000001 0.000000 0.000000 -0.200000
40 4.577572 -0.000000 -0.000001 -1.570000 -0.000000 0.000000
41 1.907321 0.000000 0.000000 -0.000796 0.000000 0.000000
42 0.476831 -0.000000 0.000000 0.000000 0.000000 0.000000
43 -0.928333 0.147570 -3.098843 -0.022326 1.367557 2.946523
44 2.707293 -0.000000 0.000000 -0.239037 -0.577488 -0.063187
45 10.066723 0.000000 0.000001 -0.000000 0.000000 -0.200000
46 4.577572 -0.000000 0.000001 1.570000 -0.000000 -0.000000
47 1.907322 0.000000 -0.000000 0.000796 -0.000000 -0.000000
48 0.476830 0.000001 0.000000 0.000000 0.000000 3.141593
49 -1.754735 0.003499 1.525858 -0.000003 -3.141592 -0.100796
50 0.416332 -0.000000 0.000000 0.000000 -0.000000 -0.200000
51 0.416333 0.000000 0.000000 0.000000 0.000000 0.100000
52 0.095757 2.258270 -0.000000 -0.000000 0.000000 1.570796
53 0.012490 0.000000 0.000000 0.000000 0.000000 3.141593
54 -1.754735 0.003507 -1.525858 -0.000003 -3.141592 -0.100796
55 0.416333 -0.000000 0.000000 0.000000 -0.000000 -0.200000
56 0.416333 0.000000 0.000000 0.000000 0.000000 0.100000
57 0.095756 2.258270 0.000000 0.000000 -0.000000 1.570796
58 0.012490 0.000000 0.000000 0.000000 0.000000 0.000000
time 4
0 -0.002617 0.000001 -5.892893 0.000000 0.000000 -1.001119
1 -0.000000 0.000000 -0.924262 0.000000 0.000000 1.001119
2 -0.000000 0.000000 0.000000 -1.570795 -1.570796 0.000000
3 1.754737 -0.002106 0.000003 -0.000004 -0.000001 0.000796
4 2.644830 -0.004217 0.000722 -0.169491 0.000616 0.002761
5 5.372980 -0.003661 0.000287 -0.078074 0.002984 -0.067314
6 4.622900 -0.001142 -0.000016 0.014122 0.102089 0.173339
7 1.455385 0.000000 0.000000 -0.302132 -0.059833 0.202902
8 6.329874 0.000000 0.000000 0.000000 0.000000 0.000000
9 2.995308 1.987699 -0.864472 -3.141592 -0.000001 1.407923
10 0.458379 0.000001 0.000000 -0.000000 -0.000000 0.000000
11 2.995308 1.987696 0.870890 -3.141592 -0.000001 1.407923
12 0.458379 0.000001 0.000000 -0.000000 -0.000000 0.000000
13 3.078268 1.929374 0.855018 1.547494 -0.743749 1.442334
14 0.664102 -0.000000 0.000000 0.000000 0.000000 0.000000
15 3.083701 1.962442 0.858417 1.570797 -0.011562 1.407923
16 0.559829 -0.000000 -0.000000 0.000000 0.000000 0.000000
17 3.078101 1.931618 0.863325 -0.051183 -2.462692 -1.026784
18 0.682539 0.000000 0.000000 0.000000 0.000000 0.000000
19 3.061353 1.933510 0.862958 -1.459740 2.642219 -1.518602
20 0.679194 -0.000000 0.000001 0.000000 -0.000000 0.000000
21 3.081031 1.929497 0.865757 -0.000000 -3.141591 -1.071653
22 0.675653 0.000000 -0.000000 0.000000 0.000000 0.000000
23 3.066323 1.936763 0.868039 0.000000 2.615510 -1.100106
24 0.658072 0.000001 -0.000000 -0.000000 0.000000 0.000000
25 2.989677 1.934949 -0.857061 -0.000000 2.405157 -1.244421
26 0.578150 -0.000001 -0.000000 0.000000 0.000000 0.000000
27 2.979570 1.967334 -0.884714 -0.000000 -3.141591 -1.252624
28 0.518766 0.000000 -0.000000 0.000000 0.000000 0.000000
29 2.978725 1.983216 -0.860808 -0.016269 -2.767885 -1.233359
30 0.535335 0.000000 -0.000000 0.000000 0.000000 0.000000
31 2.983528 1.967234 -0.884390 1.456493 0.640130 1.182185
32 0.444524 -0.000000 -0.000000 -0.000000 0.000000 -0.000000
33 2.986611 1.992943 -0.875042 1.588345 -0.427771 1.365644
34 0.479990 -0.000000 0.000000 0.000000 0.000000 0.000000
35 2.975851 1.966180 -0.894208 -3.141592 -0.000001 1.251407
36 0.533030 -0.000000 0.000000 0.000000 0.000000 0.000000
37 -1.549436 0.231301 2.834140 -0.009825 -1.179235 2.977453
38 2.707293 0.000000 0.000000 -0.085074 0.600134 0.185597
39 10.066722 0.000000 -0.000001 0.000000 -0.000000 -0.200000
40 4.577572 0.000000 0.000000 -1.570000 -0.000000 0.000000
41 1.907323 -0.000001 0.000000 -0.000796 -0.000000 0.000000
42 0.476830 -0.000000 -0.000000 0.000000 0.000000 0.000000
43 -0.941989 0.147581 -3.094718 -0.018195 1.363228 2.950567
44 2.707293 0.000000 -0.000000 -0.238338 -0.575170 -0.062296
45 10.066722 0.000000 0.000001 0.000000 0.000000 -0.200000
46 4.577571 -0.000000 0.000000 1.570000 0.000000 -0.000000
47 1.907322 0.000000 -0.000000 0.000796 0.000000 -0.000000
48 0.476830 -0.000000 0.000000 0.000000 0.000000 3.141593
49 -1.754735 0.003499 1.525858 -0.000003 -3.141592 -0.100796
50 0.416332 -0.000000 0.000000 0.000000 -0.000000 -0.200000
51 0.416333 0.000000 0.000000 0.000000 0.000000 0.100000
52 0.095757 2.258270 -0.000000 -0.000000 0.000000 1.570796
53 0.012490 0.000000 0.000000 0.000000 0.000000 3.141593
54 -1.754735 0.003507 -1.525858 -0.000003 -3.141592 -0.100796
55 0.416333 -0.000000 0.000000 0.000000 -0.000000 -0.200000
56 0.416333 0.000000 0.000000 0.000000 0.000000 0.100000
57 0.095756 2.258270 0.000000 0.000000 -0.000000 1.570796
58 0.012490 0.000000 0.000000 0.000000 0.000000 0.000000
time 5
0 -0.002617 0.000001 -5.892893 0.000000 0.000000 -1.001119
1 -0.000000 0.000000 -0.924262 0.000000 0.000000 1.001119
2 -0.000000 0.000000 0.000000 -1.570795 -1.570796 0.000000
3 1.754737 -0.002106 0.000003 -0.000004 -0.000001 0.000796
4 2.644827 -0.004218 0.000715 -0.168003 0.000517 0.002208
5 5.372981 -0.003661 0.000287 -0.078160 0.003867 -0.066878
6 4.622900 -0.001142 -0.000016 0.014113 0.097680 0.173277
7 1.455385 -0.000000 -0.000000 -0.304609 -0.067016 0.205771
8 6.329874 -0.000000 0.000000 0.000000 0.000000 0.000000
9 2.995308 1.987698 -0.864472 -3.141592 -0.000001 1.407923
10 0.458379 0.000001 0.000000 -0.000000 -0.000000 0.000000
11 2.995308 1.987695 0.870890 -3.141592 -0.000001 1.407923
12 0.458379 0.000000 -0.000000 -0.000000 -0.000000 0.000000
13 3.078267 1.929374 0.855018 1.547494 -0.743749 1.442334
14 0.664102 -0.000000 0.000000 0.000000 0.000000 0.000000
15 3.083700 1.962442 0.858417 1.570797 -0.011562 1.407923
16 0.559829 -0.000000 -0.000000 0.000000 0.000000 0.000000
17 3.078100 1.931617 0.863325 -0.051183 -2.462692 -1.026784
18 0.682539 0.000000 -0.000000 0.000000 0.000000 0.000000
19 3.061352 1.933510 0.862958 -1.459740 2.642219 -1.518602
20 0.679195 -0.000000 -0.000000 0.000000 0.000000 0.000000
21 3.081031 1.929497 0.865757 -0.000000 -3.141591 -1.071653
22 0.675653 -0.000000 -0.000000 0.000000 0.000000 0.000000
23 3.066323 1.936762 0.868039 0.000000 2.615510 -1.100106
24 0.658072 0.000001 -0.000000 -0.000000 0.000000 0.000000
25 2.989677 1.934948 -0.857061 -0.000000 2.405158 -1.244421
26 0.578150 -0.000001 0.000000 0.000000 0.000000 0.000000
27 2.979570 1.967334 -0.884714 -0.000000 -3.141591 -1.252624
28 0.518766 -0.000000 -0.000000 0.000000 0.000000 0.000000
29 2.978725 1.983216 -0.860808 -0.016269 -2.767885 -1.233359
30 0.535334 -0.000000 -0.000000 0.000000 0.000000 0.000000
31 2.983528 1.967234 -0.884390 1.456493 0.640130 1.182185
32 0.444524 -0.000000 -0.000000 -0.000000 -0.000000 -0.000000
33 2.986610 1.992943 -0.875042 1.588345 -0.427771 1.365644
34 0.479990 -0.000000 0.000001 0.000000 0.000000 0.000000
35 2.975850 1.966180 -0.894208 -3.141592 -0.000001 1.251407
36 0.533030 0.000000 -0.000000 0.000000 0.000000 0.000000
37 -1.536924 0.231291 2.840945 -0.007926 -1.183586 2.975697
38 2.707293 0.000000 0.000001 -0.084262 0.599864 0.184808
39 10.066723 -0.000000 -0.000001 0.000000 0.000000 -0.200000
40 4.577571 0.000000 -0.000001 -1.570000 -0.000000 0.000000
41 1.907321 0.000000 0.000001 -0.000796 0.000000 0.000000
42 0.476830 0.000001 0.000000 0.000000 0.000000 0.000000
43 -0.955626 0.147592 -3.090534 -0.014231 1.358896 2.954445
44 2.707293 0.000000 -0.000001 -0.237791 -0.573133 -0.061457
45 10.066722 -0.000000 0.000001 0.000000 -0.000000 -0.200000
46 4.577572 -0.000000 -0.000000 1.570000 0.000000 -0.000000
47 1.907322 0.000001 -0.000000 0.000796 -0.000000 -0.000000
48 0.476830 0.000000 -0.000000 0.000000 0.000000 3.141593
49 -1.754735 0.003499 1.525858 -0.000003 -3.141592 -0.100796
50 0.416332 -0.000000 0.000000 0.000000 -0.000000 -0.200000
51 0.416333 0.000000 0.000000 0.000000 0.000000 0.100000
52 0.095757 2.258270 -0.000000 -0.000000 0.000000 1.570796
53 0.012490 0.000000 0.000000 0.000000 0.000000 3.141593
54 -1.754735 0.003507 -1.525858 -0.000003 -3.141592 -0.100796
55 0.416333 -0.000000 0.000000 0.000000 -0.000000 -0.200000
56 0.416333 0.000000 0.000000 0.000000 0.000000 0.100000
57 0.095756 2.258270 0.000000 0.000000 -0.000000 1.570796
58 0.012490 0.000000 0.000000 0.000000 0.000000 0.000000
time 6
0 -0.002617 0.000001 -5.892893 0.000000 0.000000 -1.001119
1 -0.000000 0.000000 -0.924262 0.000000 0.000000 1.001119
2 -0.000000 0.000000 0.000000 -1.570795 -1.570796 0.000000
3 1.754737 -0.002106 0.000003 -0.000004 -0.000001 0.000796
4 2.644825 -0.004219 0.000711 -0.167028 0.000423 0.001675
5 5.372982 -0.003662 0.000288 -0.078216 0.004445 -0.066593
6 4.622900 -0.001142 -0.000016 0.014105 0.094288 0.173229
7 1.455385 0.000000 0.000000 -0.306343 -0.072569 0.207941
8 6.329875 -0.000000 0.000000 0.000000 0.000000 0.000000
9 2.995308 1.987698 -0.864472 -3.141592 -0.000001 1.407923
10 0.458379 0.000000 -0.000000 0.000000 -0.000000 -0.000000
11 2.995309 1.987696 0.870890 -3.141592 -0.000001 1.407923
12 0.458380 0.000000 0.000000 0.000000 -0.000000 -0.000000
13 3.078269 1.929374 0.855018 1.547494 -0.743749 1.442334
14 0.664102 -0.000000 -0.000000 0.000000 0.000000 0.000000
15 3.083701 1.962442 0.858416 1.570797 -0.011562 1.407923
16 0.559829 -0.000000 -0.000000 0.000000 0.000000 0.000000
17 3.078101 1.931618 0.863325 -0.051183 -2.462692 -1.026784
18 0.682539 0.000000 -0.000000 0.000000 0.000000 0.000000
19 3.061353 1.933510 0.862958 -1.459740 2.642219 -1.518602
20 0.679194 -0.000000 0.000000 0.000000 0.000000 0.000000
21 3.081032 1.929497 0.865757 -0.000000 -3.141591 -1.071653
22 0.675653 0.000000 -0.000000 0.000000 0.000000 0.000000
23 3.066324 1.936762 0.868039 0.000000 2.615510 -1.100106
24 0.658072 0.000000 -0.000000 -0.000000 0.000000 0.000000
25 2.989678 1.934948 -0.857061 -0.000000 2.405157 -1.244421
26 0.578150 -0.000001 -0.000000 0.000000 0.000000 0.000000
27 2.979571 1.967334 -0.884714 -0.000000 -3.141591 -1.252624
28 0.518766 -0.000000 0.000000 0.000000 0.000000 0.000000
29 2.978726 1.983216 -0.860808 -0.016269 -2.767885 -1.233359
30 0.535335 -0.000000 0.000000 0.000000 0.000000 0.000000
31 2.983528 1.967234 -0.884390 1.456493 0.640130 1.182185
32 0.444524 0.000000 -0.000000 -0.000000 -0.000000 -0.000000
33 2.986612 1.992943 -0.875042 1.588345 -0.427771 1.365644
34 0.479990 -0.000000 0.000000 0.000000 0.000000 0.000000
35 2.975851 1.966180 -0.894208 -3.141592 -0.000001 1.251407
36 0.533030 0.000000 -0.000000 0.000000 0.000000 0.000000
37 -1.527279 0.231283 2.846143 -0.006437 -1.186931 2.974317
38 2.707293 0.000000 0.000000 -0.083531 0.599669 0.184450
39 10.066723 -0.000000 -0.000000 0.000000 -0.000000 -0.200000
40 4.577572 -0.000000 0.000000 -1.570000 -0.000000 0.000000
41 1.907322 -0.000001 0.000000 -0.000796 0.000000 0.000000
42 0.476830 0.000001 0.000000 0.000000 0.000000 0.000000
43 -0.966105 0.147601 -3.087275 -0.011288 1.355562 2.957320
44 2.707293 -0.000000 -0.000000 -0.237628 -0.571796 -0.060747
45 10.066722 -0.000000 0.000001 0.000000 0.000000 -0.200000
46 4.577572 0.000000 -0.000000 1.570000 0.000000 -0.000000
47 1.907321 -0.000000 -0.000000 0.000796 -0.000000 -0.000000
48 0.476831 -0.000000 -0.000000 0.000000 0.000000 3.141593
49 -1.754735 0.003499 1.525858 -0.000003 -3.141592 -0.100796
50 0.416332 -0.000000 0.000000 0.000000 -0.000000 -0.200000
51 0.416333 0.000000 0.000000 0.000000 0.000000 0.100000
52 0.095757 2.258270 -0.000000 -0.000000 0.000000 1.570796
53 0.012490 0.000000 0.000000 0.000000 0.000000 3.141593
54 -1.754735 0.003507 -1.525858 -0.000003 -3.141592 -0.100796
55 0.416333 -0.000000 0.000000 0.000000 -0.000000 -0.200000
56 0.416333 0.000000 0.000000 0.000000 0.000000 0.100000
57 0.095756 2.258270 0.000000 0.000000 -0.000000 1.570796
58 0.012490 0.000000 0.000000 0.000000 0.000000 0.000000
time 7
0 -0.002617 0.000001 -5.892893 0.000000 0.000000 -1.001119
1 -0.000000 0.000000 -0.924262 0.000000 0.000000 1.001119
2 -0.000000 0.000000 0.000000 -1.570795 -1.570796 0.000000
3 1.754737 -0.002106 0.000003 -0.000004 -0.000001 0.000796
4 2.644823 -0.004219 0.000711 -0.166874 0.000336 0.001174
5 5.372983 -0.003662 0.000288 -0.078225 0.004536 -0.066548
6 4.622900 -0.001142 -0.000016 0.014103 0.092932 0.173209
7 1.455385 -0.000000 0.000000 -0.306790 -0.074923 0.208604
8 6.329874 -0.000000 -0.000000 0.000000 0.000000 0.000000
9 2.995308 1.987698 -0.864472 -3.141592 -0.000001 1.407923
10 0.458379 0.000001 0.000000 -0.000000 0.000000 -0.000000
11 2.995308 1.987696 0.870890 -3.141592 -0.000001 1.407923
12 0.458379 0.000001 -0.000000 -0.000000 0.000000 -0.000000
13 3.078268 1.929374 0.855018 1.547493 -0.743749 1.442334
14 0.664102 -0.000000 0.000000 0.000000 0.000000 0.000000
15 3.083701 1.962442 0.858416 1.570797 -0.011562 1.407923
16 0.559829 -0.000000 0.000000 0.000000 0.000000 0.000000
17 3.078101 1.931617 0.863325 -0.051183 -2.462692 -1.026784
18 0.682539 -0.000000 0.000000 0.000000 0.000000 0.000000
19 3.061352 1.933510 0.862958 -1.459740 2.642219 -1.518602
20 0.679194 -0.000000 -0.000000 0.000000 0.000000 0.000000
21 3.081031 1.929497 0.865757 -0.000000 -3.141591 -1.071653
22 0.675652 0.000000 -0.000000 0.000000 0.000000 0.000000
23 3.066323 1.936762 0.868039 0.000000 2.615510 -1.100106
24 0.658072 0.000000 -0.000000 -0.000000 0.000000 0.000000
25 2.989677 1.934948 -0.857061 -0.000000 2.405158 -1.244421
26 0.578150 -0.000000 0.000000 0.000000 0.000000 0.000000
27 2.979570 1.967334 -0.884714 -0.000000 -3.141591 -1.252624
28 0.518766 -0.000000 -0.000000 0.000000 0.000000 0.000000
29 2.978725 1.983216 -0.860808 -0.016269 -2.767885 -1.233359
30 0.535335 -0.000000 -0.000000 0.000000 0.000000 0.000000
31 2.983527 1.967234 -0.884390 1.456493 0.640130 1.182185
32 0.444524 -0.000000 -0.000001 -0.000000 -0.000000 -0.000000
33 2.986611 1.992943 -0.875042 1.588345 -0.427771 1.365644
34 0.479990 -0.000000 0.000000 0.000000 0.000000 0.000000
35 2.975851 1.966180 -0.894208 -3.141592 -0.000001 1.251407
36 0.533030 -0.000000 -0.000000 0.000000 0.000000 0.000000
37 -1.523415 0.231280 2.848212 -0.005835 -1.188269 2.973758
38 2.707293 0.000000 -0.000000 -0.082927 0.599595 0.184788
39 10.066722 -0.000000 -0.000000 0.000000 0.000000 -0.200000
40 4.577571 -0.000000 -0.000001 -1.570000 -0.000000 -0.000000
41 1.907322 -0.000000 0.000000 -0.000796 0.000000 0.000000
42 0.476831 0.000000 -0.000000 0.000000 0.000000 0.000000
43 -0.970291 0.147604 -3.085961 -0.010136 1.354228 2.958446
44 2.707293 0.000000 0.000000 -0.238080 -0.571578 -0.060246
45 10.066723 0.000000 0.000001 -0.000000 0.000000 -0.200000
46 4.577572 0.000000 0.000000 1.570000 0.000000 -0.000000
47 1.907322 0.000000 -0.000001 0.000796 -0.000000 -0.000000
48 0.476830 -0.000000 0.000000 0.000000 0.000000 3.141593
49 -1.754735 0.003499 1.525858 -0.000003 -3.141592 -0.100796
50 0.416332 -0.000000 0.000000 0.000000 -0.000000 -0.200000
51 0.416333 0.000000 0.000000 0.000000 0.000000 0.100000
52 0.095757 2.258270 -0.000000 -0.000000 0.000000 1.570796
53 0.012490 0.000000 0.000000 0.000000 0.000000 3.141593
54 -1.754735 0.003507 -1.525858 -0.000003 -3.141592 -0.100796
55 0.416333 -0.000000 0.000000 0.000000 -0.000000 -0.200000
56 0.416333 0.000000 0.000000 0.000000 0.000000 0.100000
57 0.095756 2.258270 0.000000 0.000000 -0.000000 1.570796
58 0.012490 0.000000 0.000000 0.000000 0.000000 0.000000
time 8
0 -0.002617 0.000001 -5.892893 0.000000 0.000000 -1.001119
1 -0.000000 0.000000 -0.924262 0.000000 0.000000 1.001119
2 -0.000000 0.000000 0.000000 -1.570795 -1.570796 0.000000
3 1.754737 -0.002106 0.000003 -0.000004 -0.000001 0.000796
4 2.644821 -0.004218 0.000715 -0.167849 0.000259 0.000718
5 5.372980 -0.003661 0.000287 -0.078169 0.003958 -0.066833
6 4.622901 -0.001142 -0.000016 0.014106 0.094627 0.173233
7 1.455384 0.000000 -0.000000 -0.305415 -0.072503 0.206965
8 6.329874 0.000000 0.000000 0.000000 0.000000 0.000000
9 2.995308 1.987698 -0.864472 -3.141592 -0.000001 1.407923
10 0.458379 0.000000 -0.000000 -0.000000 -0.000000 0.000000
11 2.995307 1.987696 0.870890 -3.141592 -0.000001 1.407923
12 0.458379 0.000001 0.000000 -0.000000 -0.000000 0.000000
13 3.078268 1.929374 0.855018 1.547494 -0.743749 1.442334
14 0.664102 -0.000000 -0.000001 0.000000 0.000000 0.000000
15 3.083701 1.962442 0.858416 1.570797 -0.011562 1.407923
16 0.559829 -0.000000 0.000000 0.000000 0.000000 0.000000
17 3.078101 1.931618 0.863325 -0.051183 -2.462692 -1.026784
18 0.682539 -0.000000 -0.000000 0.000000 0.000000 0.000000
19 3.061353 1.933510 0.862958 -1.459740 2.642219 -1.518602
20 0.679194 -0.000000 0.000000 0.000000 0.000000 0.000000
21 3.081031 1.929497 0.865757 -0.000000 -3.141591 -1.071653
22 0.675652 0.000001 -0.000000 0.000000 0.000000 0.000000
23 3.066324 1.936762 0.868039 0.000000 2.615510 -1.100106
24 0.658072 -0.000000 -0.000000 -0.000000 -0.000000 0.000000
25 2.989677 1.934948 -0.857061 -0.000000 2.405158 -1.244421
26 0.578150 -0.000000 0.000000 0.000000 0.000000 0.000000
27 2.979570 1.967334 -0.884714 -0.000000 -3.141591 -1.252624
28 0.518766 0.000000 -0.000000 0.000000 0.000000 0.000000
29 2.978725 1.983216 -0.860808 -0.016269 -2.767885 -1.233359
30 0.535334 -0.000001 -0.000000 0.000000 0.000000 0.000000
31 2.983527 1.967234 -0.884390 1.456493 0.640130 1.182185
32 0.444524 -0.000000 0.000000 -0.000000 -0.000000 -0.000000
33 2.986610 1.992943 -0.875042 1.588345 -0.427771 1.365644
34 0.479990 -0.000000 -0.000000 0.000000 0.000000 0.000000
35 2.975851 1.966180 -0.894208 -3.141592 -0.000001 1.251407
36 0.533030 0.000001 -0.000000 0.000000 0.000000 0.000000
37 -1.528245 0.231284 2.845624 -0.006587 -1.186597 2.974456
38 2.707293 0.000000 0.000000 -0.082496 0.599686 0.186082
39 10.066723 -0.000000 0.000000 0.000000 0.000000 -0.200000
40 4.577572 0.000000 0.000000 -1.570000 -0.000000 0.000000
41 1.907323 0.000000 0.000000 -0.000796 0.000000 0.000000
42 0.476830 -0.000001 -0.000000 0.000000 0.000000 0.000000
43 -0.965058 0.147600 -3.087602 -0.011579 1.355896 2.957037
44 2.707293 0.000000 -0.000000 -0.239380 -0.572897 -0.060029
45 10.066723 -0.000000 0.000000 0.000000 0.000000 -0.200000
46 4.577572 0.000000 0.000000 1.570000 0.000000 -0.000000
47 1.907322 0.000000 -0.000000 0.000796 -0.000000 -0.000000
48 0.476830 -0.000000 -0.000000 0.000000 0.000000 3.141593
49 -1.754735 0.003499 1.525858 -0.000003 -3.141592 -0.100796
50 0.416332 -0.000000 0.000000 0.000000 -0.000000 -0.200000
51 0.416333 0.000000 0.000000 0.000000 0.000000 0.100000
52 0.095757 2.258270 -0.000000 -0.000000 0.000000 1.570796
53 0.012490 0.000000 0.000000 0.000000 0.000000 3.141593
54 -1.754735 0.003507 -1.525858 -0.000003 -3.141592 -0.100796
55 0.416333 -0.000000 0.000000 0.000000 -0.000000 -0.200000
56 0.416333 0.000000 0.000000 0.000000 0.000000 0.100000
57 0.095756 2.258270 0.000000 0.000000 -0.000000 1.570796
58 0.012490 0.000000 0.000000 0.000000 0.000000 0.000000
time 9
0 -0.002617 0.000001 -5.892893 0.000000 0.000000 -1.001119
1 -0.000000 0.000000 -0.924262 0.000000 0.000000 1.001119
2 -0.000000 0.000000 0.000000 -1.570795 -1.570796 0.000000
3 1.754737 -0.002106 0.000003 -0.000004 -0.000001 0.000796
4 2.644819 -0.004217 0.000725 -0.170262 0.000192 0.000318
5 5.372979 -0.003661 0.000287 -0.078030 0.002527 -0.067539
6 4.622900 -0.001142 -0.000016 0.014119 0.100393 0.173315
7 1.455385 0.000000 0.000000 -0.301715 -0.063712 0.202298
8 6.329874 -0.000000 0.000000 0.000000 0.000000 0.000000
9 2.995308 1.987698 -0.864472 -3.141592 -0.000001 1.407923
10 0.458379 0.000001 0.000000 -0.000000 0.000000 -0.000000
11 2.995308 1.987696 0.870890 -3.141592 -0.000001 1.407923
12 0.458379 0.000001 0.000000 -0.000000 0.000000 -0.000000
13 3.078268 1.929374 0.855018 1.547493 -0.743749 1.442334
14 0.664102 0.000000 0.000000 0.000000 0.000000 0.000000
15 3.083700 1.962442 0.858416 1.570797 -0.011562 1.407923
16 0.559829 -0.000000 -0.000000 0.000000 0.000000 0.000000
17 3.078100 1.931618 0.863325 -0.051183 -2.462692 -1.026784
18 0.682539 0.000000 0.000000 0.000000 0.000000 0.000000
19 3.061352 1.933510 0.862958 -1.459740 2.642219 -1.518602
20 0.679195 0.000000 -0.000000 0.000000 0.000000 0.000000
21 3.081031 1.929497 0.865757 -0.000000 -3.141591 -1.071653
22 0.675653 0.000000 -0.000000 0.000000 0.000000 0.000000
23 3.066324 1.936762 0.868039 0.000000 2.615510 -1.100106
24 0.658072 0.000000 -0.000000 -0.000000 0.000000 0.000000
25 2.989678 1.934948 -0.857061 -0.000000 2.405157 -1.244421
26 0.578150 -0.000000 0.000000 0.000000 0.000000 0.000000
27 2.979570 1.967334 -0.884714 -0.000000 -3.141591 -1.252624
28 0.518766 -0.000000 -0.000000 0.000000 0.000000 0.000000
29 2.978725 1.983216 -0.860808 -0.016269 -2.767885 -1.233359
30 0.535335 -0.000000 -0.000000 0.000000 0.000000 0.000000
31 2.983528 1.967234 -0.884390 1.456493 0.640130 1.182185
32 0.444524 -0.000000 0.000001 -0.000000 -0.000000 -0.000000
33 2.986610 1.992943 -0.875042 1.588345 -0.427771 1.365644
34 0.479990 0.000000 -0.000000 0.000000 0.000000 0.000000
35 2.975851 1.966180 -0.894208 -3.141592 -0.000001 1.251407
36 0.533030 0.000000 -0.000000 0.000000 0.000000 0.000000
37 -1.544627 0.231297 2.836764 -0.009099 -1.180909 2.976782
38 2.707293 0.000000 0.000000 -0.082294 0.599987 0.188591
39 10.066722 -0.000000 -0.000001 -0.000000 0.000000 -0.200000
40 4.577572 -0.000000 -0.000000 -1.570000 -0.000000 0.000000
41 1.907322 0.000000 0.000000 -0.000796 0.000000 0.000000
42 0.476831 0.000001 -0.000000 0.000000 0.000000 0.000000
43 -0.947237 0.147585 -3.093117 -0.016651 1.361563 2.952078
44 2.707293 0.000000 0.000000 -0.241763 -0.576175 -0.060167
45 10.066723 0.000000 0.000001 0.000000 -0.000000 -0.200000
46 4.577572 -0.000001 0.000001 1.570000 0.000000 0.000000
47 1.907322 0.000000 -0.000000 0.000796 -0.000000 -0.000000
48 0.476830 -0.000000 0.000000 0.000000 0.000000 3.141593
49 -1.754735 0.003499 1.525858 -0.000003 -3.141592 -0.100796
50 0.416332 -0.000000 0.000000 0.000000 -0.000000 -0.200000
51 0.416333 0.000000 0.000000 0.000000 0.000000 0.100000
52 0.095757 2.258270 -0.000000 -0.000000 0.000000 1.570796
53 0.012490 0.000000 0.000000 0.000000 0.000000 3.141593
54 -1.754735 0.003507 -1.525858 -0.000003 -3.141592 -0.100796
55 0.416333 -0.000000 0.000000 0.000000 -0.000000 -0.200000
56 0.416333 0.000000 0.000000 0.000000 0.000000 0.100000
57 0.095756 2.258270 0.000000 0.000000 -0.000000 1.570796
58 0.012490 0.000000 0.000000 0.000000 0.000000 0.000000
time 10
0 -0.002617 0.000001 -5.892893 0.000000 0.000000 -1.001119
1 -0.000000 0.000000 -0.924262 0.000000 0.000000 1.001119
2 -0.000000 0.000000 0.000000 -1.570795 -1.570796 0.000000
3 1.754737 -0.002106 0.000003 -0.000004 -0.000001 0.000796
4 2.644818 -0.004214 0.000742 -0.174420 0.000138 -0.000012
5 5.372973 -0.003661 0.000286 -0.077787 0.000062 -0.068756
6 4.622900 -0.001142 -0.000016 0.014144 0.111247 0.173470
7 1.455384 0.000000 -0.000000 -0.295251 -0.046902 0.194006
8 6.329875 -0.000000 -0.000000 0.000000 0.000000 0.000000
9 2.995309 1.987698 -0.864473 -3.141592 -0.000001 1.407923
10 0.458379 0.000000 -0.000000 0.000000 0.000000 0.000000
11 2.995308 1.987695 0.870890 -3.141592 -0.000001 1.407923
12 0.458379 0.000001 0.000000 0.000000 0.000000 0.000000
13 3.078269 1.929374 0.855018 1.547494 -0.743749 1.442334
14 0.664102 -0.000000 -0.000000 0.000000 0.000000 0.000000
15 3.083701 1.962442 0.858416 1.570797 -0.011562 1.407923
16 0.559829 -0.000000 -0.000000 0.000000 0.000000 0.000000
17 3.078100 1.931617 0.863325 -0.051183 -2.462692 -1.026784
18 0.682539 -0.000000 0.000000 0.000000 0.000000 0.000000
19 3.061353 1.933510 0.862958 -1.459740 2.642219 -1.518602
20 0.679195 0.000000 -0.000001 0.000000 -0.000000 0.000000
21 3.081032 1.929496 0.865757 -0.000000 -3.141591 -1.071653
22 0.675653 0.000001 -0.000000 0.000000 0.000000 0.000000
23 3.066324 1.936762 0.868039 0.000000 2.615510 -1.100106
24 0.658072 0.000001 -0.000000 -0.000000 -0.000000 0.000000
25 2.989677 1.934948 -0.857061 -0.000000 2.405157 -1.244421
26 0.578150 -0.000001 0.000000 0.000000 0.000000 0.000000
27 2.979570 1.967334 -0.884714 -0.000000 -3.141591 -1.252624
28 0.518765 0.000000 -0.000000 0.000000 0.000000 0.000000
29 2.978726 1.983215 -0.860808 -0.016269 -2.767885 -1.233359
30 0.535334 -0.000001 -0.000000 0.000000 0.000000 0.000000
31 2.983528 1.967234 -0.884390 1.456493 0.640130 1.182185
32 0.444524 -0.000000 0.000000 0.000000 -0.000000 -0.000000
33 2.986611 1.992943 -0.875042 1.588345 -0.427771 1.365644
34 0.479990 -0.000000 0.000000 0.000000 0.000000 0.000000
35 2.975851 1.966180 -0.894208 -3.141592 -0.000001 1.251407
36 0.533030 -0.000000 -0.000000 0.000000 0.000000 0.000000
37 -1.575327 0.231321 2.819829 -0.013644 -1.170196 2.980977
38 2.707293 0.000000 0.000000 -0.082385 0.600539 0.192562
39 10.066724 -0.000000 -0.000000 0.000000 -0.000000 -0.200000
40 4.577573 -0.000000 -0.000001 -1.570000 0.000000 0.000000
41 1.907322 -0.000001 0.000000 -0.000796 0.000000 -0.000000
42 0.476831 -0.000001 -0.000000 0.000000 0.000000 0.000000
43 -0.913608 0.147559 -3.103217 -0.026973 1.372214 2.941969
44 2.707293 0.000000 -0.000000 -0.245467 -0.581834 -0.060719
45 10.066723 -0.000000 0.000000 0.000000 0.000000 -0.200000
46 4.577572 -0.000000 0.000001 1.570000 0.000000 -0.000000
47 1.907322 0.000000 -0.000001 0.000796 -0.000000 -0.000000
48 0.476831 0.000000 0.000000 0.000000 0.000000 3.141593
49 -1.754735 0.003499 1.525858 -0.000003 -3.141592 -0.100796
50 0.416332 -0.000000 0.000000 0.000000 -0.000000 -0.200000
51 0.416333 0.000000 0.000000 0.000000 0.000000 0.100000
52 0.095757 2.258270 -0.000000 -0.000000 0.000000 1.570796
53 0.012490 0.000000 0.000000 0.000000 0.000000 3.141593
54 -1.754735 0.003507 -1.525858 -0.000003 -3.141592 -0.100796
55 0.416333 -0.000000 0.000000 0.000000 -0.000000 -0.200000
56 0.416333 0.000000 0.000000 0.000000 0.000000 0.100000
57 0.095756 2.258270 0.000000 0.000000 -0.000000 1.570796
58 0.012490 0.000000 0.000000 0.000000 0.000000 0.000000
time 11
0 -0.002617 0.000001 -5.892893 0.000000 0.000000 -1.001119
1 -0.000000 0.000000 -0.924262 0.000000 0.000000 1.001119
2 -0.000000 0.000000 0.000000 -1.570795 -1.570796 0.000000
3 1.754737 -0.002106 0.000003 -0.000004 -0.000001 0.000796
4 2.644817 -0.004208 0.000773 -0.181575 0.000105 -0.000227
5 5.372963 -0.003660 0.000285 -0.077452 -0.005330 -0.071276
6 4.622900 -0.001142 -0.000016 0.014259 0.154011 0.174082
7 1.455385 -0.000000 0.000000 -0.281172 0.025804 0.160498
8 6.329874 0.000000 -0.000000 0.000000 0.000000 0.000000
9 2.995309 1.987698 -0.864472 -3.141592 -0.000001 1.407923
10 0.458379 0.000001 -0.000000 -0.000000 0.000000 -0.000000
11 2.995308 1.987696 0.870890 -3.141592 -0.000001 1.407923
12 0.458379 0.000001 -0.000000 -0.000000 0.000000 -0.000000
13 3.078269 1.929374 0.855018 1.547494 -0.743749 1.442334
14 0.664102 -0.000000 -0.000000 0.000000 0.000000 0.000000
15 3.083701 1.962442 0.858417 1.570797 -0.011562 1.407923
16 0.559829 -0.000000 -0.000000 0.000000 0.000000 0.000000
17 3.078101 1.931618 0.863325 -0.051183 -2.462692 -1.026784
18 0.682539 0.000000 -0.000000 0.000000 -0.000000 0.000000
19 3.061352 1.933510 0.862958 -1.459740 2.642219 -1.518602
20 0.679194 -0.000000 0.000000 0.000000 -0.000000 0.000000
21 3.081031 1.929497 0.865757 -0.000000 -3.141591 -1.071653
22 0.675653 0.000000 -0.000000 0.000000 0.000000 0.000000
23 3.066324 1.936762 0.868039 0.000000 2.615510 -1.100106
24 0.658071 0.000001 0.000000 -0.000000 -0.000000 0.000000
25 2.989677 1.934948 -0.857061 -0.000000 2.405158 -1.244421
26 0.578151 -0.000001 -0.000000 0.000000 0.000000 0.000000
27 2.979570 1.967334 -0.884714 -0.000000 -3.141591 -1.252624
28 0.518766 -0.000000 -0.000000 0.000000 0.000000 0.000000
29 2.978726 1.983216 -0.860808 -0.016269 -2.767885 -1.233360
30 0.535335 -0.000001 0.000000 0.000000 0.000000 0.000000
31 2.983528 1.967234 -0.884390 1.456493 0.640130 1.182185
32 0.444524 -0.000000 0.000000 0.000000 -0.000000 -0.000000
33 2.986611 1.992943 -0.875042 1.588345 -0.427771 1.365644
34 0.479990 0.000000 0.000000 0.000000 0.000000 0.000000
35 2.975851 1.966180 -0.894208 -3.141592 -0.000001 1.251407
36 0.533030 0.000000 -0.000000 0.000000 0.000000 0.000000
37 -1.694450 0.231417 2.749888 -0.028322 -1.127912 2.994302
38 2.707293 0.000000 -0.000000 -0.083050 0.599180 0.199562
39 10.066722 0.000000 0.000001 -0.000000 0.000000 -0.200000
40 4.577572 -0.000000 -0.000001 -1.570000 -0.000000 0.000000
41 1.907322 -0.000001 0.000000 -0.000796 0.000000 0.000000
42 0.476830 0.000000 -0.000000 0.000000 0.000000 0.000000
43 -0.780092 0.147453 -3.139446 -0.084319 1.413849 2.885584
44 2.707293 0.000000 -0.000001 -0.251433 -0.591708 -0.061860
45 10.066723 -0.000000 0.000000 -0.000000 0.000000 -0.200000
46 4.577572 -0.000000 0.000001 1.570000 -0.000000 -0.000000
47 1.907322 0.000000 -0.000000 0.000796 -0.000000 -0.000000
48 0.476830 -0.000000 -0.000000 0.000000 0.000000 3.141593
49 -1.754735 0.003499 1.525858 -0.000003 -3.141592 -0.100796
50 0.416332 -0.000000 0.000000 0.000000 -0.000000 -0.200000
51 0.416333 0.000000 0.000000 0.000000 0.000000 0.100000
52 0.095757 2.258270 -0.000000 -0.000000 0.000000 1.570796
53 0.012490 0.000000 0.000000 0.000000 0.000000 3.141593
54 -1.754735 0.003507 -1.525858 -0.000003 -3.141592 -0.100796
55 0.416333 -0.000000 0.000000 0.000000 -0.000000 -0.200000
56 0.416333 0.000000 0.000000 0.000000 0.000000 0.100000
57 0.095756 2.258270 0.000000 0.000000 -0.000000 1.570796
58 0.012490 0.000000 0.000000 0.000000 0.000000 0.000000
time 12
0 -0.002617 0.000001 -5.892893 0.000000 0.000000 -1.001119
1 -0.000000 0.000000 -0.924262 0.000000 0.000000 1.001119
2 -0.000000 0.000000 0.000000 -1.570795 -1.570796 0.000000
3 1.754737 -0.002106 0.000003 -0.000004 -0.000001 0.000796
4 2.644816 -0.004200 0.000817 -0.192125 0.000097 -0.000311
5 5.372944 -0.003659 0.000283 -0.077004 -0.014265 -0.075360
6 4.622901 -0.001142 -0.000016 0.014508 0.224248 0.175111
7 1.455385 0.000000 -0.000000 -0.261459 0.142700 0.109724
8 6.329875 0.000000 -0.000000 0.000000 0.000000 0.000000
9 2.995308 1.987699 -0.864472 -3.141592 -0.000001 1.407923
10 0.458379 0.000001 -0.000000 0.000000 -0.000000 -0.000000
11 2.995308 1.987696 0.870890 -3.141592 -0.000001 1.407923
12 0.458379 0.000001 -0.000000 0.000000 -0.000000 -0.000000
13 3.078268 1.929374 0.855018 1.547493 -0.743749 1.442334
14 0.664102 0.000000 0.000000 0.000000 0.000000 0.000000
15 3.083701 1.962442 0.858416 1.570797 -0.011562 1.407923
16 0.559829 -0.000000 0.000000 0.000000 0.000000 0.000000
17 3.078101 1.931618 0.863325 -0.051183 -2.462692 -1.026784
18 0.682539 -0.000000 0.000000 0.000000 0.000000 0.000000
19 3.061353 1.933510 0.862958 -1.459740 2.642219 -1.518602
20 0.679194 -0.000000 0.000000 0.000000 0.000000 0.000000
21 3.081032 1.929497 0.865757 -0.000000 -3.141591 -1.071653
22 0.675652 0.000000 -0.000000 0.000000 0.000000 0.000000
23 3.066324 1.936763 0.868039 0.000000 2.615510 -1.100106
24 0.658072 0.000000 -0.000000 -0.000000 0.000000 0.000000
25 2.989677 1.934949 -0.857061 -0.000000 2.405158 -1.244421
26 0.578150 -0.000000 -0.000000 0.000000 0.000000 0.000000
27 2.979571 1.967334 -0.884714 -0.000000 -3.141591 -1.252624
28 0.518765 0.000000 -0.000000 0.000000 0.000000 0.000000
29 2.978726 1.983216 -0.860808 -0.016269 -2.767885 -1.233359
30 0.535335 -0.000001 0.000000 0.000000 0.000000 0.000000
31 2.983528 1.967234 -0.884390 1.456493 0.640130 1.182185
32 0.444524 0.000000 -0.000000 0.000000 0.000000 -0.000000
33 2.986611 1.992943 -0.875042 1.588345 -0.427771 1.365644
34 0.479990 0.000000 0.000000 0.000000 0.000000 0.000000
35 2.975851 1.966180 -0.894208 -3.141592 -0.000001 1.251407
36 0.533030 0.000000 -0.000000 0.000000 0.000000 0.000000
37 -1.883276 0.231567 2.624167 -0.046317 -1.058321 3.010018
38 2.707294 0.000000 0.000000 -0.084667 0.594843 0.210054
39 10.066722 -0.000000 -0.000001 0.000000 -0.000000 -0.200000
40 4.577571 -0.000000 -0.000000 -1.570000 -0.000000 -0.000000
41 1.907321 -0.000001 0.000000 -0.000796 0.000000 0.000000
42 0.476831 -0.000000 -0.000000 0.000000 0.000000 0.000000
43 -0.557822 0.147276 -3.186464 -0.295983 1.479620 2.675696
44 2.707294 0.000000 -0.000000 -0.259696 -0.606123 -0.063688
45 10.066722 -0.000000 0.000002 -0.000000 -0.000000 -0.200000
46 4.577572 -0.000000 0.000000 1.570000 0.000000 -0.000000
47 1.907322 0.000000 -0.000001 0.000796 0.000000 0.000000
48 0.476831 -0.000000 -0.000000 0.000000 0.000000 3.141593
49 -1.754735 0.003499 1.525858 -0.000003 -3.141592 -0.100796
50 0.416332 -0.000000 0.000000 0.000000 -0.000000 -0.200000
51 0.416333 0.000000 0.000000 0.000000 0.000000 0.100000
52 0.095757 2.258270 -0.000000 -0.000000 0.000000 1.570796
53 0.012490 0.000000 0.000000 0.000000 0.000000 3.141593
54 -1.754735 0.003507 -1.525858 -0.000003 -3.141592 -0.100796
55 0.416333 -0.000000 0.000000 0.000000 -0.000000 -0.200000
56 0.416333 0.000000 0.000000 0.000000 0.000000 0.100000
57 0.095756 2.258270 0.000000 0.000000 -0.000000 1.570796
58 0.012490 0.000000 0.000000 0.000000 0.000000 0.000000
time 13
0 -0.002617 0.000001 -5.892893 0.000000 0.000000 -1.001119
1 -0.000000 0.000000 -0.924262 0.000000 0.000000 1.001119
2 -0.000000 0.000000 0.000000 -1.570795 -1.570796 0.000000
3 1.754737 -0.002106 0.000003 -0.000004 -0.000001 0.000796
4 2.644816 -0.004189 0.000871 -0.205094 0.000108 -0.000301
5 5.372924 -0.003658 0.000281 -0.076388 -0.025016 -0.080301
6 4.622901 -0.001142 -0.000016 0.014743 0.276081 0.175894
7 1.455385 -0.000000 -0.000000 -0.240005 0.215055 0.081642
8 6.329874 -0.000000 0.000000 0.000000 0.000000 0.000000
9 2.995308 1.987698 -0.864472 -3.141592 -0.000001 1.407923
10 0.458379 0.000000 0.000000 0.000000 -0.000000 -0.000000
11 2.995308 1.987696 0.870890 -3.141592 -0.000001 1.407923
12 0.458380 0.000000 0.000000 0.000000 -0.000000 -0.000000
13 3.078268 1.929374 0.855018 1.547494 -0.743749 1.442334
14 0.664102 -0.000000 -0.000000 0.000000 0.000000 0.000000
15 3.083701 1.962442 0.858417 1.570797 -0.011562 1.407923
16 0.559829 -0.000000 -0.000001 0.000000 0.000000 0.000000
17 3.078101 1.931617 0.863325 -0.051183 -2.462692 -1.026784
18 0.682539 0.000001 -0.000000 0.000000 0.000000 0.000000
19 3.061353 1.933510 0.862958 -1.459740 2.642219 -1.518602
20 0.679195 0.000000 0.000000 0.000000 0.000000 0.000000
21 3.081031 1.929497 0.865757 -0.000000 -3.141591 -1.071653
22 0.675653 -0.000000 0.000000 0.000000 0.000000 0.000000
23 3.066324 1.936762 0.868039 0.000000 2.615510 -1.100106
24 0.658072 0.000000 -0.000000 -0.000000 -0.000000 0.000000
25 2.989678 1.934948 -0.857061 -0.000000 2.405157 -1.244421
26 0.578150 -0.000000 -0.000000 0.000000 0.000000 0.000000
27 2.979570 1.967334 -0.884714 -0.000000 -3.141591 -1.252624
28 0.518765 -0.000000 -0.000000 0.000000 0.000000 0.000000
29 2.978725 1.983216 -0.860808 -0.016269 -2.767885 -1.233359
30 0.535335 -0.000001 0.000000 0.000000 0.000000 0.000000
31 2.983528 1.967234 -0.884390 1.456493 0.640130 1.182185
32 0.444524 0.000000 0.000001 0.000000 0.000000 -0.000000
33 2.986610 1.992943 -0.875042 1.588345 -0.427771 1.365644
34 0.479990 -0.000000 -0.000000 0.000000 0.000000 0.000000
35 2.975851 1.966180 -0.894208 -3.141592 -0.000001 1.251407
36 0.533030 0.000000 -0.000000 0.000000 0.000000 0.000000
37 -2.016717 0.231674 2.523050 -0.054927 -1.006901 3.016859
38 2.707293 0.000000 -0.000000 -0.087422 0.589220 0.222652
39 10.066722 0.000000 -0.000001 -0.000000 -0.000000 -0.200000
40 4.577572 0.000000 -0.000000 -1.570000 0.000000 0.000000
41 1.907322 -0.000000 0.000000 -0.000796 0.000000 0.000000
42 0.476830 0.000000 0.000000 0.000000 0.000000 0.000000
43 -0.391965 0.147144 -3.211093 -0.802848 1.518709 2.170539
44 2.707294 -0.000000 0.000000 -0.269132 -0.623243 -0.066159
45 10.066723 0.000000 0.000002 -0.000000 -0.000000 -0.200000
46 4.577572 -0.000000 0.000001 1.570000 -0.000000 0.000000
47 1.907322 0.000001 -0.000000 0.000796 -0.000000 -0.000000
48 0.476830 -0.000001 -0.000000 0.000000 0.000000 3.141593
49 -1.754735 0.003499 1.525858 -0.000003 -3.141592 -0.100796
50 0.416332 -0.000000 0.000000 0.000000 -0.000000 -0.200000
51 0.416333 0.000000 0.000000 0.000000 0.000000 0.100000
52 0.095757 2.258270 -0.000000 -0.000000 0.000000 1.570796
53 0.012490 0.000000 0.000000 0.000000 0.000000 3.141593
54 -1.754735 0.003507 -1.525858 -0.000003 -3.141592 -0.100796
55 0.416333 -0.000000 0.000000 0.000000 -0.000000 -0.200000
56 0.416333 0.000000 0.000000 0.000000 0.000000 0.100000
57 0.095756 2.258270 0.000000 0.000000 -0.000000 1.570796
58 0.012490 0.000000 0.000000 0.000000 0.000000 0.000000
time 14
0 -0.002617 0.000001 -5.892893 0.000000 0.000000 -1.001119
1 -0.000000 0.000000 -0.924262 0.000000 0.000000 1.001119
2 -0.000000 0.000000 0.000000 -1.570795 -1.570796 0.000000
3 1.754737 -0.002106 0.000003 -0.000004 -0.000001 0.000796
4 2.644817 -0.004176 0.000932 -0.219510 0.000131 -0.000232
5 5.372902 -0.003656 0.000278 -0.075570 -0.035853 -0.085394
6 4.622900 -0.001142 -0.000016 0.014881 0.302478 0.176302
7 1.455385 -0.000000 0.000000 -0.212720 0.226291 0.078226
8 6.329874 0.000000 0.000000 0.000000 0.000000 0.000000
9 2.995308 1.987698 -0.864472 -3.141592 -0.000001 1.407923
10 0.458379 0.000001 -0.000000 0.000000 0.000000 0.000000
11 2.995308 1.987696 0.870890 -3.141592 -0.000001 1.407923
12 0.458380 0.000000 -0.000000 0.000000 0.000000 0.000000
13 3.078268 1.929374 0.855018 1.547494 -0.743749 1.442334
14 0.664102 -0.000000 -0.000000 0.000000 0.000000 0.000000
15 3.083701 1.962442 0.858416 1.570797 -0.011562 1.407923
16 0.559829 0.000000 0.000000 0.000000 0.000000 0.000000
17 3.078101 1.931618 0.863325 -0.051183 -2.462692 -1.026784
18 0.682539 0.000000 -0.000000 0.000000 0.000000 0.000000
19 3.061352 1.933510 0.862958 -1.459740 2.642219 -1.518602
20 0.679194 0.000000 0.000000 0.000000 0.000000 0.000000
21 3.081032 1.929497 0.865757 -0.000000 -3.141591 -1.071653
22 0.675652 0.000000 -0.000000 0.000000 0.000000 0.000000
23 3.066323 1.936763 0.868039 0.000000 2.615510 -1.100106
24 0.658072 0.000001 -0.000000 0.000000 0.000000 0.000000
25 2.989677 1.934948 -0.857061 -0.000000 2.405157 -1.244421
26 0.578150 -0.000001 -0.000000 0.000000 0.000000 0.000000
27 2.979570 1.967334 -0.884714 -0.000000 -3.141591 -1.252624
28 0.518765 0.000001 -0.000000 0.000000 0.000000 0.000000
29 2.978726 1.983216 -0.860808 -0.016269 -2.767885 -1.233360
30 0.535335 -0.000001 0.000000 0.000000 0.000000 0.000000
31 2.983528 1.967234 -0.884390 1.456493 0.640130 1.182185
32 0.444524 -0.000000 -0.000000 -0.000000 -0.000000 -0.000000
33 2.986610 1.992944 -0.875042 1.588345 -0.427771 1.365644
34 0.479990 0.000000 0.000001 0.000000 0.000000 0.000000
35 2.975850 1.966180 -0.894208 -3.141592 -0.000001 1.251407
36 0.533030 0.000001 -0.000000 0.000000 0.000000 0.000000
37 -2.082615 0.231727 2.468930 -0.055875 -0.980715 3.016839
38 2.707293 0.000000 -0.000000 -0.091396 0.584020 0.236038
39 10.066722 -0.000000 -0.000000 0.000000 0.000000 -0.200000
40 4.577572 0.000001 -0.000001 -1.570000 -0.000000 -0.000000
41 1.907321 0.000000 0.000001 -0.000796 -0.000000 0.000000
42 0.476830 0.000000 0.000000 0.000000 0.000000 0.000000
43 -0.307063 0.147076 -3.220324 -1.344990 1.525037 1.629828
44 2.707293 0.000000 0.000000 -0.278632 -0.641206 -0.069261
45 10.066722 -0.000000 0.000001 -0.000000 0.000000 -0.200000
46 4.577572 0.000000 0.000000 1.570000 -0.000000 0.000000
47 1.907322 0.000001 -0.000001 0.000796 -0.000000 -0.000000
48 0.476830 0.000001 0.000000 0.000000 0.000000 3.141593
49 -1.754735 0.003499 1.525858 -0.000003 -3.141592 -0.100796
50 0.416332 -0.000000 0.000000 0.000000 -0.000000 -0.200000
51 0.416333 0.000000 0.000000 0.000000 0.000000 0.100000
52 0.095757 2.258270 -0.000000 -0.000000 0.000000 1.570796
53 0.012490 0.000000 0.000000 0.000000 0.000000 3.141593
54 -1.754735 0.003507 -1.525858 -0.000003 -3.141592 -0.100796
55 0.416333 -0.000000 0.000000 0.000000 -0.000000 -0.200000
56 0.416333 0.000000 0.000000 0.000000 0.000000 0.100000
57 0.095756 2.258270 0.000000 0.000000 -0.000000 1.570796
58 0.012490 0.000000 0.000000 0.000000 0.000000 0.000000
time 15
0 -0.002617 0.000001 -5.892893 0.000000 0.000000 -1.001119
1 -0.000000 0.000000 -0.924262 0.000000 0.000000 1.001119
2 -0.000000 0.000000 0.000000 -1.570795 -1.570796 0.000000
3 1.754737 -0.002106 0.000003 -0.000004 -0.000001 0.000796
4 2.644818 -0.004162 0.000994 -0.234396 0.000160 -0.000140
5 5.372883 -0.003655 0.000274 -0.074549 -0.045047 -0.089927
6 4.622900 -0.001142 -0.000016 0.015006 0.324621 0.176650
7 1.455385 0.000000 0.000000 -0.180818 0.219163 0.078553
8 6.329874 -0.000000 -0.000000 0.000000 0.000000 0.000000
9 2.995308 1.987698 -0.864472 -3.141592 -0.000001 1.407923
10 0.458379 0.000001 0.000000 0.000000 0.000000 0.000000
11 2.995308 1.987695 0.870890 -3.141592 -0.000001 1.407923
12 0.458380 0.000001 -0.000000 0.000000 0.000000 0.000000
13 3.078268 1.929374 0.855018 1.547494 -0.743749 1.442334
14 0.664102 -0.000000 0.000000 0.000000 0.000000 0.000000
15 3.083701 1.962442 0.858416 1.570797 -0.011562 1.407923
16 0.559829 0.000000 -0.000000 0.000000 0.000000 0.000000
17 3.078101 1.931617 0.863325 -0.051183 -2.462692 -1.026784
18 0.682539 -0.000000 0.000001 0.000000 0.000000 0.000000
19 3.061352 1.933510 0.862958 -1.459740 2.642219 -1.518602
20 0.679194 -0.000000 -0.000000 0.000000 0.000000 0.000000
21 3.081031 1.929497 0.865757 -0.000000 -3.141591 -1.071653
22 0.675652 0.000000 -0.000000 0.000000 0.000000 0.000000
23 3.066323 1.936762 0.868039 0.000000 2.615510 -1.100106
24 0.658072 0.000001 -0.000000 -0.000000 -0.000000 0.000000
25 2.989677 1.934948 -0.857061 -0.000000 2.405157 -1.244421
26 0.578150 0.000000 -0.000000 0.000000 0.000000 0.000000
27 2.979570 1.967334 -0.884714 -0.000000 -3.141591 -1.252624
28 0.518766 0.000000 -0.000000 0.000000 0.000000 0.000000
29 2.978725 1.983216 -0.860808 -0.016269 -2.767885 -1.233359
30 0.535335 -0.000001 -0.000000 0.000000 0.000000 0.000000
31 2.983527 1.967234 -0.884390 1.456493 0.640130 1.182185
32 0.444524 -0.000000 -0.000000 0.000000 -0.000000 -0.000000
33 2.986610 1.992943 -0.875042 1.588345 -0.427771 1.365644
34 0.479990 -0.000000 -0.000000 0.000000 0.000000 0.000000
35 2.975851 1.966179 -0.894208 -3.141592 -0.000001 1.251407
36 0.533030 0.000001 -0.000000 0.000000 0.000000 0.000000
37 -2.136775 0.231770 2.422204 -0.055139 -0.958757 3.015206
38 2.707294 0.000000 0.000000 -0.096535 0.580963 0.248983
39 10.066723 0.000000 -0.000000 -0.000000 -0.000000 -0.200000
40 4.577572 -0.000000 -0.000000 -1.570000 -0.000000 -0.000000
41 1.907321 0.000000 0.000001 -0.000796 0.000000 0.000000
42 0.476831 0.000000 0.000000 0.000000 0.000000 0.000000
43 -0.235678 0.147019 -3.226336 -1.790752 1.518118 1.185613
44 2.707293 0.000000 -0.000001 -0.287137 -0.658110 -0.073008
45 10.066722 -0.000000 0.000001 0.000000 -0.000000 -0.200000
46 4.577573 0.000001 -0.000001 1.570000 0.000000 0.000000
47 1.907322 0.000000 -0.000000 0.000796 -0.000000 0.000000
48 0.476831 0.000000 0.000000 0.000000 0.000000 3.141593
49 -1.754735 0.003499 1.525858 -0.000003 -3.141592 -0.100796
50 0.416332 -0.000000 0.000000 0.000000 -0.000000 -0.200000
51 0.416333 0.000000 0.000000 0.000000 0.000000 0.100000
52 0.095757 2.258270 -0.000000 -0.000000 0.000000 1.570796
53 0.012490 0.000000 0.000000 0.000000 0.000000 3.141593
54 -1.754735 0.003507 -1.525858 -0.000003 -3.141592 -0.100796
55 0.416333 -0.000000 0.000000 0.000000 -0.000000 -0.200000
56 0.416333 0.000000 0.000000 0.000000 0.000000 0.100000
57 0.095756 2.258270 0.000000 0.000000 -0.000000 1.570796
58 0.012490 0.000000 0.000000 0.000000 0.000000 0.000000
time 16
0 -0.002617 0.000001 -5.892893 0.000000 0.000000 -1.001119
1 -0.000000 0.000000 -0.924262 0.000000 0.000000 1.001119
2 -0.000000 0.000000 0.000000 -1.570795 -1.570796 0.000000
3 1.754737 -0.002106 0.000003 -0.000004 -0.000001 0.000796
4 2.644818 -0.004147 0.001053 -0.248780 0.000188 -0.000060
5 5.372869 -0.003654 0.000269 -0.073349 -0.050872 -0.093186
6 4.622901 -0.001142 -0.000016 0.015091 0.338953 0.176878
7 1.455385 -0.000000 -0.000000 -0.150889 0.192074 0.082622
8 6.329874 -0.000000 0.000000 0.000000 0.000000 0.000000
9 2.995307 1.987698 -0.864472 -3.141592 -0.000001 1.407923
10 0.458379 0.000000 0.000000 0.000000 0.000000 0.000000
11 2.995307 1.987695 0.870889 -3.141592 -0.000001 1.407923
12 0.458379 0.000000 0.000000 0.000000 0.000000 0.000000
13 3.078268 1.929374 0.855018 1.547494 -0.743749 1.442334
14 0.664102 -0.000000 0.000000 0.000000 0.000000 0.000000
15 3.083701 1.962441 0.858417 1.570797 -0.011562 1.407923
16 0.559829 0.000000 0.000001 0.000000 0.000000 0.000000
17 3.078100 1.931617 0.863325 -0.051183 -2.462692 -1.026784
18 0.682539 0.000001 -0.000000 0.000000 0.000000 0.000000
19 3.061353 1.933509 0.862958 -1.459740 2.642219 -1.518602
20 0.679195 0.000000 -0.000000 0.000000 0.000000 0.000000
21 3.081032 1.929496 0.865757 -0.000000 -3.141591 -1.071653
22 0.675653 -0.000000 -0.000000 0.000000 0.000000 0.000000
23 3.066323 1.936762 0.868039 0.000000 2.615510 -1.100105
24 0.658072 0.000000 0.000000 0.000000 -0.000000 0.000000
25 2.989677 1.934948 -0.857061 -0.000000 2.405158 -1.244421
26 0.578150 -0.000000 0.000000 0.000000 0.000000 0.000000
27 2.979570 1.967334 -0.884714 -0.000000 -3.141591 -1.252624
28 0.518765 -0.000000 -0.000000 0.000000 0.000000 0.000000
29 2.978725 1.983215 -0.860808 -0.016269 -2.767885 -1.233360
30 0.535334 -0.000000 -0.000000 0.000000 0.000000 0.000000
31 2.983527 1.967234 -0.884390 1.456493 0.640130 1.182185
32 0.444524 -0.000000 -0.000001 -0.000000 -0.000000 -0.000000
33 2.986610 1.992943 -0.875042 1.588345 -0.427771 1.365644
34 0.479990 -0.000000 0.000000 0.000000 0.000000 0.000000
35 2.975850 1.966179 -0.894208 -3.141592 -0.000001 1.251407
36 0.533030 0.000001 -0.000000 0.000000 0.000000 0.000000
37 -2.171276 0.231797 2.391325 -0.052332 -0.944548 3.011738
38 2.707293 0.000000 -0.000000 -0.102661 0.581781 0.260331
39 10.066723 0.000000 0.000000 -0.000000 0.000000 -0.200000
40 4.577572 0.000000 -0.000001 -1.570000 -0.000000 -0.000000
41 1.907322 -0.000000 0.000000 -0.000796 -0.000000 0.000000
42 0.476831 0.000000 0.000000 0.000000 0.000000 0.000000
43 -0.189411 0.146982 -3.229385 -1.990619 1.508170 0.987260
44 2.707294 0.000000 -0.000000 -0.293650 -0.672008 -0.077421
45 10.066722 -0.000000 0.000000 -0.000000 -0.000000 -0.200000
46 4.577571 -0.000000 0.000001 1.570000 0.000000 -0.000000
47 1.907322 0.000000 -0.000000 0.000796 -0.000000 -0.000000
48 0.476830 0.000000 0.000000 0.000000 0.000000 3.141593
49 -1.754735 0.003499 1.525858 -0.000003 -3.141592 -0.100796
50 0.416332 -0.000000 0.000000 0.000000 -0.000000 -0.200000
51 0.416333 0.000000 0.000000 0.000000 0.000000 0.100000
52 0.095757 2.258270 -0.000000 -0.000000 0.000000 1.570796
53 0.012490 0.000000 0.000000 0.000000 0.000000 3.141593
54 -1.754735 0.003507 -1.525858 -0.000003 -3.141592 -0.100796
55 0.416333 -0.000000 0.000000 0.000000 -0.000000 -0.200000
56 0.416333 0.000000 0.000000 0.000000 0.000000 0.100000
57 0.095756 2.258270 0.000000 0.000000 -0.000000 1.570796
58 0.012490 0.000000 0.000000 0.000000 0.000000 0.000000
time 17
0 -0.002617 0.000001 -5.892893 0.000000 0.000000 -1.001119
1 -0.000000 0.000000 -0.924262 0.000000 0.000000 1.001119
2 -0.000000 0.000000 0.000000 -1.570795 -1.570796 0.000000
3 1.754737 -0.002106 0.000003 -0.000004 -0.000001 0.000796
4 2.644818 -0.004133 0.001107 -0.261687 0.000206 -0.000027
5 5.372865 -0.003654 0.000264 -0.072007 -0.051603 -0.094450
6 4.622900 -0.001142 -0.000016 0.015110 0.341919 0.176925
7 1.455385 0.000000 -0.000000 -0.129768 0.143219 0.090341
8 6.329874 -0.000000 0.000000 0.000000 0.000000 0.000000
9 2.995307 1.987698 -0.864472 -3.141592 -0.000001 1.407923
10 0.458379 0.000001 0.000000 -0.000000 -0.000000 0.000000
11 2.995308 1.987696 0.870890 -3.141592 -0.000001 1.407923
12 0.458379 0.000001 0.000000 -0.000000 -0.000000 0.000000
13 3.078268 1.929374 0.855018 1.547494 -0.743749 1.442334
14 0.664102 -0.000000 0.000001 0.000000 0.000000 0.000000
15 3.083701 1.962442 0.858417 1.570797 -0.011562 1.407923
16 0.559829 -0.000000 -0.000001 0.000000 0.000000 0.000000
17 3.078100 1.931618 0.863325 -0.051183 -2.462692 -1.026784
18 0.682539 -0.000000 0.000000 0.000000 0.000000 0.000000
19 3.061352 1.933510 0.862958 -1.459740 2.642219 -1.518602
20 0.679195 -0.000000 -0.000000 0.000000 0.000000 0.000000
21 3.081032 1.929497 0.865757 -0.000000 -3.141591 -1.071653
22 0.675653 0.000000 -0.000000 0.000000 0.000000 0.000000
23 3.066324 1.936762 0.868039 0.000000 2.615510 -1.100106
24 0.658072 0.000000 -0.000000 -0.000000 -0.000000 0.000000
25 2.989677 1.934948 -0.857061 -0.000000 2.405158 -1.244421
26 0.578150 0.000000 -0.000000 0.000000 0.000000 0.000000
27 2.979570 1.967334 -0.884714 -0.000000 -3.141591 -1.252624
28 0.518766 -0.000001 0.000000 0.000000 0.000000 0.000000
29 2.978725 1.983216 -0.860808 -0.016269 -2.767885 -1.233359
30 0.535335 -0.000001 0.000000 0.000000 0.000000 0.000000
31 2.983528 1.967234 -0.884390 1.456493 0.640130 1.182185
32 0.444524 -0.000000 -0.000001 -0.000000 -0.000000 -0.000000
33 2.986611 1.992943 -0.875042 1.588345 -0.427771 1.365644
34 0.479990 -0.000000 -0.000001 0.000000 0.000000 0.000000
35 2.975851 1.966180 -0.894208 -3.141592 -0.000001 1.251407
36 0.533030 0.000001 0.000000 0.000000 0.000000 0.000000
37 -2.178359 0.231803 2.384874 -0.046889 -0.941603 3.006069
38 2.707294 0.000000 -0.000000 -0.109529 0.588203 0.268965
39 10.066722 -0.000000 -0.000000 -0.000000 0.000000 -0.200000
40 4.577572 0.000000 -0.000001 -1.570000 -0.000000 0.000000
41 1.907322 0.000000 0.000000 -0.000796 0.000000 0.000000
42 0.476830 0.000000 -0.000000 0.000000 0.000000 0.000000
43 -0.179831 0.146975 -3.229933 -2.004165 1.503307 0.975012
44 2.707293 -0.000000 -0.000000 -0.297257 -0.680913 -0.082497
45 10.066723 -0.000001 0.000000 0.000000 -0.000000 -0.200000
46 4.577571 -0.000000 0.000000 1.570000 -0.000000 -0.000000
47 1.907321 0.000000 -0.000000 0.000796 -0.000000 -0.000000
48 0.476831 -0.000000 -0.000000 0.000000 0.000000 3.141593
49 -1.754735 0.003499 1.525858 -0.000003 -3.141592 -0.100796
50 0.416332 -0.000000 0.000000 0.000000 -0.000000 -0.200000
51 0.416333 0.000000 0.000000 0.000000 0.000000 0.100000
52 0.095757 2.258270 -0.000000 -0.000000 0.000000 1.570796
53 0.012490 0.000000 0.000000 0.000000 0.000000 3.141593
54 -1.754735 0.003507 -1.525858 -0.000003 -3.141592 -0.100796
55 0.416333 -0.000000 0.000000 0.000000 -0.000000 -0.200000
56 0.416333 0.000000 0.000000 0.000000 0.000000 0.100000
57 0.095756 2.258270 0.000000 0.000000 -0.000000 1.570796
58 0.012490 0.000000 0.000000 0.000000 0.000000 0.000000
time 18
0 -0.002617 0.000001 -5.892893 0.000000 0.000000 -1.001119
1 -0.000000 0.000000 -0.924262 0.000000 0.000000 1.001119
2 -0.000000 0.000000 0.000000 -1.570795 -1.570796 0.000000
3 1.754737 -0.002106 0.000003 -0.000004 -0.000001 0.000796
4 2.644818 -0.004117 0.001165 -0.275807 0.000217 -0.000030
5 5.372872 -0.003655 0.000258 -0.070164 -0.045514 -0.093382
6 4.622901 -0.001142 -0.000016 0.015037 0.329962 0.176734
7 1.455385 -0.000000 -0.000000 -0.121618 0.070335 0.104140
8 6.329874 0.000000 -0.000000 0.000000 0.000000 0.000000
9 2.995308 1.987698 -0.864473 -3.141592 -0.000001 1.407923
10 0.458379 0.000001 -0.000000 0.000000 0.000000 0.000000
11 2.995308 1.987696 0.870889 -3.141592 -0.000001 1.407923
12 0.458379 0.000001 -0.000000 0.000000 0.000000 0.000000
13 3.078268 1.929374 0.855018 1.547494 -0.743749 1.442334
14 0.664102 -0.000000 -0.000000 0.000000 0.000000 0.000000
15 3.083701 1.962442 0.858416 1.570797 -0.011562 1.407923
16 0.559829 -0.000000 0.000000 0.000000 0.000000 0.000000
17 3.078100 1.931618 0.863325 -0.051183 -2.462692 -1.026784
18 0.682539 0.000000 -0.000000 0.000000 0.000000 0.000000
19 3.061352 1.933510 0.862958 -1.459740 2.642219 -1.518602
20 0.679194 0.000000 0.000000 0.000000 0.000000 0.000000
21 3.081031 1.929497 0.865757 -0.000000 -3.141591 -1.071653
22 0.675652 0.000001 -0.000000 0.000000 0.000000 0.000000
23 3.066324 1.936762 0.868039 0.000000 2.615510 -1.100106
24 0.658072 0.000000 -0.000000 -0.000000 0.000000 0.000000
25 2.989677 1.934948 -0.857061 -0.000000 2.405158 -1.244421
26 0.578150 -0.000000 0.000000 0.000000 0.000000 0.000000
27 2.979571 1.967334 -0.884714 -0.000000 -3.141591 -1.252624
28 0.518766 -0.000000 -0.000000 0.000000 0.000000 0.000000
29 2.978726 1.983216 -0.860808 -0.016269 -2.767885 -1.233359
30 0.535335 -0.000000 -0.000000 0.000000 0.000000 0.000000
31 2.983527 1.967234 -0.884390 1.456493 0.640130 1.182185
32 0.444524 0.000000 0.000000 0.000000 0.000000 -0.000000
33 2.986610 1.992943 -0.875042 1.588345 -0.427771 1.365644
34 0.479990 -0.000000 -0.000001 0.000000 0.000000 0.000000
35 2.975851 1.966180 -0.894208 -3.141592 -0.000001 1.251407
36 0.533030 0.000000 -0.000000 0.000000 0.000000 0.000000
37 -2.149684 0.231780 2.410755 -0.037897 -0.953416 2.997520
38 2.707293 0.000000 0.000000 -0.117878 0.601846 0.276407
39 10.066723 -0.000000 -0.000000 -0.000000 -0.000000 -0.200000
40 4.577571 0.000001 -0.000001 -1.570000 0.000000 -0.000000
41 1.907322 0.000000 0.000000 -0.000796 0.000000 0.000000
42 0.476831 0.000000 -0.000000 0.000000 0.000000 0.000000
43 -0.218443 0.147006 -3.227550 -1.826043 1.505767 1.154000
44 2.707293 -0.000000 -0.000000 -0.298626 -0.683241 -0.090304
45 10.066723 -0.000000 0.000001 -0.000000 0.000000 -0.200000
46 4.577571 -0.000000 0.000000 1.570000 -0.000000 -0.000000
47 1.907322 -0.000000 -0.000001 0.000796 -0.000000 -0.000000
48 0.476830 0.000000 0.000000 0.000000 0.000000 3.141593
49 -1.754735 0.003499 1.525858 -0.000003 -3.141592 -0.100796
50 0.416332 -0.000000 0.000000 0.000000 -0.000000 -0.200000
51 0.416333 0.000000 0.000000 0.000000 0.000000 0.100000
52 0.095757 2.258270 -0.000000 -0.000000 0.000000 1.570796
53 0.012490 0.000000 0.000000 0.000000 0.000000 3.141593
54 -1.754735 0.003507 -1.525858 -0.000003 -3.141592 -0.100796
55 0.416333 -0.000000 0.000000 0.000000 -0.000000 -0.200000
56 0.416333 0.000000 0.000000 0.000000 0.000000 0.100000
57 0.095756 2.258270 0.000000 0.000000 -0.000000 1.570796
58 0.012490 0.000000 0.000000 0.000000 0.000000 0.000000
time 19
0 -0.002617 0.000001 -5.892893 0.000000 0.000000 -1.001119
1 -0.000000 0.000000 -0.924262 0.000000 0.000000 1.001119
2 -0.000000 0.000000 0.000000 -1.570795 -1.570796 0.000000
3 1.754737 -0.002106 0.000003 -0.000004 -0.000001 0.000796
4 2.644818 -0.004096 0.001235 -0.292904 0.000230 -0.000034
5 5.372885 -0.003657 0.000249 -0.067667 -0.033567 -0.090492
6 4.622900 -0.001142 -0.000016 0.014724 0.272201 0.175834
7 1.455384 -0.000000 0.000000 -0.147952 -0.076618 0.150964
8 6.329875 -0.000000 0.000000 0.000000 0.000000 0.000000
9 2.995308 1.987698 -0.864472 -3.141592 -0.000001 1.407923
10 0.458379 0.000001 -0.000000 0.000000 0.000000 0.000000
11 2.995308 1.987695 0.870890 -3.141592 -0.000001 1.407923
12 0.458379 0.000001 -0.000000 0.000000 0.000000 0.000000
13 3.078268 1.929374 0.855018 1.547493 -0.743749 1.442334
14 0.664102 -0.000000 0.000000 0.000000 0.000000 0.000000
15 3.083702 1.962441 0.858417 1.570797 -0.011562 1.407923
16 0.559829 -0.000000 -0.000000 0.000000 0.000000 0.000000
17 3.078101 1.931617 0.863325 -0.051183 -2.462692 -1.026784
18 0.682539 0.000000 -0.000000 0.000000 -0.000000 0.000000
19 3.061353 1.933510 0.862958 -1.459740 2.642219 -1.518602
20 0.679195 -0.000000 -0.000001 0.000000 -0.000000 0.000000
21 3.081032 1.929496 0.865757 -0.000000 -3.141591 -1.071653
22 0.675653 0.000001 -0.000000 0.000000 0.000000 0.000000
23 3.066324 1.936762 0.868039 0.000000 2.615510 -1.100106
24 0.658072 0.000001 -0.000000 -0.000000 0.000000 0.000000
25 2.989677 1.934948 -0.857061 -0.000000 2.405157 -1.244421
26 0.578150 -0.000001 -0.000000 0.000000 0.000000 0.000000
27 2.979570 1.967334 -0.884714 -0.000000 -3.141591 -1.252624
28 0.518766 -0.000000 -0.000000 0.000000 0.000000 0.000000
29 2.978726 1.983216 -0.860808 -0.016269 -2.767885 -1.233359
30 0.535335 -0.000001 0.000000 0.000000 0.000000 0.000000
31 2.983528 1.967234 -0.884390 1.456493 0.640130 1.182185
32 0.444524 -0.000000 0.000000 0.000000 0.000000 -0.000000
33 2.986611 1.992943 -0.875042 1.588345 -0.427771 1.365644
34 0.479990 0.000000 0.000001 0.000000 0.000000 0.000000
35 2.975851 1.966179 -0.894208 -3.141592 -0.000001 1.251407
36 0.533030 0.000000 -0.000000 0.000000 0.000000 0.000000
37 -2.006913 0.231666 2.530856 -0.015775 -1.010427 2.978041
38 2.707293 -0.000000 0.000000 -0.127810 0.621587 0.284211
39 10.066723 -0.000000 -0.000000 0.000000 -0.000000 -0.200000
40 4.577571 0.000001 -0.000001 -1.570000 0.000000 0.000000
41 1.907322 -0.000000 -0.000000 -0.000796 0.000000 -0.000000
42 0.476831 -0.000000 0.000000 0.000000 0.000000 0.000000
43 -0.404420 0.147154 -3.209548 -0.951239 1.500624 2.028136
44 2.707293 0.000000 0.000000 -0.299290 -0.680019 -0.101384
45 10.066722 -0.000000 0.000000 -0.000000 0.000000 -0.200000
46 4.577572 -0.000000 0.000001 1.570000 -0.000000 0.000000
47 1.907321 0.000000 -0.000000 0.000796 -0.000000 -0.000000
48 0.476831 -0.000000 0.000000 0.000000 0.000000 3.141593
49 -1.754735 0.003499 1.525858 -0.000003 -3.141592 -0.100796
50 0.416332 -0.000000 0.000000 0.000000 -0.000000 -0.200000
51 0.416333 0.000000 0.000000 0.000000 0.000000 0.100000
52 0.095757 2.258270 -0.000000 -0.000000 0.000000 1.570796
53 0.012490 0.000000 0.000000 0.000000 0.000000 3.141593
54 -1.754735 0.003507 -1.525858 -0.000003 -3.141592 -0.100796
55 0.416333 -0.000000 0.000000 0.000000 -0.000000 -0.200000
56 0.416333 0.000000 0.000000 0.000000 0.000000 0.100000
57 0.095756 2.258270 0.000000 0.000000 -0.000000 1.570796
58 0.012490 0.000000 0.000000 0.000000 0.000000 0.000000
time 20
0 -0.002617 0.000001 -5.892893 0.000000 0.000000 -1.001119
1 -0.000000 0.000000 -0.924262 0.000000 0.000000 1.001119
2 -0.000000 0.000000 0.000000 -1.570795 -1.570796 0.000000
3 1.754737 -0.002106 0.000003 -0.000004 -0.000001 0.000796
4 2.644818 -0.004074 0.001308 -0.310611 0.000243 -0.000038
5 5.372905 -0.003659 0.000238 -0.064844 -0.018076 -0.086321
6 4.622900 -0.001142 -0.000016 0.014341 0.179573 0.174453
7 1.455384 -0.000000 0.000000 -0.209724 -0.272987 0.229409
8 6.329875 -0.000000 -0.000000 0.000000 0.000000 0.000000
9 2.995308 1.987698 -0.864472 -3.141592 -0.000001 1.407923
10 0.458379 0.000001 -0.000000 -0.000000 -0.000000 0.000000
11 2.995308 1.987696 0.870889 -3.141592 -0.000001 1.407923
12 0.458379 0.000000 -0.000000 -0.000000 -0.000000 0.000000
13 3.078268 1.929374 0.855018 1.547494 -0.743749 1.442334
14 0.664102 -0.000000 0.000000 0.000000 0.000000 0.000000
15 3.083701 1.962442 0.858416 1.570797 -0.011562 1.407923
16 0.559829 -0.000000 0.000000 0.000000 0.000000 0.000000
17 3.078100 1.931618 0.863325 -0.051183 -2.462692 -1.026784
18 0.682539 -0.000000 0.000000 0.000000 0.000000 0.000000
19 3.061352 1.933510 0.862958 -1.459740 2.642219 -1.518602
20 0.679194 -0.000000 0.000001 0.000000 0.000000 0.000000
21 3.081032 1.929497 0.865757 -0.000000 -3.141591 -1.071653
22 0.675652 0.000001 -0.000000 0.000000 0.000000 0.000000
23 3.066323 1.936762 0.868039 0.000000 2.615510 -1.100106
24 0.658072 0.000000 -0.000000 -0.000000 0.000000 0.000000
25 2.989677 1.934948 -0.857061 -0.000000 2.405158 -1.244421
26 0.578150 -0.000001 -0.000000 0.000000 0.000000 0.000000
27 2.979571 1.967334 -0.884714 -0.000000 -3.141591 -1.252624
28 0.518766 0.000000 -0.000000 0.000000 0.000000 0.000000
29 2.978725 1.983216 -0.860808 -0.016269 -2.767885 -1.233359
30 0.535334 0.000000 -0.000000 0.000000 0.000000 0.000000
31 2.983527 1.967234 -0.884390 1.456493 0.640130 1.182185
32 0.444524 -0.000000 0.000000 -0.000000 -0.000000 -0.000000
33 2.986611 1.992943 -0.875042 1.588345 -0.427771 1.365644
34 0.479990 -0.000000 0.000000 0.000000 0.000000 0.000000
35 2.975851 1.966180 -0.894208 -3.141592 -0.000001 1.251407
36 0.533030 -0.000000 -0.000000 0.000000 0.000000 0.000000
37 -1.764189 0.231472 2.705671 0.024619 -1.101396 2.942104
38 2.707293 -0.000000 0.000000 -0.138162 0.645027 0.291308
39 10.066722 -0.000000 0.000000 -0.000000 0.000000 -0.200000
40 4.577572 -0.000000 -0.000000 -1.570000 0.000000 0.000000
41 1.907322 -0.000000 0.000000 -0.000796 0.000000 -0.000000
42 0.476831 0.000000 -0.000000 0.000000 0.000000 0.000000
43 -0.699586 0.147388 -3.158364 -0.329883 1.430923 2.647387
44 2.707294 0.000000 -0.000000 -0.299584 -0.673172 -0.113490
45 10.066723 -0.000000 0.000001 0.000000 0.000000 -0.200000
46 4.577572 -0.000000 -0.000000 1.570000 -0.000000 0.000000
47 1.907321 0.000000 -0.000000 0.000796 -0.000000 -0.000000
48 0.476830 -0.000000 0.000000 0.000000 0.000000 3.141593
49 -1.754735 0.003499 1.525858 -0.000003 -3.141592 -0.100796
50 0.416332 -0.000000 0.000000 0.000000 -0.000000 -0.200000
51 0.416333 0.000000 0.000000 0.000000 0.000000 0.100000
52 0.095757 2.258270 -0.000000 -0.000000 0.000000 1.570796
53 0.012490 0.000000 0.000000 0.000000 0.000000 3.141593
54 -1.754735 0.003507 -1.525858 -0.000003 -3.141592 -0.100796
55 0.416333 -0.000000 0.000000 0.000000 -0.000000 -0.200000
56 0.416333 0.000000 0.000000 0.000000 0.000000 0.100000
57 0.095756 2.258270 0.000000 0.000000 -0.000000 1.570796
58 0.012490 0.000000 0.000000 0.000000 0.000000 0.000000
time 21
0 -0.002617 0.000001 -5.892893 0.000000 0.000000 -1.001119
1 -0.000000 0.000000 -0.924262 0.000000 0.000000 1.001119
2 -0.000000 0.000000 0.000000 -1.570795 -1.570796 0.000000
3 1.754737 -0.002106 0.000003 -0.000004 -0.000001 0.000796
4 2.644818 -0.004052 0.001373 -0.326563 0.000255 -0.000042
5 5.372926 -0.003662 0.000228 -0.062038 -0.001349 -0.081427
6 4.622900 -0.001142 -0.000016 0.014144 0.111247 0.173470
7 1.455385 -0.000000 0.000000 -0.265200 -0.410900 0.286689
8 6.329874 -0.000000 -0.000000 0.000000 0.000000 0.000000
9 2.995308 1.987698 -0.864472 -3.141592 -0.000001 1.407923
10 0.458379 0.000001 0.000000 0.000000 -0.000000 -0.000000
11 2.995308 1.987695 0.870889 -3.141592 -0.000001 1.407923
12 0.458379 0.000001 0.000000 0.000000 -0.000000 -0.000000
13 3.078268 1.929374 0.855017 1.547494 -0.743749 1.442334
14 0.664102 0.000000 -0.000001 0.000000 0.000000 0.000000
15 3.083701 1.962442 0.858416 1.570797 -0.011562 1.407923
16 0.559829 -0.000000 -0.000000 0.000000 0.000000 0.000000
17 3.078100 1.931618 0.863325 -0.051183 -2.462692 -1.026784
18 0.682539 0.000000 0.000000 0.000000 0.000000 0.000000
19 3.061353 1.933510 0.862958 -1.459740 2.642219 -1.518602
20 0.679195 -0.000000 0.000000 0.000000 0.000000 0.000000
21 3.081032 1.929497 0.865757 -0.000000 -3.141591 -1.071653
22 0.675652 0.000000 0.000000 0.000000 0.000000 0.000000
23 3.066324 1.936762 0.868039 0.000000 2.615510 -1.100106
24 0.658072 0.000000 -0.000000 -0.000000 0.000000 0.000000
25 2.989677 1.934948 -0.857061 -0.000000 2.405157 -1.244421
26 0.578150 -0.000000 -0.000000 0.000000 0.000000 0.000000
27 2.979571 1.967334 -0.884714 -0.000000 -3.141591 -1.252624
28 0.518766 0.000000 -0.000000 0.000000 0.000000 0.000000
29 2.978726 1.983215 -0.860808 -0.016269 -2.767885 -1.233359
30 0.535335 -0.000001 -0.000000 0.000000 0.000000 0.000000
31 2.983528 1.967234 -0.884390 1.456493 0.640130 1.182185
32 0.444524 -0.000000 0.000000 0.000000 0.000000 -0.000000
33 2.986611 1.992943 -0.875042 1.588345 -0.427771 1.365644
34 0.479990 -0.000000 -0.000000 0.000000 0.000000 0.000000
35 2.975851 1.966180 -0.894208 -3.141592 -0.000001 1.251407
36 0.533030 0.000000 -0.000000 0.000000 0.000000 0.000000
37 -1.575327 0.231321 2.819829 0.066244 -1.167865 2.903942
38 2.707294 0.000000 -0.000001 -0.147890 0.669741 0.296601
39 10.066722 -0.000000 0.000000 -0.000000 -0.000000 -0.200000
40 4.577572 0.000000 -0.000001 -1.570000 0.000000 -0.000000
41 1.907322 -0.000000 0.000000 -0.000796 -0.000000 -0.000000
42 0.476830 -0.000000 0.000000 0.000000 0.000000 0.000000
43 -0.913607 0.147559 -3.103217 -0.182286 1.367543 2.793319
44 2.707294 -0.000000 -0.000000 -0.299547 -0.664653 -0.124593
45 10.066723 -0.000001 0.000001 0.000000 -0.000000 -0.200000
46 4.577573 0.000000 0.000000 1.570000 0.000000 0.000000
47 1.907322 0.000001 -0.000000 0.000796 -0.000000 -0.000000
48 0.476831 -0.000000 -0.000000 0.000000 0.000000 3.141593
49 -1.754735 0.003499 1.525858 -0.000003 -3.141592 -0.100796
50 0.416332 -0.000000 0.000000 0.000000 -0.000000 -0.200000
51 0.416333 0.000000 0.000000 0.000000 0.000000 0.100000
52 0.095757 2.258270 -0.000000 -0.000000 0.000000 1.570796
53 0.012490 0.000000 0.000000 0.000000 0.000000 3.141593
54 -1.754735 0.003507 -1.525858 -0.000003 -3.141592 -0.100796
55 0.416333 -0.000000 0.000000 0.000000 -0.000000 -0.200000
56 0.416333 0.000000 0.000000 0.000000 0.000000 0.100000
57 0.095756 2.258270 0.000000 0.000000 -0.000000 1.570796
58 0.012490 0.000000 0.000000 0.000000 0.000000 0.000000
time 22
0 -0.002617 0.000001 -5.892893 0.000000 0.000000 -1.001119
1 -0.000000 0.000000 -0.924262 0.000000 0.000000 1.001119
2 -0.000000 0.000000 0.000000 -1.570795 -1.570796 0.000000
3 1.754737 -0.002106 0.000003 -0.000004 -0.000001 0.000796
4 2.644818 -0.004036 0.001420 -0.338394 0.000264 -0.000045
5 5.372948 -0.003664 0.000219 -0.059630 0.014310 -0.076393
6 4.622900 -0.001142 -0.000016 0.014107 0.095045 0.173239
7 1.455384 -0.000000 0.000000 -0.279644 -0.443628 0.277296
8 6.329874 -0.000000 -0.000000 0.000000 0.000000 0.000000
9 2.995308 1.987698 -0.864473 -3.141592 -0.000001 1.407923
10 0.458379 0.000001 0.000000 0.000000 -0.000000 -0.000000
11 2.995308 1.987696 0.870890 -3.141592 -0.000001 1.407923
12 0.458379 0.000001 0.000000 0.000000 -0.000000 -0.000000
13 3.078268 1.929375 0.855018 1.547493 -0.743749 1.442334
14 0.664102 -0.000000 0.000000 0.000000 0.000000 0.000000
15 3.083701 1.962442 0.858416 1.570797 -0.011562 1.407923
16 0.559829 -0.000000 0.000000 0.000000 0.000000 0.000000
17 3.078101 1.931618 0.863325 -0.051183 -2.462692 -1.026784
18 0.682539 0.000000 0.000000 0.000000 0.000000 0.000000
19 3.061352 1.933510 0.862958 -1.459740 2.642219 -1.518602
20 0.679195 -0.000000 -0.000000 0.000000 0.000000 0.000000
21 3.081031 1.929497 0.865757 -0.000000 -3.141591 -1.071653
22 0.675652 0.000000 0.000000 0.000000 0.000000 0.000000
23 3.066324 1.936762 0.868039 0.000000 2.615510 -1.100106
24 0.658072 0.000000 -0.000000 -0.000000 -0.000000 0.000000
25 2.989677 1.934948 -0.857062 -0.000000 2.405158 -1.244421
26 0.578150 -0.000001 -0.000000 0.000000 0.000000 0.000000
27 2.979570 1.967334 -0.884714 -0.000000 -3.141591 -1.252624
28 0.518766 -0.000000 0.000000 0.000000 0.000000 0.000000
29 2.978725 1.983216 -0.860808 -0.016269 -2.767885 -1.233359
30 0.535335 -0.000000 -0.000000 0.000000 0.000000 0.000000
31 2.983528 1.967234 -0.884390 1.456493 0.640130 1.182185
32 0.444524 0.000000 -0.000000 0.000000 -0.000000 -0.000000
33 2.986611 1.992943 -0.875042 1.588345 -0.427771 1.365644
34 0.479990 -0.000000 0.000000 0.000000 0.000000 0.000000
35 2.975851 1.966180 -0.894208 -3.141592 -0.000001 1.251407
36 0.533030 -0.000000 -0.000000 0.000000 0.000000 0.000000
37 -1.529433 0.231285 2.844985 0.082169 -1.183319 2.889014
38 2.707294 -0.000000 0.000000 -0.156098 0.693280 0.298937
39 10.066723 0.000000 -0.000000 -0.000000 0.000000 -0.200000
40 4.577573 0.000000 -0.000000 -1.570000 0.000000 0.000000
41 1.907322 0.000000 0.000000 -0.000796 0.000000 -0.000000
42 0.476830 0.000000 0.000000 0.000000 0.000000 0.000000
43 -0.963766 0.147599 -3.088005 -0.166895 1.351789 2.808605
44 2.707293 0.000000 0.000000 -0.298872 -0.656452 -0.132926
45 10.066723 0.000000 0.000001 0.000000 0.000000 -0.200000
46 4.577571 -0.000000 0.000001 1.570000 0.000000 -0.000000
47 1.907322 0.000000 0.000000 0.000796 0.000000 0.000000
48 0.476831 -0.000000 -0.000000 0.000000 0.000000 3.141593
49 -1.754735 0.003499 1.525858 -0.000003 -3.141592 -0.100796
50 0.416332 -0.000000 0.000000 0.000000 -0.000000 -0.200000
51 0.416333 0.000000 0.000000 0.000000 0.000000 0.100000
52 0.095757 2.258270 -0.000000 -0.000000 0.000000 1.570796
53 0.012490 0.000000 0.000000 0.000000 0.000000 3.141593
54 -1.754735 0.003507 -1.525858 -0.000003 -3.141592 -0.100796
55 0.416333 -0.000000 0.000000 0.000000 -0.000000 -0.200000
56 0.416333 0.000000 0.000000 0.000000 0.000000 0.100000
57 0.095756 2.258270 0.000000 0.000000 -0.000000 1.570796
58 0.012490 0.000000 0.000000 0.000000 0.000000 0.000000
time 23
0 -0.002617 0.000001 -5.892893 0.000000 0.000000 -1.001119
1 -0.000000 0.000000 -0.924262 0.000000 0.000000 1.001119
2 -0.000000 0.000000 0.000000 -1.570795 -1.570796 0.000000
3 1.754737 -0.002106 0.000003 -0.000004 -0.000001 0.000796
4 2.644818 -0.004028 0.001442 -0.343737 0.000268 -0.000047
5 5.372967 -0.003666 0.000213 -0.058038 0.026607 -0.071824
6 4.622900 -0.001142 -0.000016 0.014125 0.103146 0.173354
7 1.455385 -0.000000 0.000000 -0.272534 -0.416209 0.233217
8 6.329875 -0.000000 -0.000000 0.000000 0.000000 0.000000
9 2.995308 1.987698 -0.864472 -3.141592 -0.000001 1.407923
10 0.458379 0.000000 0.000000 0.000000 0.000000 0.000000
11 2.995307 1.987696 0.870890 -3.141592 -0.000001 1.407923
12 0.458379 0.000001 -0.000000 0.000000 0.000000 0.000000
13 3.078268 1.929374 0.855018 1.547494 -0.743749 1.442334
14 0.664102 -0.000000 -0.000000 0.000000 0.000000 0.000000
15 3.083701 1.962442 0.858417 1.570797 -0.011562 1.407923
16 0.559829 -0.000000 0.000001 0.000000 0.000000 0.000000
17 3.078100 1.931618 0.863325 -0.051183 -2.462692 -1.026784
18 0.682539 0.000000 -0.000000 0.000000 0.000000 0.000000
19 3.061352 1.933510 0.862958 -1.459740 2.642219 -1.518602
20 0.679194 -0.000000 0.000001 0.000000 0.000000 0.000000
21 3.081031 1.929497 0.865757 -0.000000 -3.141591 -1.071653
22 0.675653 -0.000000 -0.000000 0.000000 0.000000 0.000000
23 3.066323 1.936762 0.868039 0.000000 2.615510 -1.100105
24 0.658072 0.000001 0.000000 -0.000000 -0.000000 0.000000
25 2.989677 1.934948 -0.857061 -0.000000 2.405158 -1.244421
26 0.578150 -0.000001 -0.000000 0.000000 0.000000 0.000000
27 2.979570 1.967334 -0.884714 -0.000000 -3.141591 -1.252624
28 0.518766 -0.000000 -0.000000 0.000000 0.000000 0.000000
29 2.978725 1.983216 -0.860808 -0.016269 -2.767885 -1.233359
30 0.535335 -0.000000 -0.000000 0.000000 0.000000 0.000000
31 2.983528 1.967234 -0.884390 1.456493 0.640130 1.182185
32 0.444524 0.000000 -0.000000 0.000000 -0.000000 -0.000000
33 2.986610 1.992943 -0.875042 1.588344 -0.427771 1.365644
34 0.479990 -0.000000 -0.000000 0.000000 0.000000 0.000000
35 2.975850 1.966180 -0.894208 -3.141592 -0.000001 1.251407
36 0.533030 0.000000 0.000000 0.000000 0.000000 0.000000
37 -1.552431 0.231303 2.832500 0.080666 -1.175287 2.890260
38 2.707293 0.000000 0.000000 -0.161994 0.713178 0.297125
39 10.066723 0.000000 -0.000001 -0.000000 -0.000000 -0.200000
40 4.577571 -0.000000 0.000001 -1.570000 0.000000 -0.000000
41 1.907322 -0.000001 -0.000000 -0.000796 -0.000000 -0.000000
42 0.476830 0.000000 0.000000 0.000000 0.000000 0.000000
43 -0.938717 0.147579 -3.095713 -0.186224 1.359109 2.789870
44 2.707293 -0.000000 0.000001 -0.296975 -0.650594 -0.136929
45 10.066723 -0.000000 0.000001 0.000000 0.000000 -0.200000
46 4.577572 0.000000 -0.000000 1.570000 -0.000000 -0.000000
47 1.907322 0.000000 0.000000 0.000796 0.000000 -0.000000
48 0.476831 -0.000000 0.000000 0.000000 0.000000 3.141593
49 -1.754735 0.003499 1.525858 -0.000003 -3.141592 -0.100796
50 0.416332 -0.000000 0.000000 0.000000 -0.000000 -0.200000
51 0.416333 0.000000 0.000000 0.000000 0.000000 0.100000
52 0.095757 2.258270 -0.000000 -0.000000 0.000000 1.570796
53 0.012490 0.000000 0.000000 0.000000 0.000000 3.141593
54 -1.754735 0.003507 -1.525858 -0.000003 -3.141592 -0.100796
55 0.416333 -0.000000 0.000000 0.000000 -0.000000 -0.200000
56 0.416333 0.000000 0.000000 0.000000 0.000000 0.100000
57 0.095756 2.258270 0.000000 0.000000 -0.000000 1.570796
58 0.012490 0.000000 0.000000 0.000000 0.000000 0.000000
time 24
0 -0.002617 0.000001 -5.892893 0.000000 0.000000 -1.001119
1 -0.000000 0.000000 -0.924262 0.000000 0.000000 1.001119
2 -0.000000 0.000000 0.000000 -1.570795 -1.570796 0.000000
3 1.754737 -0.002106 0.000003 -0.000004 -0.000001 0.000796
4 2.644818 -0.004033 0.001428 -0.340226 0.000266 -0.000046
5 5.372982 -0.003667 0.000212 -0.057715 0.033250 -0.068336
6 4.622901 -0.001142 -0.000016 0.014144 0.111247 0.173470
7 1.455384 -0.000000 0.000000 -0.263116 -0.365178 0.194014
8 6.329874 0.000000 -0.000000 0.000000 0.000000 0.000000
9 2.995308 1.987698 -0.864472 -3.141592 -0.000001 1.407923
10 0.458379 0.000000 -0.000000 -0.000000 0.000000 -0.000000
11 2.995308 1.987696 0.870890 -3.141592 -0.000001 1.407923
12 0.458380 0.000000 0.000000 -0.000000 0.000000 -0.000000
13 3.078268 1.929375 0.855018 1.547493 -0.743749 1.442334
14 0.664102 -0.000000 -0.000000 0.000000 0.000000 0.000000
15 3.083701 1.962442 0.858416 1.570797 -0.011562 1.407923
16 0.559829 0.000000 -0.000000 0.000000 0.000000 0.000000
17 3.078101 1.931618 0.863325 -0.051183 -2.462692 -1.026784
18 0.682539 0.000000 0.000000 0.000000 0.000000 0.000000
19 3.061353 1.933510 0.862958 -1.459740 2.642219 -1.518602
20 0.679194 0.000000 -0.000000 0.000000 0.000000 0.000000
21 3.081032 1.929497 0.865757 -0.000000 -3.141591 -1.071653
22 0.675653 0.000000 -0.000000 0.000000 0.000000 0.000000
23 3.066324 1.936762 0.868039 0.000000 2.615510 -1.100106
24 0.658072 0.000000 -0.000001 -0.000000 -0.000000 0.000000
25 2.989677 1.934949 -0.857061 -0.000000 2.405158 -1.244421
26 0.578150 -0.000001 0.000000 0.000000 0.000000 0.000000
27 2.979571 1.967334 -0.884714 -0.000000 -3.141591 -1.252624
28 0.518766 0.000000 0.000000 0.000000 0.000000 0.000000
29 2.978725 1.983216 -0.860808 -0.016269 -2.767885 -1.233359
30 0.535334 -0.000000 0.000000 0.000000 0.000000 0.000000
31 2.983528 1.967234 -0.884390 1.456493 0.640130 1.182185
32 0.444524 -0.000000 -0.000000 -0.000000 -0.000000 -0.000000
33 2.986610 1.992943 -0.875042 1.588345 -0.427771 1.365644
34 0.479990 -0.000000 -0.000000 0.000000 0.000000 0.000000
35 2.975851 1.966180 -0.894208 -3.141592 -0.000001 1.251407
36 0.533030 0.000000 -0.000000 0.000000 0.000000 0.000000
37 -1.575328 0.231322 2.819829 0.076858 -1.167371 2.893713
38 2.707293 0.000000 0.000000 -0.164758 0.726972 0.290017
39 10.066722 -0.000000 -0.000001 0.000000 -0.000000 -0.200000
40 4.577571 0.000000 -0.000000 -1.570000 0.000000 -0.000000
41 1.907322 -0.000000 -0.000000 -0.000796 -0.000000 0.000000
42 0.476831 -0.000000 -0.000000 0.000000 0.000000 0.000000
43 -0.913608 0.147559 -3.103217 -0.202444 1.366574 2.774057
44 2.707293 -0.000000 -0.000000 -0.293183 -0.649133 -0.135123
45 10.066723 -0.000000 0.000001 -0.000000 0.000000 -0.200000
46 4.577573 0.000001 0.000000 1.570000 0.000000 -0.000000
47 1.907322 0.000000 -0.000000 0.000796 -0.000000 0.000000
48 0.476830 -0.000000 -0.000000 0.000000 0.000000 3.141593
49 -1.754735 0.003499 1.525858 -0.000003 -3.141592 -0.100796
50 0.416332 -0.000000 0.000000 0.000000 -0.000000 -0.200000
51 0.416333 0.000000 0.000000 0.000000 0.000000 0.100000
52 0.095757 2.258270 -0.000000 -0.000000 0.000000 1.570796
53 0.012490 0.000000 0.000000 0.000000 0.000000 3.141593
54 -1.754735 0.003507 -1.525858 -0.000003 -3.141592 -0.100796
55 0.416333 -0.000000 0.000000 0.000000 -0.000000 -0.200000
56 0.416333 0.000000 0.000000 0.000000 0.000000 0.100000
57 0.095756 2.258270 0.000000 0.000000 -0.000000 1.570796
58 0.012490 0.000000 0.000000 0.000000 0.000000 0.000000
time 25
0 -0.002617 0.000001 -5.892893 0.000000 0.000000 -1.001119
1 -0.000000 0.000000 -0.924262 0.000000 0.000000 1.001119
2 -0.000000 0.000000 0.000000 -1.570795 -1.570796 0.000000
3 1.754737 -0.002106 0.000003 -0.000004 -0.000001 0.000796
4 2.644821 -0.004093 0.001247 -0.295817 0.000408 0.000700
5 5.372988 -0.003666 0.000231 -0.062831 0.021137 -0.065937
6 4.622900 -0.001142 -0.000016 0.014144 0.111247 0.173470
7 1.455385 -0.000000 0.000000 -0.280889 -0.280630 0.171011
8 6.329875 -0.000000 -0.000000 0.000000 0.000000 0.000000
9 2.995308 1.987698 -0.864472 -3.141592 -0.000001 1.407923
10 0.458379 0.000000 0.000000 0.000000 0.000000 0.000000
11 2.995308 1.987696 0.870890 -3.141592 -0.000001 1.407923
12 0.458379 0.000001 0.000000 0.000000 0.000000 0.000000
13 3.078268 1.929375 0.855018 1.547493 -0.743749 1.442334
14 0.664102 -0.000000 0.000001 0.000000 0.000000 0.000000
15 3.083701 1.962442 0.858416 1.570797 -0.011562 1.407923
16 0.559829 -0.000000 0.000000 0.000000 0.000000 0.000000
17 3.078101 1.931618 0.863325 -0.051183 -2.462692 -1.026784
18 0.682539 0.000000 0.000000 0.000000 0.000000 0.000000
19 3.061353 1.933510 0.862958 -1.459740 2.642219 -1.518602
20 0.679195 -0.000000 0.000001 0.000000 0.000000 0.000000
21 3.081032 1.929497 0.865757 -0.000000 -3.141591 -1.071653
22 0.675653 0.000000 -0.000000 0.000000 0.000000 0.000000
23 3.066324 1.936762 0.868039 0.000000 2.615510 -1.100106
24 0.658072 0.000001 0.000000 -0.000000 -0.000000 0.000000
25 2.989677 1.934948 -0.857061 -0.000000 2.405158 -1.244421
26 0.578150 -0.000000 0.000000 0.000000 0.000000 0.000000
27 2.979570 1.967334 -0.884714 -0.000000 -3.141591 -1.252624
28 0.518766 -0.000000 -0.000000 0.000000 0.000000 0.000000
29 2.978725 1.983216 -0.860808 -0.016269 -2.767885 -1.233359
30 0.535335 -0.000001 0.000000 0.000000 0.000000 0.000000
31 2.983528 1.967234 -0.884390 1.456493 0.640130 1.182185
32 0.444524 -0.000000 0.000000 0.000000 -0.000000 -0.000000
33 2.986611 1.992943 -0.875042 1.588344 -0.427771 1.365644
34 0.479990 -0.000000 0.000000 0.000000 0.000000 0.000000
35 2.975851 1.966180 -0.894208 -3.141592 -0.000001 1.251407
36 0.533030 0.000001 0.000000 0.000000 0.000000 0.000000
37 -1.575327 0.231321 2.819829 0.075418 -1.167440 2.895101
38 2.707293 0.000000 -0.000000 -0.158525 0.721845 0.254682
39 10.066722 -0.000000 0.000000 -0.000000 0.000000 -0.200000
40 4.577572 0.000000 -0.000000 -1.570000 -0.000000 0.000000
41 1.907322 0.000001 0.000000 -0.000796 0.000000 -0.000000
42 0.476831 -0.000000 -0.000000 0.000000 0.000000 0.000000
43 -0.913607 0.147559 -3.103217 -0.199717 1.366710 2.776662
44 2.707293 -0.000000 -0.000000 -0.273411 -0.661918 -0.110196
45 10.066723 -0.000000 -0.000000 0.000000 0.000000 -0.200000
46 4.577572 0.000000 0.000001 1.570000 -0.000000 -0.000000
47 1.907322 0.000000 0.000000 0.000796 -0.000000 0.000000
48 0.476830 -0.000000 -0.000000 0.000000 0.000000 3.141593
49 -1.754735 0.003499 1.525858 -0.000003 -3.141592 -0.100796
50 0.416332 -0.000000 0.000000 0.000000 -0.000000 -0.200000
51 0.416333 0.000000 0.000000 0.000000 0.000000 0.100000
52 0.095757 2.258270 -0.000000 -0.000000 0.000000 1.570796
53 0.012490 0.000000 0.000000 0.000000 0.000000 3.141593
54 -1.754735 0.003507 -1.525858 -0.000003 -3.141592 -0.100796
55 0.416333 -0.000000 0.000000 0.000000 -0.000000 -0.200000
56 0.416333 0.000000 0.000000 0.000000 0.000000 0.100000
57 0.095756 2.258270 0.000000 0.000000 -0.000000 1.570796
58 0.012490 0.000000 0.000000 0.000000 0.000000 0.000000
time 26
0 -0.002617 0.000001 -5.892893 0.000000 0.000000 -1.001119
1 -0.000000 0.000000 -0.924262 0.000000 0.000000 1.001119
2 -0.000000 0.000000 0.000000 -1.570795 -1.570796 0.000000
3 1.754737 -0.002106 0.000003 -0.000004 -0.000001 0.000796
4 2.644824 -0.004175 0.000935 -0.220380 0.000470 0.001460
5 5.372984 -0.003663 0.000265 -0.072128 -0.005028 -0.065004
6 4.622901 -0.001142 -0.000016 0.014144 0.111247 0.173470
7 1.455384 -0.000000 0.000000 -0.317519 -0.162954 0.146067
8 6.329875 -0.000000 -0.000000 0.000000 0.000000 0.000000
9 2.995308 1.987698 -0.864472 -3.141592 -0.000001 1.407923
10 0.458379 0.000001 0.000000 -0.000000 0.000000 -0.000000
11 2.995308 1.987696 0.870890 -3.141592 -0.000001 1.407923
12 0.458379 0.000001 -0.000000 -0.000000 0.000000 -0.000000
13 3.078268 1.929374 0.855018 1.547494 -0.743749 1.442334
14 0.664102 -0.000000 0.000000 0.000000 0.000000 0.000000
15 3.083701 1.962442 0.858417 1.570797 -0.011562 1.407923
16 0.559829 -0.000000 -0.000001 0.000000 0.000000 0.000000
17 3.078100 1.931618 0.863325 -0.051183 -2.462692 -1.026784
18 0.682539 -0.000000 -0.000000 0.000000 0.000000 0.000000
19 3.061352 1.933510 0.862958 -1.459740 2.642219 -1.518602
20 0.679194 -0.000000 0.000000 0.000000 0.000000 0.000000
21 3.081031 1.929497 0.865757 -0.000000 -3.141591 -1.071653
22 0.675652 0.000001 -0.000000 0.000000 0.000000 0.000000
23 3.066323 1.936762 0.868039 0.000000 2.615510 -1.100106
24 0.658072 0.000000 -0.000000 -0.000000 -0.000000 0.000000
25 2.989677 1.934948 -0.857061 -0.000000 2.405158 -1.244421
26 0.578150 -0.000001 0.000000 0.000000 0.000000 0.000000
27 2.979570 1.967334 -0.884714 -0.000000 -3.141591 -1.252624
28 0.518766 0.000000 -0.000000 0.000000 0.000000 0.000000
29 2.978725 1.983216 -0.860808 -0.016269 -2.767885 -1.233359
30 0.535335 -0.000000 -0.000000 0.000000 0.000000 0.000000
31 2.983527 1.967234 -0.884390 1.456493 0.640130 1.182185
32 0.444524 -0.000000 0.000000 0.000000 -0.000000 -0.000000
33 2.986611 1.992943 -0.875042 1.588345 -0.427771 1.365644
34 0.479990 -0.000000 0.000000 0.000000 0.000000 0.000000
35 2.975850 1.966180 -0.894208 -3.141592 -0.000001 1.251407
36 0.533030 0.000000 0.000000 0.000000 0.000000 0.000000
37 -1.575328 0.231322 2.819829 0.070833 -1.167656 2.899519
38 2.707294 -0.000000 0.000000 -0.140018 0.702397 0.201987
39 10.066722 -0.000000 0.000000 0.000000 -0.000000 -0.200000
40 4.577571 0.000001 0.000000 -1.570000 -0.000000 -0.000000
41 1.907322 0.000000 0.000000 -0.000796 -0.000000 0.000000
42 0.476831 -0.000000 -0.000000 0.000000 0.000000 0.000000
43 -0.913608 0.147559 -3.103217 -0.191019 1.367134 2.784973
44 2.707293 0.000000 -0.000001 -0.245742 -0.686310 -0.064952
45 10.066722 0.000000 0.000000 0.000000 -0.000000 -0.200000
46 4.577571 -0.000000 0.000001 1.570000 0.000000 0.000000
47 1.907322 0.000000 0.000000 0.000796 0.000000 0.000000
48 0.476830 0.000000 -0.000000 0.000000 0.000000 3.141593
49 -1.754735 0.003499 1.525858 -0.000003 -3.141592 -0.100796
50 0.416332 -0.000000 0.000000 0.000000 -0.000000 -0.200000
51 0.416333 0.000000 0.000000 0.000000 0.000000 0.100000
52 0.095757 2.258270 -0.000000 -0.000000 0.000000 1.570796
53 0.012490 0.000000 0.000000 0.000000 0.000000 3.141593
54 -1.754735 0.003507 -1.525858 -0.000003 -3.141592 -0.100796
55 0.416333 -0.000000 0.000000 0.000000 -0.000000 -0.200000
56 0.416333 0.000000 0.000000 0.000000 0.000000 0.100000
57 0.095756 2.258270 0.000000 0.000000 -0.000000 1.570796
58 0.012490 0.000000 0.000000 0.000000 0.000000 0.000000
time 27
0 -0.002617 0.000001 -5.892893 0.000000 0.000000 -1.001119
1 -0.000000 0.000000 -0.924262 0.000000 0.000000 1.001119
2 -0.000000 0.000000 0.000000 -1.570795 -1.570796 0.000000
3 1.754737 -0.002106 0.000003 -0.000004 -0.000001 0.000796
4 2.644818 -0.004214 0.000742 -0.174420 0.000138 -0.000012
5 5.372973 -0.003661 0.000286 -0.077821 -0.020871 -0.067124
6 4.622900 -0.001142 -0.000016 0.014144 0.111247 0.173470
7 1.455385 0.000000 -0.000000 -0.333733 -0.061908 0.122066
8 6.329875 -0.000000 -0.000000 0.000000 0.000000 0.000000
9 2.995308 1.987698 -0.864473 -3.141592 -0.000001 1.407923
10 0.458379 0.000001 0.000000 0.000000 -0.000000 0.000000
11 2.995308 1.987696 0.870889 -3.141592 -0.000001 1.407923
12 0.458379 0.000001 0.000000 0.000000 -0.000000 0.000000
13 3.078268 1.929374 0.855017 1.547493 -0.743749 1.442334
14 0.664102 -0.000000 0.000000 0.000000 0.000000 0.000000
15 3.083701 1.962442 0.858416 1.570797 -0.011562 1.407923
16 0.559829 -0.000000 -0.000001 0.000000 0.000000 0.000000
17 3.078100 1.931618 0.863325 -0.051183 -2.462692 -1.026784
18 0.682540 -0.000001 -0.000000 0.000000 0.000000 0.000000
19 3.061352 1.933510 0.862958 -1.459740 2.642219 -1.518602
20 0.679195 0.000000 -0.000000 0.000000 0.000000 0.000000
21 3.081031 1.929497 0.865757 -0.000000 -3.141591 -1.071653
22 0.675653 0.000001 -0.000000 0.000000 0.000000 0.000000
23 3.066324 1.936762 0.868039 0.000000 2.615510 -1.100106
24 0.658071 0.000001 -0.000000 -0.000000 0.000000 0.000000
25 2.989678 1.934948 -0.857062 -0.000000 2.405158 -1.244421
26 0.578150 -0.000001 -0.000000 0.000000 0.000000 0.000000
27 2.979571 1.967334 -0.884714 -0.000000 -3.141591 -1.252624
28 0.518766 -0.000000 -0.000000 0.000000 0.000000 0.000000
29 2.978725 1.983216 -0.860808 -0.016269 -2.767885 -1.233359
30 0.535335 -0.000000 0.000000 0.000000 0.000000 0.000000
31 2.983528 1.967234 -0.884390 1.456493 0.640130 1.182185
32 0.444524 0.000000 0.000000 -0.000000 -0.000000 -0.000000
33 2.986611 1.992943 -0.875042 1.588345 -0.427771 1.365644
34 0.479990 -0.000000 -0.000001 0.000000 0.000000 0.000000
35 2.975851 1.966180 -0.894208 -3.141592 -0.000001 1.251407
36 0.533030 0.000000 -0.000000 0.000000 0.000000 0.000000
37 -1.575327 0.231322 2.819829 0.062700 -1.168020 2.907357
38 2.707293 0.000000 -0.000000 -0.119416 0.692189 0.176285
39 10.066723 -0.000000 -0.000000 0.000000 0.000000 -0.200000
40 4.577572 0.000000 0.000000 -1.570000 0.000000 -0.000000
41 1.907323 -0.000000 -0.000000 -0.000796 -0.000000 0.000000
42 0.476830 -0.000000 -0.000000 0.000000 0.000000 0.000000
43 -0.913607 0.147559 -3.103217 -0.175526 1.367849 2.799781
44 2.707294 0.000000 0.000000 -0.238399 -0.702960 -0.030696
45 10.066723 0.000000 0.000000 0.000000 -0.000000 -0.200000
46 4.577573 -0.000000 0.000000 1.570000 0.000000 0.000000
47 1.907322 0.000000 -0.000000 0.000796 -0.000000 -0.000000
48 0.476830 0.000000 -0.000000 0.000000 0.000000 3.141593
49 -1.754735 0.003499 1.525858 -0.000003 -3.141592 -0.100796
50 0.416332 -0.000000 0.000000 0.000000 -0.000000 -0.200000
51 0.416333 0.000000 0.000000 0.000000 0.000000 0.100000
52 0.095757 2.258270 -0.000000 -0.000000 0.000000 1.570796
53 0.012490 0.000000 0.000000 0.000000 0.000000 3.141593
54 -1.754735 0.003507 -1.525858 -0.000003 -3.141592 -0.100796
55 0.416333 -0.000000 0.000000 0.000000 -0.000000 -0.200000
56 0.416333 0.000000 0.000000 0.000000 0.000000 0.100000
57 0.095756 2.258270 0.000000 0.000000 -0.000000 1.570796
58 0.012490 0.000000 0.000000 0.000000 0.000000 0.000000
time 28
0 -0.002617 0.000001 -5.892893 0.000000 0.000000 -1.001119
1 -0.000000 0.000000 -0.924262 0.000000 0.000000 1.001119
2 -0.000000 0.000000 0.000000 -1.570795 -1.570796 0.000000
3 1.754737 -0.002106 0.000003 -0.000004 -0.000001 0.000639
4 2.644802 -0.004220 0.000703 -0.165131 -0.000478 -0.003561
5 5.372955 -0.003659 0.000290 -0.078888 -0.022805 -0.072105
6 4.622901 -0.001142 -0.000016 0.014144 0.111247 0.173470
7 1.455384 -0.000000 -0.000000 -0.326052 0.006897 0.108322
8 6.329874 -0.000000 -0.000000 0.000000 0.000000 0.000000
9 2.995308 1.987698 -0.864473 -3.141592 -0.000001 1.407923
10 0.458379 0.000001 0.000000 -0.000000 0.000000 -0.000000
11 2.995308 1.987696 0.870890 -3.141592 -0.000001 1.407923
12 0.458379 0.000001 0.000000 -0.000000 0.000000 -0.000000
13 3.078268 1.929374 0.855018 1.547494 -0.743749 1.442334
14 0.664102 0.000000 0.000001 0.000000 0.000000 0.000000
15 3.083701 1.962442 0.858416 1.570797 -0.011562 1.407923
16 0.559829 -0.000000 -0.000001 0.000000 0.000000 0.000000
17 3.078100 1.931617 0.863325 -0.051183 -2.462692 -1.026784
18 0.682539 -0.000000 -0.000000 0.000000 -0.000000 0.000000
19 3.061352 1.933510 0.862958 -1.459740 2.642219 -1.518602
20 0.679194 -0.000000 0.000000 0.000000 0.000000 0.000000
21 3.081031 1.929497 0.865757 -0.000000 -3.141591 -1.071653
22 0.675652 0.000001 -0.000000 0.000000 0.000000 0.000000
23 3.066324 1.936762 0.868039 0.000000 2.615510 -1.100106
24 0.658072 0.000001 -0.000000 -0.000000 0.000000 0.000000
25 2.989677 1.934948 -0.857062 -0.000000 2.405157 -1.244421
26 0.578150 -0.000001 -0.000000 0.000000 0.000000 0.000000
27 2.979570 1.967334 -0.884714 -0.000000 -3.141591 -1.252624
28 0.518765 0.000000 -0.000000 0.000000 0.000000 0.000000
29 2.978725 1.983216 -0.860808 -0.016269 -2.767885 -1.233359
30 0.535335 0.000000 -0.000000 0.000000 0.000000 0.000000
31 2.983527 1.967234 -0.884390 1.456493 0.640130 1.182185
32 0.444524 -0.000000 0.000000 0.000000 -0.000000 -0.000000
33 2.986611 1.992943 -0.875042 1.588345 -0.427771 1.365644
34 0.479990 -0.000000 -0.000000 0.000000 0.000000 0.000000
35 2.975850 1.966180 -0.894208 -3.141592 -0.000001 1.251407
36 0.533030 -0.000000 -0.000000 0.000000 0.000000 0.000000
37 -1.575328 0.231322 2.819829 0.050607 -1.168513 2.919013
38 2.707293 0.000000 -0.000000 -0.101991 0.694192 0.179623
39 10.066723 -0.000000 -0.000000 0.000000 -0.000000 -0.200000
40 4.577572 0.000000 -0.000001 -1.570000 0.000000 0.000000
41 1.907321 0.000000 0.000000 -0.000796 0.000000 -0.000000
42 0.476830 -0.000000 -0.000000 0.000000 0.000000 0.000000
43 -0.913608 0.147559 -3.103217 -0.152347 1.368823 2.821944
44 2.707294 0.000000 -0.000000 -0.251200 -0.707575 -0.013630
45 10.066723 0.000000 0.000001 -0.000000 0.000000 -0.200000
46 4.577573 0.000000 0.000000 1.570000 0.000000 -0.000000
47 1.907322 -0.000000 -0.000000 0.000796 0.000000 0.000000
48 0.476831 0.000000 -0.000000 0.000000 0.000000 3.141593
49 -1.754735 0.003223 1.525858 -0.000003 -3.141592 -0.100639
50 0.416332 -0.000000 0.000000 0.000000 -0.000000 -0.200000
51 0.416333 0.000000 0.000000 0.000000 0.000000 0.100000
52 0.095757 2.258270 -0.000000 -0.000000 0.000000 1.570796
53 0.012490 0.000000 0.000000 0.000000 0.000000 3.141593
54 -1.754735 0.003231 -1.525858 -0.000003 -3.141592 -0.100639
55 0.416333 -0.000000 0.000000 0.000000 -0.000000 -0.200000
56 0.416333 0.000000 0.000000 0.000000 0.000000 0.100000
57 0.095756 2.258270 0.000000 0.000000 -0.000000 1.570796
58 0.012490 0.000000 0.000000 0.000000 0.000000 0.000000
time 29
0 -0.002617 0.000001 -5.892893 0.000000 0.000000 -1.001119
1 -0.000000 0.000000 -0.924262 0.000000 0.000000 1.001119
2 -0.000000 0.000000 0.000000 -1.570795 -1.570796 0.000000
3 1.754736 -0.002106 0.000003 -0.000004 -0.000001 0.000224
4 2.644785 -0.004224 0.000678 -0.159063 -0.001132 -0.007484
5 5.372932 -0.003657 0.000292 -0.079546 -0.023603 -0.078188
6 4.622900 -0.001142 -0.000016 0.014144 0.111247 0.173470
7 1.455384 0.000000 -0.000000 -0.319565 0.050140 0.107867
8 6.329875 -0.000000 0.000000 0.000000 0.000000 0.000000
9 2.995308 1.987698 -0.864472 -3.141592 -0.000001 1.407923
10 0.458379 0.000001 -0.000000 0.000000 0.000000 0.000000
11 2.995308 1.987695 0.870890 -3.141592 -0.000001 1.407923
12 0.458379 0.000001 -0.000000 0.000000 0.000000 0.000000
13 3.078268 1.929374 0.855018 1.547494 -0.743749 1.442334
14 0.664102 -0.000000 -0.000000 0.000000 0.000000 0.000000
15 3.083701 1.962442 0.858416 1.570797 -0.011562 1.407923
16 0.559829 -0.000000 -0.000001 0.000000 0.000000 0.000000
17 3.078101 1.931617 0.863325 -0.051183 -2.462692 -1.026784
18 0.682539 0.000000 -0.000000 0.000000 -0.000000 0.000000
19 3.061352 1.933510 0.862958 -1.459740 2.642219 -1.518602
20 0.679194 0.000000 0.000001 0.000000 0.000000 0.000000
21 3.081032 1.929496 0.865757 -0.000000 -3.141591 -1.071653
22 0.675652 0.000001 -0.000000 0.000000 0.000000 0.000000
23 3.066324 1.936762 0.868039 0.000000 2.615510 -1.100106
24 0.658072 0.000001 -0.000000 -0.000000 0.000000 0.000000
25 2.989677 1.934948 -0.857061 -0.000000 2.405158 -1.244421
26 0.578150 -0.000000 -0.000000 0.000000 0.000000 0.000000
27 2.979570 1.967334 -0.884714 -0.000000 -3.141591 -1.252624
28 0.518766 -0.000000 -0.000000 0.000000 0.000000 0.000000
29 2.978725 1.983216 -0.860808 -0.016269 -2.767885 -1.233359
30 0.535335 0.000000 -0.000000 0.000000 0.000000 0.000000
31 2.983528 1.967234 -0.884390 1.456493 0.640130 1.182186
32 0.444524 -0.000000 0.000000 0.000000 -0.000000 -0.000000
33 2.986610 1.992943 -0.875042 1.588345 -0.427771 1.365644
34 0.479990 -0.000000 -0.000000 0.000000 0.000000 0.000000
35 2.975851 1.966180 -0.894208 -3.141592 -0.000001 1.251407
36 0.533030 -0.000000 -0.000000 0.000000 0.000000 0.000000
37 -1.575327 0.231321 2.819829 0.034134 -1.169094 2.934894
38 2.707293 0.000000 -0.000000 -0.081872 0.696160 0.187168
39 10.066723 0.000000 -0.000000 -0.000000 -0.000000 -0.200000
40 4.577571 0.000001 -0.000000 -1.570000 0.000000 0.000000
41 1.907322 -0.000000 -0.000000 -0.000796 0.000000 -0.000000
42 0.476830 -0.000000 0.000000 0.000000 0.000000 0.000000
43 -0.913608 0.147559 -3.103217 -0.120524 1.369980 2.852388
44 2.707293 -0.000000 -0.000000 -0.268604 -0.710066 0.003262
45 10.066722 -0.000001 0.000001 -0.000000 0.000000 -0.200000
46 4.577572 0.000001 0.000000 1.570000 -0.000000 0.000000
47 1.907322 -0.000000 0.000000 0.000796 -0.000000 -0.000000
48 0.476830 0.000000 0.000000 0.000000 0.000000 3.141593
49 -1.754735 0.002495 1.525858 -0.000003 -3.141592 -0.100224
50 0.416332 -0.000000 0.000000 0.000000 -0.000000 -0.200000
51 0.416333 0.000000 0.000000 0.000000 0.000000 0.100000
52 0.095757 2.258270 -0.000000 -0.000000 0.000000 1.570796
53 0.012490 0.000000 0.000000 0.000000 0.000000 3.141593
54 -1.754735 0.002503 -1.525858 -0.000003 -3.141592 -0.100224
55 0.416333 -0.000000 0.000000 0.000000 -0.000000 -0.200000
56 0.416333 0.000000 0.000000 0.000000 0.000000 0.100000
57 0.095756 2.258270 0.000000 0.000000 -0.000000 1.570796
58 0.012490 0.000000 0.000000 0.000000 0.000000 0.000000
time 30
0 -0.002617 0.000001 -5.892893 0.000000 0.000000 -1.001119
1 -0.000000 0.000000 -0.924262 0.000000 0.000000 1.001119
2 -0.000000 0.000000 0.000000 -1.570795 -1.570796 0.000000
3 1.754735 -0.002106 0.000003 -0.000004 -0.000001 -0.000363
4 2.644767 -0.004226 0.000664 -0.155755 -0.001825 -0.011703
5 5.372908 -0.003655 0.000294 -0.079863 -0.023428 -0.085077
6 4.622901 -0.001142 -0.000016 0.014144 0.111247 0.173470
7 1.455385 -0.000000 -0.000000 -0.312709 0.067233 0.124788
8 6.329874 0.000000 -0.000000 0.000000 0.000000 0.000000
9 2.995308 1.987698 -0.864472 -3.141592 -0.000001 1.407923
10 0.458379 -0.000000 0.000000 0.000000 -0.000000 0.000000
11 2.995308 1.987696 0.870890 -3.141592 -0.000001 1.407923
12 0.458379 0.000000 0.000000 0.000000 -0.000000 0.000000
13 3.078268 1.929374 0.855018 1.547493 -0.743749 1.442334
14 0.664102 -0.000000 -0.000000 0.000000 0.000000 0.000000
15 3.083701 1.962442 0.858417 1.570797 -0.011562 1.407923
16 0.559829 -0.000000 -0.000000 0.000000 0.000000 0.000000
17 3.078101 1.931618 0.863325 -0.051183 -2.462692 -1.026784
18 0.682539 0.000001 -0.000000 0.000000 -0.000000 0.000000
19 3.061353 1.933510 0.862958 -1.459740 2.642219 -1.518602
20 0.679195 -0.000000 -0.000000 0.000000 -0.000000 0.000000
21 3.081032 1.929497 0.865757 -0.000000 -3.141591 -1.071653
22 0.675652 0.000000 -0.000000 0.000000 0.000000 0.000000
23 3.066324 1.936762 0.868039 0.000000 2.615510 -1.100106
24 0.658071 0.000001 -0.000000 -0.000000 -0.000000 0.000000
25 2.989678 1.934948 -0.857061 -0.000000 2.405157 -1.244421
26 0.578150 -0.000000 -0.000000 0.000000 0.000000 0.000000
27 2.979571 1.967334 -0.884714 -0.000000 -3.141591 -1.252624
28 0.518765 -0.000000 -0.000000 0.000000 0.000000 0.000000
29 2.978725 1.983216 -0.860808 -0.016269 -2.767885 -1.233359
30 0.535335 0.000000 -0.000000 0.000000 0.000000 0.000000
31 2.983528 1.967234 -0.884390 1.456493 0.640130 1.182185
32 0.444524 -0.000000 0.000001 0.000000 -0.000000 -0.000000
33 2.986611 1.992943 -0.875042 1.588345 -0.427771 1.365644
34 0.479990 -0.000000 -0.000001 0.000000 0.000000 0.000000
35 2.975850 1.966180 -0.894208 -3.141592 -0.000001 1.251407
36 0.533030 0.000001 -0.000000 0.000000 0.000000 0.000000
37 -1.575327 0.231322 2.819829 0.012857 -1.169692 2.955413
38 2.707293 0.000000 0.000000 -0.059372 0.697668 0.198107
39 10.066722 0.000000 -0.000001 0.000000 0.000000 -0.200000
40 4.577572 0.000000 -0.000001 -1.570000 -0.000000 -0.000000
41 1.907322 0.000000 -0.000000 -0.000796 -0.000000 0.000000
42 0.476830 -0.000000 0.000000 0.000000 0.000000 0.000000
43 -0.913607 0.147559 -3.103217 -0.079059 1.371181 2.892081
44 2.707293 0.000000 0.000000 -0.289882 -0.710373 0.019633
45 10.066722 -0.000000 0.000000 -0.000000 0.000000 -0.200000
46 4.577572 0.000000 0.000000 1.570000 0.000000 0.000000
47 1.907322 0.000000 0.000000 0.000796 -0.000000 0.000000
48 0.476830 0.000000 0.000000 0.000000 0.000000 3.141593
49 -1.754736 0.001465 1.525858 -0.000003 -3.141592 -0.099637
50 0.416332 -0.000000 0.000000 0.000000 -0.000000 -0.200000
51 0.416333 0.000000 0.000000 0.000000 0.000000 0.100000
52 0.095757 2.258270 -0.000000 -0.000000 0.000000 1.570796
53 0.012490 0.000000 0.000000 0.000000 0.000000 3.141593
54 -1.754735 0.001474 -1.525858 -0.000003 -3.141592 -0.099637
55 0.416333 -0.000000 0.000000 0.000000 -0.000000 -0.200000
56 0.416333 0.000000 0.000000 0.000000 0.000000 0.100000
57 0.095756 2.258270 0.000000 0.000000 -0.000000 1.570796
58 0.012490 0.000000 0.000000 0.000000 0.000000 0.000000
time 31
0 -0.002617 0.000001 -5.892893 0.000000 0.000000 -1.001119
1 -0.000000 0.000000 -0.924262 0.000000 0.000000 1.001119
2 -0.000000 0.000000 0.000000 -1.570795 -1.570796 0.000000
3 1.754733 -0.002106 0.000003 -0.000004 -0.000001 -0.001035
4 2.644748 -0.004227 0.000659 -0.154747 -0.002556 -0.016137
5 5.372880 -0.003653 0.000294 -0.079905 -0.022442 -0.092470
6 4.622900 -0.001142 -0.000016 0.014144 0.111247 0.173470
7 1.455385 0.000000 0.000000 -0.303880 0.068577 0.155455
8 6.329874 0.000000 0.000000 0.000000 0.000000 0.000000
9 2.995308 1.987698 -0.864472 -3.141592 -0.000001 1.407923
10 0.458379 -0.000000 -0.000000 -0.000000 -0.000000 0.000000
11 2.995308 1.987696 0.870890 -3.141592 -0.000001 1.407923
12 0.458379 0.000001 -0.000000 -0.000000 -0.000000 0.000000
13 3.078268 1.929374 0.855018 1.547494 -0.743749 1.442334
14 0.664102 -0.000000 -0.000000 0.000000 0.000000 0.000000
15 3.083701 1.962442 0.858417 1.570797 -0.011562 1.407923
16 0.559829 -0.000000 -0.000000 0.000000 0.000000 0.000000
17 3.078100 1.931618 0.863325 -0.051183 -2.462692 -1.026784
18 0.682539 0.000000 -0.000000 0.000000 -0.000000 0.000000
19 3.061353 1.933510 0.862958 -1.459740 2.642219 -1.518602
20 0.679194 -0.000000 -0.000001 0.000000 -0.000000 0.000000
21 3.081032 1.929496 0.865757 -0.000000 -3.141591 -1.071653
22 0.675653 0.000000 -0.000000 0.000000 0.000000 0.000000
23 3.066324 1.936762 0.868039 0.000000 2.615510 -1.100106
24 0.658072 0.000000 -0.000000 -0.000000 0.000000 0.000000
25 2.989677 1.934948 -0.857061 -0.000000 2.405158 -1.244421
26 0.578150 -0.000000 0.000000 0.000000 0.000000 0.000000
27 2.979570 1.967334 -0.884714 -0.000000 -3.141591 -1.252624
28 0.518766 -0.000000 -0.000000 0.000000 0.000000 0.000000
29 2.978726 1.983216 -0.860808 -0.016269 -2.767885 -1.233359
30 0.535335 -0.000001 0.000000 0.000000 0.000000 0.000000
31 2.983528 1.967234 -0.884390 1.456493 0.640130 1.182185
32 0.444524 0.000000 0.000000 -0.000000 -0.000000 -0.000000
33 2.986611 1.992943 -0.875042 1.588345 -0.427771 1.365644
34 0.479990 0.000000 0.000000 0.000000 0.000000 0.000000
35 2.975851 1.966180 -0.894208 -3.141592 -0.000001 1.251407
36 0.533030 0.000001 -0.000000 0.000000 0.000000 0.000000
37 -1.575327 0.231322 2.819829 -0.013644 -1.170196 2.980977
38 2.707293 0.000000 -0.000000 -0.034821 0.698293 0.211596
39 10.066721 -0.000000 -0.000000 0.000000 0.000000 -0.200000
40 4.577572 0.000000 -0.000000 -1.570000 0.000000 -0.000000
41 1.907322 0.000000 -0.000000 -0.000796 0.000000 -0.000000
42 0.476831 0.000000 0.000000 0.000000 0.000000 0.000000
43 -0.913607 0.147559 -3.103217 -0.026973 1.372214 2.941970
44 2.707293 0.000000 0.000000 -0.314272 -0.708465 0.035087
45 10.066723 -0.000000 -0.000000 0.000000 0.000000 -0.200000
46 4.577571 -0.000000 0.000001 1.570000 0.000000 -0.000000
47 1.907323 0.000000 0.000000 0.000796 -0.000000 -0.000000
48 0.476830 0.000000 0.000000 0.000000 0.000000 3.141593
49 -1.754734 0.000285 1.525858 -0.000003 -3.141592 -0.098965
50 0.416332 -0.000000 0.000000 0.000000 -0.000000 -0.200000
51 0.416333 0.000000 0.000000 0.000000 0.000000 0.100000
52 0.095757 2.258270 -0.000000 -0.000000 0.000000 1.570796
53 0.012490 0.000000 0.000000 0.000000 0.000000 3.141593
54 -1.754734 0.000293 -1.525858 -0.000003 -3.141592 -0.098965
55 0.416333 -0.000000 0.000000 0.000000 -0.000000 -0.200000
56 0.416333 0.000000 0.000000 0.000000 0.000000 0.100000
57 0.095756 2.258270 0.000000 0.000000 -0.000000 1.570796
58 0.012490 0.000000 0.000000 0.000000 0.000000 0.000000
time 32
0 -0.002617 0.000001 -5.892893 0.000000 0.000000 -1.001119
1 -0.000000 0.000000 -0.924262 0.000000 0.000000 1.001119
2 -0.000000 0.000000 0.000000 -1.570795 -1.570796 0.000000
3 1.754732 -0.002106 0.000003 -0.000004 -0.000001 -0.001708
4 2.644728 -0.004226 0.000663 -0.155577 -0.003323 -0.020708
5 5.372852 -0.003650 0.000293 -0.079739 -0.020807 -0.100069
6 4.622900 -0.001142 -0.000016 0.014144 0.111247 0.173470
7 1.455384 -0.000000 0.000000 -0.294436 0.058180 0.192344
8 6.329875 -0.000000 0.000000 0.000000 0.000000 0.000000
9 2.995308 1.987698 -0.864472 -3.141592 -0.000001 1.407923
10 0.458379 0.000001 0.000000 0.000000 -0.000000 -0.000000
11 2.995308 1.987696 0.870890 -3.141592 -0.000001 1.407923
12 0.458379 0.000000 0.000000 0.000000 -0.000000 -0.000000
13 3.078268 1.929375 0.855018 1.547494 -0.743749 1.442334
14 0.664102 -0.000000 0.000000 0.000000 0.000000 0.000000
15 3.083701 1.962442 0.858417 1.570797 -0.011562 1.407923
16 0.559829 0.000000 0.000000 0.000000 0.000000 0.000000
17 3.078100 1.931618 0.863325 -0.051183 -2.462692 -1.026784
18 0.682539 0.000000 0.000000 0.000000 -0.000000 0.000000
19 3.061353 1.933510 0.862958 -1.459740 2.642219 -1.518602
20 0.679194 -0.000000 -0.000000 0.000000 0.000000 0.000000
21 3.081031 1.929497 0.865757 -0.000000 -3.141591 -1.071653
22 0.675653 0.000000 -0.000000 0.000000 0.000000 0.000000
23 3.066324 1.936762 0.868039 0.000000 2.615510 -1.100105
24 0.658072 0.000000 0.000000 -0.000000 0.000000 0.000000
25 2.989677 1.934948 -0.857061 -0.000000 2.405158 -1.244421
26 0.578150 -0.000001 -0.000000 0.000000 0.000000 0.000000
27 2.979570 1.967334 -0.884714 -0.000000 -3.141591 -1.252624
28 0.518766 0.000000 -0.000000 0.000000 0.000000 0.000000
29 2.978725 1.983216 -0.860808 -0.016269 -2.767885 -1.233359
30 0.535334 -0.000000 -0.000000 0.000000 0.000000 0.000000
31 2.983528 1.967234 -0.884390 1.456493 0.640130 1.182185
32 0.444524 -0.000000 0.000001 0.000000 0.000000 -0.000000
33 2.986611 1.992943 -0.875042 1.588345 -0.427771 1.365644
34 0.479990 0.000000 -0.000001 0.000000 0.000000 0.000000
35 2.975851 1.966180 -0.894208 -3.141592 -0.000001 1.251407
36 0.533030 -0.000000 -0.000000 0.000000 0.000000 0.000000
37 -1.575327 0.231322 2.819829 -0.071430 -1.168068 3.036695
38 2.707293 0.000000 -0.000000 -0.000403 0.694038 0.226712
39 10.066724 -0.000000 -0.000001 -0.000000 -0.000000 -0.200000
40 4.577572 0.000001 -0.000000 -1.570000 0.000000 -0.000000
41 1.907322 0.000000 0.000000 -0.000796 -0.000000 0.000000
42 0.476830 0.000000 -0.000000 0.000000 0.000000 0.000000
43 -0.913608 0.147559 -3.103217 0.087170 1.370359 3.051298
44 2.707293 0.000000 -0.000000 -0.348444 -0.700158 0.048782
45 10.066723 -0.000001 0.000001 -0.000000 0.000000 -0.200000
46 4.577572 0.000000 0.000000 1.570000 0.000000 0.000000
47 1.907322 0.000000 -0.000000 0.000796 -0.000000 0.000000
48 0.476830 -0.000000 -0.000000 0.000000 0.000000 3.141593
49 -1.754733 -0.000895 1.525858 -0.000003 -3.141592 -0.098292
50 0.416332 -0.000000 0.000000 0.000000 -0.000000 -0.200000
51 0.416333 0.000000 0.000000 0.000000 0.000000 0.100000
52 0.095757 2.258270 -0.000000 -0.000000 0.000000 1.570796
53 0.012490 0.000000 0.000000 0.000000 0.000000 3.141593
54 -1.754733 -0.000887 -1.525858 -0.000003 -3.141592 -0.098292
55 0.416333 -0.000000 0.000000 0.000000 -0.000000 -0.200000
56 0.416333 0.000000 0.000000 0.000000 0.000000 0.100000
57 0.095756 2.258270 0.000000 0.000000 -0.000000 1.570796
58 0.012490 0.000000 0.000000 0.000000 0.000000 0.000000
time 33
0 -0.002617 0.000001 -5.892893 0.000000 0.000000 -1.001119
1 -0.000000 0.000000 -0.924262 0.000000 0.000000 1.001119
2 -0.000000 0.000000 0.000000 -1.570795 -1.570796 0.000000
3 1.754731 -0.002106 0.000003 -0.000004 -0.000001 -0.002295
4 2.644708 -0.004224 0.000672 -0.157786 -0.004121 -0.025337
5 5.372827 -0.003647 0.000292 -0.079429 -0.018689 -0.107572
6 4.622901 -0.001142 -0.000016 0.014144 0.111247 0.173470
7 1.455385 0.000000 0.000000 -0.285690 0.040179 0.227935
8 6.329874 0.000000 -0.000000 0.000000 0.000000 0.000000
9 2.995308 1.987698 -0.864472 -3.141592 -0.000001 1.407923
10 0.458379 0.000000 0.000000 -0.000000 0.000000 -0.000000
11 2.995308 1.987696 0.870890 -3.141592 -0.000001 1.407923
12 0.458379 0.000000 0.000000 -0.000000 0.000000 -0.000000
13 3.078269 1.929374 0.855018 1.547494 -0.743749 1.442334
14 0.664102 -0.000000 0.000000 0.000000 0.000000 0.000000
15 3.083701 1.962442 0.858416 1.570797 -0.011562 1.407923
16 0.559829 -0.000000 0.000000 0.000000 0.000000 0.000000
17 3.078100 1.931618 0.863325 -0.051183 -2.462692 -1.026784
18 0.682539 0.000001 -0.000000 0.000000 0.000000 0.000000
19 3.061352 1.933510 0.862958 -1.459740 2.642219 -1.518602
20 0.679195 -0.000000 0.000000 0.000000 -0.000000 0.000000
21 3.081031 1.929497 0.865757 -0.000000 -3.141591 -1.071653
22 0.675653 0.000001 -0.000000 0.000000 0.000000 0.000000
23 3.066324 1.936762 0.868039 0.000000 2.615510 -1.100106
24 0.658072 0.000000 -0.000000 -0.000000 0.000000 0.000000
25 2.989677 1.934948 -0.857061 -0.000000 2.405158 -1.244421
26 0.578150 -0.000001 0.000000 0.000000 0.000000 0.000000
27 2.979571 1.967334 -0.884714 -0.000000 -3.141591 -1.252624
28 0.518765 0.000001 -0.000000 0.000000 0.000000 0.000000
29 2.978725 1.983216 -0.860808 -0.016269 -2.767885 -1.233359
30 0.535335 -0.000001 0.000000 0.000000 0.000000 0.000000
31 2.983527 1.967234 -0.884390 1.456493 0.640130 1.182185
32 0.444524 -0.000000 0.000000 0.000000 -0.000000 -0.000000
33 2.986611 1.992943 -0.875042 1.588345 -0.427771 1.365644
34 0.479990 -0.000000 -0.000001 0.000000 0.000000 0.000000
35 2.975851 1.966180 -0.894208 -3.141592 -0.000001 1.251407
36 0.533030 0.000000 -0.000000 0.000000 0.000000 0.000000
37 -1.575327 0.231322 2.819829 -0.172995 -1.159675 3.134402
38 2.707293 0.000000 -0.000000 0.047529 0.681387 0.241964
39 10.066723 0.000000 -0.000001 -0.000000 -0.000000 -0.200000
40 4.577572 0.000000 0.000001 -1.570000 0.000000 -0.000000
41 1.907322 0.000000 0.000000 -0.000796 0.000000 -0.000000
42 0.476831 0.000000 0.000000 0.000000 0.000000 0.000000
43 -0.913608 0.147559 -3.103217 0.281188 1.359602 -3.046671
44 2.707293 0.000000 0.000000 -0.395001 -0.682277 0.059034
45 10.066724 -0.000000 0.000000 -0.000000 0.000000 -0.200000
46 4.577572 0.000000 -0.000000 1.570000 0.000000 -0.000000
47 1.907322 0.000000 -0.000000 0.000796 0.000000 0.000000
48 0.476831 0.000000 -0.000000 0.000000 0.000000 3.141593
49 -1.754731 -0.001925 1.525858 -0.000003 -3.141592 -0.097705
50 0.416332 -0.000000 0.000000 0.000000 -0.000000 -0.200000
51 0.416333 0.000000 0.000000 0.000000 0.000000 0.100000
52 0.095757 2.258270 -0.000000 -0.000000 0.000000 1.570796
53 0.012490 0.000000 0.000000 0.000000 0.000000 3.141593
54 -1.754731 -0.001916 -1.525858 -0.000003 -3.141592 -0.097705
55 0.416333 -0.000000 0.000000 0.000000 -0.000000 -0.200000
56 0.416333 0.000000 0.000000 0.000000 0.000000 0.100000
57 0.095756 2.258270 0.000000 0.000000 -0.000000 1.570796
58 0.012490 0.000000 0.000000 0.000000 0.000000 0.000000
time 34
0 -0.002617 0.000001 -5.892893 0.000000 0.000000 -1.001119
1 -0.000000 0.000000 -0.924262 0.000000 0.000000 1.001119
2 -0.000000 0.000000 0.000000 -1.570795 -1.570796 0.000000
3 1.754730 -0.002106 0.000003 -0.000004 -0.000001 -0.002710
4 2.644688 -0.004221 0.000685 -0.160912 -0.004940 -0.029947
5 5.372801 -0.003645 0.000291 -0.079033 -0.016250 -0.114680
6 4.622900 -0.001142 -0.000016 0.014144 0.111247 0.173470
7 1.455385 -0.000000 -0.000000 -0.278489 0.018883 0.254825
8 6.329875 -0.000000 0.000000 0.000000 0.000000 0.000000
9 2.995308 1.987698 -0.864472 -3.141592 -0.000001 1.407923
10 0.458379 0.000000 -0.000000 0.000000 -0.000000 -0.000000
11 2.995308 1.987695 0.870890 -3.141592 -0.000001 1.407923
12 0.458379 0.000000 0.000000 0.000000 -0.000000 -0.000000
13 3.078268 1.929374 0.855018 1.547494 -0.743749 1.442334
14 0.664102 -0.000000 -0.000000 0.000000 0.000000 0.000000
15 3.083701 1.962442 0.858417 1.570797 -0.011562 1.407923
16 0.559829 -0.000000 0.000000 0.000000 0.000000 0.000000
17 3.078100 1.931617 0.863325 -0.051183 -2.462692 -1.026784
18 0.682539 0.000000 0.000000 0.000000 -0.000000 0.000000
19 3.061353 1.933510 0.862958 -1.459740 2.642219 -1.518602
20 0.679195 -0.000000 -0.000000 0.000000 0.000000 0.000000
21 3.081032 1.929496 0.865757 -0.000000 -3.141591 -1.071653
22 0.675653 0.000001 -0.000000 0.000000 0.000000 0.000000
23 3.066323 1.936762 0.868039 0.000000 2.615510 -1.100106
24 0.658072 0.000001 -0.000000 -0.000000 0.000000 0.000000
25 2.989677 1.934948 -0.857061 -0.000000 2.405157 -1.244421
26 0.578150 -0.000000 0.000000 0.000000 0.000000 0.000000
27 2.979570 1.967334 -0.884714 -0.000000 -3.141591 -1.252624
28 0.518766 -0.000001 -0.000000 0.000000 0.000000 0.000000
29 2.978725 1.983216 -0.860808 -0.016269 -2.767885 -1.233359
30 0.535335 -0.000000 -0.000000 0.000000 0.000000 0.000000
31 2.983528 1.967234 -0.884390 1.456493 0.640130 1.182185
32 0.444524 -0.000000 0.000000 0.000000 -0.000000 -0.000000
33 2.986611 1.992943 -0.875042 1.588345 -0.427771 1.365644
34 0.479990 -0.000000 0.000000 0.000000 0.000000 0.000000
35 2.975850 1.966180 -0.894208 -3.141592 -0.000001 1.251407
36 0.533030 0.000000 -0.000000 0.000000 0.000000 0.000000
37 -1.575327 0.231322 2.819829 -0.296854 -1.143620 -3.030109
38 2.707293 0.000000 -0.000000 0.102204 0.661080 0.255379
39 10.066723 -0.000000 0.000000 0.000000 0.000000 -0.200000
40 4.577572 0.000000 0.000001 -1.570000 0.000000 -0.000000
41 1.907322 -0.000000 -0.000000 -0.000796 0.000000 0.000000
42 0.476831 0.000000 -0.000000 0.000000 0.000000 0.000000
43 -0.913607 0.147559 -3.103217 0.496380 1.336379 -2.843036
44 2.707293 -0.000000 -0.000000 -0.447171 -0.656785 0.064192
45 10.066723 -0.000000 0.000001 0.000000 0.000000 -0.200000
46 4.577571 0.000000 0.000001 1.570000 -0.000000 -0.000000
47 1.907322 0.000000 0.000000 0.000796 0.000000 -0.000000
48 0.476831 -0.000000 -0.000000 0.000000 0.000000 3.141593
49 -1.754729 -0.002653 1.525858 -0.000003 -3.141592 -0.097290
50 0.416332 -0.000000 0.000000 0.000000 -0.000000 -0.200000
51 0.416333 0.000000 0.000000 0.000000 0.000000 0.100000
52 0.095757 2.258270 -0.000000 -0.000000 0.000000 1.570796
53 0.012490 0.000000 0.000000 0.000000 0.000000 3.141593
54 -1.754729 -0.002644 -1.525858 -0.000003 -3.141592 -0.097290
55 0.416333 -0.000000 0.000000 0.000000 -0.000000 -0.200000
56 0.416333 0.000000 0.000000 0.000000 0.000000 0.100000
57 0.095756 2.258270 0.000000 0.000000 -0.000000 1.570796
58 0.012490 0.000000 0.000000 0.000000 0.000000 0.000000
time 35
0 -0.002617 0.000001 -5.892893 0.000000 0.000000 -1.001119
1 -0.000000 0.000000 -0.924262 0.000000 0.000000 1.001119
2 -0.000000 0.000000 0.000000 -1.570795 -1.570796 0.000000
3 1.754729 -0.002106 0.000003 -0.000004 -0.000001 -0.002867
4 2.644668 -0.004218 0.000701 -0.164495 -0.005765 -0.034462
5 5.372777 -0.003642 0.000289 -0.078607 -0.013658 -0.121094
6 4.622900 -0.001142 -0.000016 0.014144 0.111247 0.173470
7 1.455384 -0.000000 -0.000000 -0.273121 -0.001270 0.265723
8 6.329874 0.000000 -0.000000 0.000000 0.000000 0.000000
9 2.995308 1.987698 -0.864472 -3.141592 -0.000001 1.407923
10 0.458379 0.000000 0.000000 0.000000 0.000000 0.000000
11 2.995307 1.987695 0.870890 -3.141592 -0.000001 1.407923
12 0.458379 0.000001 0.000000 0.000000 0.000000 0.000000
13 3.078267 1.929374 0.855018 1.547494 -0.743749 1.442334
14 0.664102 -0.000000 -0.000001 0.000000 0.000000 0.000000
15 3.083701 1.962442 0.858417 1.570797 -0.011562 1.407923
16 0.559829 -0.000000 0.000000 0.000000 0.000000 0.000000
17 3.078100 1.931617 0.863325 -0.051183 -2.462692 -1.026784
18 0.682539 0.000000 -0.000000 0.000000 0.000000 0.000000
19 3.061352 1.933510 0.862958 -1.459740 2.642219 -1.518602
20 0.679195 -0.000000 -0.000000 0.000000 -0.000000 0.000000
21 3.081031 1.929497 0.865757 -0.000000 -3.141591 -1.071653
22 0.675652 0.000000 -0.000000 0.000000 0.000000 0.000000
23 3.066323 1.936762 0.868039 0.000000 2.615510 -1.100106
24 0.658071 0.000001 0.000000 -0.000000 -0.000000 0.000000
25 2.989676 1.934948 -0.857061 -0.000000 2.405157 -1.244421
26 0.578150 -0.000000 -0.000000 0.000000 0.000000 0.000000
27 2.979570 1.967334 -0.884714 -0.000000 -3.141591 -1.252624
28 0.518766 -0.000000 0.000000 0.000000 0.000000 0.000000
29 2.978725 1.983216 -0.860808 -0.016269 -2.767885 -1.233359
30 0.535334 -0.000000 -0.000000 0.000000 0.000000 0.000000
31 2.983527 1.967234 -0.884390 1.456493 0.640130 1.182185
32 0.444524 -0.000000 -0.000000 -0.000000 -0.000000 -0.000000
33 2.986610 1.992943 -0.875042 1.588345 -0.427771 1.365644
34 0.479990 -0.000000 0.000000 0.000000 0.000000 0.000000
35 2.975850 1.966180 -0.894208 -3.141592 -0.000001 1.251407
36 0.533030 0.000001 -0.000000 0.000000 0.000000 0.000000
37 -1.575328 0.231322 2.819829 -0.422811 -1.120743 -2.910031
38 2.707293 -0.000000 0.000000 0.157060 0.634841 0.265095
39 10.066723 -0.000000 0.000000 0.000000 -0.000000 -0.200000
40 4.577571 0.000000 0.000001 -1.570000 -0.000000 0.000000
41 1.907322 -0.000000 -0.000000 -0.000796 0.000000 0.000000
42 0.476830 -0.000000 0.000000 0.000000 0.000000 0.000000
43 -0.913607 0.147559 -3.103217 0.686594 1.302537 -2.665739
44 2.707293 -0.000000 -0.000000 -0.498801 -0.626523 0.063184
45 10.066723 -0.000001 0.000000 -0.000000 0.000000 -0.200000
46 4.577572 0.000000 0.000001 1.570000 -0.000000 -0.000000
47 1.907322 0.000000 0.000000 0.000796 0.000000 -0.000000
48 0.476831 0.000000 0.000000 0.000000 0.000000 3.141593
49 -1.754728 -0.002929 1.525858 -0.000003 -3.141592 -0.097133
50 0.416332 -0.000000 0.000000 0.000000 -0.000000 -0.200000
51 0.416333 0.000000 0.000000 0.000000 0.000000 0.100000
52 0.095757 2.258270 -0.000000 -0.000000 0.000000 1.570796
53 0.012490 0.000000 0.000000 0.000000 0.000000 3.141593
54 -1.754728 -0.002921 -1.525858 -0.000003 -3.141592 -0.097133
55 0.416333 -0.000000 0.000000 0.000000 -0.000000 -0.200000
56 0.416333 0.000000 0.000000 0.000000 0.000000 0.100000
57 0.095756 2.258270 0.000000 0.000000 -0.000000 1.570796
58 0.012490 0.000000 0.000000 0.000000 0.000000 0.000000
time 36
0 -0.002617 0.000001 -5.892893 0.000000 0.000000 -1.001119
1 -0.000000 0.000000 -0.924262 0.000000 0.000000 1.001119
2 -0.000000 0.000000 0.000000 -1.570795 -1.570796 0.000000
3 1.754730 -0.002106 0.000003 -0.000004 -0.000001 -0.002681
4 2.644650 -0.004215 0.000716 -0.168075 -0.006576 -0.038805
5 5.372759 -0.003640 0.000288 -0.078204 -0.011079 -0.126514
6 4.622900 -0.001142 -0.000016 0.014144 0.111247 0.173470
7 1.455386 0.000000 0.000000 -0.271223 -0.027478 0.247812
8 6.329874 -0.000000 0.000000 0.000000 0.000000 0.000000
9 2.995308 1.987698 -0.864472 -3.141592 -0.000001 1.407923
10 0.458379 0.000001 -0.000000 0.000000 0.000000 0.000000
11 2.995308 1.987695 0.870890 -3.141592 -0.000001 1.407923
12 0.458379 0.000001 0.000000 0.000000 0.000000 0.000000
13 3.078268 1.929374 0.855018 1.547494 -0.743749 1.442334
14 0.664102 -0.000000 -0.000000 0.000000 0.000000 0.000000
15 3.083701 1.962442 0.858417 1.570797 -0.011562 1.407923
16 0.559829 -0.000000 0.000000 0.000000 0.000000 0.000000
17 3.078100 1.931617 0.863325 -0.051183 -2.462692 -1.026784
18 0.682539 -0.000000 0.000000 0.000000 0.000000 0.000000
19 3.061352 1.933510 0.862958 -1.459740 2.642219 -1.518602
20 0.679195 -0.000000 -0.000000 0.000000 -0.000000 0.000000
21 3.081031 1.929497 0.865757 -0.000000 -3.141591 -1.071653
22 0.675652 0.000000 -0.000000 0.000000 0.000000 0.000000
23 3.066324 1.936762 0.868039 0.000000 2.615510 -1.100106
24 0.658072 0.000000 -0.000000 0.000000 -0.000000 0.000000
25 2.989677 1.934948 -0.857061 -0.000000 2.405157 -1.244421
26 0.578150 -0.000000 0.000000 0.000000 0.000000 0.000000
27 2.979571 1.967334 -0.884714 -0.000000 -3.141591 -1.252624
28 0.518766 -0.000001 -0.000000 0.000000 0.000000 0.000000
29 2.978725 1.983215 -0.860808 -0.016269 -2.767885 -1.233359
30 0.535335 -0.000001 -0.000000 0.000000 0.000000 0.000000
31 2.983527 1.967234 -0.884390 1.456493 0.640130 1.182186
32 0.444524 0.000000 0.000000 -0.000000 -0.000000 -0.000000
33 2.986611 1.992943 -0.875042 1.588345 -0.427771 1.365644
34 0.479990 -0.000000 0.000000 0.000000 0.000000 0.000000
35 2.975851 1.966179 -0.894208 -3.141592 -0.000001 1.251407
36 0.533030 0.000000 -0.000000 0.000000 0.000000 0.000000
37 -1.575327 0.231322 2.819829 -0.536218 -1.094751 -2.802310
38 2.707294 -0.000000 0.000000 0.206273 0.605553 0.269942
39 10.066722 -0.000000 -0.000001 -0.000000 -0.000000 -0.200000
40 4.577571 0.000000 0.000000 -1.570000 -0.000000 -0.000000
41 1.907322 0.000000 -0.000000 -0.000796 0.000000 0.000000
42 0.476830 0.000000 -0.000000 0.000000 0.000000 0.000000
43 -0.913607 0.147559 -3.103217 0.835905 1.264411 -2.529065
44 2.707293 -0.000000 -0.000000 -0.544706 -0.595212 0.055996
45 10.066722 -0.000000 0.000000 -0.000000 -0.000000 -0.200000
46 4.577571 0.000000 0.000001 1.570000 0.000000 0.000000
47 1.907322 0.000000 0.000000 0.000796 -0.000000 -0.000000
48 0.476831 0.000000 -0.000000 0.000000 0.000000 3.141593
49 -1.754729 -0.002603 1.525858 -0.000003 -3.141592 -0.097319
50 0.416332 -0.000000 0.000000 0.000000 -0.000000 -0.200000
51 0.416333 0.000000 0.000000 0.000000 0.000000 0.100000
52 0.095757 2.258270 -0.000000 -0.000000 0.000000 1.570796
53 0.012490 0.000000 0.000000 0.000000 0.000000 3.141593
54 -1.754729 -0.002594 -1.525858 -0.000003 -3.141592 -0.097319
55 0.416333 -0.000000 0.000000 0.000000 -0.000000 -0.200000
56 0.416333 0.000000 0.000000 0.000000 0.000000 0.100000
57 0.095756 2.258270 0.000000 0.000000 -0.000000 1.570796
58 0.012490 0.000000 0.000000 0.000000 0.000000 0.000000
time 37
0 -0.002617 0.000001 -5.892893 0.000000 0.000000 -1.001119
1 -0.000000 0.000000 -0.924262 0.000000 0.000000 1.001119
2 -0.000000 0.000000 0.000000 -1.570795 -1.570796 0.000000
3 1.754731 -0.002106 0.000003 -0.000004 -0.000001 -0.002066
4 2.644632 -0.004212 0.000729 -0.171194 -0.007351 -0.042900
5 5.372745 -0.003638 0.000286 -0.077870 -0.008681 -0.130642
6 4.622900 -0.001142 -0.000016 0.014144 0.111247 0.173470
7 1.455385 -0.000000 0.000000 -0.272001 -0.062729 0.204102
8 6.329875 -0.000000 0.000000 0.000000 0.000000 0.000000
9 2.995308 1.987698 -0.864472 -3.141592 -0.000001 1.407923
10 0.458379 0.000001 -0.000000 -0.000000 -0.000000 0.000000
11 2.995308 1.987696 0.870890 -3.141592 -0.000001 1.407923
12 0.458380 0.000001 -0.000000 -0.000000 -0.000000 0.000000
13 3.078268 1.929374 0.855018 1.547494 -0.743749 1.442334
14 0.664102 -0.000000 0.000000 0.000000 0.000000 0.000000
15 3.083701 1.962442 0.858417 1.570797 -0.011562 1.407923
16 0.559829 -0.000000 0.000000 0.000000 0.000000 0.000000
17 3.078100 1.931618 0.863325 -0.051183 -2.462692 -1.026784
18 0.682539 0.000000 -0.000000 0.000000 0.000000 0.000000
19 3.061352 1.933510 0.862958 -1.459740 2.642219 -1.518602
20 0.679194 -0.000000 0.000000 0.000000 -0.000000 0.000000
21 3.081031 1.929497 0.865757 -0.000000 -3.141591 -1.071653
22 0.675652 0.000001 -0.000000 0.000000 0.000000 0.000000
23 3.066324 1.936762 0.868039 0.000000 2.615510 -1.100106
24 0.658072 0.000001 -0.000000 -0.000000 0.000000 0.000000
25 2.989677 1.934948 -0.857061 -0.000000 2.405157 -1.244421
26 0.578150 -0.000001 0.000000 0.000000 0.000000 0.000000
27 2.979570 1.967334 -0.884714 -0.000000 -3.141591 -1.252624
28 0.518766 0.000000 -0.000000 0.000000 0.000000 0.000000
29 2.978725 1.983216 -0.860808 -0.016269 -2.767885 -1.233359
30 0.535335 -0.000001 0.000000 0.000000 0.000000 0.000000
31 2.983528 1.967234 -0.884390 1.456493 0.640130 1.182185
32 0.444524 -0.000000 0.000000 -0.000000 -0.000000 -0.000000
33 2.986611 1.992943 -0.875042 1.588345 -0.427771 1.365644
34 0.479990 -0.000000 0.000000 0.000000 0.000000 0.000000
35 2.975851 1.966180 -0.894208 -3.141592 -0.000001 1.251407
36 0.533030 0.000000 -0.000000 0.000000 0.000000 0.000000
37 -1.575327 0.231322 2.819829 -0.629129 -1.071489 -2.713781
38 2.707293 0.000000 0.000000 0.245035 0.577049 0.269815
39 10.066722 -0.000000 0.000000 -0.000000 -0.000000 -0.200000
40 4.577572 0.000000 0.000001 -1.570000 -0.000000 -0.000000
41 1.907322 0.000000 -0.000000 -0.000796 0.000000 0.000000
42 0.476831 0.000000 0.000000 0.000000 0.000000 0.000000
43 -0.913607 0.147559 -3.103217 0.947751 1.229871 -2.427703
44 2.707293 -0.000000 -0.000000 -0.580685 -0.567168 0.043808
45 10.066723 0.000000 0.000001 -0.000000 -0.000000 -0.200000
46 4.577572 -0.000000 0.000001 1.570000 -0.000000 0.000000
47 1.907322 -0.000000 0.000000 0.000796 0.000000 -0.000000
48 0.476830 -0.000000 -0.000000 0.000000 0.000000 3.141593
49 -1.754732 -0.001523 1.525858 -0.000003 -3.141592 -0.097934
50 0.416332 -0.000000 0.000000 0.000000 -0.000000 -0.200000
51 0.416333 0.000000 0.000000 0.000000 0.000000 0.100000
52 0.095757 2.258270 -0.000000 -0.000000 0.000000 1.570796
53 0.012490 0.000000 0.000000 0.000000 0.000000 3.141593
54 -1.754732 -0.001515 -1.525858 -0.000003 -3.141592 -0.097934
55 0.416333 -0.000000 0.000000 0.000000 -0.000000 -0.200000
56 0.416333 0.000000 0.000000 0.000000 0.000000 0.100000
57 0.095756 2.258270 0.000000 0.000000 -0.000000 1.570796
58 0.012490 0.000000 0.000000 0.000000 0.000000 0.000000
time 38
0 -0.002617 0.000001 -5.892893 0.000000 0.000000 -1.001119
1 -0.000000 0.000000 -0.924262 0.000000 0.000000 1.001119
2 -0.000000 0.000000 0.000000 -1.570795 -1.570796 0.000000
3 1.754734 -0.002106 0.000003 -0.000004 -0.000001 -0.000935
4 2.644615 -0.004209 0.000738 -0.173391 -0.008062 -0.046675
5 5.372736 -0.003637 0.000286 -0.077651 -0.006632 -0.133179
6 4.622900 -0.001142 -0.000016 0.014144 0.111247 0.173470
7 1.455385 0.000000 -0.000000 -0.273041 -0.096257 0.151072
8 6.329874 0.000000 -0.000000 0.000000 0.000000 0.000000
9 2.995307 1.987698 -0.864472 -3.141592 -0.000001 1.407923
10 0.458379 0.000000 -0.000000 0.000000 -0.000000 -0.000000
11 2.995308 1.987696 0.870890 -3.141592 -0.000001 1.407923
12 0.458379 -0.000000 -0.000000 0.000000 -0.000000 -0.000000
13 3.078268 1.929374 0.855018 1.547494 -0.743749 1.442334
14 0.664102 -0.000000 -0.000000 0.000000 0.000000 0.000000
15 3.083700 1.962442 0.858416 1.570797 -0.011562 1.407923
16 0.559829 -0.000000 -0.000000 0.000000 0.000000 0.000000
17 3.078100 1.931618 0.863325 -0.051183 -2.462692 -1.026784
18 0.682539 0.000000 0.000000 0.000000 0.000000 0.000000
19 3.061352 1.933510 0.862958 -1.459740 2.642219 -1.518602
20 0.679194 -0.000000 0.000000 0.000000 -0.000000 0.000000
21 3.081031 1.929497 0.865757 -0.000000 -3.141591 -1.071653
22 0.675652 0.000000 -0.000000 0.000000 0.000000 0.000000
23 3.066324 1.936762 0.868039 0.000000 2.615510 -1.100106
24 0.658072 0.000001 -0.000000 -0.000000 0.000000 0.000000
25 2.989677 1.934949 -0.857061 -0.000000 2.405157 -1.244421
26 0.578150 -0.000001 -0.000000 0.000000 0.000000 0.000000
27 2.979570 1.967334 -0.884714 -0.000000 -3.141591 -1.252624
28 0.518766 -0.000000 -0.000000 0.000000 0.000000 0.000000
29 2.978726 1.983216 -0.860808 -0.016269 -2.767885 -1.233359
30 0.535335 -0.000000 0.000000 0.000000 0.000000 0.000000
31 2.983527 1.967234 -0.884390 1.456493 0.640130 1.182185
32 0.444524 0.000000 0.000000 0.000000 -0.000000 -0.000000
33 2.986610 1.992943 -0.875042 1.588345 -0.427771 1.365644
34 0.479990 -0.000000 0.000000 0.000000 0.000000 0.000000
35 2.975850 1.966180 -0.894208 -3.141592 -0.000001 1.251407
36 0.533030 -0.000000 -0.000000 0.000000 0.000000 0.000000
37 -1.575327 0.231322 2.819829 -0.698200 -1.057868 -2.646597
38 2.707293 0.000000 0.000001 0.269472 0.553639 0.265722
39 10.066723 -0.000000 0.000000 -0.000000 -0.000000 -0.200000
40 4.577572 -0.000000 0.000000 -1.570000 -0.000000 0.000000
41 1.907322 0.000000 0.000000 -0.000796 0.000000 0.000000
42 0.476831 -0.000000 0.000000 0.000000 0.000000 0.000000
43 -0.913607 0.147559 -3.103217 1.030519 1.206739 -2.351294
44 2.707294 0.000000 -0.000000 -0.603253 -0.546874 0.028813
45 10.066721 -0.000000 0.000002 -0.000000 -0.000000 -0.200000
46 4.577571 0.000000 0.000000 1.570000 -0.000000 0.000000
47 1.907321 0.000000 0.000000 0.000796 -0.000000 -0.000000
48 0.476830 0.000000 -0.000000 0.000000 0.000000 3.141593
49 -1.754735 0.000461 1.525858 -0.000003 -3.141592 -0.099065
50 0.416332 -0.000000 0.000000 0.000000 -0.000000 -0.200000
51 0.416333 0.000000 0.000000 0.000000 0.000000 0.100000
52 0.095757 2.258270 -0.000000 -0.000000 0.000000 1.570796
53 0.012490 0.000000 0.000000 0.000000 0.000000 3.141593
54 -1.754735 0.000469 -1.525858 -0.000003 -3.141592 -0.099065
55 0.416333 -0.000000 0.000000 0.000000 -0.000000 -0.200000
56 0.416333 0.000000 0.000000 0.000000 0.000000 0.100000
57 0.095756 2.258270 0.000000 0.000000 -0.000000 1.570796
58 0.012490 0.000000 0.000000 0.000000 0.000000 0.000000
time 39
0 -0.002617 0.000001 -5.892893 0.000000 0.000000 -1.001119
1 -0.000000 0.000000 -0.924262 0.000000 0.000000 1.001119
2 -0.000000 0.000000 0.000000 -1.570795 -1.570796 0.000000
3 1.754737 -0.002106 0.000003 -0.000004 -0.000001 0.000796
4 2.644601 -0.004208 0.000742 -0.174206 -0.008676 -0.050055
5 5.372734 -0.003637 0.000285 -0.077593 -0.005101 -0.133827
6 4.622900 -0.001142 -0.000016 0.014144 0.111247 0.173470
7 1.455385 0.000000 0.000000 -0.274252 -0.117268 0.105301
8 6.329875 -0.000000 -0.000000 0.000000 0.000000 0.000000
9 2.995308 1.987698 -0.864472 -3.141592 -0.000001 1.407923
10 0.458379 0.000001 0.000000 0.000000 0.000000 0.000000
11 2.995308 1.987695 0.870890 -3.141592 -0.000001 1.407923
12 0.458379 0.000001 0.000000 0.000000 0.000000 0.000000
13 3.078268 1.929374 0.855018 1.547494 -0.743749 1.442334
14 0.664102 -0.000000 0.000000 0.000000 0.000000 0.000000
15 3.083701 1.962442 0.858416 1.570797 -0.011562 1.407923
16 0.559829 -0.000000 0.000000 0.000000 0.000000 0.000000
17 3.078101 1.931617 0.863325 -0.051183 -2.462692 -1.026784
18 0.682539 -0.000000 0.000000 0.000000 0.000000 0.000000
19 3.061352 1.933510 0.862958 -1.459740 2.642219 -1.518602
20 0.679194 -0.000000 -0.000000 0.000000 -0.000000 0.000000
21 3.081031 1.929497 0.865757 -0.000000 -3.141591 -1.071653
22 0.675652 0.000000 -0.000000 0.000000 0.000000 0.000000
23 3.066324 1.936762 0.868039 0.000000 2.615510 -1.100106
24 0.658072 0.000001 -0.000000 -0.000000 -0.000000 0.000000
25 2.989678 1.934948 -0.857061 -0.000000 2.405157 -1.244421
26 0.578150 -0.000000 0.000000 0.000000 0.000000 0.000000
27 2.979571 1.967334 -0.884714 -0.000000 -3.141591 -1.252624
28 0.518766 -0.000000 -0.000000 0.000000 0.000000 0.000000
29 2.978725 1.983215 -0.860808 -0.016269 -2.767885 -1.233359
30 0.535334 -0.000000 -0.000000 0.000000 0.000000 0.000000
31 2.983527 1.967234 -0.884390 1.456493 0.640130 1.182185
32 0.444524 -0.000000 -0.000000 -0.000000 0.000000 -0.000000
33 2.986611 1.992943 -0.875042 1.588345 -0.427771 1.365644
34 0.479990 -0.000000 -0.000000 0.000000 0.000000 0.000000
35 2.975851 1.966180 -0.894208 -3.141592 -0.000001 1.251407
36 0.533030 -0.000000 -0.000000 0.000000 0.000000 0.000000
37 -1.575327 0.231322 2.819829 -0.741576 -1.061087 -2.601631
38 2.707293 0.000000 -0.000000 0.276332 0.539493 0.259551
39 10.066722 -0.000000 -0.000000 -0.000000 0.000000 -0.200000
40 4.577572 -0.000000 -0.000000 -1.570000 0.000000 0.000000
41 1.907322 -0.000000 0.000000 -0.000796 0.000000 -0.000000
42 0.476830 -0.000000 0.000000 0.000000 0.000000 0.000000
43 -0.913608 0.147559 -3.103217 1.091756 1.202488 -2.290504
44 2.707293 0.000000 0.000000 -0.609271 -0.538538 0.013819
45 10.066722 -0.000000 0.000001 0.000000 -0.000000 -0.200000
46 4.577572 0.000000 -0.000001 1.570000 0.000000 0.000000
47 1.907322 -0.000000 0.000000 0.000796 -0.000000 -0.000000
48 0.476831 0.000000 0.000000 0.000000 0.000000 3.141593
49 -1.754735 0.003499 1.525858 -0.000003 -3.141592 -0.100796
50 0.416332 -0.000000 0.000000 0.000000 -0.000000 -0.200000
51 0.416333 0.000000 0.000000 0.000000 0.000000 0.100000
52 0.095757 2.258270 -0.000000 -0.000000 0.000000 1.570796
53 0.012490 0.000000 0.000000 0.000000 0.000000 3.141593
54 -1.754735 0.003507 -1.525858 -0.000003 -3.141592 -0.100796
55 0.416333 -0.000000 0.000000 0.000000 -0.000000 -0.200000
56 0.416333 0.000000 0.000000 0.000000 0.000000 0.100000
57 0.095756 2.258270 0.000000 0.000000 -0.000000 1.570796
58 0.012490 0.000000 0.000000 0.000000 0.000000 0.000000
time 40
0 -0.002617 0.000001 -5.892893 0.000000 0.000000 -1.001119
1 -0.000000 0.000000 -0.924262 0.000000 0.000000 1.001119
2 -0.000000 0.000000 0.000000 -1.570795 -1.570796 0.000000
3 1.754745 -0.002106 0.000003 -0.000004 -0.000001 0.004329
4 2.644589 -0.004207 0.000741 -0.174182 -0.009160 -0.052808
5 5.372752 -0.003639 0.000285 -0.077639 -0.003886 -0.129112
6 4.622900 -0.001142 -0.000016 0.014144 0.111247 0.173470
7 1.455384 -0.000000 -0.000000 -0.275461 -0.125136 0.059247
8 6.329874 -0.000000 0.000000 0.000000 0.000000 0.000000
9 2.995307 1.987698 -0.864472 -3.141592 -0.000001 1.407923
10 0.458379 -0.000000 -0.000000 0.000000 0.000000 0.000000
11 2.995307 1.987696 0.870890 -3.141592 -0.000001 1.407923
12 0.458379 0.000000 0.000000 0.000000 0.000000 0.000000
13 3.078268 1.929374 0.855018 1.547494 -0.743749 1.442334
14 0.664102 -0.000000 -0.000000 0.000000 0.000000 0.000000
15 3.083701 1.962442 0.858416 1.570797 -0.011562 1.407923
16 0.559829 -0.000000 -0.000000 0.000000 0.000000 0.000000
17 3.078100 1.931618 0.863325 -0.051183 -2.462692 -1.026784
18 0.682539 0.000000 0.000000 0.000000 0.000000 0.000000
19 3.061352 1.933510 0.862958 -1.459740 2.642219 -1.518602
20 0.679194 -0.000000 0.000000 0.000000 0.000000 0.000000
21 3.081031 1.929497 0.865757 -0.000000 -3.141591 -1.071653
22 0.675653 0.000001 -0.000000 0.000000 0.000000 0.000000
23 3.066323 1.936762 0.868039 0.000000 2.615510 -1.100106
24 0.658072 0.000000 -0.000000 -0.000000 -0.000000 0.000000
25 2.989676 1.934948 -0.857061 -0.000000 2.405158 -1.244421
26 0.578150 -0.000000 0.000000 0.000000 0.000000 0.000000
27 2.979570 1.967334 -0.884714 -0.000000 -3.141591 -1.252624
28 0.518766 -0.000000 -0.000000 0.000000 0.000000 0.000000
29 2.978725 1.983216 -0.860808 -0.016269 -2.767885 -1.233359
30 0.535334 0.000000 -0.000000 0.000000 0.000000 0.000000
31 2.983528 1.967234 -0.884390 1.456493 0.640130 1.182185
32 0.444524 0.000000 0.000000 0.000000 -0.000000 -0.000000
33 2.986610 1.992943 -0.875042 1.588345 -0.427771 1.365644
34 0.479990 0.000000 -0.000000 0.000000 0.000000 0.000000
35 2.975851 1.966180 -0.894208 -3.141592 -0.000001 1.251407
36 0.533030 0.000000 -0.000000 0.000000 0.000000 0.000000
37 -1.575328 0.231321 2.819829 -0.742742 -1.118849 -2.590227
38 2.707294 0.000000 -0.000000 0.235590 0.542944 0.251639
39 10.066722 -0.000000 0.000000 0.000000 0.000000 -0.171360
40 4.577572 0.000000 0.000000 -1.570000 0.000000 -0.000000
41 1.907322 0.000000 0.000000 -0.000796 0.000000 0.000000
42 0.476830 0.000000 0.000000 0.000000 0.000000 0.000000
43 -0.913608 0.147559 -3.103217 1.156416 1.253975 -2.211567
44 2.707294 -0.000000 -0.000000 -0.571256 -0.558308 -0.011784
45 10.066723 -0.000000 0.000001 -0.000000 0.000000 -0.163951
46 4.577571 -0.000001 0.000000 1.570000 -0.000000 0.000000
47 1.907322 0.000000 0.000000 0.000796 -0.000000 -0.000000
48 0.476830 -0.000000 -0.000000 0.000000 0.000000 3.141593
49 -1.754719 0.009698 1.525858 -0.000003 -3.141592 -0.104329
50 0.416332 -0.000000 0.000000 0.000000 -0.000000 -0.200000
51 0.416333 0.000000 0.000000 0.000000 0.000000 0.100000
52 0.095757 2.258270 -0.000000 -0.000000 0.000000 1.570796
53 0.012490 0.000000 0.000000 0.000000 0.000000 3.141593
54 -1.754719 0.009706 -1.525857 -0.000003 -3.141592 -0.104329
55 0.416333 -0.000000 0.000000 0.000000 -0.000000 -0.200000
56 0.416333 0.000000 0.000000 0.000000 0.000000 0.100000
57 0.095756 2.258270 0.000000 0.000000 -0.000000 1.570796
58 0.012490 0.000000 0.000000 0.000000 0.000000 0.000000
time 41
0 -0.002617 0.000001 -5.892893 0.000000 0.000000 -1.001119
1 -0.000000 0.000000 -0.924262 0.000000 0.000000 1.001119
2 -0.000000 0.000000 0.000000 -1.570795 -1.570796 0.000000
3 1.754757 -0.002106 0.000003 -0.000004 -0.000001 0.010177
4 2.644580 -0.004207 0.000741 -0.174163 -0.009512 -0.054803
5 5.372795 -0.003644 0.000286 -0.077688 -0.002696 -0.117629
6 4.622900 -0.001142 -0.000016 0.014144 0.111247 0.173470
7 1.455384 0.000000 0.000000 -0.276089 -0.127298 0.000218
8 6.329874 0.000000 0.000000 0.000000 0.000000 0.000000
9 2.995308 1.987698 -0.864472 -3.141592 -0.000001 1.407923
10 0.458379 0.000000 0.000000 0.000000 -0.000000 -0.000000
11 2.995308 1.987696 0.870890 -3.141592 -0.000001 1.407923
12 0.458379 0.000000 -0.000000 0.000000 -0.000000 -0.000000
13 3.078267 1.929375 0.855018 1.468900 -0.737736 1.508928
14 0.664102 -0.000000 0.000000 0.000000 0.000000 0.000000
15 3.083700 1.962442 0.858417 1.570797 -0.011562 1.461448
16 0.559829 -0.000000 0.000001 0.000000 0.000000 0.000000
17 3.078100 1.931618 0.863325 -0.044400 -2.462536 -1.037571
18 0.682539 -0.000001 0.000000 0.000000 0.000000 0.000000
19 3.061352 1.933510 0.862958 -1.441900 2.649320 -1.479238
20 0.679195 -0.000000 0.000000 0.000000 0.000000 0.000000
21 3.081031 1.929497 0.865757 -0.000000 -3.141591 -1.079758
22 0.675653 0.000001 -0.000000 0.000000 0.000000 0.000000
23 3.066323 1.936762 0.868039 -0.002152 2.615549 -1.104393
24 0.658072 0.000000 -0.000000 -0.000000 0.000000 0.000000
25 2.989677 1.934948 -0.857061 -0.000000 2.405158 -1.244421
26 0.578150 -0.000001 -0.000000 0.000000 0.000000 0.000000
27 2.979569 1.967334 -0.884714 -0.000000 -3.141591 -1.252624
28 0.518766 0.000000 -0.000000 0.000000 0.000000 0.000000
29 2.978725 1.983216 -0.860808 -0.016269 -2.767885 -1.233359
30 0.535335 -0.000001 -0.000000 0.000000 0.000000 0.000000
31 2.983527 1.967234 -0.884390 1.493926 0.636670 1.245006
32 0.444524 -0.000000 -0.000000 0.000000 -0.000000 -0.000000
33 2.986611 1.992943 -0.875042 1.568974 -0.424401 1.413343
34 0.479990 0.000000 -0.000000 0.000000 0.000000 0.000000
35 2.975850 1.966180 -0.894208 -3.141592 -0.000001 1.308401
36 0.533030 0.000000 -0.000000 0.000000 0.000000 0.000000
37 -1.575328 0.231322 2.819829 -0.688100 -1.232684 -2.631445
38 2.707293 -0.000000 0.000001 0.151919 0.558666 0.249888
39 10.066722 0.000000 -0.000001 -0.000000 0.000000 -0.123628
40 4.577573 -0.000001 0.000000 -1.570000 0.000000 0.000000
41 1.907321 0.000001 0.000000 -0.000796 0.000000 0.000000
42 0.476831 -0.000000 -0.000000 0.000000 0.000000 0.000000
43 -0.913607 0.147559 -3.103217 1.293313 1.361052 -2.050943
44 2.707293 0.000000 0.000000 -0.487520 -0.599991 -0.045970
45 10.066722 -0.000000 0.000002 -0.000000 0.000000 -0.103870
46 4.577572 -0.000000 -0.000000 1.570000 0.000000 0.000000
47 1.907322 -0.000000 -0.000000 0.000796 -0.000000 -0.000000
48 0.476830 0.000000 0.000000 0.000000 0.000000 3.141593
49 -1.754644 0.019960 1.525858 -0.000003 -3.141592 -0.110177
50 0.416332 -0.000000 0.000000 0.000000 -0.000000 -0.200000
51 0.416333 0.000000 0.000000 0.000000 0.000000 0.100000
52 0.095757 2.258270 -0.000000 -0.000000 0.000000 1.570796
53 0.012490 0.000000 0.000000 0.000000 0.000000 3.141593
54 -1.754644 0.019968 -1.525857 -0.000003 -3.141592 -0.110177
55 0.416333 -0.000000 0.000000 0.000000 -0.000000 -0.200000
56 0.416333 0.000000 0.000000 0.000000 0.000000 0.100000
57 0.095756 2.258270 0.000000 0.000000 -0.000000 1.570796
58 0.012490 0.000000 0.000000 0.000000 0.000000 0.000000
time 42
0 -0.002617 0.000001 -5.892893 0.000000 0.000000 -1.001119
1 -0.000000 0.000000 -0.924262 0.000000 0.000000 1.001119
2 -0.000000 0.000000 0.000000 -1.570795 -1.570796 0.000000
3 1.754772 -0.002106 0.000003 -0.000004 -0.000001 0.017399
4 2.644574 -0.004207 0.000741 -0.174151 -0.009744 -0.056124
5 5.372852 -0.003650 0.000286 -0.077726 -0.001572 -0.102176
6 4.622900 -0.001142 -0.000016 0.014144 0.111247 0.173470
7 1.455384 -0.000000 -0.000000 -0.276881 -0.125132 -0.062738
8 6.329875 0.000000 0.000000 0.000000 0.000000 0.000000
9 2.995308 1.987698 -0.864472 -3.141592 -0.000001 1.407923
10 0.458379 0.000000 -0.000000 0.000000 -0.000000 -0.000000
11 2.995308 1.987696 0.870890 -3.141592 -0.000001 1.407923
12 0.458379 0.000001 -0.000000 0.000000 -0.000000 -0.000000
13 3.078268 1.929374 0.855018 1.281486 -0.723398 1.667729
14 0.664102 -0.000000 -0.000000 0.000000 0.000000 0.000000
15 3.083701 1.962442 0.858417 -1.570796 -3.130031 -1.552507
16 0.559829 -0.000000 -0.000000 0.000000 0.000000 0.000000
17 3.078101 1.931618 0.863325 -0.028223 -2.462164 -1.063294
18 0.682539 -0.000000 0.000000 0.000000 -0.000000 0.000000
19 3.061353 1.933510 0.862958 -1.399357 2.666255 -1.385370
20 0.679194 -0.000000 -0.000000 0.000000 0.000000 0.000000
21 3.081032 1.929497 0.865757 -0.000000 -3.141591 -1.099086
22 0.675653 0.000001 -0.000000 0.000000 0.000000 0.000000
23 3.066324 1.936762 0.868039 -0.007285 2.615640 -1.114618
24 0.658072 0.000000 -0.000000 0.000000 -0.000000 0.000000
25 2.989677 1.934948 -0.857061 -0.000000 2.405157 -1.244421
26 0.578150 -0.000000 0.000000 0.000000 0.000000 0.000000
27 2.979571 1.967334 -0.884714 -0.000000 -3.141591 -1.252624
28 0.518766 -0.000000 -0.000000 0.000000 0.000000 0.000000
29 2.978726 1.983216 -0.860808 -0.016269 -2.767885 -1.233359
30 0.535335 -0.000000 -0.000000 0.000000 0.000000 0.000000
31 2.983528 1.967234 -0.884390 1.583190 0.628420 1.394810
32 0.444524 -0.000000 -0.000000 0.000000 -0.000000 -0.000000
33 2.986611 1.992943 -0.875042 1.522784 -0.416366 1.527088
34 0.479990 -0.000000 0.000000 0.000000 0.000000 0.000000
35 2.975851 1.966180 -0.894208 -3.141592 -0.000001 1.444308
36 0.533030 -0.000000 -0.000000 0.000000 0.000000 0.000000
37 -1.575328 0.231322 2.819829 -0.537690 -1.351820 -2.775659
38 2.707293 0.000000 0.000000 0.069353 0.575398 0.259692
39 10.066722 -0.000000 -0.000000 0.000000 0.000000 -0.114081
40 4.577572 0.000000 -0.000001 -1.570000 -0.000000 0.000000
41 1.907321 0.000001 0.000000 -0.000796 0.000000 0.000000
42 0.476831 -0.000000 0.000000 0.000000 0.000000 0.000000
43 -0.913608 0.147559 -3.103217 -1.428820 1.672670 1.528342
44 2.707293 0.000000 0.000000 -0.396098 -0.640153 -0.068215
45 10.066722 -0.000000 0.000000 -0.000000 -0.000000 -0.091853
46 4.577573 0.000000 -0.000000 1.570000 0.000000 0.000000
47 1.907322 0.000000 -0.000000 0.000796 -0.000000 0.000000
48 0.476830 -0.000000 0.000000 0.000000 0.000000 3.141593
49 -1.754470 0.032631 1.525858 -0.000003 -3.141592 -0.117399
50 0.416332 -0.000000 0.000000 0.000000 -0.000000 -0.200000
51 0.416333 0.000000 0.000000 0.000000 0.000000 0.100000
52 0.095757 2.258270 -0.000000 -0.000000 0.000000 1.570796
53 0.012490 0.000000 0.000000 0.000000 0.000000 3.141593
54 -1.754470 0.032640 -1.525857 -0.000003 -3.141592 -0.117399
55 0.416333 -0.000000 0.000000 0.000000 -0.000000 -0.200000
56 0.416333 0.000000 0.000000 0.000000 0.000000 0.100000
57 0.095756 2.258270 0.000000 0.000000 -0.000000 1.570796
58 0.012490 0.000000 0.000000 0.000000 0.000000 0.000000
time 43
0 -0.002617 0.000001 -5.892893 0.000000 0.000000 -1.001119
1 -0.000000 0.000000 -0.924262 0.000000 0.000000 1.001119
2 -0.000000 0.000000 0.000000 -1.570795 -1.570796 0.000000
3 1.754788 -0.002106 0.000003 -0.000004 -0.000001 0.025053
4 2.644570 -0.004207 0.000741 -0.174143 -0.009872 -0.056852
5 5.372911 -0.003656 0.000286 -0.077746 -0.000550 -0.085553
6 4.622900 -0.001142 -0.000016 0.014144 0.111247 0.173470
7 1.455385 -0.000000 0.000000 -0.278404 -0.120141 -0.120590
8 6.329873 -0.000000 -0.000000 0.000000 0.000000 0.000000
9 2.995307 1.987698 -0.864472 -3.141592 -0.000001 1.407923
10 0.458379 0.000001 0.000000 0.000000 0.000000 0.000000
11 2.995308 1.987696 0.870890 -3.141592 -0.000001 1.407923
12 0.458379 0.000001 -0.000000 0.000000 0.000000 0.000000
13 3.078267 1.929374 0.855018 1.057797 -0.706284 1.857265
14 0.664102 -0.000000 0.000001 0.000000 0.000000 0.000000
15 3.083700 1.962442 0.858416 -1.570796 -3.130031 -1.400166
16 0.559829 -0.000000 0.000000 0.000000 0.000000 0.000000
17 3.078100 1.931618 0.863325 -0.008916 -2.461720 -1.093996
18 0.682539 0.000000 -0.000000 0.000000 -0.000000 0.000000
19 3.061353 1.933510 0.862958 -1.348581 2.686467 -1.273333
20 0.679195 -0.000000 -0.000000 0.000000 0.000000 0.000000
21 3.081031 1.929497 0.865757 -0.000000 -3.141591 -1.122155
22 0.675653 -0.000000 -0.000000 0.000000 0.000000 0.000000
23 3.066323 1.936762 0.868039 -0.013412 2.615749 -1.126821
24 0.658072 0.000000 -0.000000 -0.000000 0.000000 0.000000
25 2.989677 1.934948 -0.857061 -0.000000 2.405158 -1.244421
26 0.578150 -0.000000 0.000000 0.000000 0.000000 0.000000
27 2.979570 1.967334 -0.884714 -0.000000 -3.141591 -1.252624
28 0.518766 0.000000 -0.000000 0.000000 0.000000 0.000000
29 2.978725 1.983216 -0.860808 -0.016269 -2.767885 -1.233359
30 0.535335 -0.000001 0.000000 0.000000 0.000000 0.000000
31 2.983528 1.967234 -0.884390 -1.451862 2.523020 -1.567984
32 0.444524 -0.000000 -0.000001 -0.000000 0.000000 -0.000000
33 2.986610 1.992943 -0.875042 1.467654 -0.406775 1.662847
34 0.479990 0.000000 -0.000001 0.000000 0.000000 0.000000
35 2.975850 1.966180 -0.894208 0.000001 -3.141592 -1.535074
36 0.533030 -0.000000 -0.000000 0.000000 0.000000 0.000000
37 -1.575327 0.231322 2.819829 -0.243552 -1.421095 -3.070390
38 2.707294 0.000000 0.000000 0.016922 0.594230 0.268260
39 10.066723 0.000000 -0.000000 0.000000 -0.000000 -0.200000
40 4.577573 0.000000 -0.000000 -1.570000 0.000000 -0.000000
41 1.907321 -0.000000 -0.000000 -0.000796 -0.000000 -0.000000
42 0.476830 -0.000001 -0.000000 0.000000 0.000000 0.000000
43 -0.913607 0.147559 -3.103217 2.721885 1.508596 -0.595616
44 2.707293 -0.000000 -0.000000 -0.333821 -0.669492 -0.064068
45 10.066723 0.000000 0.000001 -0.000000 0.000000 -0.200000
46 4.577572 -0.000000 -0.000001 1.570000 0.000000 0.000000
47 1.907321 0.000001 0.000001 0.000796 -0.000000 0.000000
48 0.476830 0.000000 -0.000000 0.000000 0.000000 3.141593
49 -1.754185 0.046058 1.525858 -0.000003 -3.141592 -0.125053
50 0.416332 -0.000000 0.000000 0.000000 -0.000000 -0.200000
51 0.416333 0.000000 0.000000 0.000000 0.000000 0.100000
52 0.095757 2.258270 -0.000000 -0.000000 0.000000 1.570796
53 0.012490 0.000000 0.000000 0.000000 0.000000 3.141593
54 -1.754185 0.046067 -1.525857 -0.000003 -3.141592 -0.125053
55 0.416333 -0.000000 0.000000 0.000000 -0.000000 -0.200000
56 0.416333 0.000000 0.000000 0.000000 0.000000 0.100000
57 0.095756 2.258270 0.000000 0.000000 -0.000000 1.570796
58 0.012490 0.000000 0.000000 0.000000 0.000000 0.000000
time 44
0 -0.002617 0.000001 -5.892893 0.000000 0.000000 -1.001119
1 -0.000000 0.000000 -0.924262 0.000000 0.000000 1.001119
2 -0.000000 0.000000 0.000000 -1.570795 -1.570796 0.000000
3 1.754803 -0.002105 0.000003 -0.000004 -0.000001 0.032196
4 2.644570 -0.004206 0.000741 -0.174141 -0.009910 -0.057070
5 5.372968 -0.003661 0.000286 -0.077750 0.000330 -0.070562
6 4.622901 -0.001142 -0.000016 0.014144 0.111247 0.173470
7 1.455384 -0.000000 0.000000 -0.280939 -0.113933 -0.164356
8 6.329874 -0.000000 -0.000000 0.000000 0.000000 0.000000
9 2.995308 1.987698 -0.864472 -3.141592 -0.000001 1.407923
10 0.458379 0.000001 0.000000 0.000000 0.000000 0.000000
11 2.995307 1.987696 0.870890 -3.141592 -0.000001 1.407923
12 0.458379 0.000001 -0.000000 0.000000 0.000000 0.000000
13 3.078268 1.929374 0.855018 0.870383 -0.691946 2.016066
14 0.664102 0.000000 -0.000001 0.000000 0.000000 0.000000
15 3.083701 1.962442 0.858417 -1.570796 -3.130031 -1.272528
16 0.559829 -0.000000 -0.000000 0.000000 0.000000 0.000000
17 3.078100 1.931618 0.863325 0.007260 -2.461348 -1.119719
18 0.682539 -0.000000 0.000000 0.000000 -0.000000 0.000000
19 3.061352 1.933510 0.862958 -1.306038 2.703402 -1.179465
20 0.679194 -0.000000 0.000000 0.000000 0.000000 0.000000
21 3.081031 1.929497 0.865757 -0.000000 -3.141591 -1.141483
22 0.675653 0.000000 -0.000000 0.000000 0.000000 0.000000
23 3.066323 1.936762 0.868039 -0.018545 2.615841 -1.137045
24 0.658072 0.000001 -0.000000 -0.000000 -0.000000 0.000000
25 2.989677 1.934949 -0.857061 -0.000000 2.405158 -1.244421
26 0.578150 -0.000000 -0.000000 0.000000 0.000000 0.000000
27 2.979571 1.967334 -0.884714 -0.000000 -3.141591 -1.252624
28 0.518766 -0.000000 -0.000000 0.000000 0.000000 0.000000
29 2.978724 1.983216 -0.860808 -0.016269 -2.767885 -1.233359
30 0.535335 -0.000001 -0.000000 0.000000 0.000000 0.000000
31 2.983528 1.967234 -0.884390 -1.362598 2.531270 -1.418179
32 0.444524 0.000000 0.000000 0.000000 0.000000 -0.000000
33 2.986610 1.992943 -0.875042 1.421464 -0.398740 1.776591
34 0.479990 0.000000 -0.000000 0.000000 0.000000 0.000000
35 2.975851 1.966180 -0.894208 0.000001 -3.141592 -1.399166
36 0.533030 0.000000 -0.000000 0.000000 0.000000 0.000000
37 -1.575328 0.231322 2.819829 0.098680 -1.436466 2.868534
38 2.707293 0.000000 0.000000 -0.007648 0.621059 0.267578
39 10.066723 -0.000000 -0.000001 0.000000 -0.000000 -0.395791
40 4.577574 0.000000 0.000000 -1.570000 0.000000 0.000000
41 1.907321 0.000001 0.000000 -0.000796 0.000000 -0.000000
42 0.476831 0.000000 -0.000000 0.000000 0.000000 0.000000
43 -0.913608 0.147559 -3.103217 -2.806007 1.498361 0.163674
44 2.707294 0.000000 -0.000000 -0.305002 -0.695455 -0.032763
45 10.066723 -0.000000 0.000001 0.000000 -0.000000 -0.446444
46 4.577572 0.000000 0.000000 1.570000 0.000000 -0.000000
47 1.907322 0.000000 0.000000 0.000796 0.000000 0.000000
48 0.476831 0.000000 -0.000000 0.000000 0.000000 3.141593
49 -1.753826 0.058588 1.525858 -0.000003 -3.141592 -0.132196
50 0.416332 -0.000000 0.000000 0.000000 -0.000000 -0.200000
51 0.416333 0.000000 0.000000 0.000000 0.000000 0.100000
52 0.095757 2.258270 -0.000000 -0.000000 0.000000 1.570796
53 0.012490 0.000000 0.000000 0.000000 0.000000 3.141593
54 -1.753826 0.058597 -1.525857 -0.000003 -3.141592 -0.132196
55 0.416333 -0.000000 0.000000 0.000000 -0.000000 -0.200000
56 0.416333 0.000000 0.000000 0.000000 0.000000 0.100000
57 0.095756 2.258270 0.000000 0.000000 -0.000000 1.570796
58 0.012490 0.000000 0.000000 0.000000 0.000000 0.000000
time 45
0 -0.002617 0.000001 -5.892893 0.000000 0.000000 -1.001119
1 -0.000000 0.000000 -0.924262 0.000000 0.000000 1.001119
2 -0.000000 0.000000 0.000000 -1.570795 -1.570796 0.000000
3 1.754815 -0.002105 0.000003 -0.000004 -0.000001 0.037887
4 2.644571 -0.004207 0.000741 -0.174143 -0.009873 -0.056859
5 5.373005 -0.003663 0.000286 -0.077745 0.001029 -0.060001
6 4.622900 -0.001142 -0.000016 0.014144 0.111247 0.173470
7 1.455384 0.000000 0.000000 -0.284512 -0.108151 -0.185103
8 6.329874 0.000000 0.000000 0.000000 0.000000 0.000000
9 2.995308 1.987698 -0.864472 -3.141592 -0.000001 1.407923
10 0.458379 0.000000 -0.000000 -0.000000 0.000000 0.000000
11 2.995308 1.987696 0.870890 -3.141592 -0.000001 1.407923
12 0.458379 0.000001 -0.000000 -0.000000 0.000000 0.000000
13 3.078268 1.929374 0.855018 0.791790 -0.685933 2.082660
14 0.664102 -0.000000 0.000001 0.000000 0.000000 0.000000
15 3.083700 1.962442 0.858417 -1.570796 -3.130031 -1.219003
16 0.559829 -0.000000 0.000000 0.000000 0.000000 0.000000
17 3.078100 1.931618 0.863325 0.014043 -2.461192 -1.130506
18 0.682539 0.000001 -0.000000 0.000000 -0.000000 0.000000
19 3.061352 1.933510 0.862958 -1.288198 2.710504 -1.140101
20 0.679194 0.000000 0.000000 0.000000 0.000000 0.000000
21 3.081031 1.929497 0.865757 -0.000000 -3.141591 -1.149588
22 0.675652 0.000000 -0.000000 0.000000 0.000000 0.000000
23 3.066323 1.936762 0.868039 -0.020697 2.615879 -1.141333
24 0.658072 -0.000000 -0.000000 -0.000000 -0.000000 0.000000
25 2.989677 1.934948 -0.857061 -0.000000 2.405158 -1.244421
26 0.578150 -0.000000 0.000000 0.000000 0.000000 0.000000
27 2.979570 1.967334 -0.884714 -0.000000 -3.141591 -1.252624
28 0.518766 -0.000000 -0.000000 0.000000 0.000000 0.000000
29 2.978725 1.983216 -0.860808 -0.016269 -2.767885 -1.233359
30 0.535335 -0.000001 -0.000000 0.000000 0.000000 0.000000
31 2.983527 1.967234 -0.884390 -1.325165 2.534729 -1.355358
32 0.444524 -0.000000 -0.000000 0.000000 0.000000 -0.000000
33 2.986610 1.992943 -0.875042 1.402094 -0.395370 1.824290
34 0.479990 -0.000000 0.000000 0.000000 0.000000 0.000000
35 2.975850 1.966180 -0.894208 0.000001 -3.141592 -1.342173
36 0.533030 0.000001 0.000000 0.000000 0.000000 0.000000
37 -1.575327 0.231322 2.819829 0.427672 -1.426203 2.537354
38 2.707293 -0.000000 0.000001 -0.018802 0.654060 0.266440
39 10.066722 0.000000 -0.000001 0.000000 0.000000 -0.657290
40 4.577571 0.000000 -0.000001 -1.570000 0.000000 0.000000
41 1.907322 0.000001 -0.000000 -0.000796 -0.000000 -0.000000
42 0.476830 0.000000 0.000000 0.000000 0.000000 0.000000
43 -0.913607 0.147559 -3.103217 -2.357546 1.470963 0.615709
44 2.707293 -0.000000 0.000000 -0.293773 -0.725343 0.018198
45 10.066723 -0.000000 0.000000 -0.000000 0.000000 -0.775594
46 4.577572 -0.000000 0.000001 1.570000 -0.000000 -0.000000
47 1.907322 -0.000000 0.000000 0.000796 0.000000 -0.000000
48 0.476830 0.000000 -0.000000 0.000000 0.000000 3.141593
49 -1.753476 0.068568 1.525858 -0.000003 -3.141592 -0.137888
50 0.416332 -0.000000 0.000000 0.000000 -0.000000 -0.200000
51 0.416333 0.000000 0.000000 0.000000 0.000000 0.100000
52 0.095757 2.258270 -0.000000 -0.000000 0.000000 1.570796
53 0.012490 0.000000 0.000000 0.000000 0.000000 3.141593
54 -1.753476 0.068577 -1.525857 -0.000003 -3.141592 -0.137888
55 0.416333 -0.000000 0.000000 0.000000 -0.000000 -0.200000
56 0.416333 0.000000 0.000000 0.000000 0.000000 0.100000
57 0.095756 2.258270 0.000000 0.000000 -0.000000 1.570796
58 0.012490 0.000000 0.000000 0.000000 0.000000 0.000000
time 46
0 -0.002617 0.000001 -5.892893 0.000000 0.000000 -1.001119
1 -0.000000 0.000000 -0.924262 0.000000 0.000000 1.001119
2 -0.000000 0.000000 0.000000 -1.570795 -1.570796 0.000000
3 1.754826 -0.002104 0.000003 -0.000004 -0.000001 0.042842
4 2.644573 -0.004207 0.000741 -0.174148 -0.009784 -0.056351
5 5.373033 -0.003665 0.000286 -0.077737 0.001602 -0.052825
6 4.622900 -0.001142 -0.000016 0.014144 0.111247 0.173470
7 1.455385 -0.000000 0.000000 -0.290010 -0.100676 -0.171478
8 6.329873 0.000000 0.000000 0.000000 0.000000 0.000000
9 2.995308 1.987698 -0.864472 -3.141592 -0.000001 1.407923
10 0.458379 0.000000 0.000000 0.000000 0.000000 0.000000
11 2.995307 1.987696 0.870890 -3.141592 -0.000001 1.407923
12 0.458379 0.000001 0.000000 0.000000 0.000000 0.000000
13 3.078268 1.929374 0.855018 0.791790 -0.685933 2.082660
14 0.664102 -0.000000 0.000001 0.000000 0.000000 0.000000
15 3.083700 1.962442 0.858416 -1.570796 -3.130031 -1.219003
16 0.559829 -0.000000 -0.000001 0.000000 0.000000 0.000000
17 3.078100 1.931618 0.863325 0.014043 -2.461192 -1.130506
18 0.682539 -0.000000 0.000000 0.000000 -0.000000 0.000000
19 3.061352 1.933510 0.862958 -1.288198 2.710504 -1.140101
20 0.679194 -0.000000 0.000000 0.000000 0.000000 0.000000
21 3.081031 1.929497 0.865757 -0.000000 -3.141591 -1.149588
22 0.675653 -0.000000 -0.000000 0.000000 0.000000 0.000000
23 3.066323 1.936762 0.868039 -0.020697 2.615879 -1.141333
24 0.658072 -0.000000 -0.000000 -0.000000 -0.000000 0.000000
25 2.989677 1.934948 -0.857061 -0.000000 2.405158 -1.244421
26 0.578150 0.000000 -0.000000 0.000000 0.000000 0.000000
27 2.979570 1.967334 -0.884714 -0.000000 -3.141591 -1.252624
28 0.518766 -0.000000 -0.000000 0.000000 0.000000 0.000000
29 2.978725 1.983216 -0.860808 -0.016269 -2.767885 -1.233359
30 0.535335 0.000000 -0.000000 0.000000 0.000000 0.000000
31 2.983527 1.967234 -0.884390 -1.325165 2.534729 -1.355358
32 0.444524 -0.000000 -0.000001 0.000000 0.000000 -0.000000
33 2.986611 1.992943 -0.875042 1.402094 -0.395370 1.824290
34 0.479990 -0.000000 -0.000000 0.000000 0.000000 0.000000
35 2.975850 1.966180 -0.894208 0.000001 -3.141592 -1.342173
36 0.533030 0.000000 -0.000000 0.000000 0.000000 0.000000
37 -1.575327 0.231322 2.819829 0.644482 -1.399304 2.318821
38 2.707293 -0.000000 0.000000 -0.022492 0.690402 0.263236
39 10.066723 -0.000000 0.000000 -0.000000 0.000000 -0.953919
40 4.577571 -0.000000 -0.000001 -1.570000 -0.000000 0.000000
41 1.907321 0.000001 -0.000000 -0.000796 0.000000 -0.000000
42 0.476831 0.000000 0.000000 0.000000 0.000000 0.000000
43 -0.913607 0.147559 -3.103217 -2.094564 1.439808 0.882321
44 2.707293 -0.000000 -0.000000 -0.294390 -0.756797 0.080239
45 10.066723 0.000000 0.000001 -0.000000 0.000000 -1.148964
46 4.577572 0.000000 -0.000000 1.570000 0.000000 -0.000000
47 1.907322 -0.000000 0.000000 0.000796 0.000000 -0.000000
48 0.476831 -0.000000 0.000000 0.000000 0.000000 3.141593
49 -1.753125 0.077255 1.525858 -0.000003 -3.141592 -0.142842
50 0.416332 -0.000000 0.000000 0.000000 -0.000000 -0.200000
51 0.416333 0.000000 0.000000 0.000000 0.000000 0.100000
52 0.095757 2.258270 -0.000000 -0.000000 0.000000 1.570796
53 0.012490 0.000000 0.000000 0.000000 0.000000 3.141593
54 -1.753125 0.077263 -1.525857 -0.000003 -3.141592 -0.142842
55 0.416333 -0.000000 0.000000 0.000000 -0.000000 -0.200000
56 0.416333 0.000000 0.000000 0.000000 0.000000 0.100000
57 0.095756 2.258270 0.000000 0.000000 -0.000000 1.570796
58 0.012490 0.000000 0.000000 0.000000 0.000000 0.000000
time 47
0 -0.002617 0.000001 -5.892893 0.000000 0.000000 -1.001119
1 -0.000000 0.000000 -0.924262 0.000000 0.000000 1.001119
2 -0.000000 0.000000 0.000000 -1.570795 -1.570796 0.000000
3 1.754837 -0.002104 0.000003 -0.000004 -0.000001 0.048195
4 2.644577 -0.004207 0.000741 -0.174155 -0.009655 -0.055621
5 5.373056 -0.003666 0.000286 -0.077726 0.002121 -0.046186
6 4.622901 -0.001142 -0.000016 0.014144 0.111247 0.173470
7 1.455384 -0.000000 -0.000000 -0.296806 -0.089603 -0.129022
8 6.329874 -0.000000 0.000000 0.000000 0.000000 0.000000
9 2.995308 1.987698 -0.864472 -3.141592 -0.000001 1.407923
10 0.458379 0.000000 -0.000000 0.000000 0.000000 0.000000
11 2.995308 1.987696 0.870890 -3.141592 -0.000001 1.407923
12 0.458379 0.000000 -0.000000 0.000000 0.000000 0.000000
13 3.078268 1.929374 0.855018 0.791790 -0.685933 2.082660
14 0.664102 -0.000000 -0.000000 0.000000 0.000000 0.000000
15 3.083701 1.962442 0.858417 -1.570796 -3.130031 -1.219003
16 0.559829 -0.000000 -0.000000 0.000000 0.000000 0.000000
17 3.078101 1.931618 0.863325 0.014043 -2.461192 -1.130506
18 0.682539 -0.000001 -0.000000 0.000000 -0.000000 0.000000
19 3.061353 1.933510 0.862958 -1.288198 2.710504 -1.140101
20 0.679194 -0.000000 -0.000000 0.000000 -0.000000 0.000000
21 3.081032 1.929497 0.865757 -0.000000 -3.141591 -1.149588
22 0.675652 0.000001 -0.000000 0.000000 0.000000 0.000000
23 3.066324 1.936762 0.868039 -0.020697 2.615879 -1.141333
24 0.658072 0.000001 0.000000 -0.000000 -0.000000 0.000000
25 2.989677 1.934948 -0.857061 -0.000000 2.405158 -1.244421
26 0.578150 -0.000001 0.000000 0.000000 0.000000 0.000000
27 2.979571 1.967334 -0.884714 -0.000000 -3.141591 -1.252624
28 0.518766 -0.000000 -0.000000 0.000000 0.000000 0.000000
29 2.978725 1.983216 -0.860808 -0.016269 -2.767885 -1.233359
30 0.535335 -0.000000 -0.000000 0.000000 0.000000 0.000000
31 2.983528 1.967234 -0.884390 -1.325165 2.534729 -1.355358
32 0.444524 -0.000000 -0.000000 -0.000000 0.000000 -0.000000
33 2.986611 1.992943 -0.875042 1.402094 -0.395370 1.824290
34 0.479990 -0.000000 0.000000 0.000000 0.000000 0.000000
35 2.975850 1.966180 -0.894208 0.000001 -3.141592 -1.342173
36 0.533030 0.000000 -0.000000 0.000000 0.000000 0.000000
37 -1.575328 0.231322 2.819829 0.761174 -1.365921 2.201247
38 2.707294 0.000000 0.000000 -0.027008 0.726684 0.254824
39 10.066724 -0.000000 0.000000 -0.000000 0.000000 -1.255102
40 4.577572 0.000000 -0.000000 -1.570000 -0.000000 0.000000
41 1.907323 -0.000001 0.000001 -0.000796 0.000000 -0.000000
42 0.476830 0.000000 -0.000000 0.000000 0.000000 0.000000
43 -0.913608 0.147559 -3.103217 -1.917435 1.409703 1.063361
44 2.707293 -0.000000 -0.000001 -0.297638 -0.787230 0.142316
45 10.066723 0.000000 0.000000 0.000000 -0.000000 -1.528064
46 4.577572 -0.000001 0.000001 1.570000 -0.000000 0.000000
47 1.907321 0.000000 -0.000000 0.000796 0.000000 -0.000000
48 0.476830 -0.000000 0.000000 0.000000 0.000000 3.141593
49 -1.752698 0.086638 1.525858 -0.000003 -3.141592 -0.148195
50 0.416332 -0.000000 0.000000 0.000000 -0.000000 -0.200000
51 0.416333 0.000000 0.000000 0.000000 0.000000 0.100000
52 0.095757 2.258270 -0.000000 -0.000000 0.000000 1.570796
53 0.012490 0.000000 0.000000 0.000000 0.000000 3.141593
54 -1.752698 0.086647 -1.525857 -0.000003 -3.141592 -0.148195
55 0.416333 -0.000000 0.000000 0.000000 -0.000000 -0.200000
56 0.416333 0.000000 0.000000 0.000000 0.000000 0.100000
57 0.095756 2.258270 0.000000 0.000000 -0.000000 1.570796
58 0.012490 0.000000 0.000000 0.000000 0.000000 0.000000
time 48
0 -0.002617 0.000001 -5.892893 0.000000 0.000000 -1.001119
1 -0.000000 0.000000 -0.924262 0.000000 0.000000 1.001119
2 -0.000000 0.000000 0.000000 -1.570795 -1.570796 0.000000
3 1.754848 -0.002103 0.000003 -0.000004 -0.000001 0.053634
4 2.644580 -0.004207 0.000741 -0.174164 -0.009487 -0.054667
5 5.373079 -0.003667 0.000286 -0.077714 0.002583 -0.040177
6 4.622901 -0.001142 -0.000016 0.014144 0.111247 0.173470
7 1.455384 -0.000000 0.000000 -0.302799 -0.077055 -0.074092
8 6.329875 -0.000000 0.000000 0.000000 0.000000 0.000000
9 2.995308 1.987698 -0.864472 -3.141592 -0.000001 1.407923
10 0.458379 0.000000 0.000000 -0.000000 -0.000000 -0.000000
11 2.995308 1.987695 0.870890 -3.141592 -0.000001 1.407923
12 0.458379 0.000001 0.000000 -0.000000 -0.000000 -0.000000
13 3.078268 1.929374 0.855018 0.791790 -0.685933 2.082660
14 0.664102 0.000000 -0.000000 0.000000 0.000000 0.000000
15 3.083701 1.962442 0.858416 -1.570796 -3.130031 -1.219003
16 0.559829 -0.000000 -0.000000 0.000000 0.000000 0.000000
17 3.078100 1.931617 0.863325 0.014043 -2.461192 -1.130506
18 0.682539 0.000001 -0.000000 0.000000 -0.000000 0.000000
19 3.061353 1.933510 0.862958 -1.288198 2.710504 -1.140101
20 0.679195 -0.000000 -0.000000 0.000000 -0.000000 0.000000
21 3.081031 1.929497 0.865757 -0.000000 -3.141591 -1.149588
22 0.675652 0.000000 -0.000000 0.000000 0.000000 0.000000
23 3.066324 1.936762 0.868039 -0.020697 2.615879 -1.141333
24 0.658072 0.000000 -0.000000 -0.000000 -0.000000 0.000000
25 2.989677 1.934948 -0.857061 -0.000000 2.405157 -1.244421
26 0.578150 0.000000 0.000000 0.000000 0.000000 0.000000
27 2.979570 1.967334 -0.884714 -0.000000 -3.141591 -1.252624
28 0.518766 -0.000000 -0.000000 0.000000 0.000000 0.000000
29 2.978725 1.983216 -0.860808 -0.016269 -2.767885 -1.233359
30 0.535335 -0.000001 -0.000000 0.000000 0.000000 0.000000
31 2.983528 1.967234 -0.884390 -1.325165 2.534729 -1.355358
32 0.444524 -0.000000 0.000000 0.000000 -0.000000 -0.000000
33 2.986610 1.992943 -0.875042 1.402094 -0.395370 1.824290
34 0.479990 -0.000000 -0.000000 0.000000 0.000000 0.000000
35 2.975851 1.966179 -0.894208 0.000001 -3.141592 -1.342173
36 0.533030 0.000000 -0.000000 0.000000 0.000000 0.000000
37 -1.575328 0.231322 2.819829 0.816030 -1.332311 2.146474
38 2.707293 -0.000000 -0.000000 -0.034556 0.758816 0.241863
39 10.066722 -0.000000 0.000000 -0.000000 0.000000 -1.530259
40 4.577572 0.000000 -0.000001 -1.570000 0.000000 -0.000000
41 1.907322 -0.000000 -0.000000 -0.000796 -0.000000 -0.000000
42 0.476831 -0.000000 0.000001 0.000000 0.000000 0.000000
43 -0.913608 0.147559 -3.103217 -1.786186 1.382825 1.198774
44 2.707293 0.000000 -0.000000 -0.299748 -0.813773 0.196988
45 10.066723 -0.000000 0.000001 0.000000 -0.000000 -1.874408
46 4.577573 0.000000 0.000000 1.570000 0.000000 -0.000000
47 1.907322 -0.000000 0.000000 0.000796 0.000000 0.000000
48 0.476830 0.000000 0.000000 0.000000 0.000000 3.141593
49 -1.752213 0.096170 1.525858 -0.000003 -3.141592 -0.153634
50 0.416332 -0.000000 0.000000 0.000000 -0.000000 -0.200000
51 0.416333 0.000000 0.000000 0.000000 0.000000 0.100000
52 0.095757 2.258270 -0.000000 -0.000000 0.000000 1.570796
53 0.012490 0.000000 0.000000 0.000000 0.000000 3.141593
54 -1.752213 0.096179 -1.525857 -0.000003 -3.141592 -0.153634
55 0.416333 -0.000000 0.000000 0.000000 -0.000000 -0.200000
56 0.416333 0.000000 0.000000 0.000000 0.000000 0.100000
57 0.095756 2.258270 0.000000 0.000000 -0.000000 1.570796
58 0.012490 0.000000 0.000000 0.000000 0.000000 0.000000
time 49
0 -0.002617 0.000001 -5.892893 0.000000 0.000000 -1.001119
1 -0.000000 0.000000 -0.924262 0.000000 0.000000 1.001119
2 -0.000000 0.000000 0.000000 -1.570795 -1.570796 0.000000
3 1.754859 -0.002103 0.000003 -0.000004 -0.000001 0.058846
4 2.644586 -0.004207 0.000741 -0.174176 -0.009280 -0.053485
5 5.373098 -0.003668 0.000286 -0.077701 0.002981 -0.034893
6 4.622900 -0.001142 -0.000016 0.014144 0.111247 0.173470
7 1.455385 -0.000000 0.000000 -0.306549 -0.065507 -0.022928
8 6.329874 -0.000000 -0.000000 0.000000 0.000000 0.000000
9 2.995307 1.987698 -0.864472 -3.141592 -0.000001 1.407923
10 0.458379 0.000000 0.000000 0.000000 0.000000 0.000000
11 2.995307 1.987696 0.870890 -3.141592 -0.000001 1.407923
12 0.458380 0.000001 -0.000000 0.000000 0.000000 0.000000
13 3.078267 1.929374 0.855018 0.791790 -0.685933 2.082660
14 0.664102 -0.000000 0.000000 0.000000 0.000000 0.000000
15 3.083700 1.962442 0.858416 -1.570796 -3.130031 -1.219003
16 0.559829 -0.000000 -0.000000 0.000000 0.000000 0.000000
17 3.078100 1.931617 0.863325 0.014043 -2.461192 -1.130506
18 0.682539 0.000000 -0.000000 0.000000 -0.000000 0.000000
19 3.061352 1.933510 0.862958 -1.288198 2.710504 -1.140101
20 0.679195 -0.000000 0.000000 0.000000 0.000000 0.000000
21 3.081031 1.929497 0.865757 -0.000000 -3.141591 -1.149588
22 0.675653 0.000000 -0.000000 0.000000 0.000000 0.000000
23 3.066324 1.936762 0.868039 -0.020697 2.615879 -1.141333
24 0.658072 0.000000 -0.000000 -0.000000 -0.000000 0.000000
25 2.989677 1.934948 -0.857061 -0.000000 2.405158 -1.244421
26 0.578150 0.000000 0.000000 0.000000 0.000000 0.000000
27 2.979570 1.967334 -0.884714 -0.000000 -3.141591 -1.252624
28 0.518766 -0.000000 -0.000000 0.000000 0.000000 0.000000
29 2.978724 1.983216 -0.860808 -0.016269 -2.767885 -1.233359
30 0.535335 -0.000001 0.000000 0.000000 0.000000 0.000000
31 2.983527 1.967234 -0.884390 -1.325165 2.534729 -1.355358
32 0.444524 0.000000 0.000000 0.000000 -0.000000 -0.000000
33 2.986610 1.992943 -0.875042 1.402094 -0.395370 1.824290
34 0.479990 0.000000 -0.000001 0.000000 0.000000 0.000000
35 2.975850 1.966180 -0.894208 0.000001 -3.141592 -1.342173
36 0.533030 0.000001 -0.000000 0.000000 0.000000 0.000000
37 -1.575327 0.231322 2.819829 0.834664 -1.302122 2.128788
38 2.707294 -0.000000 -0.000000 -0.046513 0.782677 0.225770
39 10.066722 0.000000 -0.000001 0.000000 -0.000000 -1.748815
40 4.577572 0.000000 0.000000 -1.570000 -0.000000 -0.000000
41 1.907322 -0.000000 0.000000 -0.000796 -0.000000 -0.000000
42 0.476831 0.000000 -0.000000 0.000000 0.000000 0.000000
43 -0.913607 0.147559 -3.103217 -1.683591 1.360792 1.305530
44 2.707293 0.000000 -0.000000 -0.296944 -0.833471 0.236790
45 10.066722 -0.000000 0.000001 0.000000 -0.000000 -2.149506
46 4.577572 -0.000001 -0.000000 1.570000 0.000000 -0.000000
47 1.907322 0.000000 0.000000 0.000796 -0.000000 0.000000
48 0.476831 0.000000 -0.000000 0.000000 0.000000 3.141593
49 -1.751698 0.105302 1.525858 -0.000003 -3.141592 -0.158846
50 0.416332 -0.000000 0.000000 0.000000 -0.000000 -0.200000
51 0.416333 0.000000 0.000000 0.000000 0.000000 0.100000
52 0.095757 2.258270 -0.000000 -0.000000 0.000000 1.570796
53 0.012490 0.000000 0.000000 0.000000 0.000000 3.141593
54 -1.751698 0.105310 -1.525857 -0.000003 -3.141592 -0.158846
55 0.416333 -0.000000 0.000000 0.000000 -0.000000 -0.200000
56 0.416333 0.000000 0.000000 0.000000 0.000000 0.100000
57 0.095756 2.258270 0.000000 0.000000 -0.000000 1.570796
58 0.012490 0.000000 0.000000 0.000000 0.000000 0.000000
time 50
0 -0.002617 0.000001 -5.892893 0.000000 0.000000 -1.001119
1 -0.000000 0.000000 -0.924262 0.000000 0.000000 1.001119
2 -0.000000 0.000000 0.000000 -1.570795 -1.570796 0.000000
3 1.754869 -0.002102 0.000003 -0.000004 -0.000001 0.063519
4 2.644591 -0.004208 0.000741 -0.174188 -0.009031 -0.052074
5 5.373114 -0.003668 0.000286 -0.077689 0.003312 -0.030428
6 4.622900 -0.001142 -0.000016 0.014144 0.111247 0.173470
7 1.455384 -0.000000 0.000000 -0.307351 -0.057644 0.008313
8 6.329875 -0.000000 -0.000000 0.000000 0.000000 0.000000
9 2.995308 1.987698 -0.864472 -3.141592 -0.000001 1.407923
10 0.458379 0.000000 0.000000 0.000000 -0.000000 -0.000000
11 2.995308 1.987696 0.870890 -3.141592 -0.000001 1.407923
12 0.458379 0.000000 -0.000000 0.000000 -0.000000 -0.000000
13 3.078268 1.929375 0.855018 0.791790 -0.685933 2.082660
14 0.664101 -0.000000 -0.000000 0.000000 0.000000 0.000000
15 3.083701 1.962442 0.858417 -1.570796 -3.130031 -1.219003
16 0.559829 -0.000000 0.000000 0.000000 0.000000 0.000000
17 3.078100 1.931618 0.863325 0.014043 -2.461192 -1.130506
18 0.682539 0.000001 0.000000 0.000000 -0.000000 0.000000
19 3.061352 1.933510 0.862958 -1.288198 2.710504 -1.140101
20 0.679194 -0.000000 -0.000000 0.000000 0.000000 0.000000
21 3.081031 1.929497 0.865757 -0.000000 -3.141591 -1.149588
22 0.675653 0.000001 -0.000000 0.000000 0.000000 0.000000
23 3.066324 1.936762 0.868039 -0.020697 2.615879 -1.141333
24 0.658072 0.000001 -0.000000 -0.000000 -0.000000 0.000000
25 2.989677 1.934948 -0.857061 -0.000000 2.405157 -1.244421
26 0.578150 -0.000000 -0.000000 0.000000 0.000000 0.000000
27 2.979570 1.967334 -0.884714 -0.000000 -3.141591 -1.252624
28 0.518766 0.000000 -0.000000 0.000000 0.000000 0.000000
29 2.978725 1.983216 -0.860808 -0.016269 -2.767885 -1.233359
30 0.535334 -0.000000 -0.000000 0.000000 0.000000 0.000000
31 2.983527 1.967234 -0.884390 -1.325165 2.534729 -1.355358
32 0.444524 -0.000000 -0.000000 -0.000000 0.000000 -0.000000
33 2.986610 1.992943 -0.875042 1.402094 -0.395370 1.824290
34 0.479990 -0.000000 0.000000 0.000000 0.000000 0.000000
35 2.975851 1.966180 -0.894208 0.000001 -3.141592 -1.342173
36 0.533030 -0.000000 -0.000000 0.000000 0.000000 0.000000
37 -1.575328 0.231321 2.819829 0.830730 -1.277849 2.134247
38 2.707293 0.000000 0.000000 -0.063527 0.794217 0.208793
39 10.066723 -0.000000 -0.000000 -0.000000 -0.000000 -1.880192
40 4.577572 -0.000000 -0.000000 -1.570000 0.000000 0.000000
41 1.907322 -0.000000 -0.000000 -0.000796 0.000000 -0.000000
42 0.476831 -0.000001 -0.000000 0.000000 0.000000 0.000000
43 -0.913608 0.147559 -3.103217 -1.601136 1.345165 1.391699
44 2.707293 0.000000 -0.000000 -0.285821 -0.843119 0.254637
45 10.066723 -0.000000 0.000001 0.000000 0.000000 -2.314871
46 4.577572 -0.000000 -0.000000 1.570000 0.000000 -0.000000
47 1.907322 -0.000000 -0.000000 0.000796 -0.000000 0.000000
48 0.476830 0.000000 0.000000 0.000000 0.000000 3.141593
49 -1.751197 0.113486 1.525858 -0.000003 -3.141592 -0.163519
50 0.416332 -0.000000 0.000000 0.000000 -0.000000 -0.200000
51 0.416333 0.000000 0.000000 0.000000 0.000000 0.100000
52 0.095757 2.258270 -0.000000 -0.000000 0.000000 1.570796
53 0.012490 0.000000 0.000000 0.000000 0.000000 3.141593
54 -1.751197 0.113494 -1.525857 -0.000003 -3.141592 -0.163519
55 0.416333 -0.000000 0.000000 0.000000 -0.000000 -0.200000
56 0.416333 0.000000 0.000000 0.000000 0.000000 0.100000
57 0.095756 2.258270 0.000000 0.000000 -0.000000 1.570796
58 0.012490 0.000000 0.000000 0.000000 0.000000 0.000000
time 51
0 -0.002617 0.000001 -5.892893 0.000000 0.000000 -1.001119
1 -0.000000 0.000000 -0.924262 0.000000 0.000000 1.001119
2 -0.000000 0.000000 0.000000 -1.570795 -1.570796 0.000000
3 1.754877 -0.002101 0.000003 -0.000004 -0.000001 0.067339
4 2.644598 -0.004208 0.000742 -0.174203 -0.008742 -0.050432
5 5.373129 -0.003669 0.000286 -0.077679 0.003568 -0.026876
6 4.622901 -0.001142 -0.000016 0.014144 0.111247 0.173470
7 1.455385 0.000000 0.000000 -0.306164 -0.053107 0.023181
8 6.329874 -0.000000 -0.000000 0.000000 0.000000 0.000000
9 2.995308 1.987698 -0.864472 -3.141592 -0.000001 1.407923
10 0.458379 0.000000 -0.000000 0.000000 -0.000000 -0.000000
11 2.995307 1.987696 0.870890 -3.141592 -0.000001 1.407923
12 0.458379 0.000001 -0.000000 0.000000 -0.000000 -0.000000
13 3.078268 1.929374 0.855018 0.802806 -0.686776 2.073326
14 0.664102 0.000000 0.000000 0.000000 0.000000 0.000000
15 3.083701 1.962442 0.858417 -1.570796 -3.130031 -1.226505
16 0.559829 -0.000000 0.000001 0.000000 0.000000 0.000000
17 3.078100 1.931617 0.863325 0.013093 -2.461214 -1.128994
18 0.682539 0.000001 -0.000000 0.000000 0.000000 0.000000
19 3.061352 1.933510 0.862958 -1.290698 2.709508 -1.145619
20 0.679195 -0.000000 -0.000000 0.000000 -0.000000 0.000000
21 3.081031 1.929497 0.865757 -0.000000 -3.141591 -1.148452
22 0.675652 0.000000 -0.000000 0.000000 0.000000 0.000000
23 3.066323 1.936762 0.868039 -0.020396 2.615874 -1.140732
24 0.658072 0.000000 -0.000000 -0.000000 0.000000 0.000000
25 2.989677 1.934948 -0.857061 -0.000000 2.405158 -1.244421
26 0.578150 -0.000000 -0.000000 0.000000 0.000000 0.000000
27 2.979570 1.967334 -0.884714 -0.000000 -3.141591 -1.252624
28 0.518765 0.000000 -0.000000 0.000000 0.000000 0.000000
29 2.978725 1.983215 -0.860808 -0.016269 -2.767885 -1.233359
30 0.535335 -0.000000 0.000000 0.000000 0.000000 0.000000
31 2.983527 1.967234 -0.884390 -1.330412 2.534244 -1.364164
32 0.444524 -0.000000 0.000000 0.000000 0.000000 -0.000000
33 2.986611 1.992943 -0.875042 1.404809 -0.395842 1.817604
34 0.479990 0.000000 0.000000 0.000000 0.000000 0.000000
35 2.975850 1.966180 -0.894208 0.000001 -3.141592 -1.350162
36 0.533030 0.000001 -0.000000 0.000000 0.000000 0.000000
37 -1.575328 0.231322 2.819829 0.801606 -1.257985 2.165574
38 2.707294 -0.000000 0.000000 -0.083819 0.793530 0.191691
39 10.066723 -0.000000 -0.000001 -0.000000 0.000000 -1.927626
40 4.577572 -0.000001 -0.000000 -1.570000 -0.000000 -0.000000
41 1.907322 -0.000000 -0.000000 -0.000796 0.000000 -0.000000
42 0.476830 0.000000 -0.000000 0.000000 0.000000 0.000000
43 -0.913608 0.147559 -3.103217 -1.515239 1.336849 1.480893
44 2.707293 -0.000000 -0.000000 -0.267751 -0.841329 0.252031
45 10.066723 -0.000001 0.000001 0.000000 0.000000 -2.374576
46 4.577572 -0.000001 -0.000000 1.570000 -0.000000 0.000000
47 1.907322 0.000000 0.000000 0.000796 -0.000000 -0.000000
48 0.476830 0.000000 0.000000 0.000000 0.000000 3.141593
49 -1.750758 0.120175 1.525858 -0.000003 -3.141592 -0.167339
50 0.416332 -0.000000 0.000000 0.000000 -0.000000 -0.200000
51 0.416333 0.000000 0.000000 0.000000 0.000000 0.100000
52 0.095757 2.258270 -0.000000 -0.000000 0.000000 1.570796
53 0.012490 0.000000 0.000000 0.000000 0.000000 3.141593
54 -1.750758 0.120184 -1.525857 -0.000003 -3.141592 -0.167339
55 0.416333 -0.000000 0.000000 0.000000 -0.000000 -0.200000
56 0.416333 0.000000 0.000000 0.000000 0.000000 0.100000
57 0.095756 2.258270 0.000000 0.000000 -0.000000 1.570796
58 0.012490 0.000000 0.000000 0.000000 0.000000 0.000000
time 52
0 -0.002617 0.000001 -5.892893 0.000000 0.000000 -1.001119
1 -0.000000 0.000000 -0.924262 0.000000 0.000000 1.001119
2 -0.000000 0.000000 0.000000 -1.570795 -1.570796 0.000000
3 1.754883 -0.002101 0.000003 -0.000004 -0.000001 0.069995
4 2.644607 -0.004208 0.000742 -0.174219 -0.008412 -0.048555
5 5.373137 -0.003669 0.000286 -0.077672 0.003746 -0.024331
6 4.622900 -0.001142 -0.000016 0.014144 0.111247 0.173470
7 1.455385 -0.000000 0.000000 -0.304359 -0.049712 0.036527
8 6.329874 0.000000 0.000000 0.000000 0.000000 0.000000
9 2.995308 1.987698 -0.864472 -3.141592 -0.000001 1.407923
10 0.458379 0.000001 0.000000 -0.000000 0.000000 0.000000
11 2.995308 1.987696 0.870890 -3.141592 -0.000001 1.407923
12 0.458379 0.000001 -0.000000 -0.000000 0.000000 0.000000
13 3.078269 1.929374 0.855018 0.833651 -0.689136 2.047190
14 0.664102 -0.000000 -0.000000 0.000000 0.000000 0.000000
15 3.083702 1.962442 0.858417 -1.570796 -3.130031 -1.247512
16 0.559829 -0.000000 0.000001 0.000000 0.000000 0.000000
17 3.078101 1.931618 0.863325 0.010430 -2.461275 -1.124760
18 0.682539 0.000001 -0.000000 0.000000 -0.000000 0.000000
19 3.061353 1.933510 0.862958 -1.297700 2.706721 -1.161068
20 0.679195 -0.000000 -0.000000 0.000000 0.000000 0.000000
21 3.081032 1.929497 0.865757 -0.000000 -3.141591 -1.145271
22 0.675653 0.000000 -0.000000 0.000000 0.000000 0.000000
23 3.066324 1.936762 0.868039 -0.019551 2.615859 -1.139049
24 0.658072 0.000000 -0.000000 -0.000000 -0.000000 0.000000
25 2.989677 1.934948 -0.857061 -0.000000 2.405158 -1.244421
26 0.578150 -0.000001 -0.000000 0.000000 0.000000 0.000000
27 2.979571 1.967334 -0.884714 -0.000000 -3.141591 -1.252624
28 0.518766 -0.000001 -0.000000 0.000000 0.000000 0.000000
29 2.978726 1.983216 -0.860808 -0.016269 -2.767885 -1.233359
30 0.535335 -0.000001 0.000000 0.000000 0.000000 0.000000
31 2.983528 1.967234 -0.884390 -1.345103 2.532887 -1.388819
32 0.444524 0.000000 0.000000 -0.000000 -0.000000 -0.000000
33 2.986611 1.992943 -0.875042 1.412411 -0.397165 1.798884
34 0.479990 -0.000000 0.000000 0.000000 0.000000 0.000000
35 2.975851 1.966180 -0.894208 0.000001 -3.141592 -1.372530
36 0.533030 0.000001 -0.000000 0.000000 0.000000 0.000000
37 -1.575327 0.231322 2.819829 0.748078 -1.239182 2.222049
38 2.707293 -0.000000 0.000000 -0.103821 0.784875 0.174689
39 10.066723 -0.000000 0.000000 -0.000000 -0.000000 -1.921822
40 4.577572 -0.000001 -0.000000 -1.570000 0.000000 0.000000
41 1.907322 0.000000 -0.000000 -0.000796 0.000000 -0.000000
42 0.476830 -0.000000 -0.000000 0.000000 0.000000 0.000000
43 -0.913607 0.147559 -3.103217 -1.407961 1.333648 1.591265
44 2.707293 0.000000 -0.000000 -0.247951 -0.830312 0.237791
45 10.066723 -0.000000 0.000002 0.000000 0.000000 -2.367271
46 4.577572 -0.000000 -0.000001 1.570000 0.000000 -0.000000
47 1.907322 -0.000000 0.000000 0.000796 -0.000000 -0.000000
48 0.476830 -0.000000 0.000000 0.000000 0.000000 3.141593
49 -1.750439 0.124824 1.525858 -0.000003 -3.141592 -0.169995
50 0.416332 -0.000000 0.000000 0.000000 -0.000000 -0.200000
51 0.416333 0.000000 0.000000 0.000000 0.000000 0.100000
52 0.095757 2.258270 -0.000000 -0.000000 0.000000 1.570796
53 0.012490 0.000000 0.000000 0.000000 0.000000 3.141593
54 -1.750439 0.124832 -1.525857 -0.000003 -3.141592 -0.169995
55 0.416333 -0.000000 0.000000 0.000000 -0.000000 -0.200000
56 0.416333 0.000000 0.000000 0.000000 0.000000 0.100000
57 0.095756 2.258270 0.000000 0.000000 -0.000000 1.570796
58 0.012490 0.000000 0.000000 0.000000 0.000000 0.000000
time 53
0 -0.002617 0.000001 -5.892893 0.000000 0.000000 -1.001119
1 -0.000000 0.000000 -0.924262 0.000000 0.000000 1.001119
2 -0.000000 0.000000 0.000000 -1.570795 -1.570796 0.000000
3 1.754885 -0.002101 0.000003 -0.000004 -0.000001 0.071172
4 2.644617 -0.004209 0.000742 -0.174237 -0.008040 -0.046442
5 5.373143 -0.003669 0.000286 -0.077669 0.003840 -0.022887
6 4.622900 -0.001142 -0.000016 0.014144 0.111247 0.173470
7 1.455386 -0.000000 0.000000 -0.302208 -0.047386 0.049156
8 6.329875 -0.000000 0.000000 0.000000 0.000000 0.000000
9 2.995308 1.987699 -0.864472 -3.141592 -0.000001 1.407923
10 0.458379 0.000000 0.000000 0.000000 0.000000 0.000000
11 2.995308 1.987696 0.870889 -3.141592 -0.000001 1.407923
12 0.458379 0.000000 0.000000 0.000000 0.000000 0.000000
13 3.078268 1.929374 0.855018 0.881020 -0.692760 2.007053
14 0.664102 -0.000000 -0.000000 0.000000 0.000000 0.000000
15 3.083701 1.962442 0.858416 -1.570796 -3.130031 -1.279773
16 0.559829 -0.000000 0.000000 0.000000 0.000000 0.000000
17 3.078101 1.931618 0.863325 0.006342 -2.461370 -1.118259
18 0.682539 0.000000 0.000000 0.000000 -0.000000 0.000000
19 3.061353 1.933510 0.862958 -1.308453 2.702441 -1.184793
20 0.679195 -0.000000 0.000000 0.000000 -0.000000 0.000000
21 3.081032 1.929497 0.865757 -0.000000 -3.141591 -1.140386
22 0.675652 0.000000 -0.000000 0.000000 0.000000 0.000000
23 3.066324 1.936762 0.868039 -0.018253 2.615836 -1.136465
24 0.658072 0.000001 0.000000 -0.000000 -0.000000 0.000000
25 2.989678 1.934948 -0.857061 -0.000000 2.405158 -1.244421
26 0.578150 -0.000000 -0.000000 0.000000 0.000000 0.000000
27 2.979571 1.967334 -0.884714 -0.000000 -3.141591 -1.252624
28 0.518766 -0.000000 -0.000000 0.000000 0.000000 0.000000
29 2.978725 1.983216 -0.860808 -0.016269 -2.767885 -1.233359
30 0.535335 -0.000001 0.000000 0.000000 0.000000 0.000000
31 2.983528 1.967234 -0.884390 -1.367665 2.530801 -1.426682
32 0.444524 0.000000 0.000000 -0.000000 0.000000 -0.000000
33 2.986610 1.992943 -0.875042 1.424086 -0.399196 1.770135
34 0.479990 -0.000000 0.000000 0.000000 0.000000 0.000000
35 2.975851 1.966180 -0.894208 0.000001 -3.141592 -1.406880
36 0.533030 0.000000 -0.000000 0.000000 0.000000 0.000000
37 -1.575326 0.231322 2.819829 0.680678 -1.220734 2.292653
38 2.707293 -0.000000 0.000000 -0.121445 0.770547 0.159556
39 10.066723 -0.000000 -0.000001 0.000000 0.000000 -1.873403
40 4.577572 -0.000000 -0.000000 -1.570000 0.000000 0.000000
41 1.907322 0.000000 0.000000 -0.000796 0.000000 -0.000000
42 0.476831 -0.000000 -0.000000 0.000000 0.000000 0.000000
43 -0.913606 0.147559 -3.103217 -1.283344 1.332670 1.718470
44 2.707293 0.000000 -0.000000 -0.229490 -0.812052 0.216523
45 10.066723 0.000000 0.000001 0.000000 -0.000000 -2.306326
46 4.577573 -0.000000 -0.000000 1.570000 -0.000000 -0.000000
47 1.907322 -0.000000 0.000000 0.000796 -0.000000 -0.000000
48 0.476830 -0.000000 0.000000 0.000000 0.000000 3.141593
49 -1.750293 0.126884 1.525858 -0.000003 -3.141592 -0.171172
50 0.416332 -0.000000 0.000000 0.000000 -0.000000 -0.200000
51 0.416333 0.000000 0.000000 0.000000 0.000000 0.100000
52 0.095757 2.258270 -0.000000 -0.000000 0.000000 1.570796
53 0.012490 0.000000 0.000000 0.000000 0.000000 3.141593
54 -1.750293 0.126893 -1.525857 -0.000003 -3.141592 -0.171172
55 0.416333 -0.000000 0.000000 0.000000 -0.000000 -0.200000
56 0.416333 0.000000 0.000000 0.000000 0.000000 0.100000
57 0.095756 2.258270 0.000000 0.000000 -0.000000 1.570796
58 0.012490 0.000000 0.000000 0.000000 0.000000 0.000000
time 54
0 -0.002617 0.000001 -5.892893 0.000000 0.000000 -1.001119
1 -0.000000 0.000000 -0.924262 0.000000 0.000000 1.001119
2 -0.000000 0.000000 0.000000 -1.570795 -1.570796 0.000000
3 1.754884 -0.002101 0.000003 -0.000004 -0.000001 0.070559
4 2.644626 -0.004209 0.000742 -0.174255 -0.007626 -0.044091
5 5.373144 -0.003669 0.000286 -0.077670 0.003844 -0.022639
6 4.622900 -0.001142 -0.000016 0.014144 0.111247 0.173470
7 1.455384 -0.000000 0.000000 -0.299966 -0.046047 0.061870
8 6.329875 -0.000000 0.000000 0.000000 0.000000 0.000000
9 2.995308 1.987698 -0.864472 -3.141592 -0.000001 1.407923
10 0.458379 0.000001 -0.000000 0.000000 -0.000000 -0.000000
11 2.995308 1.987696 0.870890 -3.141592 -0.000001 1.407923
12 0.458379 0.000001 -0.000000 0.000000 -0.000000 -0.000000
13 3.078268 1.929374 0.855018 0.941609 -0.697395 1.955715
14 0.664102 0.000000 0.000000 0.000000 0.000000 0.000000
15 3.083701 1.962442 0.858417 -1.570796 -3.130031 -1.321036
16 0.559829 -0.000000 -0.000001 0.000000 0.000000 0.000000
17 3.078100 1.931618 0.863325 0.001112 -2.461490 -1.109943
18 0.682539 -0.000000 -0.000000 0.000000 -0.000000 0.000000
19 3.061353 1.933510 0.862958 -1.322206 2.696966 -1.215139
20 0.679194 -0.000000 -0.000000 0.000000 -0.000000 0.000000
21 3.081032 1.929497 0.865757 -0.000000 -3.141591 -1.134138
22 0.675652 0.000001 -0.000000 0.000000 0.000000 0.000000
23 3.066324 1.936762 0.868039 -0.016594 2.615806 -1.133160
24 0.658072 0.000001 -0.000000 -0.000000 0.000000 0.000000
25 2.989677 1.934948 -0.857061 -0.000000 2.405158 -1.244421
26 0.578150 -0.000001 -0.000000 0.000000 0.000000 0.000000
27 2.979571 1.967334 -0.884714 -0.000000 -3.141591 -1.252624
28 0.518766 -0.000000 -0.000000 0.000000 0.000000 0.000000
29 2.978726 1.983216 -0.860808 -0.016269 -2.767885 -1.233359
30 0.535335 -0.000000 0.000000 0.000000 0.000000 0.000000
31 2.983528 1.967234 -0.884390 -1.396522 2.528134 -1.475111
32 0.444524 -0.000000 0.000000 -0.000000 -0.000000 -0.000000
33 2.986611 1.992943 -0.875042 1.439018 -0.401793 1.733363
34 0.479990 -0.000000 -0.000000 0.000000 0.000000 0.000000
35 2.975851 1.966180 -0.894208 0.000001 -3.141592 -1.450817
36 0.533030 -0.000000 -0.000000 0.000000 0.000000 0.000000
37 -1.575327 0.231322 2.819829 0.607723 -1.202311 2.368608
38 2.707293 -0.000000 -0.000000 -0.135099 0.752792 0.147701
39 10.066723 0.000000 -0.000001 0.000000 -0.000000 -1.792994
40 4.577572 -0.000000 -0.000000 -1.570000 -0.000000 0.000000
41 1.907322 -0.000001 0.000001 -0.000796 -0.000000 0.000000
42 0.476830 -0.000001 -0.000000 0.000000 0.000000 0.000000
43 -0.913608 0.147559 -3.103217 -1.147999 1.331583 1.855624
44 2.707293 -0.000000 -0.000000 -0.214961 -0.788715 0.192424
45 10.066724 -0.000000 0.000001 -0.000000 0.000000 -2.205114
46 4.577572 0.000000 -0.000000 1.570000 0.000000 0.000000
47 1.907322 -0.000000 -0.000000 0.000796 -0.000000 0.000000
48 0.476830 -0.000000 0.000000 0.000000 0.000000 3.141593
49 -1.750369 0.125811 1.525858 -0.000003 -3.141592 -0.170559
50 0.416332 -0.000000 0.000000 0.000000 -0.000000 -0.200000
51 0.416333 0.000000 0.000000 0.000000 0.000000 0.100000
52 0.095757 2.258270 -0.000000 -0.000000 0.000000 1.570796
53 0.012490 0.000000 0.000000 0.000000 0.000000 3.141593
54 -1.750369 0.125820 -1.525857 -0.000003 -3.141592 -0.170559
55 0.416333 -0.000000 0.000000 0.000000 -0.000000 -0.200000
56 0.416333 0.000000 0.000000 0.000000 0.000000 0.100000
57 0.095756 2.258270 0.000000 0.000000 -0.000000 1.570796
58 0.012490 0.000000 0.000000 0.000000 0.000000 0.000000
time 55
0 -0.002617 0.000001 -5.892893 0.000000 0.000000 -1.001119
1 -0.000000 0.000000 -0.924262 0.000000 0.000000 1.001119
2 -0.000000 0.000000 0.000000 -1.570795 -1.570796 0.000000
3 1.754879 -0.002101 0.000003 -0.000004 -0.000001 0.068482
4 2.644637 -0.004210 0.000742 -0.174274 -0.007175 -0.041526
5 5.373140 -0.003669 0.000286 -0.077675 0.003771 -0.023421
6 4.622900 -0.001142 -0.000016 0.014144 0.111247 0.173470
7 1.455385 -0.000000 -0.000000 -0.297750 -0.045465 0.074619
8 6.329874 -0.000000 0.000000 0.000000 0.000000 0.000000
9 2.995308 1.987698 -0.864472 -3.141592 -0.000001 1.407923
10 0.458379 0.000001 0.000000 -0.000000 -0.000000 0.000000
11 2.995307 1.987696 0.870890 -3.141592 -0.000001 1.407923
12 0.458379 0.000001 0.000000 -0.000000 -0.000000 0.000000
13 3.078268 1.929374 0.855017 1.012112 -0.702789 1.895976
14 0.664102 -0.000000 0.000001 0.000000 0.000000 0.000000
15 3.083701 1.962442 0.858416 -1.570796 -3.130031 -1.369052
16 0.559829 -0.000000 -0.000000 0.000000 0.000000 0.000000
17 3.078100 1.931617 0.863325 -0.004973 -2.461629 -1.100266
18 0.682539 -0.000000 0.000000 0.000000 -0.000000 0.000000
19 3.061352 1.933510 0.862958 -1.338210 2.690595 -1.250451
20 0.679195 -0.000000 0.000000 0.000000 0.000000 0.000000
21 3.081031 1.929497 0.865757 -0.000000 -3.141591 -1.126867
22 0.675653 0.000000 -0.000000 0.000000 0.000000 0.000000
23 3.066323 1.936762 0.868039 -0.014663 2.615772 -1.129313
24 0.658071 0.000001 0.000000 -0.000000 0.000000 0.000000
25 2.989676 1.934948 -0.857061 -0.000000 2.405158 -1.244421
26 0.578150 -0.000001 -0.000000 0.000000 0.000000 0.000000
27 2.979570 1.967334 -0.884714 -0.000000 -3.141591 -1.252624
28 0.518765 0.000001 -0.000000 0.000000 0.000000 0.000000
29 2.978725 1.983216 -0.860808 -0.016269 -2.767885 -1.233359
30 0.535334 -0.000000 -0.000000 0.000000 0.000000 0.000000
31 2.983527 1.967234 -0.884390 -1.430102 2.525031 -1.531466
32 0.444524 -0.000000 -0.000000 -0.000000 -0.000000 -0.000000
33 2.986610 1.992943 -0.875042 1.456394 -0.404816 1.690574
34 0.479990 -0.000000 -0.000000 0.000000 0.000000 0.000000
35 2.975850 1.966180 -0.894208 0.000001 -3.141592 -1.501943
36 0.533030 -0.000000 -0.000000 0.000000 0.000000 0.000000
37 -1.575327 0.231321 2.819829 0.535786 -1.184212 2.442982
38 2.707293 0.000000 -0.000000 -0.144733 0.733556 0.139272
39 10.066723 -0.000000 0.000000 -0.000000 -0.000000 -1.691217
40 4.577572 -0.000000 0.000001 -1.570000 -0.000000 -0.000000
41 1.907322 -0.000001 -0.000000 -0.000796 -0.000000 -0.000000
42 0.476831 -0.000000 0.000000 0.000000 0.000000 0.000000
43 -0.913607 0.147559 -3.103217 -1.011386 1.329049 1.993096
44 2.707293 -0.000000 0.000000 -0.204976 -0.762766 0.167978
45 10.066722 -0.000000 0.000001 0.000000 -0.000000 -2.077006
46 4.577572 -0.000000 -0.000000 1.570000 0.000000 -0.000000
47 1.907322 0.000001 0.000000 0.000796 0.000000 0.000000
48 0.476831 0.000001 -0.000000 0.000000 0.000000 3.141593
49 -1.750623 0.122176 1.525858 -0.000003 -3.141592 -0.168482
50 0.416332 -0.000000 0.000000 0.000000 -0.000000 -0.200000
51 0.416333 0.000000 0.000000 0.000000 0.000000 0.100000
52 0.095757 2.258270 -0.000000 -0.000000 0.000000 1.570796
53 0.012490 0.000000 0.000000 0.000000 0.000000 3.141593
54 -1.750622 0.122184 -1.525857 -0.000003 -3.141592 -0.168482
55 0.416333 -0.000000 0.000000 0.000000 -0.000000 -0.200000
56 0.416333 0.000000 0.000000 0.000000 0.000000 0.100000
57 0.095756 2.258270 0.000000 0.000000 -0.000000 1.570796
58 0.012490 0.000000 0.000000 0.000000 0.000000 0.000000
time 56
0 -0.002617 0.000001 -5.892893 0.000000 0.000000 -1.001119
1 -0.000000 0.000000 -0.924262 0.000000 0.000000 1.001119
2 -0.000000 0.000000 0.000000 -1.570795 -1.570796 0.000000
3 1.754873 -0.002102 0.000003 -0.000004 -0.000001 0.065545
4 2.644650 -0.004210 0.000742 -0.174293 -0.006693 -0.038788
5 5.373134 -0.003669 0.000286 -0.077682 0.003640 -0.024946
6 4.622900 -0.001142 -0.000016 0.014144 0.111247 0.173470
7 1.455385 -0.000000 0.000000 -0.295605 -0.045354 0.086980
8 6.329875 -0.000000 0.000000 0.000000 0.000000 0.000000
9 2.995308 1.987698 -0.864472 -3.141592 -0.000001 1.407923
10 0.458379 0.000000 -0.000000 0.000000 0.000000 -0.000000
11 2.995308 1.987695 0.870890 -3.141592 -0.000001 1.407923
12 0.458379 0.000000 0.000000 0.000000 0.000000 -0.000000
13 3.078268 1.929374 0.855018 1.089224 -0.708689 1.830637
14 0.664102 0.000000 0.000000 0.000000 0.000000 0.000000
15 3.083701 1.962442 0.858417 -1.570796 -3.130031 -1.421569
16 0.559829 -0.000000 -0.000000 0.000000 0.000000 0.000000
17 3.078100 1.931618 0.863325 -0.011629 -2.461782 -1.089682
18 0.682539 0.000000 -0.000000 0.000000 -0.000000 0.000000
19 3.061352 1.933510 0.862958 -1.355714 2.683628 -1.289074
20 0.679194 -0.000000 0.000000 0.000000 0.000000 0.000000
21 3.081031 1.929497 0.865757 -0.000000 -3.141591 -1.118914
22 0.675653 0.000000 -0.000000 0.000000 0.000000 0.000000
23 3.066324 1.936762 0.868039 -0.012551 2.615734 -1.125107
24 0.658072 0.000000 -0.000000 -0.000000 0.000000 0.000000
25 2.989677 1.934948 -0.857061 -0.000000 2.405158 -1.244421
26 0.578150 -0.000000 -0.000000 0.000000 0.000000 0.000000
27 2.979571 1.967334 -0.884714 -0.000000 -3.141591 -1.252624
28 0.518766 -0.000000 -0.000000 0.000000 0.000000 0.000000
29 2.978725 1.983216 -0.860808 -0.016269 -2.767885 -1.233359
30 0.535335 -0.000001 -0.000000 0.000000 0.000000 0.000000
31 2.983528 1.967234 -0.884390 1.674762 0.619957 1.548489
32 0.444524 -0.000000 0.000000 -0.000000 -0.000000 -0.000000
33 2.986611 1.992943 -0.875042 1.475399 -0.408122 1.643774
34 0.479990 -0.000000 0.000000 0.000000 0.000000 0.000000
35 2.975850 1.966180 -0.894208 0.000001 -3.141592 -1.557863
36 0.533030 0.000001 -0.000000 0.000000 0.000000 0.000000
37 -1.575327 0.231322 2.819829 0.469857 -1.167406 2.510575
38 2.707293 0.000000 0.000000 -0.150991 0.714623 0.133790
39 10.066722 0.000000 -0.000000 0.000000 0.000000 -1.578696
40 4.577572 0.000000 -0.000000 -1.570000 -0.000000 0.000000
41 1.907322 0.000000 -0.000000 -0.000796 -0.000000 0.000000
42 0.476830 0.000000 -0.000000 0.000000 0.000000 0.000000
43 -0.913607 0.147559 -3.103217 -0.884185 1.325007 2.120187
44 2.707293 -0.000000 0.000000 -0.198933 -0.736790 0.144600
45 10.066723 0.000000 0.000000 -0.000000 0.000000 -1.935376
46 4.577572 -0.000000 -0.000000 1.570000 0.000000 -0.000000
47 1.907322 -0.000000 0.000000 0.000796 -0.000000 0.000000
48 0.476831 -0.000001 -0.000000 0.000000 0.000000 3.141593
49 -1.750968 0.117034 1.525858 -0.000003 -3.141592 -0.165545
50 0.416332 -0.000000 0.000000 0.000000 -0.000000 -0.200000
51 0.416333 0.000000 0.000000 0.000000 0.000000 0.100000
52 0.095757 2.258270 -0.000000 -0.000000 0.000000 1.570796
53 0.012490 0.000000 0.000000 0.000000 0.000000 3.141593
54 -1.750967 0.117043 -1.525857 -0.000003 -3.141592 -0.165545
55 0.416333 -0.000000 0.000000 0.000000 -0.000000 -0.200000
56 0.416333 0.000000 0.000000 0.000000 0.000000 0.100000
57 0.095756 2.258270 0.000000 0.000000 -0.000000 1.570796
58 0.012490 0.000000 0.000000 0.000000 0.000000 0.000000
time 57
0 -0.002617 0.000001 -5.892893 0.000000 0.000000 -1.001119
1 -0.000000 0.000000 -0.924262 0.000000 0.000000 1.001119
2 -0.000000 0.000000 0.000000 -1.570795 -1.570796 0.000000
3 1.754866 -0.002102 0.000003 -0.000004 -0.000001 0.061852
4 2.644661 -0.004211 0.000742 -0.174312 -0.006184 -0.035899
5 5.373127 -0.003668 0.000286 -0.077692 0.003457 -0.027125
6 4.622901 -0.001142 -0.000016 0.014144 0.111247 0.173470
7 1.455385 -0.000000 0.000000 -0.293665 -0.045540 0.099193
8 6.329874 -0.000000 -0.000000 0.000000 0.000000 0.000000
9 2.995307 1.987698 -0.864473 -3.141592 -0.000001 1.407923
10 0.458379 0.000000 -0.000000 -0.000000 -0.000000 0.000000
11 2.995308 1.987696 0.870890 -3.141592 -0.000001 1.407923
12 0.458379 0.000001 -0.000000 -0.000000 -0.000000 0.000000
13 3.078268 1.929374 0.855017 1.169642 -0.714841 1.762497
14 0.664102 -0.000000 -0.000000 0.000000 0.000000 0.000000
15 3.083700 1.962442 0.858416 -1.570796 -3.130031 -1.476336
16 0.559829 -0.000000 0.000000 0.000000 0.000000 0.000000
17 3.078100 1.931618 0.863325 -0.018570 -2.461942 -1.078645
18 0.682539 0.000000 -0.000000 0.000000 -0.000000 0.000000
19 3.061352 1.933510 0.862958 -1.373969 2.676361 -1.329352
20 0.679195 -0.000000 0.000000 0.000000 -0.000000 0.000000
21 3.081031 1.929497 0.865757 -0.000000 -3.141591 -1.110621
22 0.675653 0.000000 -0.000000 0.000000 0.000000 0.000000
23 3.066323 1.936762 0.868039 -0.010349 2.615695 -1.120719
24 0.658072 0.000000 -0.000000 -0.000000 0.000000 0.000000
25 2.989677 1.934949 -0.857061 -0.000000 2.405158 -1.244421
26 0.578150 -0.000000 -0.000000 0.000000 0.000000 0.000000
27 2.979570 1.967334 -0.884714 -0.000000 -3.141591 -1.252624
28 0.518765 -0.000000 -0.000000 0.000000 0.000000 0.000000
29 2.978725 1.983216 -0.860808 -0.016269 -2.767885 -1.233359
30 0.535334 -0.000000 -0.000000 0.000000 0.000000 0.000000
31 2.983527 1.967234 -0.884390 1.636460 0.623497 1.484210
32 0.444524 -0.000000 -0.000001 -0.000000 -0.000000 -0.000000
33 2.986610 1.992943 -0.875042 1.495219 -0.411570 1.594967
34 0.479990 -0.000000 -0.000001 0.000000 0.000000 0.000000
35 2.975850 1.966180 -0.894208 -3.141592 -0.000001 1.525413
36 0.533030 0.000000 -0.000000 0.000000 0.000000 0.000000
37 -1.575328 0.231322 2.819829 0.413598 -1.153418 2.567667
38 2.707293 -0.000000 0.000000 -0.153750 0.697920 0.131365
39 10.066722 0.000000 -0.000001 0.000000 -0.000000 -1.466056
40 4.577572 -0.000000 0.000001 -1.570000 0.000000 0.000000
41 1.907322 0.000000 0.000000 -0.000796 0.000000 -0.000000
42 0.476830 -0.000000 -0.000000 0.000000 0.000000 0.000000
43 -0.913608 0.147559 -3.103217 -0.775983 1.320619 2.227441
44 2.707293 0.000000 -0.000000 -0.196553 -0.713289 0.124016
45 10.066723 -0.000001 0.000001 -0.000000 -0.000000 -1.793594
46 4.577571 0.000000 -0.000001 1.570000 0.000000 -0.000000
47 1.907322 -0.000000 -0.000000 0.000796 0.000000 0.000000
48 0.476830 -0.000000 -0.000000 0.000000 0.000000 3.141593
49 -1.751380 0.110566 1.525858 -0.000003 -3.141592 -0.161852
50 0.416332 -0.000000 0.000000 0.000000 -0.000000 -0.200000
51 0.416333 0.000000 0.000000 0.000000 0.000000 0.100000
52 0.095757 2.258270 -0.000000 -0.000000 0.000000 1.570796
53 0.012490 0.000000 0.000000 0.000000 0.000000 3.141593
54 -1.751380 0.110575 -1.525857 -0.000003 -3.141592 -0.161852
55 0.416333 -0.000000 0.000000 0.000000 -0.000000 -0.200000
56 0.416333 0.000000 0.000000 0.000000 0.000000 0.100000
57 0.095756 2.258270 0.000000 0.000000 -0.000000 1.570796
58 0.012490 0.000000 0.000000 0.000000 0.000000 0.000000
time 58
0 -0.002617 0.000001 -5.892893 0.000000 0.000000 -1.001119
1 -0.000000 0.000000 -0.924262 0.000000 0.000000 1.001119
2 -0.000000 0.000000 0.000000 -1.570795 -1.570796 0.000000
3 1.754857 -0.002103 0.000003 -0.000004 -0.000001 0.057505
4 2.644675 -0.004211 0.000742 -0.174329 -0.005652 -0.032878
5 5.373116 -0.003668 0.000286 -0.077703 0.003230 -0.029869
6 4.622900 -0.001142 -0.000016 0.014144 0.111247 0.173470
7 1.455385 0.000000 0.000000 -0.292059 -0.045845 0.111499
8 6.329874 -0.000000 0.000000 0.000000 0.000000 0.000000
9 2.995307 1.987698 -0.864472 -3.141592 -0.000001 1.407923
10 0.458379 0.000001 0.000000 -0.000000 -0.000000 0.000000
11 2.995307 1.987696 0.870890 -3.141592 -0.000001 1.407923
12 0.458379 0.000000 0.000000 -0.000000 -0.000000 0.000000
13 3.078268 1.929375 0.855018 1.250059 -0.720994 1.694358
14 0.664102 -0.000000 -0.000000 0.000000 0.000000 0.000000
15 3.083701 1.962442 0.858417 -1.570796 -3.130031 -1.531104
16 0.559829 -0.000000 -0.000001 0.000000 0.000000 0.000000
17 3.078100 1.931618 0.863325 -0.025511 -2.462102 -1.067608
18 0.682539 0.000001 0.000000 0.000000 0.000000 0.000000
19 3.061352 1.933510 0.862958 -1.392223 2.669095 -1.369630
20 0.679195 -0.000000 -0.000000 0.000000 -0.000000 0.000000
21 3.081031 1.929497 0.865757 -0.000000 -3.141591 -1.102327
22 0.675653 -0.000000 -0.000000 0.000000 0.000000 0.000000
23 3.066323 1.936762 0.868039 -0.008146 2.615655 -1.116332
24 0.658071 0.000001 -0.000000 -0.000000 0.000000 0.000000
25 2.989677 1.934948 -0.857061 -0.000000 2.405158 -1.244421
26 0.578150 -0.000001 -0.000000 0.000000 0.000000 0.000000
27 2.979570 1.967334 -0.884714 -0.000000 -3.141591 -1.252624
28 0.518766 0.000000 -0.000000 0.000000 0.000000 0.000000
29 2.978724 1.983216 -0.860808 -0.016269 -2.767885 -1.233359
30 0.535335 -0.000001 0.000000 0.000000 0.000000 0.000000
31 2.983527 1.967234 -0.884390 1.598158 0.627037 1.419931
32 0.444524 0.000000 0.000000 -0.000000 -0.000000 -0.000000
33 2.986610 1.992943 -0.875042 1.515039 -0.415018 1.546161
34 0.479990 0.000000 -0.000000 0.000000 0.000000 0.000000
35 2.975850 1.966180 -0.894208 -3.141592 -0.000001 1.467097
36 0.533030 0.000001 -0.000000 0.000000 0.000000 0.000000
37 -1.575327 0.231322 2.819829 0.369833 -1.144149 2.611523
38 2.707294 0.000000 0.000000 -0.152908 0.685360 0.132045
39 10.066722 -0.000000 -0.000000 0.000000 0.000000 -1.363919
40 4.577572 0.000000 -0.000000 -1.570000 0.000000 0.000000
41 1.907322 0.000000 0.000000 -0.000796 0.000000 -0.000000
42 0.476831 -0.000000 0.000000 0.000000 0.000000 0.000000
43 -0.913607 0.147559 -3.103217 -0.694211 1.317880 2.307694
44 2.707294 0.000000 -0.000000 -0.197152 -0.694743 0.107656
45 10.066722 -0.000000 0.000000 0.000000 -0.000000 -1.665034
46 4.577572 -0.000000 0.000000 1.570000 -0.000000 0.000000
47 1.907322 0.000000 -0.000000 0.000796 -0.000000 -0.000000
48 0.476831 0.000000 0.000000 0.000000 0.000000 3.141593
49 -1.751835 0.102953 1.525858 -0.000003 -3.141592 -0.157505
50 0.416332 -0.000000 0.000000 0.000000 -0.000000 -0.200000
51 0.416333 0.000000 0.000000 0.000000 0.000000 0.100000
52 0.095757 2.258270 -0.000000 -0.000000 0.000000 1.570796
53 0.012490 0.000000 0.000000 0.000000 0.000000 3.141593
54 -1.751835 0.102961 -1.525857 -0.000003 -3.141592 -0.157505
55 0.416333 -0.000000 0.000000 0.000000 -0.000000 -0.200000
56 0.416333 0.000000 0.000000 0.000000 0.000000 0.100000
57 0.095756 2.258270 0.000000 0.000000 -0.000000 1.570796
58 0.012490 0.000000 0.000000 0.000000 0.000000 0.000000
time 59
0 -0.002617 0.000001 -5.892893 0.000000 0.000000 -1.001119
1 -0.000000 0.000000 -0.924262 0.000000 0.000000 1.001119
2 -0.000000 0.000000 0.000000 -1.570795 -1.570796 0.000000
3 1.754846 -0.002103 0.000003 -0.000004 -0.000001 0.052608
4 2.644689 -0.004212 0.000742 -0.174346 -0.005101 -0.029747
5 5.373106 -0.003668 0.000286 -0.077715 0.002966 -0.033089
6 4.622900 -0.001142 -0.000016 0.014144 0.111247 0.173470
7 1.455385 -0.000000 0.000000 -0.290913 -0.046097 0.124139
8 6.329874 -0.000000 0.000000 0.000000 0.000000 0.000000
9 2.995308 1.987698 -0.864472 -3.141592 -0.000001 1.407923
10 0.458379 0.000000 -0.000000 0.000000 0.000000 0.000000
11 2.995307 1.987696 0.870890 -3.141592 -0.000001 1.407923
12 0.458379 0.000001 0.000000 0.000000 0.000000 0.000000
13 3.078268 1.929374 0.855018 1.327172 -0.726893 1.629018
14 0.664102 -0.000000 -0.000000 0.000000 0.000000 0.000000
15 3.083700 1.962442 0.858416 1.570797 -0.011562 1.557971
16 0.559829 -0.000000 -0.000000 0.000000 0.000000 0.000000
17 3.078100 1.931618 0.863325 -0.032167 -2.462255 -1.057024
18 0.682539 0.000001 0.000000 0.000000 0.000000 0.000000
19 3.061353 1.933510 0.862958 -1.409728 2.662127 -1.408252
20 0.679194 -0.000000 0.000001 0.000000 0.000000 0.000000
21 3.081032 1.929497 0.865757 -0.000000 -3.141591 -1.094374
22 0.675653 0.000000 -0.000000 0.000000 0.000000 0.000000
23 3.066324 1.936762 0.868039 -0.006034 2.615618 -1.112125
24 0.658072 0.000001 -0.000000 -0.000000 0.000000 0.000000
25 2.989677 1.934949 -0.857061 -0.000000 2.405158 -1.244421
26 0.578150 -0.000000 0.000000 0.000000 0.000000 0.000000
27 2.979571 1.967334 -0.884714 -0.000000 -3.141591 -1.252624
28 0.518766 -0.000001 -0.000000 0.000000 0.000000 0.000000
29 2.978726 1.983216 -0.860808 -0.016269 -2.767885 -1.233359
30 0.535335 -0.000000 0.000000 0.000000 0.000000 0.000000
31 2.983528 1.967234 -0.884390 1.561430 0.630431 1.358293
32 0.444524 -0.000000 -0.000000 0.000000 0.000000 -0.000000
33 2.986610 1.992943 -0.875042 1.534044 -0.418324 1.499360
34 0.479990 -0.000000 -0.000000 0.000000 0.000000 0.000000
35 2.975851 1.966180 -0.894208 -3.141592 -0.000001 1.411178
36 0.533030 0.000001 -0.000000 0.000000 0.000000 0.000000
37 -1.575327 0.231321 2.819829 0.333763 -1.139846 2.647084
38 2.707293 0.000000 0.000000 -0.149076 0.675948 0.135360
39 10.066723 -0.000000 0.000000 0.000000 0.000000 -1.266196
40 4.577571 -0.000000 -0.000001 -1.570000 0.000000 -0.000000
41 1.907322 0.000000 0.000000 -0.000796 0.000000 -0.000000
42 0.476830 -0.000000 0.000000 0.000000 0.000000 0.000000
43 -0.913607 0.147559 -3.103217 -0.630860 1.318253 2.368992
44 2.707294 0.000000 -0.000000 -0.199813 -0.680143 0.093622
45 10.066723 0.000000 0.000001 -0.000000 -0.000000 -1.542029
46 4.577572 -0.000000 0.000001 1.570000 0.000000 -0.000000
47 1.907322 0.000000 -0.000000 0.000796 0.000000 0.000000
48 0.476830 0.000000 0.000000 0.000000 0.000000 3.141593
49 -1.752308 0.094372 1.525858 -0.000003 -3.141592 -0.152608
50 0.416332 -0.000000 0.000000 0.000000 -0.000000 -0.200000
51 0.416333 0.000000 0.000000 0.000000 0.000000 0.100000
52 0.095757 2.258270 -0.000000 -0.000000 0.000000 1.570796
53 0.012490 0.000000 0.000000 0.000000 0.000000 3.141593
54 -1.752308 0.094381 -1.525857 -0.000003 -3.141592 -0.152608
55 0.416333 -0.000000 0.000000 0.000000 -0.000000 -0.200000
56 0.416333 0.000000 0.000000 0.000000 0.000000 0.100000
57 0.095756 2.258270 0.000000 0.000000 -0.000000 1.570796
58 0.012490 0.000000 0.000000 0.000000 0.000000 0.000000
time 60
0 -0.002617 0.000001 -5.892893 0.000000 0.000000 -1.001119
1 -0.000000 0.000000 -0.924262 0.000000 0.000000 1.001119
2 -0.000000 0.000000 0.000000 -1.570795 -1.570796 0.000000
3 1.754835 -0.002104 0.000003 -0.000004 -0.000001 0.047264
4 2.644702 -0.004212 0.000742 -0.174362 -0.004533 -0.026526
5 5.373093 -0.003667 0.000286 -0.077727 0.002671 -0.036695
6 4.622900 -0.001142 -0.000016 0.014144 0.111247 0.173470
7 1.455385 -0.000000 0.000000 -0.290350 -0.046119 0.137352
8 6.329874 -0.000000 0.000000 0.000000 0.000000 0.000000
9 2.995308 1.987698 -0.864472 -3.141592 -0.000001 1.407923
10 0.458379 0.000001 0.000000 0.000000 0.000000 0.000000
11 2.995308 1.987696 0.870890 -3.141592 -0.000001 1.407923
12 0.458380 0.000001 -0.000000 0.000000 0.000000 0.000000
13 3.078268 1.929374 0.855018 1.397675 -0.732287 1.569279
14 0.664102 -0.000000 -0.000000 0.000000 0.000000 0.000000
15 3.083701 1.962442 0.858417 1.570797 -0.011562 1.509956
16 0.559829 -0.000000 0.000000 0.000000 0.000000 0.000000
17 3.078100 1.931618 0.863325 -0.038252 -2.462395 -1.047347
18 0.682539 0.000000 -0.000000 0.000000 0.000000 0.000000
19 3.061353 1.933510 0.862958 -1.425732 2.655756 -1.443564
20 0.679194 -0.000000 0.000000 0.000000 0.000000 0.000000
21 3.081031 1.929497 0.865757 -0.000000 -3.141591 -1.087104
22 0.675653 0.000001 -0.000000 0.000000 0.000000 0.000000
23 3.066323 1.936762 0.868039 -0.004103 2.615583 -1.108279
24 0.658071 0.000000 0.000000 -0.000000 0.000000 0.000000
25 2.989677 1.934948 -0.857061 -0.000000 2.405158 -1.244421
26 0.578150 0.000000 -0.000000 0.000000 0.000000 0.000000
27 2.979570 1.967334 -0.884714 -0.000000 -3.141591 -1.252624
28 0.518766 0.000000 -0.000000 0.000000 0.000000 0.000000
29 2.978725 1.983216 -0.860808 -0.016269 -2.767885 -1.233359
30 0.535335 -0.000000 -0.000000 0.000000 0.000000 0.000000
31 2.983528 1.967234 -0.884390 1.527850 0.633535 1.301938
32 0.444524 -0.000000 -0.000001 -0.000000 -0.000000 -0.000000
33 2.986611 1.992943 -0.875042 1.551420 -0.421347 1.456571
34 0.479990 -0.000000 -0.000000 0.000000 0.000000 0.000000
35 2.975851 1.966180 -0.894208 -3.141592 -0.000001 1.360051
36 0.533030 -0.000000 -0.000000 0.000000 0.000000 0.000000
37 -1.575327 0.231322 2.819829 0.298226 -1.138951 2.681633
38 2.707294 0.000000 -0.000000 -0.143314 0.667249 0.140462
39 10.066722 0.000000 -0.000001 0.000000 -0.000000 -1.160636
40 4.577573 0.000000 0.000000 -1.570000 0.000000 -0.000000
41 1.907322 -0.000000 0.000000 -0.000796 -0.000000 -0.000000
42 0.476830 0.000000 -0.000000 0.000000 0.000000 0.000000
43 -0.913608 0.147559 -3.103217 -0.571657 1.321407 2.425518
44 2.707293 0.000000 -0.000000 -0.203882 -0.666747 0.079029
45 10.066723 0.000000 0.000001 0.000000 -0.000000 -1.409160
46 4.577573 -0.000000 0.000001 1.570000 0.000000 -0.000000
47 1.907322 0.000000 0.000000 0.000796 0.000000 0.000000
48 0.476830 0.000000 0.000000 0.000000 0.000000 3.141593
49 -1.752776 0.085007 1.525858 -0.000003 -3.141592 -0.147264
50 0.416332 -0.000000 0.000000 0.000000 -0.000000 -0.200000
51 0.416333 0.000000 0.000000 0.000000 0.000000 0.100000
52 0.095757 2.258270 -0.000000 -0.000000 0.000000 1.570796
53 0.012490 0.000000 0.000000 0.000000 0.000000 3.141593
54 -1.752776 0.085015 -1.525857 -0.000003 -3.141592 -0.147264
55 0.416333 -0.000000 0.000000 0.000000 -0.000000 -0.200000
56 0.416333 0.000000 0.000000 0.000000 0.000000 0.100000
57 0.095756 2.258270 0.000000 0.000000 -0.000000 1.570796
58 0.012490 0.000000 0.000000 0.000000 0.000000 0.000000
time 61
0 -0.002617 0.000001 -5.892893 0.000000 0.000000 -1.001119
1 -0.000000 0.000000 -0.924262 0.000000 0.000000 1.001119
2 -0.000000 0.000000 0.000000 -1.570795 -1.570796 0.000000
3 1.754823 -0.002104 0.000003 -0.000004 -0.000001 0.041576
4 2.644717 -0.004212 0.000742 -0.174376 -0.003954 -0.023236
5 5.373077 -0.003667 0.000286 -0.077739 0.002353 -0.040599
6 4.622900 -0.001142 -0.000016 0.014144 0.111247 0.173470
7 1.455385 -0.000000 0.000000 -0.290338 -0.046044 0.149557
8 6.329874 -0.000000 0.000000 0.000000 0.000000 0.000000
9 2.995308 1.987698 -0.864472 -3.141592 -0.000001 1.407923
10 0.458379 0.000000 -0.000000 -0.000000 -0.000000 0.000000
11 2.995307 1.987696 0.870890 -3.141592 -0.000001 1.407923
12 0.458380 0.000000 0.000000 -0.000000 -0.000000 0.000000
13 3.078268 1.929374 0.855018 1.458263 -0.736922 1.517941
14 0.664102 -0.000000 0.000001 0.000000 0.000000 0.000000
15 3.083701 1.962442 0.858417 1.570797 -0.011562 1.468692
16 0.559829 -0.000000 0.000000 0.000000 0.000000 0.000000
17 3.078100 1.931617 0.863325 -0.043482 -2.462515 -1.039031
18 0.682539 0.000000 -0.000000 0.000000 0.000000 0.000000
19 3.061352 1.933510 0.862958 -1.439485 2.650281 -1.473910
20 0.679195 -0.000000 -0.000000 0.000000 0.000000 0.000000
21 3.081032 1.929496 0.865757 -0.000000 -3.141591 -1.080855
22 0.675653 0.000001 -0.000000 0.000000 0.000000 0.000000
23 3.066323 1.936762 0.868039 -0.002444 2.615554 -1.104974
24 0.658072 0.000001 -0.000000 -0.000000 0.000000 0.000000
25 2.989677 1.934948 -0.857061 -0.000000 2.405157 -1.244421
26 0.578150 -0.000001 -0.000000 0.000000 0.000000 0.000000
27 2.979570 1.967334 -0.884714 -0.000000 -3.141591 -1.252624
28 0.518766 -0.000000 -0.000000 0.000000 0.000000 0.000000
29 2.978724 1.983216 -0.860808 -0.016269 -2.767885 -1.233359
30 0.535335 0.000000 -0.000000 0.000000 0.000000 0.000000
31 2.983528 1.967234 -0.884390 1.498993 0.636202 1.253509
32 0.444524 0.000000 -0.000001 -0.000000 -0.000000 -0.000000
33 2.986611 1.992943 -0.875042 1.566353 -0.423945 1.419799
34 0.479990 -0.000000 0.000000 0.000000 0.000000 0.000000
35 2.975851 1.966179 -0.894208 -3.141592 -0.000001 1.316114
36 0.533030 0.000001 -0.000000 0.000000 0.000000 0.000000
37 -1.575327 0.231321 2.819829 0.262462 -1.140786 2.716062
38 2.707293 0.000000 -0.000000 -0.136120 0.659032 0.146856
39 10.066723 0.000000 -0.000001 -0.000000 0.000000 -1.048624
40 4.577572 -0.000000 0.000001 -1.570000 -0.000000 0.000000
41 1.907322 0.000000 -0.000000 -0.000796 0.000000 0.000000
42 0.476830 0.000000 -0.000000 0.000000 0.000000 0.000000
43 -0.913607 0.147559 -3.103217 -0.513932 1.326859 2.480098
44 2.707294 0.000000 0.000000 -0.208927 -0.654395 0.063764
45 10.066723 -0.000000 0.000001 -0.000000 -0.000000 -1.268169
46 4.577572 0.000000 0.000000 1.570000 0.000000 0.000000
47 1.907322 0.000000 0.000000 0.000796 0.000000 0.000000
48 0.476830 0.000000 -0.000000 0.000000 0.000000 3.141593
49 -1.753219 0.075035 1.525858 -0.000003 -3.141592 -0.141576
50 0.416332 -0.000000 0.000000 0.000000 -0.000000 -0.200000
51 0.416333 0.000000 0.000000 0.000000 0.000000 0.100000
52 0.095757 2.258270 -0.000000 -0.000000 0.000000 1.570796
53 0.012490 0.000000 0.000000 0.000000 0.000000 3.141593
54 -1.753219 0.075044 -1.525857 -0.000003 -3.141592 -0.141576
55 0.416333 -0.000000 0.000000 0.000000 -0.000000 -0.200000
56 0.416333 0.000000 0.000000 0.000000 0.000000 0.100000
57 0.095756 2.258270 0.000000 0.000000 -0.000000 1.570796
58 0.012490 0.000000 0.000000 0.000000 0.000000 0.000000
time 62
0 -0.002617 0.000001 -5.892893 0.000000 0.000000 -1.001119
1 -0.000000 0.000000 -0.924262 0.000000 0.000000 1.001119
2 -0.000000 0.000000 0.000000 -1.570795 -1.570796 0.000000
3 1.754811 -0.002105 0.000003 -0.000004 -0.000001 0.035647
4 2.644731 -0.004213 0.000742 -0.174388 -0.003366 -0.019897
5 5.373061 -0.003666 0.000286 -0.077750 0.002019 -0.044710
6 4.622900 -0.001142 -0.000016 0.014144 0.111247 0.173470
7 1.455385 -0.000000 0.000000 -0.290699 -0.046093 0.159332
8 6.329874 0.000000 0.000000 0.000000 0.000000 0.000000
9 2.995308 1.987698 -0.864472 -3.141592 -0.000001 1.407923
10 0.458379 -0.000000 -0.000000 0.000000 0.000000 -0.000000
11 2.995308 1.987696 0.870890 -3.141592 -0.000001 1.407923
12 0.458379 0.000001 0.000000 0.000000 0.000000 -0.000000
13 3.078268 1.929374 0.855018 1.505632 -0.740546 1.477804
14 0.664102 -0.000000 -0.000001 0.000000 0.000000 0.000000
15 3.083701 1.962442 0.858417 1.570797 -0.011562 1.436432
16 0.559829 -0.000000 0.000000 0.000000 0.000000 0.000000
17 3.078101 1.931618 0.863325 -0.047570 -2.462609 -1.032529
18 0.682539 -0.000000 -0.000000 0.000000 0.000000 0.000000
19 3.061352 1.933510 0.862958 -1.450238 2.646001 -1.497636
20 0.679195 -0.000000 -0.000000 0.000000 -0.000000 0.000000
21 3.081031 1.929497 0.865757 -0.000000 -3.141591 -1.075970
22 0.675653 -0.000000 -0.000000 0.000000 0.000000 0.000000
23 3.066324 1.936762 0.868039 -0.001146 2.615531 -1.102389
24 0.658072 0.000000 -0.000000 -0.000000 0.000000 0.000000
25 2.989677 1.934948 -0.857061 -0.000000 2.405157 -1.244421
26 0.578150 -0.000001 0.000000 0.000000 0.000000 0.000000
27 2.979571 1.967334 -0.884714 -0.000000 -3.141591 -1.252624
28 0.518765 0.000000 -0.000000 0.000000 0.000000 0.000000
29 2.978725 1.983216 -0.860808 -0.016269 -2.767885 -1.233359
30 0.535335 -0.000000 0.000000 0.000000 0.000000 0.000000
31 2.983527 1.967234 -0.884390 1.476431 0.638287 1.215646
32 0.444524 -0.000000 -0.000000 -0.000000 -0.000000 -0.000000
33 2.986610 1.992943 -0.875042 1.578028 -0.425976 1.391050
34 0.479990 -0.000000 -0.000001 0.000000 0.000000 0.000000
35 2.975850 1.966180 -0.894208 -3.141592 -0.000001 1.281764
36 0.533030 -0.000000 -0.000000 0.000000 0.000000 0.000000
37 -1.575327 0.231321 2.819829 0.225925 -1.144650 2.751039
38 2.707293 0.000000 0.000000 -0.127964 0.651084 0.154065
39 10.066722 -0.000000 0.000000 0.000000 0.000000 -0.931540
40 4.577572 0.000000 -0.000000 -1.570000 0.000000 0.000000
41 1.907321 0.000000 -0.000000 -0.000796 -0.000000 -0.000000
42 0.476831 0.000000 0.000000 0.000000 0.000000 0.000000
43 -0.913607 0.147559 -3.103217 -0.455489 1.334023 2.535076
44 2.707294 0.000000 0.000000 -0.214558 -0.642921 0.047756
45 10.066723 -0.000000 0.000001 -0.000000 -0.000000 -1.120795
46 4.577572 -0.000001 0.000000 1.570000 0.000000 -0.000000
47 1.907321 0.000000 -0.000000 0.000796 0.000000 0.000000
48 0.476830 0.000000 0.000000 0.000000 0.000000 3.141593
49 -1.753621 0.064640 1.525858 -0.000003 -3.141592 -0.135647
50 0.416332 -0.000000 0.000000 0.000000 -0.000000 -0.200000
51 0.416333 0.000000 0.000000 0.000000 0.000000 0.100000
52 0.095757 2.258270 -0.000000 -0.000000 0.000000 1.570796
53 0.012490 0.000000 0.000000 0.000000 0.000000 3.141593
54 -1.753621 0.064648 -1.525857 -0.000003 -3.141592 -0.135647
55 0.416333 -0.000000 0.000000 0.000000 -0.000000 -0.200000
56 0.416333 0.000000 0.000000 0.000000 0.000000 0.100000
57 0.095756 2.258270 0.000000 0.000000 -0.000000 1.570796
58 0.012490 0.000000 0.000000 0.000000 0.000000 0.000000
time 63
0 -0.002617 0.000001 -5.892893 0.000000 0.000000 -1.001119
1 -0.000000 0.000000 -0.924262 0.000000 0.000000 1.001119
2 -0.000000 0.000000 0.000000 -1.570795 -1.570796 0.000000
3 1.754798 -0.002105 0.000003 -0.000004 -0.000001 0.029581
4 2.644745 -0.004213 0.000742 -0.174398 -0.002773 -0.016531
5 5.373045 -0.003665 0.000286 -0.077760 0.001676 -0.048941
6 4.622900 -0.001142 -0.000016 0.014144 0.111247 0.173470
7 1.455384 -0.000000 0.000000 -0.291336 -0.046228 0.167161
8 6.329875 -0.000000 -0.000000 0.000000 0.000000 0.000000
9 2.995308 1.987698 -0.864472 -3.141592 -0.000001 1.407923
10 0.458379 0.000001 0.000000 0.000000 -0.000000 0.000000
11 2.995308 1.987695 0.870890 -3.141592 -0.000001 1.407923
12 0.458379 0.000001 -0.000000 0.000000 -0.000000 0.000000
13 3.078268 1.929374 0.855018 1.536478 -0.742906 1.451668
14 0.664102 -0.000000 0.000000 0.000000 0.000000 0.000000
15 3.083701 1.962441 0.858416 1.570797 -0.011562 1.415425
16 0.559829 -0.000000 0.000000 0.000000 0.000000 0.000000
17 3.078101 1.931617 0.863325 -0.050232 -2.462670 -1.028296
18 0.682539 0.000000 -0.000000 0.000000 0.000000 0.000000
19 3.061353 1.933510 0.862958 -1.457239 2.643214 -1.513085
20 0.679194 -0.000000 0.000000 0.000000 -0.000000 0.000000
21 3.081031 1.929496 0.865757 -0.000000 -3.141591 -1.072789
22 0.675653 0.000001 -0.000000 0.000000 0.000000 0.000000
23 3.066324 1.936762 0.868039 -0.000301 2.615516 -1.100706
24 0.658072 0.000000 -0.000000 -0.000000 0.000000 0.000000
25 2.989677 1.934948 -0.857061 -0.000000 2.405157 -1.244421
26 0.578151 -0.000001 -0.000000 0.000000 0.000000 0.000000
27 2.979570 1.967334 -0.884714 -0.000000 -3.141591 -1.252624
28 0.518766 -0.000001 -0.000000 0.000000 0.000000 0.000000
29 2.978726 1.983215 -0.860808 -0.016269 -2.767885 -1.233359
30 0.535335 -0.000001 -0.000000 0.000000 0.000000 0.000000
31 2.983528 1.967234 -0.884390 1.461740 0.639645 1.190991
32 0.444524 -0.000000 0.000000 0.000000 -0.000000 -0.000000
33 2.986611 1.992943 -0.875042 1.585630 -0.427298 1.372330
34 0.479990 -0.000000 -0.000000 0.000000 0.000000 0.000000
35 2.975851 1.966180 -0.894208 -3.141592 -0.000001 1.259396
36 0.533030 0.000000 -0.000000 0.000000 0.000000 0.000000
37 -1.575327 0.231321 2.819829 0.188263 -1.149826 2.787022
38 2.707293 -0.000000 0.000000 -0.119296 0.643217 0.161647
39 10.066723 0.000000 0.000000 0.000000 -0.000000 -0.810769
40 4.577572 0.000000 -0.000000 -1.570000 -0.000000 0.000000
41 1.907322 -0.000000 0.000000 -0.000796 0.000000 -0.000000
42 0.476830 0.000000 -0.000000 0.000000 0.000000 0.000000
43 -0.913607 0.147559 -3.103217 -0.394494 1.342230 2.592417
44 2.707293 -0.000000 0.000000 -0.220435 -0.632146 0.030985
45 10.066723 -0.000000 0.000001 0.000000 0.000000 -0.968780
46 4.577573 0.000000 0.000001 1.570000 0.000000 0.000000
47 1.907322 -0.000000 -0.000000 0.000796 0.000000 -0.000000
48 0.476830 -0.000000 0.000000 0.000000 0.000000 3.141593
49 -1.753968 0.054000 1.525858 -0.000003 -3.141592 -0.129581
50 0.416332 -0.000000 0.000000 0.000000 -0.000000 -0.200000
51 0.416333 0.000000 0.000000 0.000000 0.000000 0.100000
52 0.095757 2.258270 -0.000000 -0.000000 0.000000 1.570796
53 0.012490 0.000000 0.000000 0.000000 0.000000 3.141593
54 -1.753968 0.054009 -1.525857 -0.000003 -3.141592 -0.129581
55 0.416333 -0.000000 0.000000 0.000000 -0.000000 -0.200000
56 0.416333 0.000000 0.000000 0.000000 0.000000 0.100000
57 0.095756 2.258270 0.000000 0.000000 -0.000000 1.570796
58 0.012490 0.000000 0.000000 0.000000 0.000000 0.000000
time 64
0 -0.002617 0.000001 -5.892893 0.000000 0.000000 -1.001119
1 -0.000000 0.000000 -0.924262 0.000000 0.000000 1.001119
2 -0.000000 0.000000 0.000000 -1.570795 -1.570796 0.000000
3 1.754785 -0.002106 0.000003 -0.000004 -0.000001 0.023480
4 2.644760 -0.004213 0.000742 -0.174407 -0.002178 -0.013158
5 5.373031 -0.003665 0.000286 -0.077769 0.001330 -0.053201
6 4.622900 -0.001142 -0.000016 0.014144 0.111247 0.173470
7 1.455385 0.000000 0.000000 -0.292149 -0.046414 0.173527
8 6.329874 -0.000000 0.000000 0.000000 0.000000 0.000000
9 2.995308 1.987698 -0.864472 -3.141592 -0.000001 1.407923
10 0.458379 -0.000000 0.000000 -0.000000 -0.000000 0.000000
11 2.995308 1.987696 0.870890 -3.141592 -0.000001 1.407923
12 0.458379 0.000001 0.000000 -0.000000 -0.000000 0.000000
13 3.078268 1.929374 0.855018 1.547494 -0.743749 1.442334
14 0.664102 0.000000 0.000001 0.000000 0.000000 0.000000
15 3.083701 1.962442 0.858417 1.570797 -0.011562 1.407923
16 0.559829 -0.000000 -0.000000 0.000000 0.000000 0.000000
17 3.078100 1.931618 0.863325 -0.051183 -2.462692 -1.026784
18 0.682539 0.000000 -0.000000 0.000000 0.000000 0.000000
19 3.061352 1.933510 0.862958 -1.459740 2.642219 -1.518602
20 0.679194 -0.000000 0.000000 0.000000 -0.000000 0.000000
21 3.081032 1.929497 0.865757 -0.000000 -3.141591 -1.071653
22 0.675652 0.000001 -0.000000 0.000000 0.000000 0.000000
23 3.066324 1.936762 0.868039 0.000000 2.615510 -1.100106
24 0.658072 0.000000 -0.000000 -0.000000 -0.000000 0.000000
25 2.989678 1.934948 -0.857061 -0.000000 2.405157 -1.244421
26 0.578150 -0.000001 -0.000000 0.000000 0.000000 0.000000
27 2.979570 1.967334 -0.884714 -0.000000 -3.141591 -1.252624
28 0.518766 0.000000 -0.000000 0.000000 0.000000 0.000000
29 2.978725 1.983216 -0.860808 -0.016269 -2.767885 -1.233359
30 0.535334 0.000000 -0.000000 0.000000 0.000000 0.000000
31 2.983527 1.967234 -0.884390 1.456493 0.640130 1.182185
32 0.444524 -0.000000 -0.000000 -0.000000 -0.000000 -0.000000
33 2.986610 1.992943 -0.875042 1.588345 -0.427771 1.365644
34 0.479990 0.000000 -0.000000 0.000000 0.000000 0.000000
35 2.975851 1.966180 -0.894208 -3.141592 -0.000001 1.251407
36 0.533030 0.000000 -0.000000 0.000000 0.000000 0.000000
37 -1.575327 0.231322 2.819829 0.149324 -1.155587 2.824251
38 2.707293 0.000000 -0.000000 -0.110542 0.635270 0.169197
39 10.066722 0.000000 -0.000000 0.000000 0.000000 -0.687694
40 4.577573 0.000000 -0.000001 -1.570000 0.000000 -0.000000
41 1.907322 0.000000 0.000000 -0.000796 -0.000000 -0.000000
42 0.476831 0.000000 0.000000 0.000000 0.000000 0.000000
43 -0.913607 0.147559 -3.103217 -0.329509 1.350750 2.653671
44 2.707293 0.000000 -0.000000 -0.226267 -0.621882 0.013494
45 10.066724 -0.000000 0.000000 0.000000 -0.000000 -0.813864
46 4.577572 0.000001 0.000000 1.570000 -0.000000 0.000000
47 1.907322 0.000000 0.000000 0.000796 0.000000 -0.000000
48 0.476830 -0.000000 -0.000000 0.000000 0.000000 3.141593
49 -1.754252 0.043299 1.525858 -0.000003 -3.141592 -0.123480
50 0.416332 -0.000000 0.000000 0.000000 -0.000000 -0.200000
51 0.416333 0.000000 0.000000 0.000000 0.000000 0.100000
52 0.095757 2.258270 -0.000000 -0.000000 0.000000 1.570796
53 0.012490 0.000000 0.000000 0.000000 0.000000 3.141593
54 -1.754252 0.043307 -1.525857 -0.000003 -3.141592 -0.123480
55 0.416333 -0.000000 0.000000 0.000000 -0.000000 -0.200000
56 0.416333 0.000000 0.000000 0.000000 0.000000 0.100000
57 0.095756 2.258270 0.000000 0.000000 -0.000000 1.570796
58 0.012490 0.000000 0.000000 0.000000 0.000000 0.000000
time 65
0 -0.002617 0.000001 -5.892893 0.000000 0.000000 -1.001119
1 -0.000000 0.000000 -0.924262 0.000000 0.000000 1.001119
2 -0.000000 0.000000 0.000000 -1.570795 -1.570796 0.000000
3 1.754772 -0.002106 0.000003 -0.000004 -0.000001 0.017448
4 2.644775 -0.004213 0.000742 -0.174413 -0.001586 -0.009799
5 5.373015 -0.003664 0.000286 -0.077775 0.000988 -0.057402
6 4.622900 -0.001142 -0.000016 0.014144 0.111247 0.173470
7 1.455384 -0.000000 -0.000000 -0.293043 -0.046614 0.178911
8 6.329874 -0.000000 -0.000000 0.000000 0.000000 0.000000
9 2.995307 1.987698 -0.864472 -3.141592 -0.000001 1.407923
10 0.458379 0.000000 0.000000 -0.000000 -0.000000 0.000000
11 2.995307 1.987696 0.870890 -3.141592 -0.000001 1.407923
12 0.458379 0.000000 -0.000000 -0.000000 -0.000000 0.000000
13 3.078268 1.929374 0.855018 1.547493 -0.743749 1.442334
14 0.664102 -0.000000 -0.000000 0.000000 0.000000 0.000000
15 3.083701 1.962442 0.858416 1.570797 -0.011562 1.407923
16 0.559829 -0.000000 -0.000000 0.000000 0.000000 0.000000
17 3.078100 1.931618 0.863325 -0.051183 -2.462692 -1.026784
18 0.682539 0.000001 0.000000 0.000000 0.000000 0.000000
19 3.061352 1.933510 0.862958 -1.459740 2.642219 -1.518602
20 0.679194 -0.000000 -0.000000 0.000000 -0.000000 0.000000
21 3.081031 1.929497 0.865757 -0.000000 -3.141591 -1.071653
22 0.675653 0.000000 -0.000000 0.000000 0.000000 0.000000
23 3.066323 1.936762 0.868039 0.000000 2.615510 -1.100106
24 0.658072 0.000000 -0.000000 -0.000000 0.000000 0.000000
25 2.989677 1.934948 -0.857061 -0.000000 2.405158 -1.244421
26 0.578150 -0.000000 0.000000 0.000000 0.000000 0.000000
27 2.979570 1.967334 -0.884714 -0.000000 -3.141591 -1.252624
28 0.518766 -0.000000 -0.000000 0.000000 0.000000 0.000000
29 2.978725 1.983216 -0.860808 -0.016269 -2.767885 -1.233359
30 0.535335 -0.000001 0.000000 0.000000 0.000000 0.000000
31 2.983527 1.967234 -0.884390 1.456493 0.640130 1.182185
32 0.444524 0.000000 -0.000000 0.000000 -0.000000 -0.000000
33 2.986610 1.992943 -0.875042 1.588345 -0.427771 1.365644
34 0.479990 -0.000000 0.000000 0.000000 0.000000 0.000000
35 2.975850 1.966180 -0.894208 -3.141592 -0.000001 1.251407
36 0.533030 0.000000 -0.000000 0.000000 0.000000 0.000000
37 -1.575327 0.231321 2.819829 0.109182 -1.161208 2.862715
38 2.707293 0.000000 0.000000 -0.102109 0.627116 0.176352
39 10.066722 0.000000 -0.000000 -0.000000 0.000000 -0.563696
40 4.577572 0.000000 -0.000001 -1.570000 0.000000 -0.000000
41 1.907321 0.000000 0.000000 -0.000796 -0.000000 -0.000000
42 0.476831 -0.000000 -0.000000 0.000000 0.000000 0.000000
43 -0.913607 0.147559 -3.103217 -0.259653 1.358802 2.719810
44 2.707293 -0.000000 -0.000000 -0.231825 -0.611932 -0.004616
45 10.066724 -0.000000 0.000000 0.000000 0.000000 -0.657787
46 4.577572 0.000000 -0.000000 1.570000 0.000000 -0.000000
47 1.907322 0.000000 -0.000001 0.000796 0.000000 -0.000000
48 0.476831 -0.000000 0.000000 0.000000 0.000000 3.141593
49 -1.754468 0.032716 1.525858 -0.000003 -3.141592 -0.117448
50 0.416332 -0.000000 0.000000 0.000000 -0.000000 -0.200000
51 0.416333 0.000000 0.000000 0.000000 0.000000 0.100000
52 0.095757 2.258270 -0.000000 -0.000000 0.000000 1.570796
53 0.012490 0.000000 0.000000 0.000000 0.000000 3.141593
54 -1.754468 0.032725 -1.525857 -0.000003 -3.141592 -0.117448
55 0.416333 -0.000000 0.000000 0.000000 -0.000000 -0.200000
56 0.416333 0.000000 0.000000 0.000000 0.000000 0.100000
57 0.095756 2.258270 0.000000 0.000000 -0.000000 1.570796
58 0.012490 0.000000 0.000000 0.000000 0.000000 0.000000
time 66
0 -0.002617 0.000001 -5.892893 0.000000 0.000000 -1.001119
1 -0.000000 0.000000 -0.924262 0.000000 0.000000 1.001119
2 -0.000000 0.000000 0.000000 -1.570795 -1.570796 0.000000
3 1.754760 -0.002106 0.000003 -0.000004 -0.000001 0.011588
4 2.644790 -0.004214 0.000742 -0.174417 -0.001001 -0.006475
5 5.373001 -0.003663 0.000286 -0.077781 0.000659 -0.061454
6 4.622900 -0.001142 -0.000016 0.014144 0.111247 0.173470
7 1.455386 -0.000000 0.000000 -0.293921 -0.046790 0.183797
8 6.329875 -0.000000 -0.000000 0.000000 0.000000 0.000000
9 2.995309 1.987698 -0.864472 -3.141592 -0.000001 1.407923
10 0.458379 0.000001 -0.000000 -0.000000 -0.000000 0.000000
11 2.995309 1.987695 0.870890 -3.141592 -0.000001 1.407923
12 0.458379 0.000001 -0.000000 -0.000000 -0.000000 0.000000
13 3.078269 1.929374 0.855018 1.547494 -0.743749 1.442334
14 0.664102 0.000000 -0.000000 0.000000 0.000000 0.000000
15 3.083702 1.962442 0.858417 1.570797 -0.011562 1.407923
16 0.559829 -0.000000 0.000000 0.000000 0.000000 0.000000
17 3.078101 1.931618 0.863325 -0.051183 -2.462692 -1.026784
18 0.682539 -0.000000 -0.000000 0.000000 0.000000 0.000000
19 3.061353 1.933510 0.862958 -1.459740 2.642219 -1.518602
20 0.679194 -0.000000 0.000001 0.000000 -0.000000 0.000000
21 3.081032 1.929497 0.865757 -0.000000 -3.141591 -1.071653
22 0.675652 0.000000 -0.000000 0.000000 0.000000 0.000000
23 3.066324 1.936762 0.868039 0.000000 2.615510 -1.100105
24 0.658072 0.000000 -0.000000 -0.000000 0.000000 0.000000
25 2.989678 1.934948 -0.857061 -0.000000 2.405158 -1.244421
26 0.578150 -0.000001 -0.000000 0.000000 0.000000 0.000000
27 2.979571 1.967334 -0.884714 -0.000000 -3.141591 -1.252624
28 0.518766 -0.000000 -0.000000 0.000000 0.000000 0.000000
29 2.978725 1.983216 -0.860808 -0.016269 -2.767885 -1.233359
30 0.535335 -0.000000 0.000000 0.000000 0.000000 0.000000
31 2.983528 1.967234 -0.884390 1.456493 0.640130 1.182185
32 0.444524 -0.000000 -0.000000 -0.000000 -0.000000 -0.000000
33 2.986611 1.992943 -0.875042 1.588345 -0.427771 1.365644
34 0.479990 0.000000 -0.000000 0.000000 0.000000 0.000000
35 2.975851 1.966180 -0.894208 -3.141592 -0.000001 1.251407
36 0.533030 -0.000000 -0.000000 0.000000 0.000000 0.000000
37 -1.575327 0.231322 2.819829 0.068174 -1.165972 2.902116
38 2.707294 0.000000 0.000000 -0.094376 0.618656 0.182800
39 10.066723 -0.000000 -0.000001 0.000000 -0.000000 -0.440159
40 4.577573 0.000000 0.000000 -1.570000 0.000000 -0.000000
41 1.907322 0.000000 -0.000000 -0.000796 -0.000000 -0.000000
42 0.476830 0.000000 -0.000000 0.000000 0.000000 0.000000
43 -0.913607 0.147559 -3.103217 -0.184908 1.365581 2.790919
44 2.707293 0.000000 -0.000000 -0.236939 -0.602087 -0.023179
45 10.066724 0.000000 0.000002 -0.000000 0.000000 -0.502290
46 4.577573 0.000000 -0.000000 1.570000 0.000000 0.000000
47 1.907322 -0.000001 0.000000 0.000796 -0.000000 0.000000
48 0.476831 -0.000000 0.000000 0.000000 0.000000 3.141593
49 -1.754618 0.022435 1.525858 -0.000003 -3.141592 -0.111588
50 0.416332 -0.000000 0.000000 0.000000 -0.000000 -0.200000
51 0.416333 0.000000 0.000000 0.000000 0.000000 0.100000
52 0.095757 2.258270 -0.000000 -0.000000 0.000000 1.570796
53 0.012490 0.000000 0.000000 0.000000 0.000000 3.141593
54 -1.754618 0.022443 -1.525857 -0.000003 -3.141592 -0.111588
55 0.416333 -0.000000 0.000000 0.000000 -0.000000 -0.200000
56 0.416333 0.000000 0.000000 0.000000 0.000000 0.100000
57 0.095756 2.258270 0.000000 0.000000 -0.000000 1.570796
58 0.012490 0.000000 0.000000 0.000000 0.000000 0.000000
time 67
0 -0.002617 0.000001 -5.892893 0.000000 0.000000 -1.001119
1 -0.000000 0.000000 -0.924262 0.000000 0.000000 1.001119
2 -0.000000 0.000000 0.000000 -1.570795 -1.570796 0.000000
3 1.754748 -0.002106 0.000003 -0.000004 -0.000001 0.006003
4 2.644804 -0.004214 0.000742 -0.174420 -0.000425 -0.003205
5 5.372987 -0.003662 0.000286 -0.077785 0.000348 -0.065268
6 4.622900 -0.001142 -0.000016 0.014144 0.111247 0.173470
7 1.455384 -0.000000 -0.000000 -0.294688 -0.046900 0.188668
8 6.329873 -0.000000 -0.000000 0.000000 0.000000 0.000000
9 2.995307 1.987698 -0.864472 -3.141592 -0.000001 1.407923
10 0.458379 0.000001 0.000000 0.000000 0.000000 0.000000
11 2.995308 1.987695 0.870890 -3.141592 -0.000001 1.407923
12 0.458379 0.000000 0.000000 0.000000 0.000000 0.000000
13 3.078268 1.929374 0.855018 1.547494 -0.743749 1.442334
14 0.664102 -0.000000 0.000000 0.000000 0.000000 0.000000
15 3.083700 1.962442 0.858416 1.570797 -0.011562 1.407923
16 0.559829 -0.000000 -0.000000 0.000000 0.000000 0.000000
17 3.078100 1.931617 0.863325 -0.051183 -2.462692 -1.026784
18 0.682539 0.000000 -0.000000 0.000000 0.000000 0.000000
19 3.061352 1.933510 0.862958 -1.459740 2.642219 -1.518602
20 0.679195 -0.000000 -0.000000 0.000000 0.000000 0.000000
21 3.081031 1.929497 0.865757 -0.000000 -3.141591 -1.071653
22 0.675653 0.000000 -0.000000 0.000000 0.000000 0.000000
23 3.066323 1.936762 0.868039 0.000000 2.615510 -1.100106
24 0.658072 0.000001 -0.000000 -0.000000 0.000000 0.000000
25 2.989677 1.934948 -0.857061 -0.000000 2.405157 -1.244421
26 0.578150 -0.000001 -0.000000 0.000000 0.000000 0.000000
27 2.979570 1.967334 -0.884714 -0.000000 -3.141591 -1.252624
28 0.518765 -0.000000 -0.000000 0.000000 0.000000 0.000000
29 2.978725 1.983215 -0.860808 -0.016269 -2.767885 -1.233359
30 0.535334 -0.000000 -0.000000 0.000000 0.000000 0.000000
31 2.983527 1.967234 -0.884390 1.456493 0.640130 1.182185
32 0.444524 -0.000000 -0.000000 0.000000 -0.000000 -0.000000
33 2.986610 1.992943 -0.875042 1.588345 -0.427771 1.365644
34 0.479990 -0.000000 -0.000001 0.000000 0.000000 0.000000
35 2.975850 1.966179 -0.894208 -3.141592 -0.000001 1.251407
36 0.533030 0.000001 -0.000000 0.000000 0.000000 0.000000
37 -1.575327 0.231322 2.819829 0.026927 -1.169187 2.941845
38 2.707293 0.000000 -0.000000 -0.087695 0.609815 0.188275
39 10.066723 0.000000 0.000000 -0.000000 0.000000 -0.318466
40 4.577571 -0.000000 -0.000000 -1.570000 -0.000000 -0.000000
41 1.907321 -0.000000 0.000001 -0.000796 -0.000000 0.000000
42 0.476830 0.000000 0.000000 0.000000 0.000000 0.000000
43 -0.913607 0.147558 -3.103217 -0.106468 1.370295 2.865845
44 2.707293 0.000000 0.000000 -0.241503 -0.592129 -0.041971
45 10.066723 0.000000 0.000001 0.000000 -0.000000 -0.349114
46 4.577572 -0.000000 0.000000 1.570000 0.000000 -0.000000
47 1.907322 0.000000 -0.000000 0.000796 -0.000000 0.000000
48 0.476830 0.000000 0.000001 0.000000 0.000000 3.141593
49 -1.754704 0.012635 1.525858 -0.000003 -3.141592 -0.106003
50 0.416332 -0.000000 0.000000 0.000000 -0.000000 -0.200000
51 0.416333 0.000000 0.000000 0.000000 0.000000 0.100000
52 0.095757 2.258270 -0.000000 -0.000000 0.000000 1.570796
53 0.012490 0.000000 0.000000 0.000000 0.000000 3.141593
54 -1.754704 0.012644 -1.525857 -0.000003 -3.141592 -0.106003
55 0.416333 -0.000000 0.000000 0.000000 -0.000000 -0.200000
56 0.416333 0.000000 0.000000 0.000000 0.000000 0.100000
57 0.095756 2.258270 0.000000 0.000000 -0.000000 1.570796
58 0.012490 0.000000 0.000000 0.000000 0.000000 0.000000
time 68
0 -0.002617 0.000001 -5.892893 0.000000 0.000000 -1.001119
1 -0.000000 0.000000 -0.924262 0.000000 0.000000 1.001119
2 -0.000000 0.000000 0.000000 -1.570795 -1.570796 0.000000
3 1.754737 -0.002106 0.000003 -0.000004 -0.000001 0.000796
4 2.644818 -0.004214 0.000742 -0.174420 0.000138 -0.000012
5 5.372973 -0.003661 0.000286 -0.077787 0.000062 -0.068756
6 4.622900 -0.001142 -0.000016 0.014144 0.111247 0.173470
7 1.455384 0.000000 -0.000000 -0.295251 -0.046902 0.194006
8 6.329875 -0.000000 -0.000000 0.000000 0.000000 0.000000
9 2.995309 1.987698 -0.864473 -3.141592 -0.000001 1.407923
10 0.458379 0.000000 -0.000000 0.000000 0.000000 0.000000
11 2.995308 1.987695 0.870890 -3.141592 -0.000001 1.407923
12 0.458379 0.000001 0.000000 0.000000 0.000000 0.000000
13 3.078269 1.929374 0.855018 1.547494 -0.743749 1.442334
14 0.664102 -0.000000 -0.000000 0.000000 0.000000 0.000000
15 3.083701 1.962442 0.858416 1.570797 -0.011562 1.407923
16 0.559829 -0.000000 -0.000000 0.000000 0.000000 0.000000
17 3.078100 1.931617 0.863325 -0.051183 -2.462692 -1.026784
18 0.682539 -0.000000 0.000000 0.000000 0.000000 0.000000
19 3.061353 1.933510 0.862958 -1.459740 2.642219 -1.518602
20 0.679195 0.000000 -0.000001 0.000000 -0.000000 0.000000
21 3.081032 1.929496 0.865757 -0.000000 -3.141591 -1.071653
22 0.675653 0.000001 -0.000000 0.000000 0.000000 0.000000
23 3.066324 1.936762 0.868039 0.000000 2.615510 -1.100106
24 0.658072 0.000001 -0.000000 -0.000000 -0.000000 0.000000
25 2.989677 1.934948 -0.857061 -0.000000 2.405157 -1.244421
26 0.578150 -0.000001 0.000000 0.000000 0.000000 0.000000
27 2.979570 1.967334 -0.884714 -0.000000 -3.141591 -1.252624
28 0.518765 0.000000 -0.000000 0.000000 0.000000 0.000000
29 2.978726 1.983215 -0.860808 -0.016269 -2.767885 -1.233359
30 0.535334 -0.000001 -0.000000 0.000000 0.000000 0.000000
31 2.983528 1.967234 -0.884390 1.456493 0.640130 1.182185
32 0.444524 -0.000000 0.000000 0.000000 -0.000000 -0.000000
33 2.986611 1.992943 -0.875042 1.588345 -0.427771 1.365644
34 0.479990 -0.000000 0.000000 0.000000 0.000000 0.000000
35 2.975851 1.966180 -0.894208 -3.141592 -0.000001 1.251407
36 0.533030 -0.000000 -0.000000 0.000000 0.000000 0.000000
37 -1.575327 0.231321 2.819829 -0.013644 -1.170196 2.980977
38 2.707293 0.000000 0.000000 -0.082385 0.600539 0.192562
39 10.066724 -0.000000 -0.000000 0.000000 -0.000000 -0.200000
40 4.577573 -0.000000 -0.000001 -1.570000 0.000000 0.000000
41 1.907322 -0.000001 0.000000 -0.000796 0.000000 -0.000000
42 0.476831 -0.000001 -0.000000 0.000000 0.000000 0.000000
43 -0.913608 0.147559 -3.103217 -0.026973 1.372214 2.941969
44 2.707293 0.000000 -0.000000 -0.245467 -0.581834 -0.060719
45 10.066723 -0.000000 0.000000 0.000000 0.000000 -0.200000
46 4.577572 -0.000000 0.000001 1.570000 0.000000 -0.000000
47 1.907322 0.000000 -0.000001 0.000796 -0.000000 -0.000000
48 0.476831 0.000000 0.000000 0.000000 0.000000 3.141593
49 -1.754735 0.003499 1.525858 -0.000003 -3.141592 -0.100796
50 0.416332 -0.000000 0.000000 0.000000 -0.000000 -0.200000
51 0.416333 0.000000 0.000000 0.000000 0.000000 0.100000
52 0.095757 2.258270 -0.000000 -0.000000 0.000000 1.570796
53 0.012490 0.000000 0.000000 0.000000 0.000000 3.141593
54 -1.754735 0.003507 -1.525858 -0.000003 -3.141592 -0.100796
55 0.416333 -0.000000 0.000000 0.000000 -0.000000 -0.200000
56 0.416333 0.000000 0.000000 0.000000 0.000000 0.100000
57 0.095756 2.258270 0.000000 0.000000 -0.000000 1.570796
58 0.012490 0.000000 0.000000 0.000000 0.000000 0.000000
time 69
0 -0.002617 0.000001 -5.892893 0.000000 0.000000 -1.001119
1 -0.000000 0.000000 -0.924262 0.000000 0.000000 1.001119
2 -0.000000 0.000000 0.000000 -1.570795 -1.570796 0.000000
3 1.754737 -0.002106 0.000003 -0.000004 -0.000001 0.000796
4 2.644818 -0.004214 0.000742 -0.174420 0.000138 -0.000012
5 5.372973 -0.003661 0.000286 -0.077787 0.000062 -0.068756
6 4.622900 -0.001142 -0.000016 0.014144 0.111247 0.173470
7 1.455384 0.000000 -0.000000 -0.295251 -0.046902 0.194006
8 6.329875 -0.000000 -0.000000 0.000000 0.000000 0.000000
9 2.995309 1.987698 -0.864473 -3.141592 -0.000001 1.407923
10 0.458379 0.000000 -0.000000 0.000000 0.000000 0.000000
11 2.995308 1.987695 0.870890 -3.141592 -0.000001 1.407923
12 0.458379 0.000001 0.000000 0.000000 0.000000 0.000000
13 3.078269 1.929374 0.855018 1.547494 -0.743749 1.442334
14 0.664102 -0.000000 -0.000000 0.000000 0.000000 0.000000
15 3.083701 1.962442 0.858416 1.570797 -0.011562 1.407923
16 0.559829 -0.000000 -0.000000 0.000000 0.000000 0.000000
17 3.078100 1.931617 0.863325 -0.051183 -2.462692 -1.026784
18 0.682539 -0.000000 0.000000 0.000000 0.000000 0.000000
19 3.061353 1.933510 0.862958 -1.459740 2.642219 -1.518602
20 0.679195 0.000000 -0.000001 0.000000 -0.000000 0.000000
21 3.081032 1.929496 0.865757 -0.000000 -3.141591 -1.071653
22 0.675653 0.000001 -0.000000 0.000000 0.000000 0.000000
23 3.066324 1.936762 0.868039 0.000000 2.615510 -1.100106
24 0.658072 0.000001 -0.000000 -0.000000 -0.000000 0.000000
25 2.989677 1.934948 -0.857061 -0.000000 2.405157 -1.244421
26 0.578150 -0.000001 0.000000 0.000000 0.000000 0.000000
27 2.979570 1.967334 -0.884714 -0.000000 -3.141591 -1.252624
28 0.518765 0.000000 -0.000000 0.000000 0.000000 0.000000
29 2.978726 1.983215 -0.860808 -0.016269 -2.767885 -1.233359
30 0.535334 -0.000001 -0.000000 0.000000 0.000000 0.000000
31 2.983528 1.967234 -0.884390 1.456493 0.640130 1.182185
32 0.444524 -0.000000 0.000000 0.000000 -0.000000 -0.000000
33 2.986611 1.992943 -0.875042 1.588345 -0.427771 1.365644
34 0.479990 -0.000000 0.000000 0.000000 0.000000 0.000000
35 2.975851 1.966180 -0.894208 -3.141592 -0.000001 1.251407
36 0.533030 -0.000000 -0.000000 0.000000 0.000000 0.000000
37 -1.575327 0.231321 2.819829 -0.013644 -1.170196 2.980977
38 2.707293 0.000000 0.000000 -0.082385 0.600539 0.192562
39 10.066724 -0.000000 -0.000000 0.000000 -0.000000 -0.200000
40 4.577573 -0.000000 -0.000001 -1.570000 0.000000 0.000000
41 1.907322 -0.000001 0.000000 -0.000796 0.000000 -0.000000
42 0.476831 -0.000001 -0.000000 0.000000 0.000000 0.000000
43 -0.913608 0.147559 -3.103217 -0.026973 1.372214 2.941969
44 2.707293 0.000000 -0.000000 -0.245467 -0.581834 -0.060719
45 10.066723 -0.000000 0.000000 0.000000 0.000000 -0.200000
46 4.577572 -0.000000 0.000001 1.570000 0.000000 -0.000000
47 1.907322 0.000000 -0.000001 0.000796 -0.000000 -0.000000
48 0.476831 0.000000 0.000000 0.000000 0.000000 3.141593
49 -1.754735 0.003499 1.525858 -0.000003 -3.141592 -0.100796
50 0.416332 -0.000000 0.000000 0.000000 -0.000000 -0.200000
51 0.416333 0.000000 0.000000 0.000000 0.000000 0.100000
52 0.095757 2.258270 -0.000000 -0.000000 0.000000 1.570796
53 0.012490 0.000000 0.000000 0.000000 0.000000 3.141593
54 -1.754735 0.003507 -1.525858 -0.000003 -3.141592 -0.100796
55 0.416333 -0.000000 0.000000 0.000000 -0.000000 -0.200000
56 0.416333 0.000000 0.000000 0.000000 0.000000 0.100000
57 0.095756 2.258270 0.000000 0.000000 -0.000000 1.570796
58 0.012490 0.000000 0.000000 0.000000 0.000000 0.000000
time 70
0 -0.002617 0.000001 -5.892893 0.000000 0.000000 -1.001119
1 -0.000000 0.000000 -0.924262 0.000000 0.000000 1.001119
2 -0.000000 0.000000 0.000000 -1.570795 -1.570796 0.000000
3 1.754737 -0.002106 0.000003 -0.000004 -0.000001 0.000796
4 2.644818 -0.004214 0.000742 -0.174420 0.000138 -0.000012
5 5.372973 -0.003661 0.000286 -0.077787 0.000062 -0.068756
6 4.622900 -0.001142 -0.000016 0.014144 0.111247 0.173470
7 1.455384 0.000000 -0.000000 -0.295251 -0.046902 0.194006
8 6.329875 -0.000000 -0.000000 0.000000 0.000000 0.000000
9 2.995309 1.987698 -0.864473 -3.141592 -0.000001 1.407923
10 0.458379 0.000000 -0.000000 0.000000 0.000000 0.000000
11 2.995308 1.987695 0.870890 -3.141592 -0.000001 1.407923
12 0.458379 0.000001 0.000000 0.000000 0.000000 0.000000
13 3.078269 1.929374 0.855018 1.547494 -0.743749 1.442334
14 0.664102 -0.000000 -0.000000 0.000000 0.000000 0.000000
15 3.083701 1.962442 0.858416 1.570797 -0.011562 1.407923
16 0.559829 -0.000000 -0.000000 0.000000 0.000000 0.000000
17 3.078100 1.931617 0.863325 -0.051183 -2.462692 -1.026784
18 0.682539 -0.000000 0.000000 0.000000 0.000000 0.000000
19 3.061353 1.933510 0.862958 -1.459740 2.642219 -1.518602
20 0.679195 0.000000 -0.000001 0.000000 -0.000000 0.000000
21 3.081032 1.929496 0.865757 -0.000000 -3.141591 -1.071653
22 0.675653 0.000001 -0.000000 0.000000 0.000000 0.000000
23 3.066324 1.936762 0.868039 0.000000 2.615510 -1.100106
24 0.658072 0.000001 -0.000000 -0.000000 -0.000000 0.000000
25 2.989677 1.934948 -0.857061 -0.000000 2.405157 -1.244421
26 0.578150 -0.000001 0.000000 0.000000 0.000000 0.000000
27 2.979570 1.967334 -0.884714 -0.000000 -3.141591 -1.252624
28 0.518765 0.000000 -0.000000 0.000000 0.000000 0.000000
29 2.978726 1.983215 -0.860808 -0.016269 -2.767885 -1.233359
30 0.535334 -0.000001 -0.000000 0.000000 0.000000 0.000000
31 2.983528 1.967234 -0.884390 1.456493 0.640130 1.182185
32 0.444524 -0.000000 0.000000 0.000000 -0.000000 -0.000000
33 2.986611 1.992943 -0.875042 1.588345 -0.427771 1.365644
34 0.479990 -0.000000 0.000000 0.000000 0.000000 0.000000
35 2.975851 1.966180 -0.894208 -3.141592 -0.000001 1.251407
36 0.533030 -0.000000 -0.000000 0.000000 0.000000 0.000000
37 -1.575327 0.231321 2.819829 -0.013644 -1.170196 2.980977
38 2.707293 0.000000 0.000000 -0.082385 0.600539 0.192562
39 10.066724 -0.000000 -0.000000 0.000000 -0.000000 -0.200000
40 4.577573 -0.000000 -0.000001 -1.570000 0.000000 0.000000
41 1.907322 -0.000001 0.000000 -0.000796 0.000000 -0.000000
42 0.476831 -0.000001 -0.000000 0.000000 0.000000 0.000000
43 -0.913608 0.147559 -3.103217 -0.026973 1.372214 2.941969
44 2.707293 0.000000 -0.000000 -0.245467 -0.581834 -0.060719
45 10.066723 -0.000000 0.000000 0.000000 0.000000 -0.200000
46 4.577572 -0.000000 0.000001 1.570000 0.000000 -0.000000
47 1.907322 0.000000 -0.000001 0.000796 -0.000000 -0.000000
48 0.476831 0.000000 0.000000 0.000000 0.000000 3.141593
49 -1.754735 0.003499 1.525858 -0.000003 -3.141592 -0.100796
50 0.416332 -0.000000 0.000000 0.000000 -0.000000 -0.200000
51 0.416333 0.000000 0.000000 0.000000 0.000000 0.100000
52 0.095757 2.258270 -0.000000 -0.000000 0.000000 1.570796
53 0.012490 0.000000 0.000000 0.000000 0.000000 3.141593
54 -1.754735 0.003507 -1.525858 -0.000003 -3.141592 -0.100796
55 0.416333 -0.000000 0.000000 0.000000 -0.000000 -0.200000
56 0.416333 0.000000 0.000000 0.000000 0.000000 0.100000
57 0.095756 2.258270 0.000000 0.000000 -0.000000 1.570796
58 0.012490 0.000000 0.000000 0.000000 0.000000 0.000000
time 71
0 -0.002617 0.000001 -5.892893 0.000000 0.000000 -1.001119
1 -0.000000 0.000000 -0.924262 0.000000 0.000000 1.001119
2 -0.000000 0.000000 0.000000 -1.570795 -1.570796 0.000000
3 1.754737 -0.002106 0.000003 -0.000004 -0.000001 0.000796
4 2.644818 -0.004214 0.000742 -0.174420 0.000138 -0.000012
5 5.372973 -0.003661 0.000286 -0.077787 0.000062 -0.068756
6 4.622900 -0.001142 -0.000016 0.014144 0.111247 0.173470
7 1.455384 0.000000 -0.000000 -0.295251 -0.046902 0.194006
8 6.329875 -0.000000 -0.000000 0.000000 0.000000 0.000000
9 2.995309 1.987698 -0.864473 -3.141592 -0.000001 1.407923
10 0.458379 0.000000 -0.000000 0.000000 0.000000 0.000000
11 2.995308 1.987695 0.870890 -3.141592 -0.000001 1.407923
12 0.458379 0.000001 0.000000 0.000000 0.000000 0.000000
13 3.078269 1.929374 0.855018 1.547494 -0.743749 1.442334
14 0.664102 -0.000000 -0.000000 0.000000 0.000000 0.000000
15 3.083701 1.962442 0.858416 1.570797 -0.011562 1.407923
16 0.559829 -0.000000 -0.000000 0.000000 0.000000 0.000000
17 3.078100 1.931617 0.863325 -0.051183 -2.462692 -1.026784
18 0.682539 -0.000000 0.000000 0.000000 0.000000 0.000000
19 3.061353 1.933510 0.862958 -1.459740 2.642219 -1.518602
20 0.679195 0.000000 -0.000001 0.000000 -0.000000 0.000000
21 3.081032 1.929496 0.865757 -0.000000 -3.141591 -1.071653
22 0.675653 0.000001 -0.000000 0.000000 0.000000 0.000000
23 3.066324 1.936762 0.868039 0.000000 2.615510 -1.100106
24 0.658072 0.000001 -0.000000 -0.000000 -0.000000 0.000000
25 2.989677 1.934948 -0.857061 -0.000000 2.405157 -1.244421
26 0.578150 -0.000001 0.000000 0.000000 0.000000 0.000000
27 2.979570 1.967334 -0.884714 -0.000000 -3.141591 -1.252624
28 0.518765 0.000000 -0.000000 0.000000 0.000000 0.000000
29 2.978726 1.983215 -0.860808 -0.016269 -2.767885 -1.233359
30 0.535334 -0.000001 -0.000000 0.000000 0.000000 0.000000
31 2.983528 1.967234 -0.884390 1.456493 0.640130 1.182185
32 0.444524 -0.000000 0.000000 0.000000 -0.000000 -0.000000
33 2.986611 1.992943 -0.875042 1.588345 -0.427771 1.365644
34 0.479990 -0.000000 0.000000 0.000000 0.000000 0.000000
35 2.975851 1.966180 -0.894208 -3.141592 -0.000001 1.251407
36 0.533030 -0.000000 -0.000000 0.000000 0.000000 0.000000
37 -1.575327 0.231321 2.819829 -0.013644 -1.170196 2.980977
38 2.707293 0.000000 0.000000 -0.082385 0.600539 0.192562
39 10.066724 -0.000000 -0.000000 0.000000 -0.000000 -0.200000
40 4.577573 -0.000000 -0.000001 -1.570000 0.000000 0.000000
41 1.907322 -0.000001 0.000000 -0.000796 0.000000 -0.000000
42 0.476831 -0.000001 -0.000000 0.000000 0.000000 0.000000
43 -0.913608 0.147559 -3.103217 -0.026973 1.372214 2.941969
44 2.707293 0.000000 -0.000000 -0.245467 -0.581834 -0.060719
45 10.066723 -0.000000 0.000000 0.000000 0.000000 -0.200000
46 4.577572 -0.000000 0.000001 1.570000 0.000000 -0.000000
47 1.907322 0.000000 -0.000001 0.000796 -0.000000 -0.000000
48 0.476831 0.000000 0.000000 0.000000 0.000000 3.141593
49 -1.754735 0.003499 1.525858 -0.000003 -3.141592 -0.100796
50 0.416332 -0.000000 0.000000 0.000000 -0.000000 -0.200000
51 0.416333 0.000000 0.000000 0.000000 0.000000 0.100000
52 0.095757 2.258270 -0.000000 -0.000000 0.000000 1.570796
53 0.012490 0.000000 0.000000 0.000000 0.000000 3.141593
54 -1.754735 0.003507 -1.525858 -0.000003 -3.141592 -0.100796
55 0.416333 -0.000000 0.000000 0.000000 -0.000000 -0.200000
56 0.416333 0.000000 0.000000 0.000000 0.000000 0.100000
57 0.095756 2.258270 0.000000 0.000000 -0.000000 1.570796
58 0.012490 0.000000 0.000000 0.000000 0.000000 0.000000
end
