version 1
nodes
0 "Bip01" -1
1 "Bip01 Footsteps" 0
2 "Bip01 Pelvis" 0
3 "Bip01 Spine" 2
4 "Bip01 Spine1" 3
5 "Bip01 Spine2" 4
6 "Bip01 Neck" 5
7 "Bip01 Head" 6
8 "Bip01 HeadNub" 7
9 "Box01" 7
10 "Box04" 9
11 "Box02" 7
12 "Box03" 11
13 "Bone15" 7
14 "Bone16" 13
15 "Bone13" 7
16 "Bone14" 15
17 "Bone23" 7
18 "Bone24" 17
19 "Bone17" 7
20 "Bone18" 19
21 "Bone21" 7
22 "Bone22" 21
23 "Bone19" 7
24 "Bone20" 23
25 "Bone09" 7
26 "Bone10" 25
27 "Bone07" 7
28 "Bone08" 27
29 "Bone11" 7
30 "Bone12" 29
31 "Bone03" 7
32 "Bone04" 31
33 "Bone05" 7
34 "Bone06" 33
35 "Bone01" 7
36 "Bone02" 35
37 "Bip01 L Clavicle" 6
38 "Bip01 L UpperArm" 37
39 "Bip01 L Forearm" 38
40 "Bip01 L Hand" 39
41 "Bip01 L Finger0" 40
42 "Bip01 L Finger0Nub" 41
43 "Bip01 R Clavicle" 6
44 "Bip01 R UpperArm" 43
45 "Bip01 R Forearm" 44
46 "Bip01 R Hand" 45
47 "Bip01 R Finger0" 46
48 "Bip01 R Finger0Nub" 47
49 "Bip01 L Thigh" 3
50 "Bip01 L Calf" 49
51 "Bip01 L Foot" 50
52 "Bip01 L Toe0" 51
53 "Bip01 L Toe0Nub" 52
54 "Bip01 R Thigh" 3
55 "Bip01 R Calf" 54
56 "Bip01 R Foot" 55
57 "Bip01 R Toe0" 56
58 "Bip01 R Toe0Nub" 57
end
skeleton
time 0
0 -0.002617 0.000001 -5.892893 0.000000 0.000000 -1.001119
1 -0.000000 0.000000 -0.924262 0.000000 0.000000 1.001119
2 -0.000000 0.000000 0.000000 -1.570795 -1.570796 0.000000
3 1.754737 -0.002106 0.000003 -0.000004 -0.000001 0.000796
4 2.644818 -0.004214 0.000742 -0.174420 0.000138 -0.000012
5 5.372973 -0.003661 0.000286 -0.077787 0.000062 -0.068756
6 4.622900 -0.001142 -0.000016 0.014144 0.111247 0.173470
7 1.455384 0.000000 -0.000000 -0.295251 -0.046902 0.194006
8 6.329875 -0.000000 -0.000000 0.000000 0.000000 0.000000
9 2.995309 1.987698 -0.864473 -3.141592 -0.000001 1.407923
10 0.458379 0.000000 -0.000000 0.000000 0.000000 0.000000
11 2.995308 1.987695 0.870890 -3.141592 -0.000001 1.407923
12 0.458379 0.000001 0.000000 0.000000 0.000000 0.000000
13 3.078269 1.929374 0.855018 1.547494 -0.743749 1.442334
14 0.664102 -0.000000 -0.000000 0.000000 0.000000 0.000000
15 3.083701 1.962442 0.858416 1.570797 -0.011562 1.407923
16 0.559829 -0.000000 -0.000000 0.000000 0.000000 0.000000
17 3.078100 1.931617 0.863325 -0.051183 -2.462692 -1.026784
18 0.682539 -0.000000 0.000000 0.000000 0.000000 0.000000
19 3.061353 1.933510 0.862958 -1.459740 2.642219 -1.518602
20 0.679195 0.000000 -0.000001 0.000000 -0.000000 0.000000
21 3.081032 1.929496 0.865757 -0.000000 -3.141591 -1.071653
22 0.675653 0.000001 -0.000000 0.000000 0.000000 0.000000
23 3.066324 1.936762 0.868039 0.000000 2.615510 -1.100106
24 0.658072 0.000001 -0.000000 -0.000000 -0.000000 0.000000
25 2.989677 1.934948 -0.857061 -0.000000 2.405157 -1.244421
26 0.578150 -0.000001 0.000000 0.000000 0.000000 0.000000
27 2.979570 1.967334 -0.884714 -0.000000 -3.141591 -1.252624
28 0.518765 0.000000 -0.000000 0.000000 0.000000 0.000000
29 2.978726 1.983215 -0.860808 -0.016269 -2.767885 -1.233359
30 0.535334 -0.000001 -0.000000 0.000000 0.000000 0.000000
31 2.983528 1.967234 -0.884390 1.456493 0.640130 1.182185
32 0.444524 -0.000000 0.000000 0.000000 -0.000000 -0.000000
33 2.986611 1.992943 -0.875042 1.588345 -0.427771 1.365644
34 0.479990 -0.000000 0.000000 0.000000 0.000000 0.000000
35 2.975851 1.966180 -0.894208 -3.141592 -0.000001 1.251407
36 0.533030 -0.000000 -0.000000 0.000000 0.000000 0.000000
37 -1.575327 0.231321 2.819829 -0.013644 -1.170196 2.980977
38 2.707293 0.000000 0.000000 -0.082385 0.600539 0.192562
39 10.066724 -0.000000 -0.000000 0.000000 -0.000000 -0.200000
40 4.577573 -0.000000 -0.000001 -1.570000 0.000000 0.000000
41 1.907322 -0.000001 0.000000 -0.000796 0.000000 -0.000000
42 0.476831 -0.000001 -0.000000 0.000000 0.000000 0.000000
43 -0.913608 0.147559 -3.103217 -0.026973 1.372214 2.941969
44 2.707293 0.000000 -0.000000 -0.245467 -0.581834 -0.060719
45 10.066723 -0.000000 0.000000 0.000000 0.000000 -0.200000
46 4.577572 -0.000000 0.000001 1.570000 0.000000 -0.000000
47 1.907322 0.000000 -0.000001 0.000796 -0.000000 -0.000000
48 0.476831 0.000000 0.000000 0.000000 0.000000 3.141593
49 -1.754735 0.003499 1.525858 -0.000003 -3.141592 -0.100796
50 0.416332 -0.000000 0.000000 0.000000 -0.000000 -0.200000
51 0.416333 0.000000 0.000000 0.000000 0.000000 0.100000
52 0.095757 2.258270 -0.000000 -0.000000 0.000000 1.570796
53 0.012490 0.000000 0.000000 0.000000 0.000000 3.141593
54 -1.754735 0.003507 -1.525858 -0.000003 -3.141592 -0.100796
55 0.416333 -0.000000 0.000000 0.000000 -0.000000 -0.200000
56 0.416333 0.000000 0.000000 0.000000 0.000000 0.100000
57 0.095756 2.258270 0.000000 0.000000 -0.000000 1.570796
58 0.012490 0.000000 0.000000 0.000000 0.000000 0.000000
end
triangles
fight_body.jpg
37 3.965661 0.766155 7.478034 0.416298 -0.395292 0.818804 0.196700 0.519800
5 5.046035 -0.506634 5.995201 0.671846 -0.557838 0.487278 0.212100 0.616600
37 5.483114 0.924711 7.037928 0.425030 -0.563320 0.708534 0.249000 0.543600
fight_body.jpg
37 3.965661 0.766155 7.478034 0.416298 -0.395292 0.818804 0.196700 0.519800
37 5.483114 0.924711 7.037928 0.425030 -0.563320 0.708534 0.249000 0.543600
37 3.994112 2.502050 8.120355 0.387911 -0.021632 0.921443 0.233200 0.460200
fight_body.jpg
37 3.994112 2.502050 8.120355 0.387911 -0.021632 0.921443 0.233200 0.460200
37 2.999159 1.138676 8.149849 0.420427 -0.407843 0.810497 0.144100 0.467400
37 3.965661 0.766155 7.478034 0.416298 -0.395292 0.818804 0.196700 0.519800
fight_body.jpg
5 1.064435 -3.266912 5.635488 0.278438 -0.785357 0.552890 0.021400 0.638800
4 1.652439 -3.959465 2.842098 0.374772 -0.919255 0.120485 0.021400 0.763600
4 3.041122 -3.785606 3.006879 0.452904 -0.890478 0.043900 0.071900 0.756100
fight_body.jpg
4 1.643123 -3.937402 2.229470 0.384993 -0.922885 0.008020 0.021400 0.791500
4 2.926304 -3.331156 1.980439 0.571561 -0.819951 -0.031596 0.074400 0.802800
4 3.041122 -3.785606 3.006879 0.452904 -0.890478 0.043900 0.071900 0.756100
fight_body.jpg
4 3.041122 -3.785606 3.006879 0.452904 -0.890478 0.043900 0.071900 0.756100
4 1.652439 -3.959465 2.842098 0.374772 -0.919255 0.120485 0.021400 0.763600
4 1.643123 -3.937402 2.229470 0.384993 -0.922885 0.008020 0.021400 0.791500
fight_body.jpg
4 3.043897 -3.592952 1.053867 0.525737 -0.850395 -0.020744 0.074700 0.845000
4 2.926304 -3.331156 1.980439 0.571561 -0.819951 -0.031596 0.074400 0.802800
4 1.643123 -3.937402 2.229470 0.384993 -0.922885 0.008020 0.021400 0.791500
fight_body.jpg
4 1.643123 -3.937402 2.229470 0.384993 -0.922885 0.008020 0.021400 0.791500
4 1.693010 -4.056967 1.719414 0.381538 -0.914372 0.135474 0.021400 0.814700
4 3.043897 -3.592952 1.053867 0.525737 -0.850395 -0.020744 0.074700 0.845000
fight_body.jpg
5 0.498056 -1.573453 7.327369 0.213307 -0.660959 0.719467 0.021400 0.531100
5 1.064435 -3.266912 5.635488 0.278438 -0.785357 0.552890 0.021400 0.638800
5 3.813378 -1.672279 6.181321 0.475990 -0.670053 0.569617 0.145200 0.614700
fight_body.jpg
5 3.813378 -1.672279 6.181321 0.475990 -0.670053 0.569617 0.145200 0.614700
5 3.001953 -0.352247 7.587355 0.351232 -0.459936 0.815534 0.126200 0.521300
5 0.498056 -1.573453 7.327369 0.213307 -0.660959 0.719467 0.021400 0.531100
fight_body.jpg
4 3.124151 -3.113590 -0.682221 0.702351 -0.676058 -0.222818 0.084400 0.924000
4 3.043897 -3.592952 1.053867 0.525737 -0.850395 -0.020744 0.074700 0.845000
4 1.693010 -4.056967 1.719414 0.381538 -0.914372 0.135474 0.021400 0.814700
fight_body.jpg
4 1.693010 -4.056967 1.719414 0.381538 -0.914372 0.135474 0.021400 0.814700
4 1.747068 -4.186597 0.396502 0.384999 -0.922899 0.005720 0.021400 0.874900
4 3.124151 -3.113590 -0.682221 0.702351 -0.676058 -0.222818 0.084400 0.924000
fight_body.jpg
4 4.160418 1.039694 -1.190766 0.940477 0.112418 -0.320726 0.249900 0.941800
4 3.512777 2.290273 -1.328313 0.711152 0.607336 -0.354128 0.313600 0.950100
4 4.079340 2.301733 -0.170857 0.812466 0.478370 -0.333259 0.289300 0.884200
fight_body.jpg
4 4.079340 2.301733 -0.170857 0.812466 0.478370 -0.333259 0.289300 0.884200
4 4.582520 0.546538 0.050650 0.955596 -0.018868 -0.294077 0.226700 0.882800
4 4.160418 1.039694 -1.190766 0.940477 0.112418 -0.320726 0.249900 0.941800
fight_body.jpg
4 4.160418 1.039694 -1.190766 0.940477 0.112418 -0.320726 0.249900 0.941800
4 4.582520 0.546538 0.050650 0.955596 -0.018868 -0.294077 0.226700 0.882800
4 4.285123 -2.046554 0.986201 0.899757 -0.410975 -0.146753 0.143400 0.848100
fight_body.jpg
4 4.285123 -2.046554 0.986201 0.899757 -0.410975 -0.146753 0.143400 0.848100
4 3.727965 -1.329078 -1.417130 0.920673 -0.270220 -0.281680 0.157800 0.959300
4 4.160418 1.039694 -1.190766 0.940477 0.112418 -0.320726 0.249900 0.941800
fight_body.jpg
37 3.965661 0.766155 7.478034 0.416298 -0.395292 0.818804 0.196700 0.519800
37 2.999159 1.138676 8.149849 0.420427 -0.407843 0.810497 0.144100 0.467400
5 3.001953 -0.352247 7.587355 0.351232 -0.459936 0.815534 0.126200 0.521300
fight_body.jpg
5 5.046035 -0.506634 5.995201 0.671846 -0.557838 0.487278 0.212100 0.616600
4 5.439935 -1.010557 3.358564 0.922557 -0.376791 -0.083171 0.194200 0.740100
5 5.927397 0.158946 4.824606 0.780553 -0.623743 0.041001 0.268300 0.649100
fight_body.jpg
37 3.965661 0.766155 7.478034 0.416298 -0.395292 0.818804 0.196700 0.519800
5 3.001953 -0.352247 7.587355 0.351232 -0.459936 0.815534 0.126200 0.521300
5 3.813378 -1.672279 6.181321 0.475990 -0.670053 0.569617 0.145200 0.614700
fight_body.jpg
5 3.813378 -1.672279 6.181321 0.475990 -0.670053 0.569617 0.145200 0.614700
5 5.046035 -0.506634 5.995201 0.671846 -0.557838 0.487278 0.212100 0.616600
37 3.965661 0.766155 7.478034 0.416298 -0.395292 0.818804 0.196700 0.519800
fight_body.jpg
4 5.052644 0.095366 2.626682 0.893590 -0.002084 -0.448879 0.218300 0.777500
4 4.839093 0.560937 1.151494 0.977171 -0.011287 -0.212153 0.228400 0.831400
5 5.072200 2.013449 3.266142 0.546121 -0.070471 -0.834737 0.275900 0.721800
fight_body.jpg
4 4.285123 -2.046554 0.986201 0.899757 -0.410975 -0.146753 0.143400 0.848100
4 3.124151 -3.113590 -0.682221 0.702351 -0.676058 -0.222818 0.084400 0.924000
4 3.727965 -1.329078 -1.417130 0.920673 -0.270220 -0.281680 0.157800 0.959300
fight_body.jpg
4 3.043897 -3.592952 1.053867 0.525737 -0.850395 -0.020744 0.074700 0.845000
4 3.124151 -3.113590 -0.682221 0.702351 -0.676058 -0.222818 0.084400 0.924000
4 4.285123 -2.046554 0.986201 0.899757 -0.410975 -0.146753 0.143400 0.848100
fight_body.jpg
5 5.046035 -0.506634 5.995201 0.671846 -0.557838 0.487278 0.212100 0.616600
5 3.813378 -1.672279 6.181321 0.475990 -0.670053 0.569617 0.145200 0.614700
4 4.735053 -2.408561 3.144576 0.754035 -0.656271 0.027198 0.149300 0.749800
fight_body.jpg
4 4.735053 -2.408561 3.144576 0.754035 -0.656271 0.027198 0.149300 0.749800
4 5.439935 -1.010557 3.358564 0.922557 -0.376791 -0.083171 0.194200 0.740100
5 5.046035 -0.506634 5.995201 0.671846 -0.557838 0.487278 0.212100 0.616600
fight_body.jpg
5 5.072200 2.013449 3.266142 0.546121 -0.070471 -0.834737 0.275900 0.721800
4 4.839093 0.560937 1.151494 0.977171 -0.011287 -0.212153 0.228400 0.831400
4 4.609405 2.399729 1.555336 0.908120 0.350429 -0.229165 0.279800 0.795800
fight_body.jpg
4 4.839093 0.560937 1.151494 0.977171 -0.011287 -0.212153 0.228400 0.831400
4 4.582520 0.546538 0.050650 0.955596 -0.018868 -0.294077 0.226700 0.882800
4 4.079340 2.301733 -0.170857 0.812466 0.478370 -0.333259 0.289300 0.884200
fight_body.jpg
4 4.079340 2.301733 -0.170857 0.812466 0.478370 -0.333259 0.289300 0.884200
4 4.609405 2.399729 1.555336 0.908120 0.350429 -0.229165 0.279800 0.795800
4 4.839093 0.560937 1.151494 0.977171 -0.011287 -0.212153 0.228400 0.831400
fight_body.jpg
4 4.285123 -2.046554 0.986201 0.899757 -0.410975 -0.146753 0.143400 0.848100
4 4.582520 0.546538 0.050650 0.955596 -0.018868 -0.294077 0.226700 0.882800
4 4.839093 0.560937 1.151494 0.977171 -0.011287 -0.212153 0.228400 0.831400
fight_body.jpg
5 5.046035 -0.506634 5.995201 0.671846 -0.557838 0.487278 0.212100 0.616600
5 5.927397 0.158946 4.824606 0.780553 -0.623743 0.041001 0.268300 0.649100
37 5.483114 0.924711 7.037928 0.425030 -0.563320 0.708534 0.249000 0.543600
fight_body.jpg
37 2.999159 1.138676 8.149849 0.420427 -0.407843 0.810497 0.144100 0.467400
5 1.335485 -0.202568 8.034145 0.660295 -0.515215 0.546410 0.067600 0.454000
5 0.958121 -1.087492 7.706811 0.330971 -0.736792 0.589572 0.038700 0.479000
fight_body.jpg
5 0.958121 -1.087492 7.706811 0.330971 -0.736792 0.589572 0.038700 0.479000
5 3.001953 -0.352247 7.587355 0.351232 -0.459936 0.815534 0.126200 0.521300
37 2.999159 1.138676 8.149849 0.420427 -0.407843 0.810497 0.144100 0.467400
fight_body.jpg
5 5.072200 2.013449 3.266142 0.546121 -0.070471 -0.834737 0.767500 0.981700
38 5.961673 2.288875 2.689431 -0.528287 -0.555785 -0.641884 0.724300 0.981700
38 7.225073 1.334675 3.386730 0.100102 -0.986222 -0.131704 0.723800 0.902100
fight_body.jpg
38 7.225073 1.334675 3.386730 0.100102 -0.986222 -0.131704 0.723800 0.902100
38 6.567873 1.123974 4.128430 0.427291 -0.794884 -0.430792 0.776500 0.932400
5 5.072200 2.013449 3.266142 0.546121 -0.070471 -0.834737 0.767500 0.981700
fight_body.jpg
38 6.713773 2.512176 1.429731 -0.596798 -0.573097 -0.561598 0.658300 0.981700
38 8.154572 1.473875 2.301030 0.096097 -0.986079 -0.135698 0.660300 0.903700
38 7.225073 1.334675 3.386730 0.100102 -0.986222 -0.131704 0.723800 0.902100
fight_body.jpg
38 7.225073 1.334675 3.386730 0.100102 -0.986222 -0.131704 0.723800 0.902100
38 5.961673 2.288875 2.689431 -0.528287 -0.555785 -0.641884 0.724300 0.981700
38 6.713773 2.512176 1.429731 -0.596798 -0.573097 -0.561598 0.658300 0.981700
fight_body.jpg
37 5.483114 0.924711 7.037928 0.425030 -0.563320 0.708534 0.952400 0.886500
5 5.927397 0.158946 4.824606 0.780553 -0.623743 0.041001 0.860600 0.950900
38 6.863273 1.597473 6.699330 0.572890 -0.473693 0.668889 0.877700 0.867300
fight_body.jpg
38 8.524373 2.298173 4.219330 0.762417 -0.478411 0.435709 0.713800 0.833100
38 8.059574 4.253273 4.635032 0.649710 0.449006 0.613409 0.712000 0.750300
38 7.394475 4.076272 6.034532 0.705181 0.490186 0.512286 0.781300 0.752800
fight_body.jpg
38 7.394475 4.076272 6.034532 0.705181 0.490186 0.512286 0.781300 0.752800
38 8.042772 1.795773 5.447230 0.843111 -0.450707 0.293304 0.778200 0.845500
38 8.524373 2.298173 4.219330 0.762417 -0.478411 0.435709 0.713800 0.833100
fight_body.jpg
38 6.567873 1.123974 4.128430 0.427291 -0.794884 -0.430792 0.776500 0.932400
38 7.225073 1.334675 3.386730 0.100102 -0.986222 -0.131704 0.723800 0.902100
38 8.524373 2.298173 4.219330 0.762417 -0.478411 0.435709 0.713800 0.833100
fight_body.jpg
38 9.445574 2.479174 3.379430 0.714079 -0.471487 0.517485 0.657400 0.835800
38 8.154572 1.473875 2.301030 0.096097 -0.986079 -0.135698 0.660300 0.903700
38 9.036773 1.817075 1.238930 0.258606 -0.912624 -0.316609 0.596900 0.905300
fight_body.jpg
38 9.036773 1.817075 1.238930 0.258606 -0.912624 -0.316609 0.596900 0.905300
38 10.156372 2.738274 2.395131 0.837208 -0.448805 0.312503 0.601000 0.838500
38 9.445574 2.479174 3.379430 0.714079 -0.471487 0.517485 0.657400 0.835800
fight_body.jpg
38 10.156372 2.738274 2.395131 0.837208 -0.448805 0.312503 0.601000 0.838500
38 9.036773 1.817075 1.238930 0.258606 -0.912624 -0.316609 0.596900 0.905300
38 10.255074 3.356776 -0.460569 0.318790 -0.837776 -0.443288 0.497600 0.920200
fight_body.jpg
38 10.255074 3.356776 -0.460569 0.318790 -0.837776 -0.443288 0.497600 0.920200
38 11.132374 3.887475 0.380432 0.901274 -0.378289 0.211194 0.499800 0.847800
38 10.156372 2.738274 2.395131 0.837208 -0.448805 0.312503 0.601000 0.838500
fight_body.jpg
38 10.156372 2.738274 2.395131 0.837208 -0.448805 0.312503 0.601000 0.838500
38 9.823275 5.126674 2.673632 0.689596 0.486996 0.535997 0.593200 0.742000
38 9.030174 4.757874 3.743632 0.580817 0.422311 0.695920 0.652600 0.746100
fight_body.jpg
38 9.030174 4.757874 3.743632 0.580817 0.422311 0.695920 0.652600 0.746100
38 9.445574 2.479174 3.379430 0.714079 -0.471487 0.517485 0.657400 0.835800
38 10.156372 2.738274 2.395131 0.837208 -0.448805 0.312503 0.601000 0.838500
fight_body.jpg
38 9.823275 5.126674 2.673632 0.689596 0.486996 0.535997 0.593200 0.742000
38 10.156372 2.738274 2.395131 0.837208 -0.448805 0.312503 0.601000 0.838500
38 11.132374 3.887475 0.380432 0.901274 -0.378289 0.211194 0.499800 0.847800
fight_body.jpg
38 11.132374 3.887475 0.380432 0.901274 -0.378289 0.211194 0.499800 0.847800
38 10.850374 5.643875 0.561132 0.624202 0.598301 0.502402 0.492200 0.737100
38 9.823275 5.126674 2.673632 0.689596 0.486996 0.535997 0.593200 0.742000
fight_body.jpg
38 9.901074 6.404476 -0.087368 -0.126002 0.913215 0.387507 0.476300 0.684200
38 9.427374 6.265176 0.129333 -0.102602 0.994722 0.001301 0.494700 0.675500
38 10.850374 5.643875 0.561132 0.624202 0.598301 0.502402 0.492200 0.737100
fight_body.jpg
38 5.104374 4.634376 2.644932 -0.853628 0.359312 -0.377112 0.698800 0.593700
38 5.804274 5.085976 1.627733 -0.786499 0.399000 -0.471399 0.640200 0.598400
38 6.713773 2.512176 1.429731 -0.596798 -0.573097 -0.561598 0.633000 0.518600
fight_body.jpg
38 6.713773 2.512176 1.429731 -0.596798 -0.573097 -0.561598 0.633000 0.518600
38 5.961673 2.288875 2.689431 -0.528287 -0.555785 -0.641884 0.698800 0.519000
38 5.104374 4.634376 2.644932 -0.853628 0.359312 -0.377112 0.698800 0.593700
fight_body.jpg
38 8.302574 5.472776 -0.557868 -0.644789 0.450093 -0.617789 0.504600 0.623900
38 8.856375 5.710776 -1.217567 -0.751312 0.473108 -0.460107 0.466200 0.629600
38 9.268272 4.055577 -1.391869 -0.460689 -0.446488 -0.767081 0.463200 0.554100
fight_body.jpg
38 8.059574 4.253273 4.635032 0.649710 0.449006 0.613409 0.712000 0.750300
38 6.068675 5.384474 4.447533 -0.077602 0.990236 0.115805 0.744300 0.662700
38 5.598875 5.421974 5.398433 0.060003 0.988045 0.142007 0.795000 0.647700
fight_body.jpg
38 5.598875 5.421974 5.398433 0.060003 0.988045 0.142007 0.795000 0.647700
38 7.394475 4.076272 6.034532 0.705181 0.490186 0.512286 0.781300 0.752800
38 8.059574 4.253273 4.635032 0.649710 0.449006 0.613409 0.712000 0.750300
fight_body.jpg
38 9.901074 6.404476 -0.087368 -0.126002 0.913215 0.387507 0.476300 0.684200
38 8.856375 5.710776 -1.217567 -0.751312 0.473108 -0.460107 0.466200 0.629600
38 8.302574 5.472776 -0.557868 -0.644789 0.450093 -0.617789 0.504600 0.623900
fight_body.jpg
38 8.302574 5.472776 -0.557868 -0.644789 0.450093 -0.617789 0.504600 0.623900
38 9.427374 6.265176 0.129333 -0.102602 0.994722 0.001301 0.494700 0.675500
38 9.901074 6.404476 -0.087368 -0.126002 0.913215 0.387507 0.476300 0.684200
fight_body.jpg
38 9.823275 5.126674 2.673632 0.689596 0.486996 0.535997 0.593200 0.742000
38 10.850374 5.643875 0.561132 0.624202 0.598301 0.502402 0.492200 0.737100
38 9.427374 6.265176 0.129333 -0.102602 0.994722 0.001301 0.494700 0.675500
fight_body.jpg
38 9.427374 6.265176 0.129333 -0.102602 0.994722 0.001301 0.494700 0.675500
38 7.980475 6.440675 1.995033 -0.015199 0.993191 0.115500 0.591900 0.662200
38 9.823275 5.126674 2.673632 0.689596 0.486996 0.535997 0.593200 0.742000
fight_body.jpg
38 10.255074 3.356776 -0.460569 0.318790 -0.837776 -0.443288 0.497600 0.920200
38 9.036773 1.817075 1.238930 0.258606 -0.912624 -0.316609 0.596900 0.905300
38 7.551473 2.843676 0.273931 -0.480703 -0.526002 -0.701603 0.592400 0.981700
fight_body.jpg
38 7.551473 2.843676 0.273931 -0.480703 -0.526002 -0.701603 0.592400 0.981700
38 9.268272 4.055577 -1.391869 -0.460689 -0.446488 -0.767081 0.485700 0.981700
38 10.255074 3.356776 -0.460569 0.318790 -0.837776 -0.443288 0.497600 0.920200
fight_body.jpg
38 6.863273 1.597473 6.699330 0.572890 -0.473693 0.668889 0.877700 0.867300
38 6.097075 3.483472 7.511432 0.393319 0.322615 0.860941 0.875100 0.751400
37 5.329672 2.764387 7.934919 0.278549 0.022348 0.960162 0.923800 0.752400
fight_body.jpg
37 5.329672 2.764387 7.934919 0.278549 0.022348 0.960162 0.923800 0.752400
37 5.483114 0.924711 7.037928 0.425030 -0.563320 0.708534 0.952400 0.886500
38 6.863273 1.597473 6.699330 0.572890 -0.473693 0.668889 0.877700 0.867300
fight_body.jpg
37 3.994112 2.502050 8.120355 0.387911 -0.021632 0.921443 0.977500 0.751100
37 5.329672 2.764387 7.934919 0.278549 0.022348 0.960162 0.923800 0.752400
37 4.563723 4.425489 7.283334 0.289803 0.688365 0.664958 0.926900 0.624200
fight_body.jpg
37 4.563723 4.425489 7.283334 0.289803 0.688365 0.664958 0.926900 0.624200
37 3.816891 4.235885 7.454671 0.087986 0.727691 0.680238 0.967300 0.598000
37 3.994112 2.502050 8.120355 0.387911 -0.021632 0.921443 0.977500 0.751100
fight_body.jpg
38 4.637375 4.892673 6.628033 -0.095196 0.818072 0.567182 0.865500 0.639100
37 4.563723 4.425489 7.283334 0.289803 0.688365 0.664958 0.926900 0.624200
37 5.329672 2.764387 7.934919 0.278549 0.022348 0.960162 0.923800 0.752400
fight_body.jpg
37 5.329672 2.764387 7.934919 0.278549 0.022348 0.960162 0.923800 0.752400
38 6.097075 3.483472 7.511432 0.393319 0.322615 0.860941 0.875100 0.751400
38 4.637375 4.892673 6.628033 -0.095196 0.818072 0.567182 0.865500 0.639100
fight_body.jpg
38 7.508073 1.739573 6.175130 0.705885 -0.407192 0.579587 0.828000 0.856400
38 6.863273 1.597473 6.699330 0.572890 -0.473693 0.668889 0.877700 0.867300
5 5.927397 0.158946 4.824606 0.780553 -0.623743 0.041001 0.860600 0.950900
fight_body.jpg
38 6.863273 1.597473 6.699330 0.572890 -0.473693 0.668889 0.877700 0.867300
38 7.508073 1.739573 6.175130 0.705885 -0.407192 0.579587 0.828000 0.856400
38 6.806375 3.826372 6.875432 0.589683 0.410587 0.695480 0.828200 0.752100
fight_body.jpg
38 6.806375 3.826372 6.875432 0.589683 0.410587 0.695480 0.828200 0.752100
38 6.097075 3.483472 7.511432 0.393319 0.322615 0.860941 0.875100 0.751400
38 6.863273 1.597473 6.699330 0.572890 -0.473693 0.668889 0.877700 0.867300
fight_body.jpg
38 5.598875 5.421974 5.398433 0.060003 0.988045 0.142007 0.795000 0.647700
38 5.172275 5.199673 6.114933 0.072501 0.898808 0.432305 0.830200 0.643400
38 6.806375 3.826372 6.875432 0.589683 0.410587 0.695480 0.828200 0.752100
fight_body.jpg
38 6.806375 3.826372 6.875432 0.589683 0.410587 0.695480 0.828200 0.752100
38 7.394475 4.076272 6.034532 0.705181 0.490186 0.512286 0.781300 0.752800
38 5.598875 5.421974 5.398433 0.060003 0.988045 0.142007 0.795000 0.647700
fight_body.jpg
38 8.042772 1.795773 5.447230 0.843111 -0.450707 0.293304 0.778200 0.845500
38 6.567873 1.123974 4.128430 0.427291 -0.794884 -0.430792 0.776500 0.932400
38 8.524373 2.298173 4.219330 0.762417 -0.478411 0.435709 0.713800 0.833100
fight_body.jpg
38 5.961673 2.288875 2.689431 -0.528287 -0.555785 -0.641884 0.698800 0.519000
5 5.072200 2.013449 3.266142 0.546121 -0.070471 -0.834737 0.750200 0.523600
5 4.547435 4.017426 3.450445 0.049245 0.762218 -0.645445 0.755200 0.554400
fight_body.jpg
5 4.547435 4.017426 3.450445 0.049245 0.762218 -0.645445 0.755200 0.554400
38 5.104374 4.634376 2.644932 -0.853628 0.359312 -0.377112 0.698800 0.593700
38 5.961673 2.288875 2.689431 -0.528287 -0.555785 -0.641884 0.698800 0.519000
fight_body.jpg
5 4.151472 4.944859 6.066416 -0.049802 0.977497 0.204985 0.871500 0.566000
38 4.637375 4.892673 6.628033 -0.095196 0.818072 0.567182 0.865500 0.639100
38 5.172275 5.199673 6.114933 0.072501 0.898808 0.432305 0.830200 0.643400
fight_body.jpg
37 3.816891 4.235885 7.454671 0.087986 0.727691 0.680238 0.967300 0.598000
37 4.563723 4.425489 7.283334 0.289803 0.688365 0.664958 0.926900 0.624200
5 4.151472 4.944859 6.066416 -0.049802 0.977497 0.204985 0.871500 0.566000
fight_body.jpg
37 4.563723 4.425489 7.283334 0.289803 0.688365 0.664958 0.926900 0.624200
38 4.637375 4.892673 6.628033 -0.095196 0.818072 0.567182 0.865500 0.639100
5 4.151472 4.944859 6.066416 -0.049802 0.977497 0.204985 0.871500 0.566000
fight_body.jpg
37 5.329672 2.764387 7.934919 0.278549 0.022348 0.960162 0.923800 0.752400
37 3.994112 2.502050 8.120355 0.387911 -0.021632 0.921443 0.977500 0.751100
37 5.483114 0.924711 7.037928 0.425030 -0.563320 0.708534 0.952400 0.886500
fight_body.jpg
5 4.547435 4.017426 3.450445 0.049245 0.762218 -0.645445 0.755200 0.554400
38 4.715574 4.219175 3.677532 -0.510608 0.812113 -0.282404 0.755700 0.582200
38 5.104374 4.634376 2.644932 -0.853628 0.359312 -0.377112 0.698800 0.593700
fight_body.jpg
5 4.547435 4.017426 3.450445 0.049245 0.762218 -0.645445 0.755200 0.554400
5 4.390102 4.776395 4.758241 -0.051651 0.939378 -0.338970 0.807700 0.563200
38 4.715574 4.219175 3.677532 -0.510608 0.812113 -0.282404 0.755700 0.582200
fight_body.jpg
37 3.994112 2.502050 8.120355 0.387911 -0.021632 0.921443 0.233200 0.460200
37 2.744641 2.100316 8.932911 0.527900 -0.134524 0.838585 0.151600 0.388600
37 2.999159 1.138676 8.149849 0.420427 -0.407843 0.810497 0.144100 0.467400
fight_body.jpg
4 4.609405 2.399729 1.555336 0.908120 0.350429 -0.229165 0.279800 0.795800
4 4.079340 2.301733 -0.170857 0.812466 0.478370 -0.333259 0.289300 0.884200
4 4.093553 3.340232 1.682683 0.761981 0.542967 -0.352947 0.308800 0.801000
fight_body.jpg
37 2.687654 3.595147 8.612472 0.286410 0.578223 0.763955 0.376800 0.479500
37 3.816891 4.235885 7.454671 0.087986 0.727691 0.680238 0.318200 0.503000
5 4.151472 4.944859 6.066416 -0.049802 0.977497 0.204985 0.310000 0.585800
fight_body.jpg
5 4.151472 4.944859 6.066416 -0.049802 0.977497 0.204985 0.310000 0.585800
5 2.616786 5.045542 6.730191 0.023796 0.910038 0.413840 0.370100 0.571900
37 2.687654 3.595147 8.612472 0.286410 0.578223 0.763955 0.376800 0.479500
fight_body.jpg
37 2.744641 2.100316 8.932911 0.527900 -0.134524 0.838585 0.377000 0.406400
37 3.994112 2.502050 8.120355 0.387911 -0.021632 0.921443 0.327200 0.413200
37 2.687654 3.595147 8.612472 0.286410 0.578223 0.763955 0.376800 0.479500
fight_body.jpg
37 3.994112 2.502050 8.120355 0.387911 -0.021632 0.921443 0.327200 0.413200
37 3.816891 4.235885 7.454671 0.087986 0.727691 0.680238 0.318200 0.503000
37 2.687654 3.595147 8.612472 0.286410 0.578223 0.763955 0.376800 0.479500
fight_body.jpg
5 1.335485 -0.202568 8.034145 0.660295 -0.515215 0.546410 0.067600 0.454000
37 2.999159 1.138676 8.149849 0.420427 -0.407843 0.810497 0.144100 0.467400
37 2.744641 2.100316 8.932911 0.527900 -0.134524 0.838585 0.151600 0.388600
fight_body.jpg
37 2.744641 2.100316 8.932911 0.527900 -0.134524 0.838585 0.151600 0.388600
5 1.814487 1.523542 9.478792 0.827388 -0.180745 0.531752 0.075800 0.368100
5 1.335485 -0.202568 8.034145 0.660295 -0.515215 0.546410 0.067600 0.454000
fight_body.jpg
37 2.687654 3.595147 8.612472 0.286410 0.578223 0.763955 0.376800 0.479500
5 1.448478 2.854622 9.686920 0.306410 0.566532 0.764954 0.455400 0.422600
5 1.814487 1.523542 9.478792 0.827388 -0.180745 0.531752 0.455100 0.379300
fight_body.jpg
5 1.814487 1.523542 9.478792 0.827388 -0.180745 0.531752 0.455100 0.379300
37 2.744641 2.100316 8.932911 0.527900 -0.134524 0.838585 0.377000 0.406400
37 2.687654 3.595147 8.612472 0.286410 0.578223 0.763955 0.376800 0.479500
fight_body.jpg
5 1.448478 2.854622 9.686920 0.306410 0.566532 0.764954 0.455400 0.422600
5 1.054817 3.436796 8.578848 -0.143292 0.846769 0.512298 0.445000 0.476300
5 -1.029293 3.047839 8.737823 -0.274268 0.825626 0.493070 0.522800 0.472000
fight_body.jpg
5 -1.029293 3.047839 8.737823 -0.274268 0.825626 0.493070 0.522800 0.472000
5 -0.876201 2.571634 9.364033 -0.274460 0.826405 0.491657 0.522800 0.423900
5 1.448478 2.854622 9.686920 0.306410 0.566532 0.764954 0.455400 0.422600
fight_body.jpg
5 1.054817 3.436796 8.578848 -0.143292 0.846769 0.512298 0.445000 0.476300
37 2.687654 3.595147 8.612472 0.286410 0.578223 0.763955 0.376800 0.479500
5 2.616786 5.045542 6.730191 0.023796 0.910038 0.413840 0.370100 0.571900
fight_body.jpg
5 2.616786 5.045542 6.730191 0.023796 0.910038 0.413840 0.370100 0.571900
5 0.857054 4.549998 6.849687 -0.255583 0.878678 0.403240 0.439400 0.565700
5 1.054817 3.436796 8.578848 -0.143292 0.846769 0.512298 0.445000 0.476300
fight_body.jpg
37 2.687654 3.595147 8.612472 0.286410 0.578223 0.763955 0.376800 0.479500
5 1.054817 3.436796 8.578848 -0.143292 0.846769 0.512298 0.445000 0.476300
5 1.448478 2.854622 9.686920 0.306410 0.566532 0.764954 0.455400 0.422600
fight_body.jpg
5 0.897755 5.096488 4.882109 -0.298160 0.954148 0.026504 0.435700 0.656200
5 -1.339812 4.055068 5.072310 -0.315368 0.948728 -0.021406 0.522800 0.643400
5 -1.285355 3.860540 6.750338 -0.297214 0.898464 0.323151 0.522800 0.566800
fight_body.jpg
5 -1.285355 3.860540 6.750338 -0.297214 0.898464 0.323151 0.522800 0.566800
5 0.857054 4.549998 6.849687 -0.255583 0.878678 0.403240 0.439400 0.565700
5 0.897755 5.096488 4.882109 -0.298160 0.954148 0.026504 0.435700 0.656200
fight_body.jpg
5 0.857054 4.549998 6.849687 -0.255583 0.878678 0.403240 0.439400 0.565700
5 2.616786 5.045542 6.730191 0.023796 0.910038 0.413840 0.370100 0.571900
5 2.292459 5.398240 4.829206 -0.018089 0.999803 -0.008167 0.377700 0.659100
fight_body.jpg
5 2.292459 5.398240 4.829206 -0.018089 0.999803 -0.008167 0.377700 0.659100
5 0.897755 5.096488 4.882109 -0.298160 0.954148 0.026504 0.435700 0.656200
5 0.857054 4.549998 6.849687 -0.255583 0.878678 0.403240 0.439400 0.565700
fight_body.jpg
4 -1.419837 3.404189 1.775729 -0.355433 0.900684 -0.249871 0.522800 0.784100
5 -1.339812 4.055068 5.072310 -0.315368 0.948728 -0.021406 0.522800 0.643400
5 0.897755 5.096488 4.882109 -0.298160 0.954148 0.026504 0.435700 0.656200
fight_body.jpg
5 0.897755 5.096488 4.882109 -0.298160 0.954148 0.026504 0.435700 0.656200
4 0.249862 4.341631 1.827515 -0.314909 0.912029 -0.262747 0.457900 0.784700
4 -1.419837 3.404189 1.775729 -0.355433 0.900684 -0.249871 0.522800 0.784100
fight_body.jpg
4 0.070882 3.611614 0.163230 -0.286702 0.861893 -0.418262 0.474400 0.864000
4 -1.230388 2.949681 0.199582 -0.354225 0.848943 -0.392200 0.522800 0.859100
4 -1.419837 3.404189 1.775729 -0.355433 0.900684 -0.249871 0.522800 0.784100
fight_body.jpg
4 -1.419837 3.404189 1.775729 -0.355433 0.900684 -0.249871 0.522800 0.784100
4 0.249862 4.341631 1.827515 -0.314909 0.912029 -0.262747 0.457900 0.784700
4 0.070882 3.611614 0.163230 -0.286702 0.861893 -0.418262 0.474400 0.864000
fight_body.jpg
4 4.079340 2.301733 -0.170857 0.812466 0.478370 -0.333259 0.289300 0.884200
4 2.436903 3.940803 0.205779 0.234285 0.860666 -0.452067 0.375000 0.876900
4 4.093553 3.340232 1.682683 0.761981 0.542967 -0.352947 0.308800 0.801000
fight_body.jpg
4 4.079340 2.301733 -0.170857 0.812466 0.478370 -0.333259 0.289300 0.884200
4 3.512777 2.290273 -1.328313 0.711152 0.607336 -0.354128 0.313600 0.950100
4 2.565998 3.035244 -1.445097 0.286242 0.850337 -0.441579 0.361500 0.956700
fight_body.jpg
4 2.565998 3.035244 -1.445097 0.286242 0.850337 -0.441579 0.361500 0.956700
4 2.436903 3.940803 0.205779 0.234285 0.860666 -0.452067 0.375000 0.876900
4 4.079340 2.301733 -0.170857 0.812466 0.478370 -0.333259 0.289300 0.884200
fight_body.jpg
4 2.565998 3.035244 -1.445097 0.286242 0.850337 -0.441579 0.361500 0.956700
4 0.065804 2.481594 -1.759369 -0.324678 0.815791 -0.478612 0.475800 0.962100
4 0.070882 3.611614 0.163230 -0.286702 0.861893 -0.418262 0.474400 0.864000
fight_body.jpg
4 0.070882 3.611614 0.163230 -0.286702 0.861893 -0.418262 0.474400 0.864000
4 2.436903 3.940803 0.205779 0.234285 0.860666 -0.452067 0.375000 0.876900
4 2.565998 3.035244 -1.445097 0.286242 0.850337 -0.441579 0.361500 0.956700
fight_body.jpg
4 0.070882 3.611614 0.163230 -0.286702 0.861893 -0.418262 0.474400 0.864000
4 0.065804 2.481594 -1.759369 -0.324678 0.815791 -0.478612 0.475800 0.962100
4 -0.805903 1.931969 -1.807408 -0.340997 0.817437 -0.464239 0.522200 0.961300
fight_body.jpg
4 -0.805903 1.931969 -1.807408 -0.340997 0.817437 -0.464239 0.522200 0.961300
4 -1.230388 2.949681 0.199582 -0.354225 0.848943 -0.392200 0.522800 0.859100
4 0.070882 3.611614 0.163230 -0.286702 0.861893 -0.418262 0.474400 0.864000
fight_body.jpg
5 1.054817 3.436796 8.578848 -0.143292 0.846769 0.512298 0.445000 0.476300
5 0.857054 4.549998 6.849687 -0.255583 0.878678 0.403240 0.439400 0.565700
5 -1.285355 3.860540 6.750338 -0.297214 0.898464 0.323151 0.522800 0.566800
fight_body.jpg
5 -1.285355 3.860540 6.750338 -0.297214 0.898464 0.323151 0.522800 0.566800
5 -1.029293 3.047839 8.737823 -0.274268 0.825626 0.493070 0.522800 0.472000
5 1.054817 3.436796 8.578848 -0.143292 0.846769 0.512298 0.445000 0.476300
fight_body.jpg
4 2.436903 3.940803 0.205779 0.234285 0.860666 -0.452067 0.375000 0.876900
4 0.070882 3.611614 0.163230 -0.286702 0.861893 -0.418262 0.474400 0.864000
4 0.249862 4.341631 1.827515 -0.314909 0.912029 -0.262747 0.457900 0.784700
fight_body.jpg
4 0.249862 4.341631 1.827515 -0.314909 0.912029 -0.262747 0.457900 0.784700
4 3.046018 4.845673 2.161889 0.307700 0.881481 -0.358207 0.360300 0.769800
4 2.436903 3.940803 0.205779 0.234285 0.860666 -0.452067 0.375000 0.876900
fight_body.jpg
5 2.292459 5.398240 4.829206 -0.018089 0.999803 -0.008167 0.377700 0.659100
5 3.694428 4.999934 4.743861 0.331198 0.930797 -0.154675 0.335900 0.659900
4 3.046018 4.845673 2.161889 0.307700 0.881481 -0.358207 0.360300 0.769800
fight_body.jpg
4 3.046018 4.845673 2.161889 0.307700 0.881481 -0.358207 0.360300 0.769800
4 0.249862 4.341631 1.827515 -0.314909 0.912029 -0.262747 0.457900 0.784700
5 2.292459 5.398240 4.829206 -0.018089 0.999803 -0.008167 0.377700 0.659100
fight_body.jpg
5 0.897755 5.096488 4.882109 -0.298160 0.954148 0.026504 0.435700 0.656200
5 2.292459 5.398240 4.829206 -0.018089 0.999803 -0.008167 0.377700 0.659100
4 0.249862 4.341631 1.827515 -0.314909 0.912029 -0.262747 0.457900 0.784700
fight_body.jpg
5 2.292459 5.398240 4.829206 -0.018089 0.999803 -0.008167 0.377700 0.659100
5 2.616786 5.045542 6.730191 0.023796 0.910038 0.413840 0.370100 0.571900
5 4.151472 4.944859 6.066416 -0.049802 0.977497 0.204985 0.310000 0.585800
fight_body.jpg
5 4.151472 4.944859 6.066416 -0.049802 0.977497 0.204985 0.310000 0.585800
5 3.694428 4.999934 4.743861 0.331198 0.930797 -0.154675 0.335900 0.659900
5 2.292459 5.398240 4.829206 -0.018089 0.999803 -0.008167 0.377700 0.659100
fight_body.jpg
5 4.151472 4.944859 6.066416 -0.049802 0.977497 0.204985 0.310000 0.585800
5 4.390102 4.776395 4.758241 -0.051651 0.939378 -0.338970 0.306100 0.648600
5 3.694428 4.999934 4.743861 0.331198 0.930797 -0.154675 0.335900 0.659900
fight_body.jpg
5 4.547435 4.017426 3.450445 0.049245 0.762218 -0.645445 0.312000 0.708200
5 3.694428 4.999934 4.743861 0.331198 0.930797 -0.154675 0.335900 0.659900
5 4.390102 4.776395 4.758241 -0.051651 0.939378 -0.338970 0.306100 0.648600
fight_body.jpg
4 4.609405 2.399729 1.555336 0.908120 0.350429 -0.229165 0.279800 0.795800
4 4.093553 3.340232 1.682683 0.761981 0.542967 -0.352947 0.308800 0.801000
5 5.072200 2.013449 3.266142 0.546121 -0.070471 -0.834737 0.275900 0.721800
fight_body.jpg
5 4.547435 4.017426 3.450445 0.049245 0.762218 -0.645445 0.312000 0.708200
5 5.072200 2.013449 3.266142 0.546121 -0.070471 -0.834737 0.275900 0.721800
4 4.093553 3.340232 1.682683 0.761981 0.542967 -0.352947 0.308800 0.801000
fight_body.jpg
4 2.436903 3.940803 0.205779 0.234285 0.860666 -0.452067 0.375000 0.876900
4 3.046018 4.845673 2.161889 0.307700 0.881481 -0.358207 0.360300 0.769800
4 4.093553 3.340232 1.682683 0.761981 0.542967 -0.352947 0.308800 0.801000
fight_body.jpg
4 4.093553 3.340232 1.682683 0.761981 0.542967 -0.352947 0.308800 0.801000
4 3.046018 4.845673 2.161889 0.307700 0.881481 -0.358207 0.360300 0.769800
5 4.547435 4.017426 3.450445 0.049245 0.762218 -0.645445 0.312000 0.708200
fight_body.jpg
5 3.694428 4.999934 4.743861 0.331198 0.930797 -0.154675 0.335900 0.659900
5 4.547435 4.017426 3.450445 0.049245 0.762218 -0.645445 0.312000 0.708200
4 3.046018 4.845673 2.161889 0.307700 0.881481 -0.358207 0.360300 0.769800
fight_body.jpg
38 9.427374 6.265176 0.129333 -0.102602 0.994722 0.001301 0.494700 0.675500
38 8.302574 5.472776 -0.557868 -0.644789 0.450093 -0.617789 0.504600 0.623900
38 6.673774 5.408276 0.696332 -0.662298 0.457299 -0.593498 0.581600 0.603200
fight_body.jpg
38 6.673774 5.408276 0.696332 -0.662298 0.457299 -0.593498 0.581600 0.603200
38 7.980475 6.440675 1.995033 -0.015199 0.993191 0.115500 0.591900 0.662200
38 9.427374 6.265176 0.129333 -0.102602 0.994722 0.001301 0.494700 0.675500
fight_body.jpg
38 8.302574 5.472776 -0.557868 -0.644789 0.450093 -0.617789 0.504600 0.623900
38 9.268272 4.055577 -1.391869 -0.460689 -0.446488 -0.767081 0.463200 0.554100
38 7.551473 2.843676 0.273931 -0.480703 -0.526002 -0.701603 0.567100 0.518200
fight_body.jpg
38 7.551473 2.843676 0.273931 -0.480703 -0.526002 -0.701603 0.567100 0.518200
38 6.673774 5.408276 0.696332 -0.662298 0.457299 -0.593498 0.581600 0.603200
38 8.302574 5.472776 -0.557868 -0.644789 0.450093 -0.617789 0.504600 0.623900
fight_body.jpg
4 3.124151 -3.113590 -0.682221 0.702351 -0.676058 -0.222818 0.084400 0.924000
4 3.006771 -2.961193 -1.417163 0.739996 -0.625269 -0.247880 0.084500 0.961700
4 3.727965 -1.329078 -1.417130 0.920673 -0.270220 -0.281680 0.157800 0.959300
fight_body.jpg
4 1.605072 -3.846596 -1.417170 0.376116 -0.901498 -0.214098 0.021400 0.964400
4 3.006771 -2.961193 -1.417163 0.739996 -0.625269 -0.247880 0.084500 0.961700
4 3.124151 -3.113590 -0.682221 0.702351 -0.676058 -0.222818 0.084400 0.924000
fight_body.jpg
4 3.124151 -3.113590 -0.682221 0.702351 -0.676058 -0.222818 0.084400 0.924000
4 1.747068 -4.186597 0.396502 0.384999 -0.922899 0.005720 0.021400 0.874900
4 1.605072 -3.846596 -1.417170 0.376116 -0.901498 -0.214098 0.021400 0.964400
fight_body.jpg
5 1.064435 -3.266912 5.635488 0.278438 -0.785357 0.552890 0.021400 0.638800
4 3.041122 -3.785606 3.006879 0.452904 -0.890478 0.043900 0.071900 0.756100
4 4.735053 -2.408561 3.144576 0.754035 -0.656271 0.027198 0.149300 0.749800
fight_body.jpg
4 4.735053 -2.408561 3.144576 0.754035 -0.656271 0.027198 0.149300 0.749800
5 3.813378 -1.672279 6.181321 0.475990 -0.670053 0.569617 0.145200 0.614700
5 1.064435 -3.266912 5.635488 0.278438 -0.785357 0.552890 0.021400 0.638800
fight_body.jpg
4 3.041122 -3.785606 3.006879 0.452904 -0.890478 0.043900 0.071900 0.756100
4 2.926304 -3.331156 1.980439 0.571561 -0.819951 -0.031596 0.074400 0.802800
4 4.350017 -1.989806 2.075877 0.835345 -0.426202 -0.347203 0.146100 0.798500
fight_body.jpg
4 4.350017 -1.989806 2.075877 0.835345 -0.426202 -0.347203 0.146100 0.798500
4 4.562451 -2.272909 2.421304 0.674265 -0.500633 -0.542894 0.148400 0.782800
4 3.041122 -3.785606 3.006879 0.452904 -0.890478 0.043900 0.071900 0.756100
fight_body.jpg
4 4.350017 -1.989806 2.075877 0.835345 -0.426202 -0.347203 0.146100 0.798500
4 2.926304 -3.331156 1.980439 0.571561 -0.819951 -0.031596 0.074400 0.802800
4 3.043897 -3.592952 1.053867 0.525737 -0.850395 -0.020744 0.074700 0.845000
fight_body.jpg
4 3.043897 -3.592952 1.053867 0.525737 -0.850395 -0.020744 0.074700 0.845000
4 4.285123 -2.046554 0.986201 0.899757 -0.410975 -0.146753 0.143400 0.848100
4 4.350017 -1.989806 2.075877 0.835345 -0.426202 -0.347203 0.146100 0.798500
fight_body.jpg
5 5.713081 0.766472 3.641663 0.778410 -0.095380 -0.620468 0.270100 0.708600
38 6.567873 1.123974 4.128430 0.427291 -0.794884 -0.430792 0.285600 0.691100
5 5.927397 0.158946 4.824606 0.780553 -0.623743 0.041001 0.268300 0.649100
fight_body.jpg
4 4.350017 -1.989806 2.075877 0.835345 -0.426202 -0.347203 0.146100 0.798500
4 4.285123 -2.046554 0.986201 0.899757 -0.410975 -0.146753 0.143400 0.848100
4 4.839093 0.560937 1.151494 0.977171 -0.011287 -0.212153 0.228400 0.831400
fight_body.jpg
4 4.839093 0.560937 1.151494 0.977171 -0.011287 -0.212153 0.228400 0.831400
4 5.052644 0.095366 2.626682 0.893590 -0.002084 -0.448879 0.218300 0.777500
4 4.350017 -1.989806 2.075877 0.835345 -0.426202 -0.347203 0.146100 0.798500
fight_body.jpg
4 5.052644 0.095366 2.626682 0.893590 -0.002084 -0.448879 0.218300 0.777500
4 5.395352 -0.684655 2.883362 0.824563 -0.117368 -0.553463 0.199900 0.763600
4 4.562451 -2.272909 2.421304 0.674265 -0.500633 -0.542894 0.148400 0.782800
fight_body.jpg
4 4.562451 -2.272909 2.421304 0.674265 -0.500633 -0.542894 0.148400 0.782800
4 4.350017 -1.989806 2.075877 0.835345 -0.426202 -0.347203 0.146100 0.798500
4 5.052644 0.095366 2.626682 0.893590 -0.002084 -0.448879 0.218300 0.777500
fight_body.jpg
5 5.713081 0.766472 3.641663 0.778410 -0.095380 -0.620468 0.270100 0.708600
5 5.072200 2.013449 3.266142 0.546121 -0.070471 -0.834737 0.275900 0.721800
38 6.567873 1.123974 4.128430 0.427291 -0.794884 -0.430792 0.285600 0.691100
fight_body.jpg
4 3.041122 -3.785606 3.006879 0.452904 -0.890478 0.043900 0.071900 0.756100
4 4.562451 -2.272909 2.421304 0.674265 -0.500633 -0.542894 0.148400 0.782800
4 4.735053 -2.408561 3.144576 0.754035 -0.656271 0.027198 0.149300 0.749800
fight_body.jpg
4 5.395352 -0.684655 2.883362 0.824563 -0.117368 -0.553463 0.199900 0.763600
4 5.439935 -1.010557 3.358564 0.922557 -0.376791 -0.083171 0.194200 0.740100
4 4.735053 -2.408561 3.144576 0.754035 -0.656271 0.027198 0.149300 0.749800
fight_body.jpg
4 4.735053 -2.408561 3.144576 0.754035 -0.656271 0.027198 0.149300 0.749800
4 4.562451 -2.272909 2.421304 0.674265 -0.500633 -0.542894 0.148400 0.782800
4 5.395352 -0.684655 2.883362 0.824563 -0.117368 -0.553463 0.199900 0.763600
fight_body.jpg
5 4.390102 4.776395 4.758241 -0.051651 0.939378 -0.338970 0.807700 0.563200
38 5.598875 5.421974 5.398433 0.060003 0.988045 0.142007 0.795000 0.647700
38 6.068675 5.384474 4.447533 -0.077602 0.990236 0.115805 0.744300 0.662700
fight_body.jpg
38 7.980475 6.440675 1.995033 -0.015199 0.993191 0.115500 0.591900 0.662200
38 6.982375 6.011775 3.243733 -0.139997 0.939480 0.312694 0.668100 0.662500
38 9.030174 4.757874 3.743632 0.580817 0.422311 0.695920 0.652600 0.746100
fight_body.jpg
38 9.030174 4.757874 3.743632 0.580817 0.422311 0.695920 0.652600 0.746100
38 9.823275 5.126674 2.673632 0.689596 0.486996 0.535997 0.593200 0.742000
38 7.980475 6.440675 1.995033 -0.015199 0.993191 0.115500 0.591900 0.662200
fight_body.jpg
5 4.390102 4.776395 4.758241 -0.051651 0.939378 -0.338970 0.807700 0.563200
38 6.068675 5.384474 4.447533 -0.077602 0.990236 0.115805 0.744300 0.662700
38 4.715574 4.219175 3.677532 -0.510608 0.812113 -0.282404 0.755700 0.582200
fight_body.jpg
38 4.715574 4.219175 3.677532 -0.510608 0.812113 -0.282404 0.755700 0.582200
38 6.068675 5.384474 4.447533 -0.077602 0.990236 0.115805 0.744300 0.662700
38 5.104374 4.634376 2.644932 -0.853628 0.359312 -0.377112 0.698800 0.593700
fight_body.jpg
38 5.804274 5.085976 1.627733 -0.786499 0.399000 -0.471399 0.640200 0.598400
38 6.982375 6.011775 3.243733 -0.139997 0.939480 0.312694 0.668100 0.662500
38 7.980475 6.440675 1.995033 -0.015199 0.993191 0.115500 0.591900 0.662200
fight_body.jpg
38 7.980475 6.440675 1.995033 -0.015199 0.993191 0.115500 0.591900 0.662200
38 6.673774 5.408276 0.696332 -0.662298 0.457299 -0.593498 0.581600 0.603200
38 5.804274 5.085976 1.627733 -0.786499 0.399000 -0.471399 0.640200 0.598400
fight_body.jpg
5 5.927397 0.158946 4.824606 0.780553 -0.623743 0.041001 0.268300 0.649100
4 5.439935 -1.010557 3.358564 0.922557 -0.376791 -0.083171 0.194200 0.740100
4 5.395352 -0.684655 2.883362 0.824563 -0.117368 -0.553463 0.199900 0.763600
fight_body.jpg
4 5.395352 -0.684655 2.883362 0.824563 -0.117368 -0.553463 0.199900 0.763600
5 5.713081 0.766472 3.641663 0.778410 -0.095380 -0.620468 0.270100 0.708600
5 5.927397 0.158946 4.824606 0.780553 -0.623743 0.041001 0.268300 0.649100
fight_body.jpg
5 5.072200 2.013449 3.266142 0.546121 -0.070471 -0.834737 0.275900 0.721800
5 5.713081 0.766472 3.641663 0.778410 -0.095380 -0.620468 0.270100 0.708600
4 5.052644 0.095366 2.626682 0.893590 -0.002084 -0.448879 0.218300 0.777500
fight_body.jpg
5 5.713081 0.766472 3.641663 0.778410 -0.095380 -0.620468 0.270100 0.708600
4 5.395352 -0.684655 2.883362 0.824563 -0.117368 -0.553463 0.199900 0.763600
4 5.052644 0.095366 2.626682 0.893590 -0.002084 -0.448879 0.218300 0.777500
fight_body.jpg
5 0.498056 -1.573453 7.327369 0.213307 -0.660959 0.719467 0.021400 0.531100
5 3.001953 -0.352247 7.587355 0.351232 -0.459936 0.815534 0.126200 0.521300
5 0.958121 -1.087492 7.706811 0.330971 -0.736792 0.589572 0.038700 0.479000
fight_body.jpg
7 1.662531 0.459722 11.095345 0.976965 0.185211 -0.105999 0.849600 0.514400
6 1.524727 1.251297 10.440805 0.948549 0.218956 0.228720 0.840700 0.473100
5 0.948268 2.504903 10.157879 0.375335 0.787239 0.489263 0.895700 0.452300
fight_body.jpg
5 0.948268 2.504903 10.157879 0.375335 0.787239 0.489263 0.895700 0.452300
5 0.796246 2.395871 10.841899 0.443617 0.861545 0.246868 0.903900 0.485800
7 1.662531 0.459722 11.095345 0.976965 0.185211 -0.105999 0.849600 0.514400
fight_body.jpg
5 0.796246 2.395871 10.841899 0.443617 0.861545 0.246868 0.903900 0.485800
5 0.948268 2.504903 10.157879 0.375335 0.787239 0.489263 0.895700 0.452300
5 -0.828435 2.415489 10.002357 -0.308138 0.934202 0.179770 0.979800 0.435300
fight_body.jpg
5 -0.828435 2.415489 10.002357 -0.308138 0.934202 0.179770 0.979800 0.435300
5 -0.815670 2.365551 10.641722 -0.331559 0.925561 0.182774 0.979600 0.468500
5 0.796246 2.395871 10.841899 0.443617 0.861545 0.246868 0.903900 0.485800
fight_body.jpg
6 0.827780 -0.835942 9.227714 0.758322 -0.651362 0.025983 0.710100 0.471500
6 0.346709 -1.333832 9.057987 0.316328 -0.948568 -0.012494 0.669300 0.474000
5 0.362169 -1.175110 8.198972 0.319062 -0.947412 0.024707 0.659900 0.428100
fight_body.jpg
5 0.362169 -1.175110 8.198972 0.319062 -0.947412 0.024707 0.659900 0.428100
5 0.894673 -0.849739 8.300394 0.678335 -0.719744 0.147751 0.698700 0.424400
6 0.827780 -0.835942 9.227714 0.758322 -0.651362 0.025983 0.710100 0.471500
fight_body.jpg
5 0.894673 -0.849739 8.300394 0.678335 -0.719744 0.147751 0.698700 0.424400
6 1.339924 -0.078231 9.876400 0.952899 -0.257049 -0.160966 0.774600 0.475500
6 0.827780 -0.835942 9.227714 0.758322 -0.651362 0.025983 0.710100 0.471500
fight_body.jpg
5 1.814487 1.523542 9.478792 0.827388 -0.180745 0.531752 0.819700 0.386300
5 1.448478 2.854622 9.686920 0.306410 0.566532 0.764954 0.877400 0.386300
5 0.948268 2.504903 10.157879 0.375335 0.787239 0.489263 0.895700 0.452300
fight_body.jpg
5 0.948268 2.504903 10.157879 0.375335 0.787239 0.489263 0.895700 0.452300
6 1.524727 1.251297 10.440805 0.948549 0.218956 0.228720 0.840700 0.473100
5 1.814487 1.523542 9.478792 0.827388 -0.180745 0.531752 0.819700 0.386300
fight_body.jpg
5 -0.876201 2.571634 9.364033 -0.274460 0.826405 0.491657 0.979800 0.386300
5 -0.828435 2.415489 10.002357 -0.308138 0.934202 0.179770 0.979800 0.435300
5 0.948268 2.504903 10.157879 0.375335 0.787239 0.489263 0.895700 0.452300
fight_body.jpg
5 0.948268 2.504903 10.157879 0.375335 0.787239 0.489263 0.895700 0.452300
5 1.448478 2.854622 9.686920 0.306410 0.566532 0.764954 0.877400 0.386300
5 -0.876201 2.571634 9.364033 -0.274460 0.826405 0.491657 0.979800 0.386300
fight_body.jpg
5 0.380261 -1.220427 7.634309 0.259848 -0.799472 0.541594 0.653700 0.386300
5 0.958121 -1.087492 7.706811 0.330971 -0.736792 0.589572 0.691300 0.386300
5 0.894673 -0.849739 8.300394 0.678335 -0.719744 0.147751 0.698700 0.424400
fight_body.jpg
5 0.894673 -0.849739 8.300394 0.678335 -0.719744 0.147751 0.698700 0.424400
5 0.362169 -1.175110 8.198972 0.319062 -0.947412 0.024707 0.659900 0.428100
5 0.380261 -1.220427 7.634309 0.259848 -0.799472 0.541594 0.653700 0.386300
fight_body.jpg
5 1.335485 -0.202568 8.034145 0.660295 -0.515215 0.546410 0.736600 0.386300
6 1.339924 -0.078231 9.876400 0.952899 -0.257049 -0.160966 0.774600 0.475500
5 0.894673 -0.849739 8.300394 0.678335 -0.719744 0.147751 0.698700 0.424400
fight_body.jpg
5 1.335485 -0.202568 8.034145 0.660295 -0.515215 0.546410 0.736600 0.386300
5 1.814487 1.523542 9.478792 0.827388 -0.180745 0.531752 0.819700 0.386300
6 1.524727 1.251297 10.440805 0.948549 0.218956 0.228720 0.840700 0.473100
fight_body.jpg
6 1.524727 1.251297 10.440805 0.948549 0.218956 0.228720 0.840700 0.473100
6 1.339924 -0.078231 9.876400 0.952899 -0.257049 -0.160966 0.774600 0.475500
5 1.335485 -0.202568 8.034145 0.660295 -0.515215 0.546410 0.736600 0.386300
fight_body.jpg
6 0.346709 -1.333832 9.057987 0.316328 -0.948568 -0.012494 0.669300 0.474000
6 0.827780 -0.835942 9.227714 0.758322 -0.651362 0.025983 0.710100 0.471500
7 0.612943 -1.080978 9.582342 0.696221 -0.717676 -0.014726 0.716700 0.498200
fight_body.jpg
7 0.612943 -1.080978 9.582342 0.696221 -0.717676 -0.014726 0.716700 0.498200
7 -0.170702 -1.337882 9.324046 -0.312015 -0.720851 -0.618887 0.674100 0.497600
6 0.346709 -1.333832 9.057987 0.316328 -0.948568 -0.012494 0.669300 0.474000
fight_body.jpg
5 0.380261 -1.220427 7.634309 0.259848 -0.799472 0.541594 0.021400 0.483700
5 0.498056 -1.573453 7.327369 0.213307 -0.660959 0.719467 0.021400 0.531100
5 0.958121 -1.087492 7.706811 0.330971 -0.736792 0.589572 0.038700 0.479000
fight_body.jpg
7 0.612943 -1.080978 9.582342 0.696221 -0.717676 -0.014726 0.716700 0.498200
6 0.827780 -0.835942 9.227714 0.758322 -0.651362 0.025983 0.710100 0.471500
6 1.339924 -0.078231 9.876400 0.952899 -0.257049 -0.160966 0.774600 0.475500
fight_body.jpg
6 1.339924 -0.078231 9.876400 0.952899 -0.257049 -0.160966 0.774600 0.475500
7 1.127610 -0.787385 10.001496 0.768951 -0.328088 -0.548701 0.741300 0.508800
7 0.612943 -1.080978 9.582342 0.696221 -0.717676 -0.014726 0.716700 0.498200
fight_body.jpg
5 1.335485 -0.202568 8.034145 0.660295 -0.515215 0.546410 0.736600 0.386300
5 0.894673 -0.849739 8.300394 0.678335 -0.719744 0.147751 0.698700 0.424400
5 0.958121 -1.087492 7.706811 0.330971 -0.736792 0.589572 0.691300 0.386300
fight_body.jpg
6 1.339924 -0.078231 9.876400 0.952899 -0.257049 -0.160966 0.774600 0.475500
7 1.470224 -0.469386 10.525559 0.942226 -0.168038 -0.289780 0.778500 0.520500
7 1.127610 -0.787385 10.001496 0.768951 -0.328088 -0.548701 0.741300 0.508800
fight_body.jpg
6 1.339924 -0.078231 9.876400 0.952899 -0.257049 -0.160966 0.774600 0.475500
6 1.524727 1.251297 10.440805 0.948549 0.218956 0.228720 0.840700 0.473100
7 1.662531 0.459722 11.095345 0.976965 0.185211 -0.105999 0.849600 0.514400
fight_body.jpg
7 1.662531 0.459722 11.095345 0.976965 0.185211 -0.105999 0.849600 0.514400
7 1.470224 -0.469386 10.525559 0.942226 -0.168038 -0.289780 0.778500 0.520500
6 1.339924 -0.078231 9.876400 0.952899 -0.257049 -0.160966 0.774600 0.475500
fight_body.jpg
38 6.713773 2.512176 1.429731 -0.596798 -0.573097 -0.561598 0.658300 0.981700
38 7.551473 2.843676 0.273931 -0.480703 -0.526002 -0.701603 0.592400 0.981700
38 9.036773 1.817075 1.238930 0.258606 -0.912624 -0.316609 0.596900 0.905300
fight_body.jpg
38 9.036773 1.817075 1.238930 0.258606 -0.912624 -0.316609 0.596900 0.905300
38 8.154572 1.473875 2.301030 0.096097 -0.986079 -0.135698 0.660300 0.903700
38 6.713773 2.512176 1.429731 -0.596798 -0.573097 -0.561598 0.658300 0.981700
fight_body.jpg
38 8.524373 2.298173 4.219330 0.762417 -0.478411 0.435709 0.713800 0.833100
38 7.225073 1.334675 3.386730 0.100102 -0.986222 -0.131704 0.723800 0.902100
38 8.154572 1.473875 2.301030 0.096097 -0.986079 -0.135698 0.660300 0.903700
fight_body.jpg
38 8.154572 1.473875 2.301030 0.096097 -0.986079 -0.135698 0.660300 0.903700
38 9.445574 2.479174 3.379430 0.714079 -0.471487 0.517485 0.657400 0.835800
38 8.524373 2.298173 4.219330 0.762417 -0.478411 0.435709 0.713800 0.833100
fight_body.jpg
38 9.030174 4.757874 3.743632 0.580817 0.422311 0.695920 0.652600 0.746100
38 8.059574 4.253273 4.635032 0.649710 0.449006 0.613409 0.712000 0.750300
38 8.524373 2.298173 4.219330 0.762417 -0.478411 0.435709 0.713800 0.833100
fight_body.jpg
38 8.524373 2.298173 4.219330 0.762417 -0.478411 0.435709 0.713800 0.833100
38 9.445574 2.479174 3.379430 0.714079 -0.471487 0.517485 0.657400 0.835800
38 9.030174 4.757874 3.743632 0.580817 0.422311 0.695920 0.652600 0.746100
fight_body.jpg
38 6.673774 5.408276 0.696332 -0.662298 0.457299 -0.593498 0.581600 0.603200
38 7.551473 2.843676 0.273931 -0.480703 -0.526002 -0.701603 0.567100 0.518200
38 6.713773 2.512176 1.429731 -0.596798 -0.573097 -0.561598 0.633000 0.518600
fight_body.jpg
38 6.713773 2.512176 1.429731 -0.596798 -0.573097 -0.561598 0.633000 0.518600
38 5.804274 5.085976 1.627733 -0.786499 0.399000 -0.471399 0.640200 0.598400
38 6.673774 5.408276 0.696332 -0.662298 0.457299 -0.593498 0.581600 0.603200
fight_body.jpg
38 6.982375 6.011775 3.243733 -0.139997 0.939480 0.312694 0.668100 0.662500
38 6.068675 5.384474 4.447533 -0.077602 0.990236 0.115805 0.744300 0.662700
38 8.059574 4.253273 4.635032 0.649710 0.449006 0.613409 0.712000 0.750300
fight_body.jpg
38 8.059574 4.253273 4.635032 0.649710 0.449006 0.613409 0.712000 0.750300
38 9.030174 4.757874 3.743632 0.580817 0.422311 0.695920 0.652600 0.746100
38 6.982375 6.011775 3.243733 -0.139997 0.939480 0.312694 0.668100 0.662500
fight_body.jpg
38 5.104374 4.634376 2.644932 -0.853628 0.359312 -0.377112 0.698800 0.593700
38 6.068675 5.384474 4.447533 -0.077602 0.990236 0.115805 0.744300 0.662700
38 6.982375 6.011775 3.243733 -0.139997 0.939480 0.312694 0.668100 0.662500
fight_body.jpg
38 6.982375 6.011775 3.243733 -0.139997 0.939480 0.312694 0.668100 0.662500
38 5.804274 5.085976 1.627733 -0.786499 0.399000 -0.471399 0.640200 0.598400
38 5.104374 4.634376 2.644932 -0.853628 0.359312 -0.377112 0.698800 0.593700
fight_body.jpg
43 -3.685414 -1.751144 7.411806 -0.123975 -0.569973 0.812257 0.196700 0.519800
43 -4.985369 -2.521210 6.923355 0.027755 -0.663113 0.748005 0.249000 0.543600
5 -3.781772 -3.409155 5.945582 -0.223482 -0.829522 0.511809 0.212100 0.616600
fight_body.jpg
43 -3.685414 -1.751144 7.411806 -0.123975 -0.569973 0.812257 0.196700 0.519800
43 -4.760127 -0.378835 8.035276 -0.327357 -0.257387 0.909170 0.233200 0.460200
43 -4.985369 -2.521210 6.923355 0.027755 -0.663113 0.748005 0.249000 0.543600
fight_body.jpg
43 -4.760127 -0.378835 8.035276 -0.327357 -0.257387 0.909170 0.233200 0.460200
43 -3.685414 -1.751144 7.411806 -0.123975 -0.569973 0.812257 0.196700 0.519800
43 -3.151165 -0.883805 8.109429 -0.112947 -0.585068 0.803081 0.144100 0.467400
fight_body.jpg
5 1.064435 -3.266912 5.635488 0.278438 -0.785357 0.552890 0.021400 0.638800
4 0.551923 -4.824105 3.006878 0.326239 -0.944559 0.037108 0.071900 0.756100
4 1.652439 -3.959465 2.842098 0.374772 -0.919255 0.120485 0.021400 0.763600
fight_body.jpg
4 1.643123 -3.937402 2.229470 0.384993 -0.922885 0.008020 0.021400 0.791500
4 1.652439 -3.959465 2.842098 0.374772 -0.919255 0.120485 0.021400 0.763600
4 0.551923 -4.824105 3.006878 0.326239 -0.944559 0.037108 0.071900 0.756100
fight_body.jpg
4 0.551923 -4.824105 3.006878 0.326239 -0.944559 0.037108 0.071900 0.756100
4 0.309605 -4.422855 1.980438 0.180759 -0.983020 -0.031595 0.074400 0.802800
4 1.643123 -3.937402 2.229470 0.384993 -0.922885 0.008020 0.021400 0.791500
fight_body.jpg
4 0.412897 -4.690551 1.053866 0.234539 -0.971885 -0.020744 0.074700 0.845000
4 1.693010 -4.056967 1.719414 0.381538 -0.914372 0.135474 0.021400 0.814700
4 1.643123 -3.937402 2.229470 0.384993 -0.922885 0.008020 0.021400 0.791500
fight_body.jpg
4 1.643123 -3.937402 2.229470 0.384993 -0.922885 0.008020 0.021400 0.791500
4 0.309605 -4.422855 1.980438 0.180759 -0.983020 -0.031595 0.074400 0.802800
4 0.412897 -4.690551 1.053866 0.234539 -0.971885 -0.020744 0.074700 0.845000
fight_body.jpg
5 0.498056 -1.573453 7.327369 0.213307 -0.660959 0.719467 0.021400 0.531100
5 -2.244392 -2.077178 7.557903 -0.022170 -0.581451 0.813279 0.126200 0.521300
5 -2.099860 -3.616527 6.148097 -0.002162 -0.797815 0.602899 0.145200 0.614700
fight_body.jpg
5 -2.099860 -3.616527 6.148097 -0.002162 -0.797815 0.602899 0.145200 0.614700
5 1.064435 -3.266912 5.635488 0.278438 -0.785357 0.552890 0.021400 0.638800
5 0.498056 -1.573453 7.327369 0.213307 -0.660959 0.719467 0.021400 0.531100
fight_body.jpg
4 0.015651 -4.410590 -0.682221 -0.013665 -0.974764 -0.222818 0.084400 0.924000
4 1.747068 -4.186597 0.396502 0.384999 -0.922899 0.005720 0.021400 0.874900
4 1.693010 -4.056967 1.719414 0.381538 -0.914372 0.135474 0.021400 0.814700
fight_body.jpg
4 1.693010 -4.056967 1.719414 0.381538 -0.914372 0.135474 0.021400 0.814700
4 0.412897 -4.690551 1.053866 0.234539 -0.971885 -0.020744 0.074700 0.845000
4 0.015651 -4.410590 -0.682221 -0.013665 -0.974764 -0.222818 0.084400 0.924000
fight_body.jpg
4 -4.505059 -1.279866 -0.170858 -0.912250 -0.239735 -0.332154 0.289300 0.884200
4 -4.082350 -1.024159 -1.313440 -0.922873 -0.115597 -0.367346 0.308000 0.949800
4 -3.665282 -2.225306 -1.190767 -0.740133 -0.593800 -0.315603 0.249900 0.941800
fight_body.jpg
4 -3.665282 -2.225306 -1.190767 -0.740133 -0.593800 -0.315603 0.249900 0.941800
4 -3.611578 -2.872161 0.050649 -0.658835 -0.692472 -0.293971 0.226700 0.882800
4 -4.505059 -1.279866 -0.170858 -0.912250 -0.239735 -0.332154 0.289300 0.884200
fight_body.jpg
4 -3.665282 -2.225306 -1.190767 -0.740133 -0.593800 -0.315603 0.249900 0.941800
4 -1.677535 -3.584378 -1.417131 -0.455655 -0.844416 -0.281674 0.157800 0.959300
4 -1.559376 -4.484953 0.986200 -0.340912 -0.928585 -0.146658 0.143400 0.848100
fight_body.jpg
4 -1.559376 -4.484953 0.986200 -0.340912 -0.928585 -0.146658 0.143400 0.848100
4 -3.611578 -2.872161 0.050649 -0.658835 -0.692472 -0.293971 0.226700 0.882800
4 -3.665282 -2.225306 -1.190767 -0.740133 -0.593800 -0.315603 0.249900 0.941800
fight_body.jpg
43 -3.685414 -1.751144 7.411806 -0.123975 -0.569973 0.812257 0.196700 0.519800
5 -2.244392 -2.077178 7.557903 -0.022170 -0.581451 0.813279 0.126200 0.521300
43 -3.151165 -0.883805 8.109429 -0.112947 -0.585068 0.803081 0.144100 0.467400
fight_body.jpg
5 -3.781772 -3.409155 5.945582 -0.223482 -0.829522 0.511809 0.212100 0.616600
5 -4.874290 -3.392425 4.763778 -0.155351 -0.987659 -0.019924 0.268300 0.649100
4 -3.107865 -4.576857 3.358563 -0.406014 -0.913865 -0.002051 0.194200 0.740100
fight_body.jpg
43 -3.685414 -1.751144 7.411806 -0.123975 -0.569973 0.812257 0.196700 0.519800
5 -3.781772 -3.409155 5.945582 -0.223482 -0.829522 0.511809 0.212100 0.616600
5 -2.099860 -3.616527 6.148097 -0.002162 -0.797815 0.602899 0.145200 0.614700
fight_body.jpg
5 -2.099860 -3.616527 6.148097 -0.002162 -0.797815 0.602899 0.145200 0.614700
5 -2.244392 -2.077178 7.557903 -0.022170 -0.581451 0.813279 0.126200 0.521300
43 -3.685414 -1.751144 7.411806 -0.123975 -0.569973 0.812257 0.196700 0.519800
fight_body.jpg
4 -3.621456 -3.523533 2.626680 -0.643798 -0.608748 -0.463627 0.218300 0.777500
5 -5.270692 -1.387110 3.208002 -0.366435 -0.348502 -0.862712 0.275900 0.721800
4 -3.802206 -3.044362 1.151493 -0.692737 -0.695789 -0.189719 0.228400 0.831400
fight_body.jpg
4 -1.559376 -4.484953 0.986200 -0.340912 -0.928585 -0.146658 0.143400 0.848100
4 -1.677535 -3.584378 -1.417131 -0.455655 -0.844416 -0.281674 0.157800 0.959300
4 0.015651 -4.410590 -0.682221 -0.013665 -0.974764 -0.222818 0.084400 0.924000
fight_body.jpg
4 0.412897 -4.690551 1.053866 0.234539 -0.971885 -0.020744 0.074700 0.845000
4 -1.559376 -4.484953 0.986200 -0.340912 -0.928585 -0.146658 0.143400 0.848100
4 0.015651 -4.410590 -0.682221 -0.013665 -0.974764 -0.222818 0.084400 0.924000
fight_body.jpg
5 -3.781772 -3.409155 5.945582 -0.223482 -0.829522 0.511809 0.212100 0.616600
4 -3.107865 -4.576857 3.358563 -0.406014 -0.913865 -0.002051 0.194200 0.740100
4 -1.618346 -5.059260 3.144575 -0.081122 -0.994650 0.063954 0.149300 0.749800
fight_body.jpg
4 -1.618346 -5.059260 3.144575 -0.081122 -0.994650 0.063954 0.149300 0.749800
5 -2.099860 -3.616527 6.148097 -0.002162 -0.797815 0.602899 0.145200 0.614700
5 -3.781772 -3.409155 5.945582 -0.223482 -0.829522 0.511809 0.212100 0.616600
fight_body.jpg
5 -5.270692 -1.387110 3.208002 -0.366435 -0.348502 -0.862712 0.275900 0.721800
4 -4.947495 -1.587470 1.555333 -0.878287 -0.434808 -0.198880 0.279800 0.795800
4 -3.802206 -3.044362 1.151493 -0.692737 -0.695789 -0.189719 0.228400 0.831400
fight_body.jpg
4 -3.802206 -3.044362 1.151493 -0.692737 -0.695789 -0.189719 0.228400 0.831400
4 -4.947495 -1.587470 1.555333 -0.878287 -0.434808 -0.198880 0.279800 0.795800
4 -4.505059 -1.279866 -0.170858 -0.912250 -0.239735 -0.332154 0.289300 0.884200
fight_body.jpg
4 -4.505059 -1.279866 -0.170858 -0.912250 -0.239735 -0.332154 0.289300 0.884200
4 -3.611578 -2.872161 0.050649 -0.658835 -0.692472 -0.293971 0.226700 0.882800
4 -3.802206 -3.044362 1.151493 -0.692737 -0.695789 -0.189719 0.228400 0.831400
fight_body.jpg
4 -1.559376 -4.484953 0.986200 -0.340912 -0.928585 -0.146658 0.143400 0.848100
4 -3.802206 -3.044362 1.151493 -0.692737 -0.695789 -0.189719 0.228400 0.831400
4 -3.611578 -2.872161 0.050649 -0.658835 -0.692472 -0.293971 0.226700 0.882800
fight_body.jpg
5 -3.781772 -3.409155 5.945582 -0.223482 -0.829522 0.511809 0.212100 0.616600
43 -4.985369 -2.521210 6.923355 0.027755 -0.663113 0.748005 0.249000 0.543600
5 -4.874290 -3.392425 4.763778 -0.155351 -0.987659 -0.019924 0.268300 0.649100
fight_body.jpg
43 -3.151165 -0.883805 8.109429 -0.112947 -0.585068 0.803081 0.144100 0.467400
5 -2.244392 -2.077178 7.557903 -0.022170 -0.581451 0.813279 0.126200 0.521300
5 -0.164467 -1.456620 7.700551 0.164766 -0.791385 0.588695 0.038700 0.479000
fight_body.jpg
5 -0.164467 -1.456620 7.700551 0.164766 -0.791385 0.588695 0.038700 0.479000
5 -0.996590 -0.969326 8.021090 -0.235161 -0.835320 0.496930 0.067600 0.454000
43 -3.151165 -0.883805 8.109429 -0.112947 -0.585068 0.803081 0.144100 0.467400
fight_body.jpg
5 -5.270692 -1.387110 3.208002 -0.366435 -0.348502 -0.862712 0.767500 0.981700
44 -5.374606 -2.841456 3.847914 0.278601 -0.786204 -0.551602 0.776500 0.932400
44 -5.899507 -3.263957 3.091314 0.815039 -0.520025 -0.255512 0.723800 0.902100
fight_body.jpg
44 -5.899507 -3.263957 3.091314 0.815039 -0.520025 -0.255512 0.723800 0.902100
44 -6.271105 -1.648857 2.595213 0.624971 0.251088 -0.739166 0.724300 0.981700
5 -5.270692 -1.387110 3.208002 -0.366435 -0.348502 -0.862712 0.767500 0.981700
fight_body.jpg
44 -6.885805 -2.094558 1.320013 0.730221 0.360409 -0.580416 0.658300 0.981700
44 -6.271105 -1.648857 2.595213 0.624971 0.251088 -0.739166 0.724300 0.981700
44 -5.899507 -3.263957 3.091314 0.815039 -0.520025 -0.255512 0.723800 0.902100
fight_body.jpg
44 -5.899507 -3.263957 3.091314 0.815039 -0.520025 -0.255512 0.723800 0.902100
44 -6.501307 -3.924057 1.967014 0.837699 -0.484100 -0.252799 0.660300 0.903700
44 -6.885805 -2.094558 1.320013 0.730221 0.360409 -0.580416 0.658300 0.981700
fight_body.jpg
43 -4.985369 -2.521210 6.923355 0.027755 -0.663113 0.748005 0.952400 0.886500
44 -5.739107 -3.193455 6.429414 0.182903 -0.767413 0.614511 0.877700 0.867300
5 -4.874290 -3.392425 4.763778 -0.155351 -0.987659 -0.019924 0.860600 0.950900
fight_body.jpg
44 -7.261607 -4.124456 3.936214 0.137592 -0.935553 0.325284 0.713800 0.833100
44 -6.513207 -4.035856 5.129615 0.027601 -0.984340 0.174108 0.778200 0.845500
44 -8.248707 -2.562455 6.014513 -0.705291 -0.487393 0.514794 0.781300 0.752800
fight_body.jpg
44 -8.248707 -2.562455 6.014513 -0.705291 -0.487393 0.514794 0.781300 0.752800
44 -8.794806 -2.933655 4.601513 -0.637105 -0.465803 0.614105 0.712000 0.750300
44 -7.261607 -4.124456 3.936214 0.137592 -0.935553 0.325284 0.713800 0.833100
fight_body.jpg
44 -5.374606 -2.841456 3.847914 0.278601 -0.786204 -0.551602 0.776500 0.932400
44 -7.261607 -4.124456 3.936214 0.137592 -0.935553 0.325284 0.713800 0.833100
44 -5.899507 -3.263957 3.091314 0.815039 -0.520025 -0.255512 0.723800 0.902100
fight_body.jpg
44 -7.879707 -4.786656 3.060815 0.158001 -0.898111 0.410406 0.657400 0.835800
44 -8.488808 -5.210557 2.065615 0.069902 -0.977031 0.201307 0.601000 0.838500
44 -7.265206 -4.458757 0.892314 0.688898 -0.579899 -0.434898 0.596900 0.905300
fight_body.jpg
44 -7.265206 -4.458757 0.892314 0.688898 -0.579899 -0.434898 0.596900 0.905300
44 -6.501307 -3.924057 1.967014 0.837699 -0.484100 -0.252799 0.660300 0.903700
44 -7.879707 -4.786656 3.060815 0.158001 -0.898111 0.410406 0.657400 0.835800
fight_body.jpg
44 -8.488808 -5.210557 2.065615 0.069902 -0.977031 0.201307 0.601000 0.838500
44 -10.088907 -5.387657 0.131514 -0.028401 -0.994129 0.104404 0.499800 0.847800
44 -9.297706 -4.725758 -0.701786 0.586525 -0.588826 -0.556123 0.497600 0.920200
fight_body.jpg
44 -9.297706 -4.725758 -0.701786 0.586525 -0.588826 -0.556123 0.497600 0.920200
44 -7.265206 -4.458757 0.892314 0.688898 -0.579899 -0.434898 0.596900 0.905300
44 -8.488808 -5.210557 2.065615 0.069902 -0.977031 0.201307 0.601000 0.838500
fight_body.jpg
44 -8.488808 -5.210557 2.065615 0.069902 -0.977031 0.201307 0.601000 0.838500
44 -7.879707 -4.786656 3.060815 0.158001 -0.898111 0.410406 0.657400 0.835800
44 -9.729306 -3.499355 3.708313 -0.577679 -0.423884 0.697574 0.652600 0.746100
fight_body.jpg
44 -9.729306 -3.499355 3.708313 -0.577679 -0.423884 0.697574 0.652600 0.746100
44 -10.478806 -3.942156 2.634913 -0.694132 -0.477221 0.538925 0.593200 0.742000
44 -8.488808 -5.210557 2.065615 0.069902 -0.977031 0.201307 0.601000 0.838500
fight_body.jpg
44 -10.478806 -3.942156 2.634913 -0.694132 -0.477221 0.538925 0.593200 0.742000
44 -11.538305 -4.418856 0.528914 -0.768919 -0.368008 0.522813 0.492200 0.737100
44 -10.088907 -5.387657 0.131514 -0.028401 -0.994129 0.104404 0.499800 0.847800
fight_body.jpg
44 -10.088907 -5.387657 0.131514 -0.028401 -0.994129 0.104404 0.499800 0.847800
44 -8.488808 -5.210557 2.065615 0.069902 -0.977031 0.201307 0.601000 0.838500
44 -10.478806 -3.942156 2.634913 -0.694132 -0.477221 0.538925 0.593200 0.742000
fight_body.jpg
44 -11.866005 -3.173256 0.037512 -0.740905 0.452704 0.496103 0.476300 0.684200
44 -11.538305 -4.418856 0.528914 -0.768919 -0.368008 0.522813 0.492200 0.737100
44 -11.522305 -2.828356 0.269213 -0.852627 0.508317 0.121003 0.494700 0.675500
fight_body.jpg
44 -8.022305 0.109844 2.875512 -0.087100 0.950708 -0.297603 0.698800 0.593700
44 -6.271105 -1.648857 2.595213 0.624971 0.251088 -0.739166 0.698800 0.519000
44 -6.885805 -2.094558 1.320013 0.730221 0.360409 -0.580416 0.633000 0.518600
fight_body.jpg
44 -6.885805 -2.094558 1.320013 0.730221 0.360409 -0.580416 0.633000 0.518600
44 -8.802705 -0.220157 1.870311 -0.058301 0.928031 -0.367913 0.640200 0.598400
44 -8.022305 0.109844 2.875512 -0.087100 0.950708 -0.297603 0.698800 0.593700
fight_body.jpg
44 -10.378104 -2.069658 -0.424288 -0.175611 0.837756 -0.517035 0.504600 0.623900
44 -9.574406 -3.440958 -1.477787 0.542887 0.313292 -0.779181 0.463200 0.554100
44 -10.877504 -2.396658 -1.089288 -0.139304 0.926027 -0.350811 0.466200 0.629600
fight_body.jpg
44 -8.794806 -2.933655 4.601513 -0.637105 -0.465803 0.614105 0.712000 0.750300
44 -8.248707 -2.562455 6.014513 -0.705291 -0.487393 0.514794 0.781300 0.752800
44 -8.741506 -0.310555 5.659912 -0.884316 0.404708 0.232804 0.795000 0.647700
fight_body.jpg
44 -8.741506 -0.310555 5.659912 -0.884316 0.404708 0.232804 0.795000 0.647700
44 -8.978005 -0.644855 4.680712 -0.835957 0.491575 0.243987 0.744300 0.662700
44 -8.794806 -2.933655 4.601513 -0.637105 -0.465803 0.614105 0.712000 0.750300
fight_body.jpg
44 -11.866005 -3.173256 0.037512 -0.740905 0.452704 0.496103 0.476300 0.684200
44 -11.522305 -2.828356 0.269213 -0.852627 0.508317 0.121003 0.494700 0.675500
44 -10.378104 -2.069658 -0.424288 -0.175611 0.837756 -0.517035 0.504600 0.623900
fight_body.jpg
44 -10.378104 -2.069658 -0.424288 -0.175611 0.837756 -0.517035 0.504600 0.623900
44 -10.877504 -2.396658 -1.089288 -0.139304 0.926027 -0.350811 0.466200 0.629600
44 -11.866005 -3.173256 0.037512 -0.740905 0.452704 0.496103 0.476300 0.684200
fight_body.jpg
44 -10.478806 -3.942156 2.634913 -0.694132 -0.477221 0.538925 0.593200 0.742000
44 -10.926004 -1.656256 2.237812 -0.880202 0.416301 0.227900 0.591900 0.662200
44 -11.522305 -2.828356 0.269213 -0.852627 0.508317 0.121003 0.494700 0.675500
fight_body.jpg
44 -11.522305 -2.828356 0.269213 -0.852627 0.508317 0.121003 0.494700 0.675500
44 -11.538305 -4.418856 0.528914 -0.768919 -0.368008 0.522813 0.492200 0.737100
44 -10.478806 -3.942156 2.634913 -0.694132 -0.477221 0.538925 0.593200 0.742000
fight_body.jpg
44 -9.297706 -4.725758 -0.701786 0.586525 -0.588826 -0.556123 0.497600 0.920200
44 -9.574406 -3.440958 -1.477787 0.542887 0.313292 -0.779181 0.485700 0.981700
44 -7.626905 -2.583658 0.154313 0.627894 0.290896 -0.721893 0.592400 0.981700
fight_body.jpg
44 -7.626905 -2.583658 0.154313 0.627894 0.290896 -0.721893 0.592400 0.981700
44 -7.265206 -4.458757 0.892314 0.688898 -0.579899 -0.434898 0.596900 0.905300
44 -9.297706 -4.725758 -0.701786 0.586525 -0.588826 -0.556123 0.497600 0.920200
fight_body.jpg
44 -5.739107 -3.193455 6.429414 0.182903 -0.767413 0.614511 0.877700 0.867300
43 -4.985369 -2.521210 6.923355 0.027755 -0.663113 0.748005 0.952400 0.886500
43 -5.983583 -0.959899 7.805801 -0.157001 -0.118261 0.980492 0.923800 0.752400
fight_body.jpg
43 -5.983583 -0.959899 7.805801 -0.157001 -0.118261 0.980492 0.923800 0.752400
44 -7.052207 -1.803654 7.500514 -0.311793 -0.315391 0.896278 0.875100 0.751400
44 -5.739107 -3.193455 6.429414 0.182903 -0.767413 0.614511 0.877700 0.867300
fight_body.jpg
43 -4.760127 -0.378835 8.035276 -0.327357 -0.257387 0.909170 0.977500 0.751100
43 -5.627825 1.127445 7.357710 -0.530411 0.506053 0.680129 0.967300 0.598000
43 -6.335346 0.837735 7.161382 -0.406392 0.559944 0.722016 0.926900 0.624200
fight_body.jpg
43 -6.335346 0.837735 7.161382 -0.406392 0.559944 0.722016 0.926900 0.624200
43 -5.983583 -0.959899 7.805801 -0.157001 -0.118261 0.980492 0.923800 0.752400
43 -4.760127 -0.378835 8.035276 -0.327357 -0.257387 0.909170 0.977500 0.751100
fight_body.jpg
44 -7.763805 0.199345 6.884912 -0.607799 0.467900 0.641599 0.865500 0.639100
44 -7.052207 -1.803654 7.500514 -0.311793 -0.315391 0.896278 0.875100 0.751400
43 -5.983583 -0.959899 7.805801 -0.157001 -0.118261 0.980492 0.923800 0.752400
fight_body.jpg
43 -5.983583 -0.959899 7.805801 -0.157001 -0.118261 0.980492 0.923800 0.752400
43 -6.335346 0.837735 7.161382 -0.406392 0.559944 0.722016 0.926900 0.624200
44 -7.763805 0.199345 6.884912 -0.607799 0.467900 0.641599 0.865500 0.639100
fight_body.jpg
5 -4.874290 -3.392425 4.763778 -0.155351 -0.987659 -0.019924 0.860600 0.950900
44 -5.739107 -3.193455 6.429414 0.182903 -0.767413 0.614511 0.877700 0.867300
44 -6.180907 -3.657556 5.881515 0.055898 -0.859783 0.507591 0.828000 0.856400
fight_body.jpg
44 -5.739107 -3.193455 6.429414 0.182903 -0.767413 0.614511 0.877700 0.867300
44 -7.052207 -1.803654 7.500514 -0.311793 -0.315391 0.896278 0.875100 0.751400
44 -7.710807 -2.229554 6.860213 -0.570918 -0.436713 0.695222 0.828200 0.752100
fight_body.jpg
44 -7.710807 -2.229554 6.860213 -0.570918 -0.436713 0.695222 0.828200 0.752100
44 -6.180907 -3.657556 5.881515 0.055898 -0.859783 0.507591 0.828000 0.856400
44 -5.739107 -3.193455 6.429414 0.182903 -0.767413 0.614511 0.877700 0.867300
fight_body.jpg
44 -8.741506 -0.310555 5.659912 -0.884316 0.404708 0.232804 0.795000 0.647700
44 -8.248707 -2.562455 6.014513 -0.705291 -0.487393 0.514794 0.781300 0.752800
44 -7.710807 -2.229554 6.860213 -0.570918 -0.436713 0.695222 0.828200 0.752100
fight_body.jpg
44 -7.710807 -2.229554 6.860213 -0.570918 -0.436713 0.695222 0.828200 0.752100
44 -8.306505 -0.097955 6.374312 -0.793556 0.383579 0.472373 0.830200 0.643400
44 -8.741506 -0.310555 5.659912 -0.884316 0.404708 0.232804 0.795000 0.647700
fight_body.jpg
44 -6.513207 -4.035856 5.129615 0.027601 -0.984340 0.174108 0.778200 0.845500
44 -7.261607 -4.124456 3.936214 0.137592 -0.935553 0.325284 0.713800 0.833100
44 -5.374606 -2.841456 3.847914 0.278601 -0.786204 -0.551602 0.776500 0.932400
fight_body.jpg
44 -6.271105 -1.648857 2.595213 0.624971 0.251088 -0.739166 0.698800 0.519000
44 -8.022305 0.109844 2.875512 -0.087100 0.950708 -0.297603 0.698800 0.593700
5 -6.039255 0.536662 3.390905 -0.697116 0.418935 -0.581827 0.755200 0.554400
fight_body.jpg
5 -6.039255 0.536662 3.390905 -0.697116 0.418935 -0.581827 0.755200 0.554400
5 -5.270692 -1.387110 3.208002 -0.366435 -0.348502 -0.862712 0.750200 0.523600
44 -6.271105 -1.648857 2.595213 0.624971 0.251088 -0.739166 0.698800 0.519000
fight_body.jpg
44 -8.306505 -0.097955 6.374312 -0.793556 0.383579 0.472373 0.830200 0.643400
44 -7.763805 0.199345 6.884912 -0.607799 0.467900 0.641599 0.865500 0.639100
5 -6.297518 1.509397 6.007632 -0.654566 0.731884 0.189445 0.871500 0.566000
fight_body.jpg
43 -5.627825 1.127445 7.357710 -0.530411 0.506053 0.680129 0.967300 0.598000
5 -6.297518 1.509397 6.007632 -0.654566 0.731884 0.189445 0.871500 0.566000
43 -6.335346 0.837735 7.161382 -0.406392 0.559944 0.722016 0.926900 0.624200
fight_body.jpg
43 -6.335346 0.837735 7.161382 -0.406392 0.559944 0.722016 0.926900 0.624200
5 -6.297518 1.509397 6.007632 -0.654566 0.731884 0.189445 0.871500 0.566000
44 -7.763805 0.199345 6.884912 -0.607799 0.467900 0.641599 0.865500 0.639100
fight_body.jpg
43 -5.983583 -0.959899 7.805801 -0.157001 -0.118261 0.980492 0.923800 0.752400
43 -4.985369 -2.521210 6.923355 0.027755 -0.663113 0.748005 0.952400 0.886500
43 -4.760127 -0.378835 8.035276 -0.327357 -0.257387 0.909170 0.977500 0.751100
fight_body.jpg
5 -6.039255 0.536662 3.390905 -0.697116 0.418935 -0.581827 0.755200 0.554400
44 -8.022305 0.109844 2.875512 -0.087100 0.950708 -0.297603 0.698800 0.593700
44 -7.406404 0.172844 3.878712 -0.421492 0.898683 -0.121298 0.755700 0.582200
fight_body.jpg
5 -6.039255 0.536662 3.390905 -0.697116 0.418935 -0.581827 0.755200 0.554400
44 -7.406404 0.172844 3.878712 -0.421492 0.898683 -0.121298 0.755700 0.582200
5 -6.376284 1.236525 4.697628 -0.661800 0.689812 -0.293563 0.807700 0.563200
fight_body.jpg
43 -4.760127 -0.378835 8.035276 -0.327357 -0.257387 0.909170 0.233200 0.460200
43 -3.151165 -0.883805 8.109429 -0.112947 -0.585068 0.803081 0.144100 0.467400
43 -3.542480 0.032625 8.890135 -0.357695 -0.421824 0.833138 0.151600 0.388600
fight_body.jpg
4 -4.947495 -1.587470 1.555333 -0.878287 -0.434808 -0.198880 0.279800 0.795800
4 -5.253047 -0.559267 1.682681 -0.936312 -0.157056 -0.314092 0.308800 0.801000
4 -4.505059 -1.279866 -0.170858 -0.912250 -0.239735 -0.332154 0.289300 0.884200
fight_body.jpg
43 -4.375441 1.271796 8.556377 -0.588289 0.286822 0.756075 0.376800 0.479500
5 -5.128833 2.498948 6.686616 -0.562882 0.717691 0.409981 0.370100 0.571900
5 -6.297518 1.509397 6.007632 -0.654566 0.731884 0.189445 0.310000 0.585800
fight_body.jpg
5 -6.297518 1.509397 6.007632 -0.654566 0.731884 0.189445 0.310000 0.585800
43 -5.627825 1.127445 7.357710 -0.530411 0.506053 0.680129 0.318200 0.503000
43 -4.375441 1.271796 8.556377 -0.588289 0.286822 0.756075 0.376800 0.479500
fight_body.jpg
43 -3.542480 0.032625 8.890135 -0.357695 -0.421824 0.833138 0.377000 0.406400
43 -4.375441 1.271796 8.556377 -0.588289 0.286822 0.756075 0.376800 0.479500
43 -4.760127 -0.378835 8.035276 -0.327357 -0.257387 0.909170 0.327200 0.413200
fight_body.jpg
43 -4.760127 -0.378835 8.035276 -0.327357 -0.257387 0.909170 0.327200 0.413200
43 -4.375441 1.271796 8.556377 -0.588289 0.286822 0.756075 0.376800 0.479500
43 -5.627825 1.127445 7.357710 -0.530411 0.506053 0.680129 0.318200 0.503000
fight_body.jpg
5 -0.996590 -0.969326 8.021090 -0.235161 -0.835320 0.496930 0.067600 0.454000
5 -2.420969 0.130936 9.454956 -0.729797 -0.574471 0.370646 0.075800 0.368100
43 -3.542480 0.032625 8.890135 -0.357695 -0.421824 0.833138 0.151600 0.388600
fight_body.jpg
43 -3.542480 0.032625 8.890135 -0.357695 -0.421824 0.833138 0.151600 0.388600
43 -3.151165 -0.883805 8.109429 -0.112947 -0.585068 0.803081 0.144100 0.467400
5 -0.996590 -0.969326 8.021090 -0.235161 -0.835320 0.496930 0.067600 0.454000
fight_body.jpg
43 -4.375441 1.271796 8.556377 -0.588289 0.286822 0.756075 0.376800 0.479500
43 -3.542480 0.032625 8.890135 -0.357695 -0.421824 0.833138 0.377000 0.406400
5 -2.420969 0.130936 9.454956 -0.729797 -0.574471 0.370646 0.455100 0.379300
fight_body.jpg
5 -2.420969 0.130936 9.454956 -0.729797 -0.574471 0.370646 0.455100 0.379300
5 -2.918377 1.418813 9.662430 -0.589576 0.272630 0.760311 0.455400 0.422600
43 -4.375441 1.271796 8.556377 -0.588289 0.286822 0.756075 0.376800 0.479500
fight_body.jpg
5 -2.918377 1.418813 9.662430 -0.589576 0.272630 0.760311 0.455400 0.422600
5 -0.876201 2.571634 9.364033 -0.274460 0.826405 0.491657 0.522800 0.423900
5 -1.029293 3.047839 8.737823 -0.274268 0.825626 0.493070 0.522800 0.472000
fight_body.jpg
5 -1.029293 3.047839 8.737823 -0.274268 0.825626 0.493070 0.522800 0.472000
5 -2.935842 2.124697 8.556413 -0.393098 0.764489 0.510912 0.445000 0.476300
5 -2.918377 1.418813 9.662430 -0.589576 0.272630 0.760311 0.455400 0.422600
fight_body.jpg
5 -2.935842 2.124697 8.556413 -0.393098 0.764489 0.510912 0.445000 0.476300
5 -3.419701 3.143791 6.825634 -0.319777 0.857560 0.402906 0.439400 0.565700
5 -5.128833 2.498948 6.686616 -0.562882 0.717691 0.409981 0.370100 0.571900
fight_body.jpg
5 -5.128833 2.498948 6.686616 -0.562882 0.717691 0.409981 0.370100 0.571900
43 -4.375441 1.271796 8.556377 -0.588289 0.286822 0.756075 0.376800 0.479500
5 -2.935842 2.124697 8.556413 -0.393098 0.764489 0.510912 0.445000 0.476300
fight_body.jpg
43 -4.375441 1.271796 8.556377 -0.588289 0.286822 0.756075 0.376800 0.479500
5 -2.918377 1.418813 9.662430 -0.589576 0.272630 0.760311 0.455400 0.422600
5 -2.935842 2.124697 8.556413 -0.393098 0.764489 0.510912 0.445000 0.476300
fight_body.jpg
5 -3.756796 3.566171 4.855900 -0.330582 0.943753 -0.006811 0.435700 0.656200
5 -3.419701 3.143791 6.825634 -0.319777 0.857560 0.402906 0.439400 0.565700
5 -1.285355 3.860540 6.750338 -0.297214 0.898464 0.323151 0.522800 0.566800
fight_body.jpg
5 -1.285355 3.860540 6.750338 -0.297214 0.898464 0.323151 0.522800 0.566800
5 -1.339812 4.055068 5.072310 -0.315368 0.948728 -0.021406 0.522800 0.643400
5 -3.756796 3.566171 4.855900 -0.330582 0.943753 -0.006811 0.435700 0.656200
fight_body.jpg
5 -3.419701 3.143791 6.825634 -0.319777 0.857560 0.402906 0.439400 0.565700
5 -3.756796 3.566171 4.855900 -0.330582 0.943753 -0.006811 0.435700 0.656200
5 -5.057764 2.981556 4.787793 -0.581447 0.810863 -0.066479 0.377700 0.659100
fight_body.jpg
5 -5.057764 2.981556 4.787793 -0.581447 0.810863 -0.066479 0.377700 0.659100
5 -5.128833 2.498948 6.686616 -0.562882 0.717691 0.409981 0.370100 0.571900
5 -3.419701 3.143791 6.825634 -0.319777 0.857560 0.402906 0.439400 0.565700
fight_body.jpg
4 -1.419837 3.404189 1.775729 -0.355433 0.900684 -0.249871 0.522800 0.784100
4 -3.260738 2.876932 1.827514 -0.422152 0.843652 -0.331720 0.457900 0.784700
5 -3.756796 3.566171 4.855900 -0.330582 0.943753 -0.006811 0.435700 0.656200
fight_body.jpg
5 -3.756796 3.566171 4.855900 -0.330582 0.943753 -0.006811 0.435700 0.656200
5 -1.339812 4.055068 5.072310 -0.315368 0.948728 -0.021406 0.522800 0.643400
4 -1.419837 3.404189 1.775729 -0.355433 0.900684 -0.249871 0.522800 0.784100
fight_body.jpg
4 -2.616218 2.490514 0.163230 -0.410898 0.810077 -0.418255 0.474400 0.864000
4 -3.260738 2.876932 1.827514 -0.422152 0.843652 -0.331720 0.457900 0.784700
4 -1.419837 3.404189 1.775729 -0.355433 0.900684 -0.249871 0.522800 0.784100
fight_body.jpg
4 -1.419837 3.404189 1.775729 -0.355433 0.900684 -0.249871 0.522800 0.784100
4 -1.230388 2.949681 0.199582 -0.354225 0.848943 -0.392200 0.522800 0.859100
4 -2.616218 2.490514 0.163230 -0.410898 0.810077 -0.418255 0.474400 0.864000
fight_body.jpg
4 -4.505059 -1.279866 -0.170858 -0.912250 -0.239735 -0.332154 0.289300 0.884200
4 -5.253047 -0.559267 1.682681 -0.936312 -0.157056 -0.314092 0.308800 0.801000
4 -4.514497 1.040604 0.205778 -0.776501 0.438998 -0.452024 0.375000 0.876900
fight_body.jpg
4 -3.961902 0.311745 -1.445098 -0.805165 0.389649 -0.447082 0.360400 0.957800
4 -4.514497 1.040604 0.205778 -0.776501 0.438998 -0.452024 0.375000 0.876900
4 -2.616218 2.490514 0.163230 -0.410898 0.810077 -0.418255 0.474400 0.864000
fight_body.jpg
4 -2.616218 2.490514 0.163230 -0.410898 0.810077 -0.418255 0.474400 0.864000
4 -1.809596 1.699094 -1.759369 -0.351395 0.804630 -0.478635 0.476200 0.961900
4 -3.961902 0.311745 -1.445098 -0.805165 0.389649 -0.447082 0.360400 0.957800
fight_body.jpg
4 -2.616218 2.490514 0.163230 -0.410898 0.810077 -0.418255 0.474400 0.864000
4 -1.230388 2.949681 0.199582 -0.354225 0.848943 -0.392200 0.522800 0.859100
4 -0.805903 1.931969 -1.807408 -0.340997 0.817437 -0.464239 0.521700 0.961400
fight_body.jpg
4 -0.805903 1.931969 -1.807408 -0.340997 0.817437 -0.464239 0.521700 0.961400
4 -1.809596 1.699094 -1.759369 -0.351395 0.804630 -0.478635 0.476200 0.961900
4 -2.616218 2.490514 0.163230 -0.410898 0.810077 -0.418255 0.474400 0.864000
fight_body.jpg
5 -2.935842 2.124697 8.556413 -0.393098 0.764489 0.510912 0.445000 0.476300
5 -1.029293 3.047839 8.737823 -0.274268 0.825626 0.493070 0.522800 0.472000
5 -1.285355 3.860540 6.750338 -0.297214 0.898464 0.323151 0.522800 0.566800
fight_body.jpg
5 -1.285355 3.860540 6.750338 -0.297214 0.898464 0.323151 0.522800 0.566800
5 -3.419701 3.143791 6.825634 -0.319777 0.857560 0.402906 0.439400 0.565700
5 -2.935842 2.124697 8.556413 -0.393098 0.764489 0.510912 0.445000 0.476300
fight_body.jpg
4 -4.514497 1.040604 0.205778 -0.776501 0.438998 -0.452024 0.375000 0.876900
4 -5.585981 1.244274 2.161888 -0.839906 0.367346 -0.399519 0.360300 0.769800
4 -3.260738 2.876932 1.827514 -0.422152 0.843652 -0.331720 0.457900 0.784700
fight_body.jpg
4 -3.260738 2.876932 1.827514 -0.422152 0.843652 -0.331720 0.457900 0.784700
4 -2.616218 2.490514 0.163230 -0.410898 0.810077 -0.418255 0.474400 0.864000
4 -4.514497 1.040604 0.205778 -0.776501 0.438998 -0.452024 0.375000 0.876900
fight_body.jpg
5 -5.057764 2.981556 4.787793 -0.581447 0.810863 -0.066479 0.377700 0.659100
4 -3.260738 2.876932 1.827514 -0.422152 0.843652 -0.331720 0.457900 0.784700
4 -5.585981 1.244274 2.161888 -0.839906 0.367346 -0.399519 0.360300 0.769800
fight_body.jpg
4 -5.585981 1.244274 2.161888 -0.839906 0.367346 -0.399519 0.360300 0.769800
5 -5.948872 1.829293 4.689608 -0.801104 0.567809 -0.189274 0.335900 0.659900
5 -5.057764 2.981556 4.787793 -0.581447 0.810863 -0.066479 0.377700 0.659100
fight_body.jpg
5 -3.756796 3.566171 4.855900 -0.330582 0.943753 -0.006811 0.435700 0.656200
4 -3.260738 2.876932 1.827514 -0.422152 0.843652 -0.331720 0.457900 0.784700
5 -5.057764 2.981556 4.787793 -0.581447 0.810863 -0.066479 0.377700 0.659100
fight_body.jpg
5 -5.057764 2.981556 4.787793 -0.581447 0.810863 -0.066479 0.377700 0.659100
5 -5.948872 1.829293 4.689608 -0.801104 0.567809 -0.189274 0.335900 0.659900
5 -6.297518 1.509397 6.007632 -0.654566 0.731884 0.189445 0.310000 0.585800
fight_body.jpg
5 -6.297518 1.509397 6.007632 -0.654566 0.731884 0.189445 0.310000 0.585800
5 -5.128833 2.498948 6.686616 -0.562882 0.717691 0.409981 0.370100 0.571900
5 -5.057764 2.981556 4.787793 -0.581447 0.810863 -0.066479 0.377700 0.659100
fight_body.jpg
5 -6.297518 1.509397 6.007632 -0.654566 0.731884 0.189445 0.310000 0.585800
5 -5.948872 1.829293 4.689608 -0.801104 0.567809 -0.189274 0.335900 0.659900
5 -6.376284 1.236525 4.697628 -0.661800 0.689812 -0.293563 0.306100 0.648600
fight_body.jpg
5 -6.039255 0.536662 3.390905 -0.697116 0.418935 -0.581827 0.312000 0.708200
5 -6.376284 1.236525 4.697628 -0.661800 0.689812 -0.293563 0.306100 0.648600
5 -5.948872 1.829293 4.689608 -0.801104 0.567809 -0.189274 0.335900 0.659900
fight_body.jpg
4 -4.947495 -1.587470 1.555333 -0.878287 -0.434808 -0.198880 0.279800 0.795800
5 -5.270692 -1.387110 3.208002 -0.366435 -0.348502 -0.862712 0.275900 0.721800
4 -5.253047 -0.559267 1.682681 -0.936312 -0.157056 -0.314092 0.308800 0.801000
fight_body.jpg
5 -6.039255 0.536662 3.390905 -0.697116 0.418935 -0.581827 0.312000 0.708200
4 -5.253047 -0.559267 1.682681 -0.936312 -0.157056 -0.314092 0.308800 0.801000
5 -5.270692 -1.387110 3.208002 -0.366435 -0.348502 -0.862712 0.275900 0.721800
fight_body.jpg
4 -4.514497 1.040604 0.205778 -0.776501 0.438998 -0.452024 0.375000 0.876900
4 -5.253047 -0.559267 1.682681 -0.936312 -0.157056 -0.314092 0.308800 0.801000
4 -5.585981 1.244274 2.161888 -0.839906 0.367346 -0.399519 0.360300 0.769800
fight_body.jpg
4 -5.253047 -0.559267 1.682681 -0.936312 -0.157056 -0.314092 0.308800 0.801000
5 -6.039255 0.536662 3.390905 -0.697116 0.418935 -0.581827 0.312000 0.708200
4 -5.585981 1.244274 2.161888 -0.839906 0.367346 -0.399519 0.360300 0.769800
fight_body.jpg
5 -5.948872 1.829293 4.689608 -0.801104 0.567809 -0.189274 0.335900 0.659900
4 -5.585981 1.244274 2.161888 -0.839906 0.367346 -0.399519 0.360300 0.769800
5 -6.039255 0.536662 3.390905 -0.697116 0.418935 -0.581827 0.312000 0.708200
fight_body.jpg
44 -11.522305 -2.828356 0.269213 -0.852627 0.508317 0.121003 0.494700 0.675500
44 -10.926004 -1.656256 2.237812 -0.880202 0.416301 0.227900 0.591900 0.662200
44 -9.532704 -0.766457 0.923612 -0.172800 0.853905 -0.490904 0.581600 0.603200
fight_body.jpg
44 -9.532704 -0.766457 0.923612 -0.172800 0.853905 -0.490904 0.581600 0.603200
44 -10.378104 -2.069658 -0.424288 -0.175611 0.837756 -0.517035 0.504600 0.623900
44 -11.522305 -2.828356 0.269213 -0.852627 0.508317 0.121003 0.494700 0.675500
fight_body.jpg
44 -10.378104 -2.069658 -0.424288 -0.175611 0.837756 -0.517035 0.504600 0.623900
44 -9.532704 -0.766457 0.923612 -0.172800 0.853905 -0.490904 0.581600 0.603200
44 -7.626905 -2.583658 0.154313 0.627894 0.290896 -0.721893 0.567100 0.518200
fight_body.jpg
44 -7.626905 -2.583658 0.154313 0.627894 0.290896 -0.721893 0.567100 0.518200
44 -9.574406 -3.440958 -1.477787 0.542887 0.313292 -0.779181 0.463200 0.554100
44 -10.378104 -2.069658 -0.424288 -0.175611 0.837756 -0.517035 0.504600 0.623900
fight_body.jpg
4 0.015651 -4.410590 -0.682221 -0.013665 -0.974764 -0.222818 0.084400 0.924000
4 -1.677535 -3.584378 -1.417131 -0.455655 -0.844416 -0.281674 0.157800 0.959300
4 -0.010229 -4.219893 -1.417163 -0.076219 -0.965787 -0.247883 0.084500 0.961700
fight_body.jpg
4 0.015651 -4.410590 -0.682221 -0.013665 -0.974764 -0.222818 0.084400 0.924000
4 -0.010229 -4.219893 -1.417163 -0.076219 -0.965787 -0.247883 0.084500 0.961700
4 1.605072 -3.846596 -1.417170 0.376116 -0.901498 -0.214098 0.021400 0.964400
fight_body.jpg
4 1.605072 -3.846596 -1.417170 0.376116 -0.901498 -0.214098 0.021400 0.964400
4 1.747068 -4.186597 0.396502 0.384999 -0.922899 0.005720 0.021400 0.874900
4 0.015651 -4.410590 -0.682221 -0.013665 -0.974764 -0.222818 0.084400 0.924000
fight_body.jpg
5 1.064435 -3.266912 5.635488 0.278438 -0.785357 0.552890 0.021400 0.638800
5 -2.099860 -3.616527 6.148097 -0.002162 -0.797815 0.602899 0.145200 0.614700
4 -1.618346 -5.059260 3.144575 -0.081122 -0.994650 0.063954 0.149300 0.749800
fight_body.jpg
4 -1.618346 -5.059260 3.144575 -0.081122 -0.994650 0.063954 0.149300 0.749800
4 0.551923 -4.824105 3.006878 0.326239 -0.944559 0.037108 0.071900 0.756100
5 1.064435 -3.266912 5.635488 0.278438 -0.785357 0.552890 0.021400 0.638800
fight_body.jpg
4 0.551923 -4.824105 3.006878 0.326239 -0.944559 0.037108 0.071900 0.756100
4 -1.593349 -4.841208 2.421303 -0.118545 -0.831406 -0.542873 0.148400 0.782800
4 -1.645183 -4.491205 2.075877 -0.284725 -0.893517 -0.347215 0.146100 0.798500
fight_body.jpg
4 -1.645183 -4.491205 2.075877 -0.284725 -0.893517 -0.347215 0.146100 0.798500
4 0.309605 -4.422855 1.980438 0.180759 -0.983020 -0.031595 0.074400 0.802800
4 0.551923 -4.824105 3.006878 0.326239 -0.944559 0.037108 0.071900 0.756100
fight_body.jpg
4 -1.645183 -4.491205 2.075877 -0.284725 -0.893517 -0.347215 0.146100 0.798500
4 -1.559376 -4.484953 0.986200 -0.340912 -0.928585 -0.146658 0.143400 0.848100
4 0.412897 -4.690551 1.053866 0.234539 -0.971885 -0.020744 0.074700 0.845000
fight_body.jpg
4 0.412897 -4.690551 1.053866 0.234539 -0.971885 -0.020744 0.074700 0.845000
4 0.309605 -4.422855 1.980438 0.180759 -0.983020 -0.031595 0.074400 0.802800
4 -1.645183 -4.491205 2.075877 -0.284725 -0.893517 -0.347215 0.146100 0.798500
fight_body.jpg
5 -5.050307 -2.772297 3.581150 -0.597710 -0.509477 -0.619011 0.270100 0.708600
5 -4.874290 -3.392425 4.763778 -0.155351 -0.987659 -0.019924 0.268300 0.649100
44 -5.374606 -2.841456 3.847914 0.278601 -0.786204 -0.551602 0.285600 0.691100
fight_body.jpg
4 -1.645183 -4.491205 2.075877 -0.284725 -0.893517 -0.347215 0.146100 0.798500
4 -3.621456 -3.523533 2.626680 -0.643798 -0.608748 -0.463627 0.218300 0.777500
4 -3.802206 -3.044362 1.151493 -0.692737 -0.695789 -0.189719 0.228400 0.831400
fight_body.jpg
4 -3.802206 -3.044362 1.151493 -0.692737 -0.695789 -0.189719 0.228400 0.831400
4 -1.559376 -4.484953 0.986200 -0.340912 -0.928585 -0.146658 0.143400 0.848100
4 -1.645183 -4.491205 2.075877 -0.284725 -0.893517 -0.347215 0.146100 0.798500
fight_body.jpg
4 -3.621456 -3.523533 2.626680 -0.643798 -0.608748 -0.463627 0.218300 0.777500
4 -1.645183 -4.491205 2.075877 -0.284725 -0.893517 -0.347215 0.146100 0.798500
4 -1.593349 -4.841208 2.421303 -0.118545 -0.831406 -0.542873 0.148400 0.782800
fight_body.jpg
4 -1.593349 -4.841208 2.421303 -0.118545 -0.831406 -0.542873 0.148400 0.782800
4 -3.308148 -4.315855 2.883360 -0.516161 -0.670366 -0.533092 0.199900 0.763600
4 -3.621456 -3.523533 2.626680 -0.643798 -0.608748 -0.463627 0.218300 0.777500
fight_body.jpg
5 -5.050307 -2.772297 3.581150 -0.597710 -0.509477 -0.619011 0.270100 0.708600
44 -5.374606 -2.841456 3.847914 0.278601 -0.786204 -0.551602 0.285600 0.691100
5 -5.270692 -1.387110 3.208002 -0.366435 -0.348502 -0.862712 0.275900 0.721800
fight_body.jpg
4 0.551923 -4.824105 3.006878 0.326239 -0.944559 0.037108 0.071900 0.756100
4 -1.618346 -5.059260 3.144575 -0.081122 -0.994650 0.063954 0.149300 0.749800
4 -1.593349 -4.841208 2.421303 -0.118545 -0.831406 -0.542873 0.148400 0.782800
fight_body.jpg
4 -3.308148 -4.315855 2.883360 -0.516161 -0.670366 -0.533092 0.199900 0.763600
4 -1.593349 -4.841208 2.421303 -0.118545 -0.831406 -0.542873 0.148400 0.782800
4 -1.618346 -5.059260 3.144575 -0.081122 -0.994650 0.063954 0.149300 0.749800
fight_body.jpg
4 -1.618346 -5.059260 3.144575 -0.081122 -0.994650 0.063954 0.149300 0.749800
4 -3.107865 -4.576857 3.358563 -0.406014 -0.913865 -0.002051 0.194200 0.740100
4 -3.308148 -4.315855 2.883360 -0.516161 -0.670366 -0.533092 0.199900 0.763600
fight_body.jpg
5 -6.376284 1.236525 4.697628 -0.661800 0.689812 -0.293563 0.807700 0.563200
44 -8.978005 -0.644855 4.680712 -0.835957 0.491575 0.243987 0.744300 0.662700
44 -8.741506 -0.310555 5.659912 -0.884316 0.404708 0.232804 0.795000 0.647700
fight_body.jpg
44 -10.926004 -1.656256 2.237812 -0.880202 0.416301 0.227900 0.591900 0.662200
44 -10.478806 -3.942156 2.634913 -0.694132 -0.477221 0.538925 0.593200 0.742000
44 -9.729306 -3.499355 3.708313 -0.577679 -0.423884 0.697574 0.652600 0.746100
fight_body.jpg
44 -9.729306 -3.499355 3.708313 -0.577679 -0.423884 0.697574 0.652600 0.746100
44 -10.021706 -1.073455 3.495712 -0.764029 0.484619 0.425916 0.668100 0.662500
44 -10.926004 -1.656256 2.237812 -0.880202 0.416301 0.227900 0.591900 0.662200
fight_body.jpg
5 -6.376284 1.236525 4.697628 -0.661800 0.689812 -0.293563 0.807700 0.563200
44 -7.406404 0.172844 3.878712 -0.421492 0.898683 -0.121298 0.755700 0.582200
44 -8.978005 -0.644855 4.680712 -0.835957 0.491575 0.243987 0.744300 0.662700
fight_body.jpg
44 -7.406404 0.172844 3.878712 -0.421492 0.898683 -0.121298 0.755700 0.582200
44 -8.022305 0.109844 2.875512 -0.087100 0.950708 -0.297603 0.698800 0.593700
44 -8.978005 -0.644855 4.680712 -0.835957 0.491575 0.243987 0.744300 0.662700
fight_body.jpg
44 -8.802705 -0.220157 1.870311 -0.058301 0.928031 -0.367913 0.640200 0.598400
44 -9.532704 -0.766457 0.923612 -0.172800 0.853905 -0.490904 0.581600 0.603200
44 -10.926004 -1.656256 2.237812 -0.880202 0.416301 0.227900 0.591900 0.662200
fight_body.jpg
44 -10.926004 -1.656256 2.237812 -0.880202 0.416301 0.227900 0.591900 0.662200
44 -10.021706 -1.073455 3.495712 -0.764029 0.484619 0.425916 0.668100 0.662500
44 -8.802705 -0.220157 1.870311 -0.058301 0.928031 -0.367913 0.640200 0.598400
fight_body.jpg
5 -4.874290 -3.392425 4.763778 -0.155351 -0.987659 -0.019924 0.268300 0.649100
5 -5.050307 -2.772297 3.581150 -0.597710 -0.509477 -0.619011 0.270100 0.708600
4 -3.308148 -4.315855 2.883360 -0.516161 -0.670366 -0.533092 0.199900 0.763600
fight_body.jpg
4 -3.308148 -4.315855 2.883360 -0.516161 -0.670366 -0.533092 0.199900 0.763600
4 -3.107865 -4.576857 3.358563 -0.406014 -0.913865 -0.002051 0.194200 0.740100
5 -4.874290 -3.392425 4.763778 -0.155351 -0.987659 -0.019924 0.268300 0.649100
fight_body.jpg
5 -5.270692 -1.387110 3.208002 -0.366435 -0.348502 -0.862712 0.275900 0.721800
4 -3.621456 -3.523533 2.626680 -0.643798 -0.608748 -0.463627 0.218300 0.777500
5 -5.050307 -2.772297 3.581150 -0.597710 -0.509477 -0.619011 0.270100 0.708600
fight_body.jpg
5 -5.050307 -2.772297 3.581150 -0.597710 -0.509477 -0.619011 0.270100 0.708600
4 -3.621456 -3.523533 2.626680 -0.643798 -0.608748 -0.463627 0.218300 0.777500
4 -3.308148 -4.315855 2.883360 -0.516161 -0.670366 -0.533092 0.199900 0.763600
fight_body.jpg
5 0.498056 -1.573453 7.327369 0.213307 -0.660959 0.719467 0.021400 0.531100
5 -0.164467 -1.456620 7.700551 0.164766 -0.791385 0.588695 0.038700 0.479000
5 -2.244392 -2.077178 7.557903 -0.022170 -0.581451 0.813279 0.126200 0.521300
fight_body.jpg
7 -2.124068 0.263021 11.154745 -0.988030 -0.039215 0.149193 0.849600 0.514400
5 -2.133024 1.432798 10.825399 -0.839540 0.494751 0.224488 0.903900 0.485800
5 -2.313098 1.432621 10.139542 -0.768426 0.469512 0.434834 0.895700 0.452300
fight_body.jpg
5 -2.313098 1.432621 10.139542 -0.768426 0.469512 0.434834 0.895700 0.452300
6 -2.397332 -0.048558 9.953240 -0.882359 -0.454243 0.122903 0.840700 0.473100
7 -2.124068 0.263021 11.154745 -0.988030 -0.039215 0.149193 0.849600 0.514400
fight_body.jpg
5 -2.133024 1.432798 10.825399 -0.839540 0.494751 0.224488 0.903900 0.485800
5 -0.815670 2.365551 10.641722 -0.331559 0.925561 0.182774 0.979600 0.468500
5 -0.828435 2.415489 10.002357 -0.308138 0.934202 0.179770 0.979800 0.435300
fight_body.jpg
5 -0.828435 2.415489 10.002357 -0.308138 0.934202 0.179770 0.979800 0.435300
5 -2.313098 1.432621 10.139542 -0.768426 0.469512 0.434834 0.895700 0.452300
5 -2.133024 1.432798 10.825399 -0.839540 0.494751 0.224488 0.903900 0.485800
fight_body.jpg
6 -0.358136 -1.228924 9.080339 -0.181160 -0.981016 -0.069205 0.710100 0.471500
5 -0.260515 -1.229568 8.293921 -0.102494 -0.989178 0.104981 0.698700 0.424400
5 0.362169 -1.175110 8.198972 0.319062 -0.947412 0.024707 0.659900 0.428100
fight_body.jpg
5 0.362169 -1.175110 8.198972 0.319062 -0.947412 0.024707 0.659900 0.428100
6 0.346709 -1.333832 9.057987 0.316328 -0.948568 -0.012494 0.669300 0.474000
6 -0.358136 -1.228924 9.080339 -0.181160 -0.981016 -0.069205 0.710100 0.471500
fight_body.jpg
5 -0.260515 -1.229568 8.293921 -0.102494 -0.989178 0.104981 0.698700 0.424400
6 -0.358136 -1.228924 9.080339 -0.181160 -0.981016 -0.069205 0.710100 0.471500
6 -1.345832 -0.968275 9.542528 -0.563495 -0.819017 -0.108097 0.774600 0.475500
fight_body.jpg
5 -2.420969 0.130936 9.454956 -0.729797 -0.574471 0.370646 0.819700 0.386300
6 -2.397332 -0.048558 9.953240 -0.882359 -0.454243 0.122903 0.840700 0.473100
5 -2.313098 1.432621 10.139542 -0.768426 0.469512 0.434834 0.895700 0.452300
fight_body.jpg
5 -2.313098 1.432621 10.139542 -0.768426 0.469512 0.434834 0.895700 0.452300
5 -2.918377 1.418813 9.662430 -0.589576 0.272630 0.760311 0.877400 0.386300
5 -2.420969 0.130936 9.454956 -0.729797 -0.574471 0.370646 0.819700 0.386300
fight_body.jpg
5 -0.876201 2.571634 9.364033 -0.274460 0.826405 0.491657 0.979800 0.386300
5 -2.918377 1.418813 9.662430 -0.589576 0.272630 0.760311 0.877400 0.386300
5 -2.313098 1.432621 10.139542 -0.768426 0.469512 0.434834 0.895700 0.452300
fight_body.jpg
5 -2.313098 1.432621 10.139542 -0.768426 0.469512 0.434834 0.895700 0.452300
5 -0.828435 2.415489 10.002357 -0.308138 0.934202 0.179770 0.979800 0.435300
5 -0.876201 2.571634 9.364033 -0.274460 0.826405 0.491657 0.979800 0.386300
fight_body.jpg
5 0.380261 -1.220427 7.634309 0.259848 -0.799472 0.541594 0.653700 0.386300
5 0.362169 -1.175110 8.198972 0.319062 -0.947412 0.024707 0.659900 0.428100
5 -0.260515 -1.229568 8.293921 -0.102494 -0.989178 0.104981 0.698700 0.424400
fight_body.jpg
5 -0.260515 -1.229568 8.293921 -0.102494 -0.989178 0.104981 0.698700 0.424400
5 -0.164467 -1.456620 7.700551 0.164766 -0.791385 0.588695 0.691300 0.386300
5 0.380261 -1.220427 7.634309 0.259848 -0.799472 0.541594 0.653700 0.386300
fight_body.jpg
5 -0.996590 -0.969326 8.021090 -0.235161 -0.835320 0.496930 0.736600 0.386300
5 -0.260515 -1.229568 8.293921 -0.102494 -0.989178 0.104981 0.698700 0.424400
6 -1.345832 -0.968275 9.542528 -0.563495 -0.819017 -0.108097 0.774600 0.475500
fight_body.jpg
5 -0.996590 -0.969326 8.021090 -0.235161 -0.835320 0.496930 0.736600 0.386300
6 -1.345832 -0.968275 9.542528 -0.563495 -0.819017 -0.108097 0.774600 0.475500
6 -2.397332 -0.048558 9.953240 -0.882359 -0.454243 0.122903 0.840700 0.473100
fight_body.jpg
6 -2.397332 -0.048558 9.953240 -0.882359 -0.454243 0.122903 0.840700 0.473100
5 -2.420969 0.130936 9.454956 -0.729797 -0.574471 0.370646 0.819700 0.386300
5 -0.996590 -0.969326 8.021090 -0.235161 -0.835320 0.496930 0.736600 0.386300
fight_body.jpg
6 0.346709 -1.333832 9.057987 0.316328 -0.948568 -0.012494 0.669300 0.474000
7 -0.170702 -1.337882 9.324046 -0.312015 -0.720851 -0.618887 0.674100 0.497600
7 -0.963057 -1.162878 9.607043 -0.382450 -0.888029 -0.255219 0.717100 0.498400
fight_body.jpg
7 -0.963057 -1.162878 9.607043 -0.382450 -0.888029 -0.255219 0.717100 0.498400
6 -0.358136 -1.228924 9.080339 -0.181160 -0.981016 -0.069205 0.710100 0.471500
6 0.346709 -1.333832 9.057987 0.316328 -0.948568 -0.012494 0.669300 0.474000
fight_body.jpg
5 0.380261 -1.220427 7.634309 0.259848 -0.799472 0.541594 0.021400 0.483700
5 -0.164467 -1.456620 7.700551 0.164766 -0.791385 0.588695 0.038700 0.479000
5 0.498056 -1.573453 7.327369 0.213307 -0.660959 0.719467 0.021400 0.531100
fight_body.jpg
7 -0.963057 -1.162878 9.607043 -0.382450 -0.888029 -0.255219 0.717100 0.498400
7 -1.491990 -0.923486 10.042497 -0.635824 -0.763122 -0.115638 0.741300 0.508800
6 -1.345832 -0.968275 9.542528 -0.563495 -0.819017 -0.108097 0.774600 0.475500
fight_body.jpg
6 -1.345832 -0.968275 9.542528 -0.563495 -0.819017 -0.108097 0.774600 0.475500
6 -0.358136 -1.228924 9.080339 -0.181160 -0.981016 -0.069205 0.710100 0.471500
7 -0.963057 -1.162878 9.607043 -0.382450 -0.888029 -0.255219 0.717100 0.498400
fight_body.jpg
5 -0.996590 -0.969326 8.021090 -0.235161 -0.835320 0.496930 0.736600 0.386300
5 -0.164467 -1.456620 7.700551 0.164766 -0.791385 0.588695 0.691300 0.386300
5 -0.260515 -1.229568 8.293921 -0.102494 -0.989178 0.104981 0.698700 0.424400
fight_body.jpg
6 -1.345832 -0.968275 9.542528 -0.563495 -0.819017 -0.108097 0.774600 0.475500
7 -1.491990 -0.923486 10.042497 -0.635824 -0.763122 -0.115638 0.741300 0.508800
7 -1.895676 -0.644286 10.578361 -0.876933 0.035940 -0.479267 0.778500 0.520500
fight_body.jpg
7 -2.124068 0.263021 11.154745 -0.988030 -0.039215 0.149193 0.849600 0.514400
6 -2.397332 -0.048558 9.953240 -0.882359 -0.454243 0.122903 0.840700 0.473100
6 -1.345832 -0.968275 9.542528 -0.563495 -0.819017 -0.108097 0.774600 0.475500
fight_body.jpg
6 -1.345832 -0.968275 9.542528 -0.563495 -0.819017 -0.108097 0.774600 0.475500
7 -1.895676 -0.644286 10.578361 -0.876933 0.035940 -0.479267 0.778500 0.520500
7 -2.124068 0.263021 11.154745 -0.988030 -0.039215 0.149193 0.849600 0.514400
fight_body.jpg
44 -6.885805 -2.094558 1.320013 0.730221 0.360409 -0.580416 0.658300 0.981700
44 -6.501307 -3.924057 1.967014 0.837699 -0.484100 -0.252799 0.660300 0.903700
44 -7.265206 -4.458757 0.892314 0.688898 -0.579899 -0.434898 0.596900 0.905300
fight_body.jpg
44 -7.265206 -4.458757 0.892314 0.688898 -0.579899 -0.434898 0.596900 0.905300
44 -7.626905 -2.583658 0.154313 0.627894 0.290896 -0.721893 0.592400 0.981700
44 -6.885805 -2.094558 1.320013 0.730221 0.360409 -0.580416 0.658300 0.981700
fight_body.jpg
44 -7.261607 -4.124456 3.936214 0.137592 -0.935553 0.325284 0.713800 0.833100
44 -7.879707 -4.786656 3.060815 0.158001 -0.898111 0.410406 0.657400 0.835800
44 -6.501307 -3.924057 1.967014 0.837699 -0.484100 -0.252799 0.660300 0.903700
fight_body.jpg
44 -6.501307 -3.924057 1.967014 0.837699 -0.484100 -0.252799 0.660300 0.903700
44 -5.899507 -3.263957 3.091314 0.815039 -0.520025 -0.255512 0.723800 0.902100
44 -7.261607 -4.124456 3.936214 0.137592 -0.935553 0.325284 0.713800 0.833100
fight_body.jpg
44 -9.729306 -3.499355 3.708313 -0.577679 -0.423884 0.697574 0.652600 0.746100
44 -7.879707 -4.786656 3.060815 0.158001 -0.898111 0.410406 0.657400 0.835800
44 -7.261607 -4.124456 3.936214 0.137592 -0.935553 0.325284 0.713800 0.833100
fight_body.jpg
44 -7.261607 -4.124456 3.936214 0.137592 -0.935553 0.325284 0.713800 0.833100
44 -8.794806 -2.933655 4.601513 -0.637105 -0.465803 0.614105 0.712000 0.750300
44 -9.729306 -3.499355 3.708313 -0.577679 -0.423884 0.697574 0.652600 0.746100
fight_body.jpg
44 -9.532704 -0.766457 0.923612 -0.172800 0.853905 -0.490904 0.581600 0.603200
44 -8.802705 -0.220157 1.870311 -0.058301 0.928031 -0.367913 0.640200 0.598400
44 -6.885805 -2.094558 1.320013 0.730221 0.360409 -0.580416 0.633000 0.518600
fight_body.jpg
44 -6.885805 -2.094558 1.320013 0.730221 0.360409 -0.580416 0.633000 0.518600
44 -7.626905 -2.583658 0.154313 0.627894 0.290896 -0.721893 0.567100 0.518200
44 -9.532704 -0.766457 0.923612 -0.172800 0.853905 -0.490904 0.581600 0.603200
fight_body.jpg
44 -10.021706 -1.073455 3.495712 -0.764029 0.484619 0.425916 0.668100 0.662500
44 -9.729306 -3.499355 3.708313 -0.577679 -0.423884 0.697574 0.652600 0.746100
44 -8.794806 -2.933655 4.601513 -0.637105 -0.465803 0.614105 0.712000 0.750300
fight_body.jpg
44 -8.794806 -2.933655 4.601513 -0.637105 -0.465803 0.614105 0.712000 0.750300
44 -8.978005 -0.644855 4.680712 -0.835957 0.491575 0.243987 0.744300 0.662700
44 -10.021706 -1.073455 3.495712 -0.764029 0.484619 0.425916 0.668100 0.662500
fight_body.jpg
44 -8.022305 0.109844 2.875512 -0.087100 0.950708 -0.297603 0.698800 0.593700
44 -8.802705 -0.220157 1.870311 -0.058301 0.928031 -0.367913 0.640200 0.598400
44 -10.021706 -1.073455 3.495712 -0.764029 0.484619 0.425916 0.668100 0.662500
fight_body.jpg
44 -10.021706 -1.073455 3.495712 -0.764029 0.484619 0.425916 0.668100 0.662500
44 -8.978005 -0.644855 4.680712 -0.835957 0.491575 0.243987 0.744300 0.662700
44 -8.022305 0.109844 2.875512 -0.087100 0.950708 -0.297603 0.698800 0.593700
fight_body.jpg
7 1.662531 0.459722 11.095345 0.976965 0.185211 -0.105999 0.849600 0.514400
5 0.796246 2.395871 10.841899 0.443617 0.861545 0.246868 0.903900 0.485800
7 1.230083 1.835829 11.650184 0.808722 0.588054 0.012667 0.907100 0.498900
fight_body.jpg
7 1.230083 1.835829 11.650184 0.808722 0.588054 0.012667 0.907100 0.498900
7 1.666730 0.543318 11.727031 0.947160 0.317109 -0.048272 0.853800 0.525800
7 1.662531 0.459722 11.095345 0.976965 0.185211 -0.105999 0.849600 0.514400
fight_body.jpg
5 0.796246 2.395871 10.841899 0.443617 0.861545 0.246868 0.903900 0.485800
5 -0.815670 2.365551 10.641722 -0.331559 0.925561 0.182774 0.979600 0.468500
7 -0.322131 2.248169 11.552715 -0.151046 0.955822 0.252170 0.979400 0.485700
fight_body.jpg
7 -0.322131 2.248169 11.552715 -0.151046 0.955822 0.252170 0.979400 0.485700
7 1.230083 1.835829 11.650184 0.808722 0.588054 0.012667 0.907100 0.498900
5 0.796246 2.395871 10.841899 0.443617 0.861545 0.246868 0.903900 0.485800
fight_body.jpg
7 -2.124068 0.263021 11.154745 -0.988030 -0.039215 0.149193 0.849600 0.514400
7 -2.117170 0.346717 11.786332 -0.975953 0.217221 -0.018174 0.853800 0.525800
7 -1.819417 1.677328 11.697985 -0.716419 0.697485 0.016096 0.907100 0.498900
fight_body.jpg
7 -1.819417 1.677328 11.697985 -0.716419 0.697485 0.016096 0.907100 0.498900
5 -2.133024 1.432798 10.825399 -0.839540 0.494751 0.224488 0.903900 0.485800
7 -2.124068 0.263021 11.154745 -0.988030 -0.039215 0.149193 0.849600 0.514400
fight_body.jpg
5 -2.133024 1.432798 10.825399 -0.839540 0.494751 0.224488 0.903900 0.485800
7 -1.819417 1.677328 11.697985 -0.716419 0.697485 0.016096 0.907100 0.498900
7 -0.322131 2.248169 11.552715 -0.151046 0.955822 0.252170 0.979400 0.485700
fight_body.jpg
7 -0.322131 2.248169 11.552715 -0.151046 0.955822 0.252170 0.979400 0.485700
5 -0.815670 2.365551 10.641722 -0.331559 0.925561 0.182774 0.979600 0.468500
5 -2.133024 1.432798 10.825399 -0.839540 0.494751 0.224488 0.903900 0.485800
fight_body.jpg
38 7.508073 1.739573 6.175130 0.705885 -0.407192 0.579587 0.828000 0.856400
38 8.042772 1.795773 5.447230 0.843111 -0.450707 0.293304 0.778200 0.845500
38 7.394475 4.076272 6.034532 0.705181 0.490186 0.512286 0.781300 0.752800
fight_body.jpg
38 7.394475 4.076272 6.034532 0.705181 0.490186 0.512286 0.781300 0.752800
38 6.806375 3.826372 6.875432 0.589683 0.410587 0.695480 0.828200 0.752100
38 7.508073 1.739573 6.175130 0.705885 -0.407192 0.579587 0.828000 0.856400
fight_body.jpg
38 4.637375 4.892673 6.628033 -0.095196 0.818072 0.567182 0.865500 0.639100
38 6.097075 3.483472 7.511432 0.393319 0.322615 0.860941 0.875100 0.751400
38 6.806375 3.826372 6.875432 0.589683 0.410587 0.695480 0.828200 0.752100
fight_body.jpg
38 6.806375 3.826372 6.875432 0.589683 0.410587 0.695480 0.828200 0.752100
38 5.172275 5.199673 6.114933 0.072501 0.898808 0.432305 0.830200 0.643400
38 4.637375 4.892673 6.628033 -0.095196 0.818072 0.567182 0.865500 0.639100
fight_body.jpg
44 -8.248707 -2.562455 6.014513 -0.705291 -0.487393 0.514794 0.781300 0.752800
44 -6.513207 -4.035856 5.129615 0.027601 -0.984340 0.174108 0.778200 0.845500
44 -6.180907 -3.657556 5.881515 0.055898 -0.859783 0.507591 0.828000 0.856400
fight_body.jpg
44 -6.180907 -3.657556 5.881515 0.055898 -0.859783 0.507591 0.828000 0.856400
44 -7.710807 -2.229554 6.860213 -0.570918 -0.436713 0.695222 0.828200 0.752100
44 -8.248707 -2.562455 6.014513 -0.705291 -0.487393 0.514794 0.781300 0.752800
fight_body.jpg
44 -7.710807 -2.229554 6.860213 -0.570918 -0.436713 0.695222 0.828200 0.752100
44 -7.052207 -1.803654 7.500514 -0.311793 -0.315391 0.896278 0.875100 0.751400
44 -7.763805 0.199345 6.884912 -0.607799 0.467900 0.641599 0.865500 0.639100
fight_body.jpg
44 -7.763805 0.199345 6.884912 -0.607799 0.467900 0.641599 0.865500 0.639100
44 -8.306505 -0.097955 6.374312 -0.793556 0.383579 0.472373 0.830200 0.643400
44 -7.710807 -2.229554 6.860213 -0.570918 -0.436713 0.695222 0.828200 0.752100
fight_body.jpg
5 5.927397 0.158946 4.824606 0.780553 -0.623743 0.041001 0.860600 0.950900
38 6.567873 1.123974 4.128430 0.427291 -0.794884 -0.430792 0.776500 0.932400
38 8.042772 1.795773 5.447230 0.843111 -0.450707 0.293304 0.778200 0.845500
fight_body.jpg
38 8.042772 1.795773 5.447230 0.843111 -0.450707 0.293304 0.778200 0.845500
38 7.508073 1.739573 6.175130 0.705885 -0.407192 0.579587 0.828000 0.856400
5 5.927397 0.158946 4.824606 0.780553 -0.623743 0.041001 0.860600 0.950900
fight_body.jpg
44 -6.513207 -4.035856 5.129615 0.027601 -0.984340 0.174108 0.778200 0.845500
44 -5.374606 -2.841456 3.847914 0.278601 -0.786204 -0.551602 0.776500 0.932400
5 -4.874290 -3.392425 4.763778 -0.155351 -0.987659 -0.019924 0.860600 0.950900
fight_body.jpg
5 -4.874290 -3.392425 4.763778 -0.155351 -0.987659 -0.019924 0.860600 0.950900
44 -6.180907 -3.657556 5.881515 0.055898 -0.859783 0.507591 0.828000 0.856400
44 -6.513207 -4.035856 5.129615 0.027601 -0.984340 0.174108 0.778200 0.845500
fight_body.jpg
44 -8.741506 -0.310555 5.659912 -0.884316 0.404708 0.232804 0.795000 0.647700
44 -8.306505 -0.097955 6.374312 -0.793556 0.383579 0.472373 0.830200 0.643400
5 -6.297518 1.509397 6.007632 -0.654566 0.731884 0.189445 0.871500 0.566000
fight_body.jpg
5 -6.297518 1.509397 6.007632 -0.654566 0.731884 0.189445 0.871500 0.566000
5 -6.376284 1.236525 4.697628 -0.661800 0.689812 -0.293563 0.807700 0.563200
44 -8.741506 -0.310555 5.659912 -0.884316 0.404708 0.232804 0.795000 0.647700
fight_body.jpg
38 5.598875 5.421974 5.398433 0.060003 0.988045 0.142007 0.795000 0.647700
5 4.390102 4.776395 4.758241 -0.051651 0.939378 -0.338970 0.807700 0.563200
5 4.151472 4.944859 6.066416 -0.049802 0.977497 0.204985 0.871500 0.566000
fight_body.jpg
5 4.151472 4.944859 6.066416 -0.049802 0.977497 0.204985 0.871500 0.566000
38 5.172275 5.199673 6.114933 0.072501 0.898808 0.432305 0.830200 0.643400
38 5.598875 5.421974 5.398433 0.060003 0.988045 0.142007 0.795000 0.647700
fight_body.jpg
4 -4.505059 -1.279866 -0.170858 -0.912250 -0.239735 -0.332154 0.289300 0.884200
4 -4.514497 1.040604 0.205778 -0.776501 0.438998 -0.452024 0.375000 0.876900
4 -3.961902 0.311745 -1.445098 -0.805165 0.389649 -0.447082 0.360400 0.957800
fight_body.jpg
4 -3.961902 0.311745 -1.445098 -0.805165 0.389649 -0.447082 0.360400 0.957800
4 -4.082350 -1.024159 -1.313440 -0.922873 -0.115597 -0.367346 0.308000 0.949800
4 -4.505059 -1.279866 -0.170858 -0.912250 -0.239735 -0.332154 0.289300 0.884200
fight_body.jpg
37 4.718029 0.775852 7.391643 0.280811 -0.502099 0.817950 0.585600 0.379100
5 5.065066 -0.684630 6.082864 0.575062 -0.625342 0.527496 0.577800 0.303500
37 5.929354 0.903855 7.328491 0.828487 -0.215707 0.516797 0.638500 0.372300
fight_body.jpg
37 4.058204 2.543009 8.435293 0.324667 -0.041623 0.944912 0.593300 0.465700
37 4.718029 0.775852 7.391643 0.280811 -0.502099 0.817950 0.585600 0.379100
37 5.929354 0.903855 7.328491 0.828487 -0.215707 0.516797 0.638500 0.372300
fight_body.jpg
37 5.929354 0.903855 7.328491 0.828487 -0.215707 0.516797 0.638500 0.372300
37 5.273179 2.866808 8.241340 0.717939 0.253999 0.648112 0.644900 0.452300
37 4.058204 2.543009 8.435293 0.324667 -0.041623 0.944912 0.593300 0.465700
fight_body.jpg
5 3.678408 -1.767972 6.269304 0.532098 -0.628670 0.567138 0.497300 0.313000
5 4.314699 -2.642097 4.518162 0.594222 -0.698650 0.398483 0.501700 0.228200
5 5.313181 -1.441855 4.525331 0.765219 -0.605123 0.219697 0.569100 0.228200
fight_body.jpg
5 5.313181 -1.441855 4.525331 0.765219 -0.605123 0.219697 0.569100 0.228200
5 5.065066 -0.684630 6.082864 0.575062 -0.625342 0.527496 0.577800 0.303500
5 3.678408 -1.767972 6.269304 0.532098 -0.628670 0.567138 0.497300 0.313000
fight_body.jpg
4 4.796738 2.452967 1.952056 0.918052 0.351044 -0.184253 0.732300 0.112500
5 5.159669 2.010904 3.126921 0.948800 0.292638 -0.118919 0.733400 0.162000
4 5.104333 -0.171942 1.546407 0.978852 -0.013250 -0.204140 0.608500 0.085400
fight_body.jpg
37 3.168375 1.187298 8.348853 0.446893 -0.357187 0.820186 0.548100 0.465600
37 4.058204 2.543009 8.435293 0.324667 -0.041623 0.944912 0.593300 0.465700
37 2.711396 2.089003 9.059701 0.466181 -0.033706 0.884047 0.546200 0.488600
fight_body.jpg
4 4.680163 -2.338334 1.380222 0.869383 -0.451931 -0.199827 0.519900 0.079900
4 4.824009 -2.692218 3.219362 0.759295 -0.648870 0.049374 0.508400 0.166300
4 3.175526 -3.786678 3.315147 0.541025 -0.830361 0.133390 0.414300 0.171400
fight_body.jpg
4 3.175526 -3.786678 3.315147 0.541025 -0.830361 0.133390 0.414300 0.171400
4 3.110594 -3.779834 2.504480 0.652149 -0.755819 -0.058641 0.414100 0.137400
4 4.680163 -2.338334 1.380222 0.869383 -0.451931 -0.199827 0.519900 0.079900
fight_body.jpg
4 4.680163 -2.338334 1.380222 0.869383 -0.451931 -0.199827 0.519900 0.079900
4 5.104333 -0.171942 1.546407 0.978852 -0.013250 -0.204140 0.608500 0.085400
4 5.496089 -1.240809 3.434340 0.927540 -0.357029 -0.110457 0.568800 0.176700
fight_body.jpg
4 5.496089 -1.240809 3.434340 0.927540 -0.357029 -0.110457 0.568800 0.176700
4 4.824009 -2.692218 3.219362 0.759295 -0.648870 0.049374 0.508400 0.166300
4 4.680163 -2.338334 1.380222 0.869383 -0.451931 -0.199827 0.519900 0.079900
fight_body.jpg
37 4.718029 0.775852 7.391643 0.280811 -0.502099 0.817950 0.585600 0.379100
37 4.058204 2.543009 8.435293 0.324667 -0.041623 0.944912 0.593300 0.465700
37 3.168375 1.187298 8.348853 0.446893 -0.357187 0.820186 0.548100 0.465600
fight_body.jpg
37 3.168375 1.187298 8.348853 0.446893 -0.357187 0.820186 0.548100 0.465600
5 3.593984 -0.080422 7.571039 0.468656 -0.456718 0.756155 0.537500 0.393300
37 4.718029 0.775852 7.391643 0.280811 -0.502099 0.817950 0.585600 0.379100
fight_body.jpg
5 3.678408 -1.767972 6.269304 0.532098 -0.628670 0.567138 0.497300 0.313000
5 5.065066 -0.684630 6.082864 0.575062 -0.625342 0.527496 0.577800 0.303500
37 4.718029 0.775852 7.391643 0.280811 -0.502099 0.817950 0.585600 0.379100
fight_body.jpg
37 4.718029 0.775852 7.391643 0.280811 -0.502099 0.817950 0.585600 0.379100
5 3.593984 -0.080422 7.571039 0.468656 -0.456718 0.756155 0.537500 0.393300
5 3.678408 -1.767972 6.269304 0.532098 -0.628670 0.567138 0.497300 0.313000
fight_body.jpg
5 5.986636 -0.256249 5.064347 0.972669 -0.183455 0.142338 0.638000 0.254000
37 5.929354 0.903855 7.328491 0.828487 -0.215707 0.516797 0.638500 0.372300
5 5.065066 -0.684630 6.082864 0.575062 -0.625342 0.527496 0.577800 0.303500
fight_body.jpg
5 5.313181 -1.441855 4.525331 0.765219 -0.605123 0.219697 0.569100 0.228200
5 5.999767 -0.289220 4.530919 0.995727 -0.079129 -0.047611 0.640000 0.228200
5 5.986636 -0.256249 5.064347 0.972669 -0.183455 0.142338 0.638000 0.254000
fight_body.jpg
5 5.986636 -0.256249 5.064347 0.972669 -0.183455 0.142338 0.638000 0.254000
5 5.065066 -0.684630 6.082864 0.575062 -0.625342 0.527496 0.577800 0.303500
5 5.313181 -1.441855 4.525331 0.765219 -0.605123 0.219697 0.569100 0.228200
fight_body.jpg
5 5.999767 -0.289220 4.530919 0.995727 -0.079129 -0.047611 0.640000 0.228200
4 5.496089 -1.240809 3.434340 0.927540 -0.357029 -0.110457 0.568800 0.176700
4 5.104333 -0.171942 1.546407 0.978852 -0.013250 -0.204140 0.608500 0.085400
fight_body.jpg
4 5.104333 -0.171942 1.546407 0.978852 -0.013250 -0.204140 0.608500 0.085400
5 5.618488 0.585677 3.276013 0.955810 0.207937 -0.207820 0.672300 0.176800
5 5.999767 -0.289220 4.530919 0.995727 -0.079129 -0.047611 0.640000 0.228200
fight_body.jpg
5 5.159669 2.010904 3.126921 0.948800 0.292638 -0.118919 0.733400 0.162000
5 5.618488 0.585677 3.276013 0.955810 0.207937 -0.207820 0.672300 0.176800
4 5.104333 -0.171942 1.546407 0.978852 -0.013250 -0.204140 0.608500 0.085400
fight_body.jpg
4 5.496089 -1.240809 3.434340 0.927540 -0.357029 -0.110457 0.568800 0.176700
5 5.313181 -1.441855 4.525331 0.765219 -0.605123 0.219697 0.569100 0.228200
5 4.314699 -2.642097 4.518162 0.594222 -0.698650 0.398483 0.501700 0.228200
fight_body.jpg
5 4.314699 -2.642097 4.518162 0.594222 -0.698650 0.398483 0.501700 0.228200
4 4.824009 -2.692218 3.219362 0.759295 -0.648870 0.049374 0.508400 0.166300
4 5.496089 -1.240809 3.434340 0.927540 -0.357029 -0.110457 0.568800 0.176700
fight_body.jpg
5 5.313181 -1.441855 4.525331 0.765219 -0.605123 0.219697 0.569100 0.228200
4 5.496089 -1.240809 3.434340 0.927540 -0.357029 -0.110457 0.568800 0.176700
5 5.999767 -0.289220 4.530919 0.995727 -0.079129 -0.047611 0.640000 0.228200
fight_body.jpg
5 4.314699 -2.642097 4.518162 0.594222 -0.698650 0.398483 0.501700 0.228200
5 2.598147 -3.490214 4.493273 0.390147 -0.802851 0.450795 0.415500 0.228000
4 3.175526 -3.786678 3.315147 0.541025 -0.830361 0.133390 0.414300 0.171400
fight_body.jpg
4 3.175526 -3.786678 3.315147 0.541025 -0.830361 0.133390 0.414300 0.171400
4 4.824009 -2.692218 3.219362 0.759295 -0.648870 0.049374 0.508400 0.166300
5 4.314699 -2.642097 4.518162 0.594222 -0.698650 0.398483 0.501700 0.228200
fight_body.jpg
5 2.598147 -3.490214 4.493273 0.390147 -0.802851 0.450795 0.415500 0.228000
5 4.314699 -2.642097 4.518162 0.594222 -0.698650 0.398483 0.501700 0.228200
5 3.678408 -1.767972 6.269304 0.532098 -0.628670 0.567138 0.497300 0.313000
fight_body.jpg
4 4.796738 2.452967 1.952056 0.918052 0.351044 -0.184253 0.732300 0.112500
4 5.104333 -0.171942 1.546407 0.978852 -0.013250 -0.204140 0.608500 0.085400
4 4.990294 -0.219778 0.480995 0.991350 0.009089 -0.130927 0.595000 0.038400
fight_body.jpg
4 4.990294 -0.219778 0.480995 0.991350 0.009089 -0.130927 0.595000 0.038400
4 4.430782 2.300290 0.273435 0.911628 0.340829 -0.229716 0.729600 0.034000
4 4.796738 2.452967 1.952056 0.918052 0.351044 -0.184253 0.732300 0.112500
fight_body.jpg
4 5.104333 -0.171942 1.546407 0.978852 -0.013250 -0.204140 0.608500 0.085400
4 4.680163 -2.338334 1.380222 0.869383 -0.451931 -0.199827 0.519900 0.079900
4 4.990294 -0.219778 0.480995 0.991350 0.009089 -0.130927 0.595000 0.038400
fight_body.jpg
5 4.921494 2.401648 5.337078 0.936445 0.347146 -0.050596 0.092700 0.263500
37 5.273179 2.866808 8.241340 0.717939 0.253999 0.648112 0.016900 0.279700
37 5.929354 0.903855 7.328491 0.828487 -0.215707 0.516797 0.049600 0.329400
fight_body.jpg
5 4.921494 2.401648 5.337078 0.936445 0.347146 -0.050596 0.092700 0.263500
37 5.929354 0.903855 7.328491 0.828487 -0.215707 0.516797 0.049600 0.329400
5 5.986636 -0.256249 5.064347 0.972669 -0.183455 0.142338 0.113800 0.339100
fight_body.jpg
5 4.921494 2.401648 5.337078 0.936445 0.347146 -0.050596 0.092700 0.263500
5 5.986636 -0.256249 5.064347 0.972669 -0.183455 0.142338 0.113800 0.339100
5 5.999767 -0.289220 4.530919 0.995727 -0.079129 -0.047611 0.128400 0.335100
fight_body.jpg
5 4.921494 2.401648 5.337078 0.936445 0.347146 -0.050596 0.092700 0.263500
5 5.999767 -0.289220 4.530919 0.995727 -0.079129 -0.047611 0.128400 0.335100
5 5.618488 0.585677 3.276013 0.955810 0.207937 -0.207820 0.159100 0.300400
fight_body.jpg
5 4.921494 2.401648 5.337078 0.936445 0.347146 -0.050596 0.092700 0.263500
5 5.618488 0.585677 3.276013 0.955810 0.207937 -0.207820 0.159100 0.300400
5 5.159669 2.010904 3.126921 0.948800 0.292638 -0.118919 0.156700 0.255400
fight_body.jpg
5 4.921494 2.401648 5.337078 0.936445 0.347146 -0.050596 0.092700 0.263500
37 4.202486 4.621957 7.663931 0.556392 0.678354 0.479858 0.022500 0.219900
37 5.273179 2.866808 8.241340 0.717939 0.253999 0.648112 0.016900 0.279700
fight_body.jpg
5 4.921494 2.401648 5.337078 0.936445 0.347146 -0.050596 0.092700 0.263500
5 4.005300 5.256372 6.154991 0.578637 0.805289 0.129187 0.056100 0.189000
37 4.202486 4.621957 7.663931 0.556392 0.678354 0.479858 0.022500 0.219900
fight_body.jpg
5 4.921494 2.401648 5.337078 0.936445 0.347146 -0.050596 0.092700 0.263500
5 4.263513 5.061568 4.751775 0.619029 0.755533 -0.214412 0.095500 0.183400
5 4.005300 5.256372 6.154991 0.578637 0.805289 0.129187 0.056100 0.189000
fight_body.jpg
5 4.921494 2.401648 5.337078 0.936445 0.347146 -0.050596 0.092700 0.263500
5 4.463103 4.090884 3.311340 0.835538 0.507242 -0.211145 0.139300 0.197100
5 4.263513 5.061568 4.751775 0.619029 0.755533 -0.214412 0.095500 0.183400
fight_body.jpg
5 4.921494 2.401648 5.337078 0.936445 0.347146 -0.050596 0.092700 0.263500
5 5.159669 2.010904 3.126921 0.948800 0.292638 -0.118919 0.156700 0.255400
5 4.463103 4.090884 3.311340 0.835538 0.507242 -0.211145 0.139300 0.197100
fight_body.jpg
37 4.058204 2.543009 8.435293 0.324667 -0.041623 0.944912 0.203400 0.380300
37 5.273179 2.866808 8.241340 0.717939 0.253999 0.648112 0.127600 0.363300
37 4.202486 4.621957 7.663931 0.556392 0.678354 0.479858 0.179500 0.295100
fight_body.jpg
37 4.202486 4.621957 7.663931 0.556392 0.678354 0.479858 0.179500 0.295100
37 2.581430 3.794684 8.727843 0.230067 0.565178 0.792239 0.296100 0.340900
37 4.058204 2.543009 8.435293 0.324667 -0.041623 0.944912 0.203400 0.380300
fight_body.jpg
37 4.202486 4.621957 7.663931 0.556392 0.678354 0.479858 0.179500 0.295100
5 4.005300 5.256372 6.154991 0.578637 0.805289 0.129187 0.169400 0.242300
5 2.525609 5.217966 6.821317 -0.056834 0.924581 0.376722 0.275000 0.268500
fight_body.jpg
5 2.525609 5.217966 6.821317 -0.056834 0.924581 0.376722 0.275000 0.268500
37 2.581430 3.794684 8.727843 0.230067 0.565178 0.792239 0.296100 0.340900
37 4.202486 4.621957 7.663931 0.556392 0.678354 0.479858 0.179500 0.295100
fight_body.jpg
37 2.581430 3.794684 8.727843 0.230067 0.565178 0.792239 0.296100 0.340900
37 2.711396 2.089003 9.059701 0.466181 -0.033706 0.884047 0.284300 0.407000
37 4.058204 2.543009 8.435293 0.324667 -0.041623 0.944912 0.203400 0.380300
fight_body.jpg
5 2.525609 5.217966 6.821317 -0.056834 0.924581 0.376722 0.275000 0.268500
5 0.806275 4.740727 6.941706 -0.287612 0.885407 0.365149 0.346400 0.283500
5 0.975809 3.707053 8.892447 -0.161141 0.830008 0.533966 0.357700 0.359400
fight_body.jpg
5 0.975809 3.707053 8.892447 -0.161141 0.830008 0.533966 0.357700 0.359400
37 2.581430 3.794684 8.727843 0.230067 0.565178 0.792239 0.296100 0.340900
5 2.525609 5.217966 6.821317 -0.056834 0.924581 0.376722 0.275000 0.268500
fight_body.jpg
5 -1.300832 3.906065 6.841898 -0.298493 0.902515 0.310433 0.383100 0.283900
5 0.806275 4.740727 6.941706 -0.287612 0.885407 0.365149 0.346400 0.283500
5 0.808194 5.306874 4.964862 -0.322350 0.946216 0.027693 0.333800 0.206600
fight_body.jpg
5 0.808194 5.306874 4.964862 -0.322350 0.946216 0.027693 0.333800 0.206600
5 -1.364974 4.130157 5.156015 -0.316853 0.948280 -0.019205 0.383100 0.218400
5 -1.300832 3.906065 6.841898 -0.298493 0.902515 0.310433 0.383100 0.283900
fight_body.jpg
5 2.194598 5.596323 4.911500 -0.018980 0.999740 -0.012669 0.290500 0.194300
5 0.808194 5.306874 4.964862 -0.322350 0.946216 0.027693 0.333800 0.206600
5 0.806275 4.740727 6.941706 -0.287612 0.885407 0.365149 0.346400 0.283500
fight_body.jpg
5 0.806275 4.740727 6.941706 -0.287612 0.885407 0.365149 0.346400 0.283500
5 2.525609 5.217966 6.821317 -0.056834 0.924581 0.376722 0.275000 0.268500
5 2.194598 5.596323 4.911500 -0.018980 0.999740 -0.012669 0.290500 0.194300
fight_body.jpg
5 0.808194 5.306874 4.964862 -0.322350 0.946216 0.027693 0.333800 0.206600
4 0.164028 4.509851 1.896170 -0.369732 0.923998 -0.097601 0.374400 0.093900
4 -1.429469 3.427106 1.844105 -0.364013 0.926750 -0.092895 0.383100 0.095700
fight_body.jpg
4 -1.429469 3.427106 1.844105 -0.364013 0.926750 -0.092895 0.383100 0.095700
5 -1.364974 4.130157 5.156015 -0.316853 0.948280 -0.019205 0.383100 0.218400
5 0.808194 5.306874 4.964862 -0.322350 0.946216 0.027693 0.333800 0.206600
fight_body.jpg
5 -1.300832 3.906065 6.841898 -0.298493 0.902515 0.310433 0.383100 0.283900
5 -1.071230 3.177047 8.652943 -0.289747 0.874584 0.388780 0.383100 0.354300
5 0.975809 3.707053 8.892447 -0.161141 0.830008 0.533966 0.357700 0.359400
fight_body.jpg
5 0.975809 3.707053 8.892447 -0.161141 0.830008 0.533966 0.357700 0.359400
5 0.806275 4.740727 6.941706 -0.287612 0.885407 0.365149 0.346400 0.283500
5 -1.300832 3.906065 6.841898 -0.298493 0.902515 0.310433 0.383100 0.283900
fight_body.jpg
4 3.053681 5.055600 2.232132 0.332706 0.907145 -0.257671 0.230600 0.097000
4 0.164028 4.509851 1.896170 -0.369732 0.923998 -0.097601 0.374400 0.093900
5 2.194598 5.596323 4.911500 -0.018980 0.999740 -0.012669 0.290500 0.194300
fight_body.jpg
5 2.194598 5.596323 4.911500 -0.018980 0.999740 -0.012669 0.290500 0.194300
5 3.602568 5.147715 4.825699 0.271497 0.940692 -0.203441 0.201000 0.190700
4 3.053681 5.055600 2.232132 0.332706 0.907145 -0.257671 0.230600 0.097000
fight_body.jpg
4 0.164028 4.509851 1.896170 -0.369732 0.923998 -0.097601 0.374400 0.093900
5 0.808194 5.306874 4.964862 -0.322350 0.946216 0.027693 0.333800 0.206600
5 2.194598 5.596323 4.911500 -0.018980 0.999740 -0.012669 0.290500 0.194300
fight_body.jpg
5 2.194598 5.596323 4.911500 -0.018980 0.999740 -0.012669 0.290500 0.194300
5 2.525609 5.217966 6.821317 -0.056834 0.924581 0.376722 0.275000 0.268500
5 4.005300 5.256372 6.154991 0.578637 0.805289 0.129187 0.169400 0.242300
fight_body.jpg
5 4.005300 5.256372 6.154991 0.578637 0.805289 0.129187 0.169400 0.242300
5 3.602568 5.147715 4.825699 0.271497 0.940692 -0.203441 0.201000 0.190700
5 2.194598 5.596323 4.911500 -0.018980 0.999740 -0.012669 0.290500 0.194300
fight_body.jpg
5 3.602568 5.147715 4.825699 0.271497 0.940692 -0.203441 0.201000 0.190700
5 4.005300 5.256372 6.154991 0.578637 0.805289 0.129187 0.169400 0.242300
5 4.263513 5.061568 4.751775 0.619029 0.755533 -0.214412 0.156200 0.187700
fight_body.jpg
5 4.263513 5.061568 4.751775 0.619029 0.755533 -0.214412 0.156200 0.187700
5 4.463103 4.090884 3.311340 0.835538 0.507242 -0.211145 0.136900 0.138300
5 3.602568 5.147715 4.825699 0.271497 0.940692 -0.203441 0.201000 0.190700
fight_body.jpg
5 5.159669 2.010904 3.126921 0.948800 0.292638 -0.118919 0.077700 0.131800
4 4.796738 2.452967 1.952056 0.918052 0.351044 -0.184253 0.095000 0.093400
4 4.256785 3.453772 2.079877 0.821809 0.501440 -0.270534 0.144700 0.095400
fight_body.jpg
4 4.256785 3.453772 2.079877 0.821809 0.501440 -0.270534 0.144700 0.095400
5 4.463103 4.090884 3.311340 0.835538 0.507242 -0.211145 0.136900 0.138300
5 5.159669 2.010904 3.126921 0.948800 0.292638 -0.118919 0.077700 0.131800
fight_body.jpg
5 4.463103 4.090884 3.311340 0.835538 0.507242 -0.211145 0.136900 0.138300
4 4.256785 3.453772 2.079877 0.821809 0.501440 -0.270534 0.144700 0.095400
4 3.053681 5.055600 2.232132 0.332706 0.907145 -0.257671 0.230600 0.097000
fight_body.jpg
4 3.053681 5.055600 2.232132 0.332706 0.907145 -0.257671 0.230600 0.097000
5 3.602568 5.147715 4.825699 0.271497 0.940692 -0.203441 0.201000 0.190700
5 4.463103 4.090884 3.311340 0.835538 0.507242 -0.211145 0.136900 0.138300
fight_body.jpg
37 2.711396 2.089003 9.059701 0.466181 -0.033706 0.884047 0.284300 0.407000
37 2.581430 3.794684 8.727843 0.230067 0.565178 0.792239 0.296100 0.340900
5 2.061203 3.320804 9.207639 0.313429 0.483506 0.817303 0.324500 0.371200
fight_body.jpg
5 2.061203 3.320804 9.207639 0.313429 0.483506 0.817303 0.324500 0.371200
37 2.581430 3.794684 8.727843 0.230067 0.565178 0.792239 0.296100 0.340900
5 0.975809 3.707053 8.892447 -0.161141 0.830008 0.533966 0.357700 0.359400
fight_body.jpg
4 -1.429469 3.427106 1.844105 -0.364013 0.926750 -0.092895 0.383100 0.095700
4 0.164028 4.509851 1.896170 -0.369732 0.923998 -0.097601 0.374400 0.093900
4 0.163973 4.509775 0.217550 -0.325005 0.945712 -0.000010 0.374400 0.022700
fight_body.jpg
4 0.163973 4.509775 0.217550 -0.325005 0.945712 -0.000010 0.374400 0.022700
4 -1.429524 3.427129 0.165484 -0.385006 0.922914 -0.000020 0.383100 0.024500
4 -1.429469 3.427106 1.844105 -0.364013 0.926750 -0.092895 0.383100 0.095700
fight_body.jpg
4 0.164028 4.509851 1.896170 -0.369732 0.923998 -0.097601 0.374400 0.093900
4 3.053681 5.055600 2.232132 0.332706 0.907145 -0.257671 0.230600 0.097000
4 2.887769 4.625482 0.480582 0.369911 0.904537 -0.212081 0.245100 0.022900
fight_body.jpg
4 2.887769 4.625482 0.480582 0.369911 0.904537 -0.212081 0.245100 0.022900
4 0.163973 4.509775 0.217550 -0.325005 0.945712 -0.000010 0.374400 0.022700
4 0.164028 4.509851 1.896170 -0.369732 0.923998 -0.097601 0.374400 0.093900
fight_body.jpg
4 4.256785 3.453772 2.079877 0.821809 0.501440 -0.270534 0.144700 0.095400
4 4.796738 2.452967 1.952056 0.918052 0.351044 -0.184253 0.095000 0.093400
4 4.430782 2.300290 0.273435 0.911628 0.340829 -0.229716 0.108600 0.022300
fight_body.jpg
4 4.430782 2.300290 0.273435 0.911628 0.340829 -0.229716 0.108600 0.022300
4 3.890830 3.301095 0.401256 0.810051 0.541369 -0.225250 0.158300 0.022600
4 4.256785 3.453772 2.079877 0.821809 0.501440 -0.270534 0.144700 0.095400
fight_body.jpg
4 3.053681 5.055600 2.232132 0.332706 0.907145 -0.257671 0.230600 0.097000
4 4.256785 3.453772 2.079877 0.821809 0.501440 -0.270534 0.144700 0.095400
4 3.890830 3.301095 0.401256 0.810051 0.541369 -0.225250 0.158300 0.022600
fight_body.jpg
4 3.890830 3.301095 0.401256 0.810051 0.541369 -0.225250 0.158300 0.022600
4 2.887769 4.625482 0.480582 0.369911 0.904537 -0.212081 0.245100 0.022900
4 3.053681 5.055600 2.232132 0.332706 0.907145 -0.257671 0.230600 0.097000
fight_body.jpg
43 -4.293101 -2.189654 7.302162 0.045726 -0.575247 0.816701 0.585600 0.379100
43 -5.340504 -2.806229 7.200093 -0.552272 -0.665482 0.502125 0.638500 0.372300
5 -3.692342 -3.564049 6.033574 -0.099922 -0.841954 0.530216 0.577800 0.303500
fight_body.jpg
43 -4.845731 -0.387188 8.347553 -0.265400 -0.236163 0.934767 0.593300 0.465700
43 -6.008478 -0.847175 8.112835 -0.745317 -0.228498 0.626331 0.644900 0.452300
43 -5.340504 -2.806229 7.200093 -0.552272 -0.665482 0.502125 0.638500 0.372300
fight_body.jpg
43 -5.340504 -2.806229 7.200093 -0.552272 -0.665482 0.502125 0.638500 0.372300
43 -4.293101 -2.189654 7.302162 0.045726 -0.575247 0.816701 0.585600 0.379100
43 -4.845731 -0.387188 8.347553 -0.265400 -0.236163 0.934767 0.593300 0.465700
fight_body.jpg
5 -1.935333 -3.613712 6.237703 -0.063490 -0.822708 0.564907 0.497300 0.313000
5 -3.692342 -3.564049 6.033574 -0.099922 -0.841954 0.530216 0.577800 0.303500
5 -3.426928 -4.315474 4.476249 -0.267146 -0.904078 0.333582 0.569100 0.228200
fight_body.jpg
5 -3.426928 -4.315474 4.476249 -0.267146 -0.904078 0.333582 0.569100 0.228200
5 -1.911036 -4.689054 4.483110 -0.059388 -0.884744 0.462278 0.501700 0.228200
5 -1.935333 -3.613712 6.237703 -0.063490 -0.822708 0.564907 0.497300 0.313000
fight_body.jpg
4 -5.117063 -1.683232 1.952055 -0.880215 -0.454130 -0.137796 0.732300 0.112500
4 -3.467966 -3.748441 1.546405 -0.682040 -0.703558 -0.199570 0.608500 0.085400
5 -5.338121 -1.440659 3.067918 -0.932541 -0.351776 -0.081374 0.733400 0.162000
fight_body.jpg
43 -3.322139 -0.947409 8.302595 -0.173252 -0.560515 0.809819 0.548100 0.465600
43 -3.512927 0.042018 9.018051 -0.374208 -0.299344 0.877702 0.546200 0.488600
43 -4.845731 -0.387188 8.347553 -0.265400 -0.236163 0.934767 0.593300 0.465700
fight_body.jpg
4 -1.629836 -4.971033 1.380221 -0.290408 -0.935827 -0.199727 0.519900 0.079900
4 0.498894 -4.869533 2.504479 0.078419 -0.995194 -0.058639 0.414100 0.137400
4 0.458127 -4.920478 3.315147 0.152890 -0.974470 0.164416 0.414300 0.171400
fight_body.jpg
4 0.458127 -4.920478 3.315147 0.152890 -0.974470 0.164416 0.414300 0.171400
4 -1.479290 -5.322117 3.219361 -0.039719 -0.992441 0.116119 0.508400 0.166300
4 -1.629836 -4.971033 1.380221 -0.290408 -0.935827 -0.199727 0.519900 0.079900
fight_body.jpg
4 -1.629836 -4.971033 1.380221 -0.290408 -0.935827 -0.199727 0.519900 0.079900
4 -1.479290 -5.322117 3.219361 -0.039719 -0.992441 0.116119 0.508400 0.166300
4 -2.983610 -4.778708 3.434339 -0.437112 -0.899383 0.006522 0.568800 0.176700
fight_body.jpg
4 -2.983610 -4.778708 3.434339 -0.437112 -0.899383 0.006522 0.568800 0.176700
4 -3.467966 -3.748441 1.546405 -0.682040 -0.703558 -0.199570 0.608500 0.085400
4 -1.629836 -4.971033 1.380221 -0.290408 -0.935827 -0.199727 0.519900 0.079900
fight_body.jpg
43 -4.293101 -2.189654 7.302162 0.045726 -0.575247 0.816701 0.585600 0.379100
5 -2.882048 -2.209684 7.534585 -0.132335 -0.651818 0.746740 0.537500 0.393300
43 -3.322139 -0.947409 8.302595 -0.173252 -0.560515 0.809819 0.548100 0.465600
fight_body.jpg
43 -3.322139 -0.947409 8.302595 -0.173252 -0.560515 0.809819 0.548100 0.465600
43 -4.845731 -0.387188 8.347553 -0.265400 -0.236163 0.934767 0.593300 0.465700
43 -4.293101 -2.189654 7.302162 0.045726 -0.575247 0.816701 0.585600 0.379100
fight_body.jpg
5 -1.935333 -3.613712 6.237703 -0.063490 -0.822708 0.564907 0.497300 0.313000
5 -2.882048 -2.209684 7.534585 -0.132335 -0.651818 0.746740 0.537500 0.393300
43 -4.293101 -2.189654 7.302162 0.045726 -0.575247 0.816701 0.585600 0.379100
fight_body.jpg
43 -4.293101 -2.189654 7.302162 0.045726 -0.575247 0.816701 0.585600 0.379100
5 -3.692342 -3.564049 6.033574 -0.099922 -0.841954 0.530216 0.577800 0.303500
5 -1.935333 -3.613712 6.237703 -0.063490 -0.822708 0.564907 0.497300 0.313000
fight_body.jpg
5 -4.678053 -3.762615 5.004375 -0.675161 -0.725387 0.134058 0.638000 0.254000
5 -3.692342 -3.564049 6.033574 -0.099922 -0.841954 0.530216 0.577800 0.303500
43 -5.340504 -2.806229 7.200093 -0.552272 -0.665482 0.502125 0.638500 0.372300
fight_body.jpg
5 -3.426928 -4.315474 4.476249 -0.267146 -0.904078 0.333582 0.569100 0.228200
5 -3.692342 -3.564049 6.033574 -0.099922 -0.841954 0.530216 0.577800 0.303500
5 -4.678053 -3.762615 5.004375 -0.675161 -0.725387 0.134058 0.638000 0.254000
fight_body.jpg
5 -4.678053 -3.762615 5.004375 -0.675161 -0.725387 0.134058 0.638000 0.254000
5 -4.663622 -3.795186 4.471048 -0.760708 -0.646771 -0.054876 0.640000 0.228200
5 -3.426928 -4.315474 4.476249 -0.267146 -0.904078 0.333582 0.569100 0.228200
fight_body.jpg
5 -4.663622 -3.795186 4.471048 -0.760708 -0.646771 -0.054876 0.640000 0.228200
5 -4.863102 -2.860485 3.217116 -0.878078 -0.394952 -0.270171 0.672300 0.176800
4 -3.467966 -3.748441 1.546405 -0.682040 -0.703558 -0.199570 0.608500 0.085400
fight_body.jpg
4 -3.467966 -3.748441 1.546405 -0.682040 -0.703558 -0.199570 0.608500 0.085400
4 -2.983610 -4.778708 3.434339 -0.437112 -0.899383 0.006522 0.568800 0.176700
5 -4.663622 -3.795186 4.471048 -0.760708 -0.646771 -0.054876 0.640000 0.228200
fight_body.jpg
5 -5.338121 -1.440659 3.067918 -0.932541 -0.351776 -0.081374 0.733400 0.162000
4 -3.467966 -3.748441 1.546405 -0.682040 -0.703558 -0.199570 0.608500 0.085400
5 -4.863102 -2.860485 3.217116 -0.878078 -0.394952 -0.270171 0.672300 0.176800
fight_body.jpg
4 -2.983610 -4.778708 3.434339 -0.437112 -0.899383 0.006522 0.568800 0.176700
4 -1.479290 -5.322117 3.219361 -0.039719 -0.992441 0.116119 0.508400 0.166300
5 -1.911036 -4.689054 4.483110 -0.059388 -0.884744 0.462278 0.501700 0.228200
fight_body.jpg
5 -1.911036 -4.689054 4.483110 -0.059388 -0.884744 0.462278 0.501700 0.228200
5 -3.426928 -4.315474 4.476249 -0.267146 -0.904078 0.333582 0.569100 0.228200
4 -2.983610 -4.778708 3.434339 -0.437112 -0.899383 0.006522 0.568800 0.176700
fight_body.jpg
5 -3.426928 -4.315474 4.476249 -0.267146 -0.904078 0.333582 0.569100 0.228200
5 -4.663622 -3.795186 4.471048 -0.760708 -0.646771 -0.054876 0.640000 0.228200
4 -2.983610 -4.778708 3.434339 -0.437112 -0.899383 0.006522 0.568800 0.176700
fight_body.jpg
5 -1.911036 -4.689054 4.483110 -0.059388 -0.884744 0.462278 0.501700 0.228200
4 -1.479290 -5.322117 3.219361 -0.039719 -0.992441 0.116119 0.508400 0.166300
4 0.458127 -4.920478 3.315147 0.152890 -0.974470 0.164416 0.414300 0.171400
fight_body.jpg
4 0.458127 -4.920478 3.315147 0.152890 -0.974470 0.164416 0.414300 0.171400
5 -0.025926 -4.352980 4.478498 0.153645 -0.855108 0.495160 0.415500 0.228000
5 -1.911036 -4.689054 4.483110 -0.059388 -0.884744 0.462278 0.501700 0.228200
fight_body.jpg
5 -0.025926 -4.352980 4.478498 0.153645 -0.855108 0.495160 0.415500 0.228000
5 -1.935333 -3.613712 6.237703 -0.063490 -0.822708 0.564907 0.497300 0.313000
5 -1.911036 -4.689054 4.483110 -0.059388 -0.884744 0.462278 0.501700 0.228200
fight_body.jpg
4 -5.117063 -1.683232 1.952055 -0.880215 -0.454130 -0.137796 0.732300 0.112500
4 -4.751317 -1.530609 0.273433 -0.883594 -0.408082 -0.229630 0.729600 0.034000
4 -3.353806 -3.700977 0.480993 -0.703941 -0.698106 -0.130827 0.595000 0.038400
fight_body.jpg
4 -3.353806 -3.700977 0.480993 -0.703941 -0.698106 -0.130827 0.595000 0.038400
4 -3.467966 -3.748441 1.546405 -0.682040 -0.703558 -0.199570 0.608500 0.085400
4 -5.117063 -1.683232 1.952055 -0.880215 -0.454130 -0.137796 0.732300 0.112500
fight_body.jpg
4 -3.467966 -3.748441 1.546405 -0.682040 -0.703558 -0.199570 0.608500 0.085400
4 -3.353806 -3.700977 0.480993 -0.703941 -0.698106 -0.130827 0.595000 0.038400
4 -1.629836 -4.971033 1.380221 -0.290408 -0.935827 -0.199727 0.519900 0.079900
fight_body.jpg
5 -5.400697 -0.992210 5.279047 -0.958887 -0.276106 -0.065576 0.092700 0.263500
43 -5.340504 -2.806229 7.200093 -0.552272 -0.665482 0.502125 0.049600 0.329400
43 -6.008478 -0.847175 8.112835 -0.745317 -0.228498 0.626331 0.016900 0.279700
fight_body.jpg
5 -5.400697 -0.992210 5.279047 -0.958887 -0.276106 -0.065576 0.092700 0.263500
5 -4.678053 -3.762615 5.004375 -0.675161 -0.725387 0.134058 0.113800 0.339100
43 -5.340504 -2.806229 7.200093 -0.552272 -0.665482 0.502125 0.049600 0.329400
fight_body.jpg
5 -5.400697 -0.992210 5.279047 -0.958887 -0.276106 -0.065576 0.092700 0.263500
5 -4.663622 -3.795186 4.471048 -0.760708 -0.646771 -0.054876 0.128400 0.335100
5 -4.678053 -3.762615 5.004375 -0.675161 -0.725387 0.134058 0.113800 0.339100
fight_body.jpg
5 -5.400697 -0.992210 5.279047 -0.958887 -0.276106 -0.065576 0.092700 0.263500
5 -4.863102 -2.860485 3.217116 -0.878078 -0.394952 -0.270171 0.159100 0.300400
5 -4.663622 -3.795186 4.471048 -0.760708 -0.646771 -0.054876 0.128400 0.335100
fight_body.jpg
5 -5.400697 -0.992210 5.279047 -0.958887 -0.276106 -0.065576 0.092700 0.263500
5 -5.338121 -1.440659 3.067918 -0.932541 -0.351776 -0.081374 0.156700 0.255400
5 -4.863102 -2.860485 3.217116 -0.878078 -0.394952 -0.270171 0.159100 0.300400
fight_body.jpg
5 -5.400697 -0.992210 5.279047 -0.958887 -0.276106 -0.065576 0.092700 0.263500
43 -6.008478 -0.847175 8.112835 -0.745317 -0.228498 0.626331 0.016900 0.279700
43 -6.173700 1.206544 7.550990 -0.861802 0.206554 0.463285 0.022500 0.219900
fight_body.jpg
5 -5.400697 -0.992210 5.279047 -0.958887 -0.276106 -0.065576 0.092700 0.263500
43 -6.173700 1.206544 7.550990 -0.861802 0.206554 0.463285 0.022500 0.219900
5 -6.365692 1.846514 6.096740 -0.944161 0.306080 0.121961 0.056100 0.189000
fight_body.jpg
5 -5.400697 -0.992210 5.279047 -0.958887 -0.276106 -0.065576 0.092700 0.263500
5 -6.365692 1.846514 6.096740 -0.944161 0.306080 0.121961 0.056100 0.189000
5 -6.443675 1.541201 4.691586 -0.944378 0.241474 -0.223249 0.095500 0.183400
fight_body.jpg
5 -5.400697 -0.992210 5.279047 -0.958887 -0.276106 -0.065576 0.092700 0.263500
5 -6.443675 1.541201 4.691586 -0.944378 0.241474 -0.223249 0.095500 0.183400
5 -6.013587 0.646321 3.252345 -0.981523 -0.102249 -0.161731 0.139300 0.197100
fight_body.jpg
5 -5.400697 -0.992210 5.279047 -0.958887 -0.276106 -0.065576 0.092700 0.263500
5 -6.013587 0.646321 3.252345 -0.981523 -0.102249 -0.161731 0.139300 0.197100
5 -5.338121 -1.440659 3.067918 -0.932541 -0.351776 -0.081374 0.156700 0.255400
fight_body.jpg
43 -4.845731 -0.387188 8.347553 -0.265400 -0.236163 0.934767 0.203400 0.380300
43 -4.412267 1.494138 8.672878 -0.527424 0.308669 0.791547 0.296100 0.340900
43 -6.173700 1.206544 7.550990 -0.861802 0.206554 0.463285 0.179500 0.295100
fight_body.jpg
43 -6.173700 1.206544 7.550990 -0.861802 0.206554 0.463285 0.179500 0.295100
43 -6.008478 -0.847175 8.112835 -0.745317 -0.228498 0.626331 0.127600 0.363300
43 -4.845731 -0.387188 8.347553 -0.265400 -0.236163 0.934767 0.203400 0.380300
fight_body.jpg
43 -6.173700 1.206544 7.550990 -0.861802 0.206554 0.463285 0.179500 0.295100
43 -4.412267 1.494138 8.672878 -0.527424 0.308669 0.791547 0.296100 0.340900
5 -5.158611 2.691474 6.778067 -0.508925 0.774045 0.376629 0.275000 0.268500
fight_body.jpg
5 -5.158611 2.691474 6.778067 -0.508925 0.774045 0.376629 0.275000 0.268500
5 -6.365692 1.846514 6.096740 -0.944161 0.306080 0.121961 0.169400 0.242300
43 -6.173700 1.206544 7.550990 -0.861802 0.206554 0.463285 0.179500 0.295100
fight_body.jpg
43 -4.412267 1.494138 8.672878 -0.527424 0.308669 0.791547 0.296100 0.340900
43 -4.845731 -0.387188 8.347553 -0.265400 -0.236163 0.934767 0.203400 0.380300
43 -3.512927 0.042018 9.018051 -0.374208 -0.299344 0.877702 0.284300 0.407000
fight_body.jpg
5 -5.158611 2.691474 6.778067 -0.508925 0.774045 0.376629 0.275000 0.268500
43 -4.412267 1.494138 8.672878 -0.527424 0.308669 0.791547 0.296100 0.340900
5 -3.035850 2.388052 8.869902 -0.368421 0.756856 0.539848 0.357700 0.359400
fight_body.jpg
5 -3.035850 2.388052 8.869902 -0.368421 0.756856 0.539848 0.357700 0.359400
5 -3.492880 3.327219 6.917543 -0.297620 0.882132 0.365055 0.346400 0.283500
5 -5.158611 2.691474 6.778067 -0.508925 0.774045 0.376629 0.275000 0.268500
fight_body.jpg
5 -1.300832 3.906065 6.841898 -0.298493 0.902515 0.310433 0.383100 0.283900
5 -1.364974 4.130157 5.156015 -0.316853 0.948280 -0.019205 0.383100 0.218400
5 -3.810357 3.788359 4.938869 -0.303982 0.952652 -0.007001 0.333800 0.206600
fight_body.jpg
5 -3.810357 3.788359 4.938869 -0.303982 0.952652 -0.007001 0.333800 0.206600
5 -3.492880 3.327219 6.917543 -0.297620 0.882132 0.365055 0.346400 0.283500
5 -1.300832 3.906065 6.841898 -0.298493 0.902515 0.310433 0.383100 0.283900
fight_body.jpg
5 -5.097425 3.198741 4.870512 -0.580078 0.811601 -0.069383 0.290500 0.194300
5 -5.158611 2.691474 6.778067 -0.508925 0.774045 0.376629 0.275000 0.268500
5 -3.492880 3.327219 6.917543 -0.297620 0.882132 0.365055 0.346400 0.283500
fight_body.jpg
5 -3.492880 3.327219 6.917543 -0.297620 0.882132 0.365055 0.346400 0.283500
5 -3.810357 3.788359 4.938869 -0.303982 0.952652 -0.007001 0.333800 0.206600
5 -5.097425 3.198741 4.870512 -0.580078 0.811601 -0.069383 0.290500 0.194300
fight_body.jpg
5 -3.810357 3.788359 4.938869 -0.303982 0.952652 -0.007001 0.333800 0.206600
5 -1.364974 4.130157 5.156015 -0.316853 0.948280 -0.019205 0.383100 0.218400
4 -1.429469 3.427106 1.844105 -0.364013 0.926750 -0.092895 0.383100 0.095700
fight_body.jpg
4 -1.429469 3.427106 1.844105 -0.364013 0.926750 -0.092895 0.383100 0.095700
4 -3.319871 3.056252 1.896170 -0.400345 0.899453 -0.175235 0.374400 0.093900
5 -3.810357 3.788359 4.938869 -0.303982 0.952652 -0.007001 0.333800 0.206600
fight_body.jpg
5 -1.300832 3.906065 6.841898 -0.298493 0.902515 0.310433 0.383100 0.283900
5 -3.492880 3.327219 6.917543 -0.297620 0.882132 0.365055 0.346400 0.283500
5 -3.035850 2.388052 8.869902 -0.368421 0.756856 0.539848 0.357700 0.359400
fight_body.jpg
5 -3.035850 2.388052 8.869902 -0.368421 0.756856 0.539848 0.357700 0.359400
5 -1.071230 3.177047 8.652943 -0.289747 0.874584 0.388780 0.383100 0.354300
5 -1.300832 3.906065 6.841898 -0.298493 0.902515 0.310433 0.383100 0.283900
fight_body.jpg
4 -5.740518 1.386501 2.232131 -0.885473 0.366393 -0.285820 0.230600 0.097000
5 -5.963531 2.002476 4.771978 -0.758215 0.609302 -0.232079 0.201000 0.190700
5 -5.097425 3.198741 4.870512 -0.580078 0.811601 -0.069383 0.290500 0.194300
fight_body.jpg
5 -5.097425 3.198741 4.870512 -0.580078 0.811601 -0.069383 0.290500 0.194300
4 -3.319871 3.056252 1.896170 -0.400345 0.899453 -0.175235 0.374400 0.093900
4 -5.740518 1.386501 2.232131 -0.885473 0.366393 -0.285820 0.230600 0.097000
fight_body.jpg
4 -3.319871 3.056252 1.896170 -0.400345 0.899453 -0.175235 0.374400 0.093900
5 -5.097425 3.198741 4.870512 -0.580078 0.811601 -0.069383 0.290500 0.194300
5 -3.810357 3.788359 4.938869 -0.303982 0.952652 -0.007001 0.333800 0.206600
fight_body.jpg
5 -5.097425 3.198741 4.870512 -0.580078 0.811601 -0.069383 0.290500 0.194300
5 -5.963531 2.002476 4.771978 -0.758215 0.609302 -0.232079 0.201000 0.190700
5 -6.365692 1.846514 6.096740 -0.944161 0.306080 0.121961 0.169400 0.242300
fight_body.jpg
5 -6.365692 1.846514 6.096740 -0.944161 0.306080 0.121961 0.169400 0.242300
5 -5.158611 2.691474 6.778067 -0.508925 0.774045 0.376629 0.275000 0.268500
5 -5.097425 3.198741 4.870512 -0.580078 0.811601 -0.069383 0.290500 0.194300
fight_body.jpg
5 -5.963531 2.002476 4.771978 -0.758215 0.609302 -0.232079 0.201000 0.190700
5 -6.443675 1.541201 4.691586 -0.944378 0.241474 -0.223249 0.156200 0.187700
5 -6.365692 1.846514 6.096740 -0.944161 0.306080 0.121961 0.169400 0.242300
fight_body.jpg
5 -6.443675 1.541201 4.691586 -0.944378 0.241474 -0.223249 0.156200 0.187700
5 -5.963531 2.002476 4.771978 -0.758215 0.609302 -0.232079 0.201000 0.190700
5 -6.013587 0.646321 3.252345 -0.981523 -0.102249 -0.161731 0.136900 0.138300
fight_body.jpg
5 -5.338121 -1.440659 3.067918 -0.932541 -0.351776 -0.081374 0.077700 0.131800
4 -5.448415 -0.595427 2.079876 -0.953848 -0.221347 -0.202929 0.144700 0.095400
4 -5.117063 -1.683232 1.952055 -0.880215 -0.454130 -0.137796 0.095000 0.093400
fight_body.jpg
4 -5.448415 -0.595427 2.079876 -0.953848 -0.221347 -0.202929 0.144700 0.095400
5 -5.338121 -1.440659 3.067918 -0.932541 -0.351776 -0.081374 0.077700 0.131800
5 -6.013587 0.646321 3.252345 -0.981523 -0.102249 -0.161731 0.136900 0.138300
fight_body.jpg
5 -6.013587 0.646321 3.252345 -0.981523 -0.102249 -0.161731 0.136900 0.138300
4 -5.740518 1.386501 2.232131 -0.885473 0.366393 -0.285820 0.230600 0.097000
4 -5.448415 -0.595427 2.079876 -0.953848 -0.221347 -0.202929 0.144700 0.095400
fight_body.jpg
4 -5.740518 1.386501 2.232131 -0.885473 0.366393 -0.285820 0.230600 0.097000
5 -6.013587 0.646321 3.252345 -0.981523 -0.102249 -0.161731 0.136900 0.138300
5 -5.963531 2.002476 4.771978 -0.758215 0.609302 -0.232079 0.201000 0.190700
fight_body.jpg
43 -3.512927 0.042018 9.018051 -0.374208 -0.299344 0.877702 0.284300 0.407000
43 -3.605338 1.457765 9.175813 -0.508139 0.224371 0.831536 0.324500 0.371200
43 -4.412267 1.494138 8.672878 -0.527424 0.308669 0.791547 0.296100 0.340900
fight_body.jpg
43 -3.605338 1.457765 9.175813 -0.508139 0.224371 0.831536 0.324500 0.371200
5 -3.035850 2.388052 8.869902 -0.368421 0.756856 0.539848 0.357700 0.359400
43 -4.412267 1.494138 8.672878 -0.527424 0.308669 0.791547 0.296100 0.340900
fight_body.jpg
4 -1.429469 3.427106 1.844105 -0.364013 0.926750 -0.092895 0.383100 0.095700
4 -1.429524 3.427129 0.165484 -0.385006 0.922914 -0.000020 0.383100 0.024500
4 -3.320026 3.056175 0.217549 -0.443489 0.896280 -0.000010 0.374400 0.022700
fight_body.jpg
4 -3.320026 3.056175 0.217549 -0.443489 0.896280 -0.000010 0.374400 0.022700
4 -3.319871 3.056252 1.896170 -0.400345 0.899453 -0.175235 0.374400 0.093900
4 -1.429469 3.427106 1.844105 -0.364013 0.926750 -0.092895 0.383100 0.095700
fight_body.jpg
4 -3.319871 3.056252 1.896170 -0.400345 0.899453 -0.175235 0.374400 0.093900
4 -3.320026 3.056175 0.217549 -0.443489 0.896280 -0.000010 0.374400 0.022700
4 -5.318230 1.201782 0.480581 -0.903145 0.373348 -0.211990 0.245100 0.022900
fight_body.jpg
4 -5.318230 1.201782 0.480581 -0.903145 0.373348 -0.211990 0.245100 0.022900
4 -5.740518 1.386501 2.232131 -0.885473 0.366393 -0.285820 0.230600 0.097000
4 -3.319871 3.056252 1.896170 -0.400345 0.899453 -0.175235 0.374400 0.093900
fight_body.jpg
4 -5.448415 -0.595427 2.079876 -0.953848 -0.221347 -0.202929 0.144700 0.095400
4 -5.082670 -0.442804 0.401255 -0.954647 -0.194837 -0.225141 0.158300 0.022600
4 -4.751317 -1.530609 0.273433 -0.883594 -0.408082 -0.229630 0.108600 0.022300
fight_body.jpg
4 -4.751317 -1.530609 0.273433 -0.883594 -0.408082 -0.229630 0.108600 0.022300
4 -5.117063 -1.683232 1.952055 -0.880215 -0.454130 -0.137796 0.095000 0.093400
4 -5.448415 -0.595427 2.079876 -0.953848 -0.221347 -0.202929 0.144700 0.095400
fight_body.jpg
4 -5.740518 1.386501 2.232131 -0.885473 0.366393 -0.285820 0.230600 0.097000
4 -5.318230 1.201782 0.480581 -0.903145 0.373348 -0.211990 0.245100 0.022900
4 -5.082670 -0.442804 0.401255 -0.954647 -0.194837 -0.225141 0.158300 0.022600
fight_body.jpg
4 -5.082670 -0.442804 0.401255 -0.954647 -0.194837 -0.225141 0.158300 0.022600
4 -5.448415 -0.595427 2.079876 -0.953848 -0.221347 -0.202929 0.144700 0.095400
4 -5.740518 1.386501 2.232131 -0.885473 0.366393 -0.285820 0.230600 0.097000
fight_body.jpg
37 3.168375 1.187298 8.348853 -0.364961 -0.603910 0.708588 0.787900 0.218700
37 3.383531 1.259022 8.526839 0.133564 -0.511980 0.848550 0.797900 0.217400
37 2.906364 2.154018 9.127678 0.172064 -0.260400 0.950045 0.798000 0.257900
fight_body.jpg
37 2.906364 2.154018 9.127678 0.172064 -0.260400 0.950045 0.798000 0.257900
37 2.711396 2.089003 9.059701 -0.161367 -0.484845 0.859585 0.787900 0.261500
37 3.168375 1.187298 8.348853 -0.364961 -0.603910 0.708588 0.787900 0.218700
fight_body.jpg
5 0.975809 3.707053 8.892447 -0.199578 -0.667362 0.717493 0.787900 0.328000
5 0.911093 3.901309 9.055123 -0.147075 0.373455 0.915915 0.797800 0.335700
5 -1.136045 3.371302 8.815619 -0.106225 0.307071 0.945740 0.797800 0.365800
fight_body.jpg
5 -1.136045 3.371302 8.815619 -0.106225 0.307071 0.945740 0.797800 0.365800
5 -1.071230 3.177047 8.652943 0.190288 -0.592177 0.783018 0.787800 0.364300
5 0.975809 3.707053 8.892447 -0.199578 -0.667362 0.717493 0.787900 0.328000
fight_body.jpg
37 2.711396 2.089003 9.059701 -0.161367 -0.484845 0.859585 0.787900 0.261500
37 2.906364 2.154018 9.127678 0.172064 -0.260400 0.950045 0.798000 0.257900
37 2.079727 3.423966 9.350300 -0.120213 0.106478 0.987021 0.798000 0.304300
fight_body.jpg
37 2.079727 3.423966 9.350300 -0.120213 0.106478 0.987021 0.798000 0.304300
5 2.061203 3.320804 9.207639 -0.637778 -0.579854 0.506960 0.787900 0.303400
37 2.711396 2.089003 9.059701 -0.161367 -0.484845 0.859585 0.787900 0.261500
fight_body.jpg
5 2.061203 3.320804 9.207639 -0.637778 -0.579854 0.506960 0.787900 0.303400
37 2.079727 3.423966 9.350300 -0.120213 0.106478 0.987021 0.798000 0.304300
5 0.911093 3.901309 9.055123 -0.147075 0.373455 0.915915 0.797800 0.335700
fight_body.jpg
5 0.911093 3.901309 9.055123 -0.147075 0.373455 0.915915 0.797800 0.335700
5 0.975809 3.707053 8.892447 -0.199578 -0.667362 0.717493 0.787900 0.328000
5 2.061203 3.320804 9.207639 -0.637778 -0.579854 0.506960 0.787900 0.303400
fight_body.jpg
5 3.593984 -0.080422 7.571039 -0.333278 -0.560818 0.757897 0.787800 0.170400
5 3.836668 -0.000663 7.735041 0.200996 -0.510258 0.836204 0.797900 0.168700
37 3.383531 1.259022 8.526839 0.133564 -0.511980 0.848550 0.797900 0.217400
fight_body.jpg
37 3.383531 1.259022 8.526839 0.133564 -0.511980 0.848550 0.797900 0.217400
37 3.168375 1.187298 8.348853 -0.364961 -0.603910 0.708588 0.787900 0.218700
5 3.593984 -0.080422 7.571039 -0.333278 -0.560818 0.757897 0.787800 0.170400
fight_body.jpg
5 3.677651 -1.768156 6.402306 -0.300817 -0.603668 0.738305 0.787900 0.094100
5 3.920334 -1.688496 6.566307 0.283070 -0.663413 0.692643 0.798100 0.093600
5 3.836668 -0.000663 7.735041 0.200996 -0.510258 0.836204 0.797900 0.168700
fight_body.jpg
5 3.836668 -0.000663 7.735041 0.200996 -0.510258 0.836204 0.797900 0.168700
5 3.593984 -0.080422 7.571039 -0.333278 -0.560818 0.757897 0.787800 0.170400
5 3.677651 -1.768156 6.402306 -0.300817 -0.603668 0.738305 0.787900 0.094100
fight_body.jpg
5 2.598147 -3.490214 4.493273 -0.284997 -0.626034 0.725849 0.787800 0.025100
5 2.840730 -3.410454 4.657274 -0.169407 -0.658577 0.733197 0.797700 0.022800
5 3.920334 -1.688496 6.566307 0.283070 -0.663413 0.692643 0.798100 0.093600
fight_body.jpg
5 3.920334 -1.688496 6.566307 0.283070 -0.663413 0.692643 0.798100 0.093600
5 3.677651 -1.768156 6.402306 -0.300817 -0.603668 0.738305 0.787900 0.094100
5 2.598147 -3.490214 4.493273 -0.284997 -0.626034 0.725849 0.787800 0.025100
fight_body.jpg
37 3.383531 1.259022 8.526839 0.133564 -0.511980 0.848550 0.797900 0.217400
37 4.093825 1.495879 8.064309 0.592648 -0.281512 0.754665 0.829400 0.191700
37 3.695397 2.425962 8.748838 0.481718 -0.096568 0.870990 0.831300 0.232800
fight_body.jpg
37 3.695397 2.425962 8.748838 0.481718 -0.096568 0.870990 0.831300 0.232800
37 2.906364 2.154018 9.127678 0.172064 -0.260400 0.950045 0.798000 0.257900
37 3.383531 1.259022 8.526839 0.133564 -0.511980 0.848550 0.797900 0.217400
fight_body.jpg
5 0.911093 3.901309 9.055123 -0.147075 0.373455 0.915915 0.797800 0.335700
5 1.200565 4.209521 8.345146 -0.023936 0.902422 0.430187 0.832600 0.328900
5 -1.210770 3.610807 8.103656 -0.297239 0.898338 0.323478 0.829300 0.365600
fight_body.jpg
5 -1.210770 3.610807 8.103656 -0.297239 0.898338 0.323478 0.829300 0.365600
5 -1.136045 3.371302 8.815619 -0.106225 0.307071 0.945740 0.797800 0.365800
5 0.911093 3.901309 9.055123 -0.147075 0.373455 0.915915 0.797800 0.335700
fight_body.jpg
37 2.906364 2.154018 9.127678 0.172064 -0.260400 0.950045 0.798000 0.257900
37 3.695397 2.425962 8.748838 0.481718 -0.096568 0.870990 0.831300 0.232800
37 2.740702 3.767030 8.845981 0.326308 0.478360 0.815288 0.833500 0.291700
fight_body.jpg
37 2.740702 3.767030 8.845981 0.326308 0.478360 0.815288 0.833500 0.291700
37 2.079727 3.423966 9.350300 -0.120213 0.106478 0.987021 0.798000 0.304300
37 2.906364 2.154018 9.127678 0.172064 -0.260400 0.950045 0.798000 0.257900
fight_body.jpg
37 2.079727 3.423966 9.350300 -0.120213 0.106478 0.987021 0.798000 0.304300
37 2.740702 3.767030 8.845981 0.326308 0.478360 0.815288 0.833500 0.291700
5 1.200565 4.209521 8.345146 -0.023936 0.902422 0.430187 0.832600 0.328900
fight_body.jpg
5 1.200565 4.209521 8.345146 -0.023936 0.902422 0.430187 0.832600 0.328900
5 0.911093 3.901309 9.055123 -0.147075 0.373455 0.915915 0.797800 0.335700
37 2.079727 3.423966 9.350300 -0.120213 0.106478 0.987021 0.798000 0.304300
fight_body.jpg
5 3.836668 -0.000663 7.735041 0.200996 -0.510258 0.836204 0.797900 0.168700
37 4.438793 0.203160 7.308155 0.634571 -0.356025 0.685978 0.828300 0.144600
37 4.093825 1.495879 8.064309 0.592648 -0.281512 0.754665 0.829400 0.191700
fight_body.jpg
37 4.093825 1.495879 8.064309 0.592648 -0.281512 0.754665 0.829400 0.191700
37 3.383531 1.259022 8.526839 0.133564 -0.511980 0.848550 0.797900 0.217400
5 3.836668 -0.000663 7.735041 0.200996 -0.510258 0.836204 0.797900 0.168700
fight_body.jpg
5 3.920334 -1.688496 6.566307 0.283070 -0.663413 0.692643 0.798100 0.093600
5 4.288352 -1.567394 6.091852 0.682601 -0.596565 0.422097 0.823500 0.091300
37 4.438793 0.203160 7.308155 0.634571 -0.356025 0.685978 0.828300 0.144600
fight_body.jpg
37 4.438793 0.203160 7.308155 0.634571 -0.356025 0.685978 0.828300 0.144600
5 3.836668 -0.000663 7.735041 0.200996 -0.510258 0.836204 0.797900 0.168700
5 3.920334 -1.688496 6.566307 0.283070 -0.663413 0.692643 0.798100 0.093600
fight_body.jpg
5 2.840730 -3.410454 4.657274 -0.169407 -0.658577 0.733197 0.797700 0.022800
5 3.364421 -3.238353 4.765391 0.051220 -0.638169 0.768191 0.813200 0.029300
5 4.288352 -1.567394 6.091852 0.682601 -0.596565 0.422097 0.823500 0.091300
fight_body.jpg
5 4.288352 -1.567394 6.091852 0.682601 -0.596565 0.422097 0.823500 0.091300
5 3.920334 -1.688496 6.566307 0.283070 -0.663413 0.692643 0.798100 0.093600
5 2.840730 -3.410454 4.657274 -0.169407 -0.658577 0.733197 0.797700 0.022800
fight_body.jpg
43 -3.322139 -0.947409 8.302595 0.630265 -0.272323 0.727053 0.787900 0.218700
43 -3.512927 0.042018 9.018051 0.382391 -0.300438 0.873793 0.787900 0.261500
43 -3.710345 -0.022298 9.079268 -0.012829 -0.321408 0.946854 0.798000 0.257900
fight_body.jpg
43 -3.710345 -0.022298 9.079268 -0.012829 -0.321408 0.946854 0.798000 0.257900
43 -3.543169 -1.019419 8.473104 0.169862 -0.497677 0.850567 0.797900 0.217400
43 -3.322139 -0.947409 8.302595 0.630265 -0.272323 0.727053 0.787900 0.218700
fight_body.jpg
5 -3.035850 2.388052 8.869902 0.570119 -0.407298 0.713493 0.787900 0.328000
5 -1.071230 3.177047 8.652943 0.190288 -0.592177 0.783018 0.787800 0.364300
5 -1.136045 3.371302 8.815619 -0.106225 0.307071 0.945740 0.797800 0.365800
fight_body.jpg
5 -1.136045 3.371302 8.815619 -0.106225 0.307071 0.945740 0.797800 0.365800
5 -3.100665 2.582409 9.032579 -0.102161 0.399218 0.911146 0.797800 0.335700
5 -3.035850 2.388052 8.869902 0.570119 -0.407298 0.713493 0.787900 0.328000
fight_body.jpg
43 -3.512927 0.042018 9.018051 0.382391 -0.300438 0.873793 0.787900 0.261500
43 -3.605338 1.457765 9.175813 0.563324 -0.106808 0.819304 0.787900 0.303400
43 -3.808106 1.487908 9.314282 -0.146185 0.172317 0.974134 0.798000 0.304300
fight_body.jpg
43 -3.808106 1.487908 9.314282 -0.146185 0.172317 0.974134 0.798000 0.304300
43 -3.710345 -0.022298 9.079268 -0.012829 -0.321408 0.946854 0.798000 0.257900
43 -3.512927 0.042018 9.018051 0.382391 -0.300438 0.873793 0.787900 0.261500
fight_body.jpg
43 -3.605338 1.457765 9.175813 0.563324 -0.106808 0.819304 0.787900 0.303400
5 -3.035850 2.388052 8.869902 0.570119 -0.407298 0.713493 0.787900 0.328000
5 -3.100665 2.582409 9.032579 -0.102161 0.399218 0.911146 0.797800 0.335700
fight_body.jpg
5 -3.100665 2.582409 9.032579 -0.102161 0.399218 0.911146 0.797800 0.335700
43 -3.808106 1.487908 9.314282 -0.146185 0.172317 0.974134 0.798000 0.304300
43 -3.605338 1.457765 9.175813 0.563324 -0.106808 0.819304 0.787900 0.303400
fight_body.jpg
5 -2.882048 -2.209684 7.534585 0.592213 -0.250954 0.765706 0.787800 0.170400
43 -3.322139 -0.947409 8.302595 0.630265 -0.272323 0.727053 0.787900 0.218700
43 -3.543169 -1.019419 8.473104 0.169862 -0.497677 0.850567 0.797900 0.217400
fight_body.jpg
43 -3.543169 -1.019419 8.473104 0.169862 -0.497677 0.850567 0.797900 0.217400
5 -3.126360 -2.290037 7.695887 0.123578 -0.533102 0.836977 0.797900 0.168700
5 -2.882048 -2.209684 7.534585 0.592213 -0.250954 0.765706 0.787800 0.170400
fight_body.jpg
5 -1.936090 -3.613896 6.370705 0.592826 -0.309841 0.743341 0.787900 0.094100
5 -2.882048 -2.209684 7.534585 0.592213 -0.250954 0.765706 0.787800 0.170400
5 -3.126360 -2.290037 7.695887 0.123578 -0.533102 0.836977 0.797900 0.168700
fight_body.jpg
5 -3.126360 -2.290037 7.695887 0.123578 -0.533102 0.836977 0.797900 0.168700
5 -2.180302 -3.694248 6.532007 0.156364 -0.703900 0.692874 0.798100 0.093600
5 -1.936090 -3.613896 6.370705 0.592826 -0.309841 0.743341 0.787900 0.094100
fight_body.jpg
5 -0.025926 -4.352980 4.478498 0.593497 -0.337125 0.730827 0.787800 0.025100
5 -1.936090 -3.613896 6.370705 0.592826 -0.309841 0.743341 0.787900 0.094100
5 -2.180302 -3.694248 6.532007 0.156364 -0.703900 0.692874 0.798100 0.093600
fight_body.jpg
5 -2.180302 -3.694248 6.532007 0.156364 -0.703900 0.692874 0.798100 0.093600
5 -0.270137 -4.433332 4.639800 0.519745 -0.431965 0.737069 0.797700 0.022800
5 -0.025926 -4.352980 4.478498 0.593497 -0.337125 0.730827 0.787800 0.025100
fight_body.jpg
43 -3.543169 -1.019419 8.473104 0.169862 -0.497677 0.850567 0.797900 0.217400
43 -3.710345 -0.022298 9.079268 -0.012829 -0.321408 0.946854 0.798000 0.257900
43 -4.494361 -0.268778 8.673389 -0.356545 -0.372921 0.856624 0.831300 0.232800
fight_body.jpg
43 -4.494361 -0.268778 8.673389 -0.356545 -0.372921 0.856624 0.831300 0.232800
43 -4.240428 -1.246574 7.986402 -0.334524 -0.585077 0.738768 0.829400 0.191700
43 -3.543169 -1.019419 8.473104 0.169862 -0.497677 0.850567 0.797900 0.217400
fight_body.jpg
5 -3.100665 2.582409 9.032579 -0.102161 0.399218 0.911146 0.797800 0.335700
5 -1.136045 3.371302 8.815619 -0.106225 0.307071 0.945740 0.797800 0.365800
5 -1.210770 3.610807 8.103656 -0.297239 0.898338 0.323478 0.829300 0.365600
fight_body.jpg
5 -1.210770 3.610807 8.103656 -0.297239 0.898338 0.323478 0.829300 0.365600
5 -3.509286 2.660904 8.318617 -0.520109 0.742251 0.422551 0.832600 0.328900
5 -3.100665 2.582409 9.032579 -0.102161 0.399218 0.911146 0.797800 0.335700
fight_body.jpg
43 -3.710345 -0.022298 9.079268 -0.012829 -0.321408 0.946854 0.798000 0.257900
43 -3.808106 1.487908 9.314282 -0.146185 0.172317 0.974134 0.798000 0.304300
43 -4.527387 1.375963 8.786405 -0.571672 0.185316 0.799280 0.833500 0.291700
fight_body.jpg
43 -4.527387 1.375963 8.786405 -0.571672 0.185316 0.799280 0.833500 0.291700
43 -4.494361 -0.268778 8.673389 -0.356545 -0.372921 0.856624 0.831300 0.232800
43 -3.710345 -0.022298 9.079268 -0.012829 -0.321408 0.946854 0.798000 0.257900
fight_body.jpg
43 -3.808106 1.487908 9.314282 -0.146185 0.172317 0.974134 0.798000 0.304300
5 -3.100665 2.582409 9.032579 -0.102161 0.399218 0.911146 0.797800 0.335700
5 -3.509286 2.660904 8.318617 -0.520109 0.742251 0.422551 0.832600 0.328900
fight_body.jpg
5 -3.509286 2.660904 8.318617 -0.520109 0.742251 0.422551 0.832600 0.328900
43 -4.527387 1.375963 8.786405 -0.571672 0.185316 0.799280 0.833500 0.291700
43 -3.808106 1.487908 9.314282 -0.146185 0.172317 0.974134 0.798000 0.304300
fight_body.jpg
5 -3.126360 -2.290037 7.695887 0.123578 -0.533102 0.836977 0.797900 0.168700
43 -3.543169 -1.019419 8.473104 0.169862 -0.497677 0.850567 0.797900 0.217400
43 -4.240428 -1.246574 7.986402 -0.334524 -0.585077 0.738768 0.829400 0.191700
fight_body.jpg
43 -4.240428 -1.246574 7.986402 -0.334524 -0.585077 0.738768 0.829400 0.191700
43 -3.725666 -2.483280 7.233119 -0.325491 -0.669516 0.667686 0.828300 0.144600
5 -3.126360 -2.290037 7.695887 0.123578 -0.533102 0.836977 0.797900 0.168700
fight_body.jpg
5 -2.180302 -3.694248 6.532007 0.156364 -0.703900 0.692874 0.798100 0.093600
5 -3.126360 -2.290037 7.695887 0.123578 -0.533102 0.836977 0.797900 0.168700
43 -3.725666 -2.483280 7.233119 -0.325491 -0.669516 0.667686 0.828300 0.144600
fight_body.jpg
43 -3.725666 -2.483280 7.233119 -0.325491 -0.669516 0.667686 0.828300 0.144600
5 -2.543577 -3.813565 6.053451 -0.202513 -0.885196 0.418828 0.823500 0.091300
5 -2.180302 -3.694248 6.532007 0.156364 -0.703900 0.692874 0.798100 0.093600
fight_body.jpg
5 -0.270137 -4.433332 4.639800 0.519745 -0.431965 0.737069 0.797700 0.022800
5 -2.180302 -3.694248 6.532007 0.156364 -0.703900 0.692874 0.798100 0.093600
5 -2.543577 -3.813565 6.053451 -0.202513 -0.885196 0.418828 0.823500 0.091300
fight_body.jpg
5 -2.543577 -3.813565 6.053451 -0.202513 -0.885196 0.418828 0.823500 0.091300
5 -0.794935 -4.605858 4.741985 0.329611 -0.546635 0.769771 0.813200 0.029300
5 -0.270137 -4.433332 4.639800 0.519745 -0.431965 0.737069 0.797700 0.022800
fight_body.jpg
5 6.030489 -0.560767 6.485662 0.773445 -0.490259 0.401781 0.900600 0.120400
5 6.037813 -0.135825 6.472306 0.790258 0.487805 0.370861 0.878100 0.120600
5 5.427201 -0.160737 6.684844 0.166507 0.612793 0.772503 0.875400 0.094600
fight_body.jpg
5 5.427201 -0.160737 6.684844 0.166507 0.612793 0.772503 0.875400 0.094600
5 5.421382 -0.501591 6.695612 0.232433 -0.545046 0.805543 0.893400 0.094400
5 6.030489 -0.560767 6.485662 0.773445 -0.490259 0.401781 0.900600 0.120400
fight_body.jpg
5 6.037813 -0.135825 6.472306 0.790258 0.487805 0.370861 0.878100 0.120600
5 5.873733 -0.013249 6.099516 0.412756 0.769783 -0.486895 0.840300 0.121000
5 5.295679 -0.062421 6.385830 -0.284374 0.933769 -0.217271 0.845100 0.094800
fight_body.jpg
5 5.295679 -0.062421 6.385830 -0.284374 0.933769 -0.217271 0.845100 0.094800
5 5.427201 -0.160737 6.684844 0.166507 0.612793 0.772503 0.875400 0.094600
5 6.037813 -0.135825 6.472306 0.790258 0.487805 0.370861 0.878100 0.120600
fight_body.jpg
5 5.873733 -0.013249 6.099516 0.412756 0.769783 -0.486895 0.840300 0.121000
5 5.765054 -0.362458 5.882622 0.162601 -0.033969 -0.986107 0.839400 0.121000
5 5.208516 -0.342529 6.211857 -0.527032 0.006765 -0.849819 0.844400 0.094800
fight_body.jpg
5 5.208516 -0.342529 6.211857 -0.527032 0.006765 -0.849819 0.844400 0.094800
5 5.295679 -0.062421 6.385830 -0.284374 0.933769 -0.217271 0.845100 0.094800
5 5.873733 -0.013249 6.099516 0.412756 0.769783 -0.486895 0.840300 0.121000
fight_body.jpg
5 5.765054 -0.362458 5.882622 0.162601 -0.033969 -0.986107 0.839400 0.121000
5 5.861894 -0.700856 6.121280 0.385537 -0.812709 -0.436881 0.876700 0.120600
5 5.286148 -0.613946 6.403268 -0.203546 -0.951744 -0.229680 0.874300 0.094500
fight_body.jpg
5 5.286148 -0.613946 6.403268 -0.203546 -0.951744 -0.229680 0.874300 0.094500
5 5.208516 -0.342529 6.211857 -0.527032 0.006765 -0.849819 0.844400 0.094800
5 5.765054 -0.362458 5.882622 0.162601 -0.033969 -0.986107 0.839400 0.121000
fight_body.jpg
5 5.861894 -0.700856 6.121280 0.385537 -0.812709 -0.436881 0.876700 0.120600
5 6.030489 -0.560767 6.485662 0.773445 -0.490259 0.401781 0.900600 0.120400
5 5.421382 -0.501591 6.695612 0.232433 -0.545046 0.805543 0.893400 0.094400
fight_body.jpg
5 5.421382 -0.501591 6.695612 0.232433 -0.545046 0.805543 0.893400 0.094400
5 5.286148 -0.613946 6.403268 -0.203546 -0.951744 -0.229680 0.874300 0.094500
5 5.861894 -0.700856 6.121280 0.385537 -0.812709 -0.436881 0.876700 0.120600
fight_body.jpg
5 5.421382 -0.501591 6.695612 0.232433 -0.545046 0.805543 0.893400 0.094400
5 5.427201 -0.160737 6.684844 0.166507 0.612793 0.772503 0.875400 0.094600
5 4.792149 -0.307292 6.866998 -0.088801 0.553427 0.828150 0.871400 0.068000
fight_body.jpg
5 4.792149 -0.307292 6.866998 -0.088801 0.553427 0.828150 0.871400 0.068000
5 4.788436 -0.521563 6.873683 0.149588 -0.528338 0.835753 0.882700 0.067900
5 5.421382 -0.501591 6.695612 0.232433 -0.545046 0.805543 0.893400 0.094400
fight_body.jpg
5 5.427201 -0.160737 6.684844 0.166507 0.612793 0.772503 0.875400 0.094600
5 5.295679 -0.062421 6.385830 -0.284374 0.933769 -0.217271 0.845100 0.094800
5 4.709412 -0.245461 6.679049 -0.524712 0.847072 -0.084535 0.852300 0.068100
fight_body.jpg
5 4.709412 -0.245461 6.679049 -0.524712 0.847072 -0.084535 0.852300 0.068100
5 4.792149 -0.307292 6.866998 -0.088801 0.553427 0.828150 0.871400 0.068000
5 5.427201 -0.160737 6.684844 0.166507 0.612793 0.772503 0.875400 0.094600
fight_body.jpg
5 5.295679 -0.062421 6.385830 -0.284374 0.933769 -0.217271 0.845100 0.094800
5 5.208516 -0.342529 6.211857 -0.527032 0.006765 -0.849819 0.844400 0.094800
5 4.654624 -0.421570 6.569657 -0.642220 0.007352 -0.766485 0.851900 0.068100
fight_body.jpg
5 4.654624 -0.421570 6.569657 -0.642220 0.007352 -0.766485 0.851900 0.068100
5 4.709412 -0.245461 6.679049 -0.524712 0.847072 -0.084535 0.852300 0.068100
5 5.295679 -0.062421 6.385830 -0.284374 0.933769 -0.217271 0.845100 0.094800
fight_body.jpg
5 5.208516 -0.342529 6.211857 -0.527032 0.006765 -0.849819 0.844400 0.094800
5 5.286148 -0.613946 6.403268 -0.203546 -0.951744 -0.229680 0.874300 0.094500
5 4.703492 -0.592215 6.689944 -0.153504 -0.954792 -0.254577 0.870700 0.067900
fight_body.jpg
5 4.703492 -0.592215 6.689944 -0.153504 -0.954792 -0.254577 0.870700 0.067900
5 4.654624 -0.421570 6.569657 -0.642220 0.007352 -0.766485 0.851900 0.068100
5 5.208516 -0.342529 6.211857 -0.527032 0.006765 -0.849819 0.844400 0.094800
fight_body.jpg
5 5.286148 -0.613946 6.403268 -0.203546 -0.951744 -0.229680 0.874300 0.094500
5 5.421382 -0.501591 6.695612 0.232433 -0.545046 0.805543 0.893400 0.094400
5 4.788436 -0.521563 6.873683 0.149588 -0.528338 0.835753 0.882700 0.067900
fight_body.jpg
5 4.788436 -0.521563 6.873683 0.149588 -0.528338 0.835753 0.882700 0.067900
5 4.703492 -0.592215 6.689944 -0.153504 -0.954792 -0.254577 0.870700 0.067900
5 5.286148 -0.613946 6.403268 -0.203546 -0.951744 -0.229680 0.874300 0.094500
fight_body.jpg
5 4.788436 -0.521563 6.873683 0.149588 -0.528338 0.835753 0.882700 0.067900
5 4.792149 -0.307292 6.866998 -0.088801 0.553427 0.828150 0.871400 0.068000
5 4.375653 -0.589102 6.865098 -0.871521 -0.364776 0.327705 0.865800 0.052400
fight_body.jpg
5 4.792149 -0.307292 6.866998 -0.088801 0.553427 0.828150 0.871400 0.068000
5 4.709412 -0.245461 6.679049 -0.524712 0.847072 -0.084535 0.852300 0.068100
5 4.375653 -0.589102 6.865098 -0.871521 -0.364776 0.327705 0.865800 0.052400
fight_body.jpg
5 4.709412 -0.245461 6.679049 -0.524712 0.847072 -0.084535 0.852300 0.068100
5 4.654624 -0.421570 6.569657 -0.642220 0.007352 -0.766485 0.851900 0.068100
5 4.375653 -0.589102 6.865098 -0.871521 -0.364776 0.327705 0.865800 0.052400
fight_body.jpg
5 4.654624 -0.421570 6.569657 -0.642220 0.007352 -0.766485 0.851900 0.068100
5 4.703492 -0.592215 6.689944 -0.153504 -0.954792 -0.254577 0.870700 0.067900
5 4.375653 -0.589102 6.865098 -0.871521 -0.364776 0.327705 0.865800 0.052400
fight_body.jpg
5 4.703492 -0.592215 6.689944 -0.153504 -0.954792 -0.254577 0.870700 0.067900
5 4.788436 -0.521563 6.873683 0.149588 -0.528338 0.835753 0.882700 0.067900
5 4.375653 -0.589102 6.865098 -0.871521 -0.364776 0.327705 0.865800 0.052400
fight_body.jpg
5 5.873733 -0.013249 6.099516 0.412756 0.769783 -0.486895 0.876000 0.025400
5 6.037813 -0.135825 6.472306 0.790258 0.487805 0.370861 0.888300 0.012300
5 6.030489 -0.560767 6.485662 0.773445 -0.490259 0.401781 0.904300 0.019200
fight_body.jpg
5 5.765054 -0.362458 5.882622 0.162601 -0.033969 -0.986107 0.884400 0.040300
5 5.873733 -0.013249 6.099516 0.412756 0.769783 -0.486895 0.876000 0.025400
5 6.030489 -0.560767 6.485662 0.773445 -0.490259 0.401781 0.904300 0.019200
fight_body.jpg
5 5.861894 -0.700856 6.121280 0.385537 -0.812709 -0.436881 0.901900 0.036400
5 5.765054 -0.362458 5.882622 0.162601 -0.033969 -0.986107 0.884400 0.040300
5 6.030489 -0.560767 6.485662 0.773445 -0.490259 0.401781 0.904300 0.019200
fight_body.jpg
37 5.313867 2.827613 8.868408 0.634439 0.127033 0.762463 0.900600 0.120400
37 5.152544 3.169011 8.672712 0.263297 0.912771 0.312289 0.878100 0.120600
37 4.581678 2.866468 8.706810 -0.469105 0.760245 0.449408 0.875400 0.094600
fight_body.jpg
37 4.581678 2.866468 8.706810 -0.469105 0.760245 0.449408 0.875400 0.094600
37 4.711076 2.592591 8.863630 0.011884 -0.129910 0.991455 0.893400 0.094400
37 5.313867 2.827613 8.868408 0.634439 0.127033 0.762463 0.900600 0.120400
fight_body.jpg
37 5.152544 3.169011 8.672712 0.263297 0.912771 0.312289 0.878100 0.120600
37 5.139550 3.087477 8.255559 0.233360 0.725238 -0.647745 0.840300 0.121000
37 4.571325 2.801117 8.372189 -0.489909 0.557104 -0.670540 0.845100 0.094800
fight_body.jpg
37 4.571325 2.801117 8.372189 -0.489909 0.557104 -0.670540 0.845100 0.094800
37 4.581678 2.866468 8.706810 -0.469105 0.760245 0.449408 0.875400 0.094600
37 5.152544 3.169011 8.672712 0.263297 0.912771 0.312289 0.878100 0.120600
fight_body.jpg
37 5.139550 3.087477 8.255559 0.233360 0.725238 -0.647745 0.840300 0.121000
37 5.292773 2.695784 8.193370 0.585919 -0.176366 -0.790945 0.839400 0.121000
37 4.694223 2.486882 8.322282 -0.010206 -0.483467 -0.875303 0.844400 0.094800
fight_body.jpg
37 4.694223 2.486882 8.322282 -0.010206 -0.483467 -0.875303 0.844400 0.094800
37 4.571325 2.801117 8.372189 -0.489909 0.557104 -0.670540 0.845100 0.094800
37 5.139550 3.087477 8.255559 0.233360 0.725238 -0.647745 0.840300 0.121000
fight_body.jpg
37 5.292773 2.695784 8.193370 0.585919 -0.176366 -0.790945 0.839400 0.121000
37 5.400541 2.535137 8.572126 0.833864 -0.546047 0.080644 0.876700 0.120600
37 4.780637 2.357987 8.626049 0.317351 -0.931160 0.179526 0.874300 0.094500
fight_body.jpg
37 4.780637 2.357987 8.626049 0.317351 -0.931160 0.179526 0.874300 0.094500
37 4.694223 2.486882 8.322282 -0.010206 -0.483467 -0.875303 0.844400 0.094800
37 5.292773 2.695784 8.193370 0.585919 -0.176366 -0.790945 0.839400 0.121000
fight_body.jpg
37 5.400541 2.535137 8.572126 0.833864 -0.546047 0.080644 0.876700 0.120600
37 5.313867 2.827613 8.868408 0.634439 0.127033 0.762463 0.900600 0.120400
37 4.711076 2.592591 8.863630 0.011884 -0.129910 0.991455 0.893400 0.094400
fight_body.jpg
37 4.711076 2.592591 8.863630 0.011884 -0.129910 0.991455 0.893400 0.094400
37 4.780637 2.357987 8.626049 0.317351 -0.931160 0.179526 0.874300 0.094500
37 5.400541 2.535137 8.572126 0.833864 -0.546047 0.080644 0.876700 0.120600
fight_body.jpg
37 4.711076 2.592591 8.863630 0.011884 -0.129910 0.991455 0.893400 0.094400
37 4.581678 2.866468 8.706810 -0.469105 0.760245 0.449408 0.875400 0.094600
37 4.052669 2.453691 8.712100 -0.688366 0.576359 0.440412 0.871400 0.068000
fight_body.jpg
37 4.052669 2.453691 8.712100 -0.688366 0.576359 0.440412 0.871400 0.068000
37 4.133979 2.281545 8.810756 -0.142473 -0.191997 0.970999 0.882700 0.067900
37 4.711076 2.592591 8.863630 0.011884 -0.129910 0.991455 0.893400 0.094400
fight_body.jpg
37 4.581678 2.866468 8.706810 -0.469105 0.760245 0.449408 0.875400 0.094600
37 4.571325 2.801117 8.372189 -0.489909 0.557104 -0.670540 0.845100 0.094800
37 4.046075 2.412616 8.501775 -0.683941 0.409112 -0.604030 0.852300 0.068100
fight_body.jpg
37 4.046075 2.412616 8.501775 -0.683941 0.409112 -0.604030 0.852300 0.068100
37 4.052669 2.453691 8.712100 -0.688366 0.576359 0.440412 0.871400 0.068000
37 4.581678 2.866468 8.706810 -0.469105 0.760245 0.449408 0.875400 0.094600
fight_body.jpg
37 4.571325 2.801117 8.372189 -0.489909 0.557104 -0.670540 0.845100 0.094800
37 4.694223 2.486882 8.322282 -0.010206 -0.483467 -0.875303 0.844400 0.094800
37 4.123337 2.215068 8.470439 -0.086431 -0.498502 -0.862569 0.851900 0.068100
fight_body.jpg
37 4.123337 2.215068 8.470439 -0.086431 -0.498502 -0.862569 0.851900 0.068100
37 4.046075 2.412616 8.501775 -0.683941 0.409112 -0.604030 0.852300 0.068100
37 4.571325 2.801117 8.372189 -0.489909 0.557104 -0.670540 0.845100 0.094800
fight_body.jpg
37 4.694223 2.486882 8.322282 -0.010206 -0.483467 -0.875303 0.844400 0.094800
37 4.780637 2.357987 8.626049 0.317351 -0.931160 0.179526 0.874300 0.094500
37 4.177668 2.134052 8.661422 0.337657 -0.923281 0.183136 0.870700 0.067900
fight_body.jpg
37 4.177668 2.134052 8.661422 0.337657 -0.923281 0.183136 0.870700 0.067900
37 4.123337 2.215068 8.470439 -0.086431 -0.498502 -0.862569 0.851900 0.068100
37 4.694223 2.486882 8.322282 -0.010206 -0.483467 -0.875303 0.844400 0.094800
fight_body.jpg
37 4.780637 2.357987 8.626049 0.317351 -0.931160 0.179526 0.874300 0.094500
37 4.711076 2.592591 8.863630 0.011884 -0.129910 0.991455 0.893400 0.094400
37 4.133979 2.281545 8.810756 -0.142473 -0.191997 0.970999 0.882700 0.067900
fight_body.jpg
37 4.133979 2.281545 8.810756 -0.142473 -0.191997 0.970999 0.882700 0.067900
37 4.177668 2.134052 8.661422 0.337657 -0.923281 0.183136 0.870700 0.067900
37 4.780637 2.357987 8.626049 0.317351 -0.931160 0.179526 0.874300 0.094500
fight_body.jpg
37 4.133979 2.281545 8.810756 -0.142473 -0.191997 0.970999 0.882700 0.067900
37 4.052669 2.453691 8.712100 -0.688366 0.576359 0.440412 0.871400 0.068000
37 3.834187 2.011705 8.651424 -0.724986 -0.686311 0.058077 0.865800 0.052400
fight_body.jpg
37 4.052669 2.453691 8.712100 -0.688366 0.576359 0.440412 0.871400 0.068000
37 4.046075 2.412616 8.501775 -0.683941 0.409112 -0.604030 0.852300 0.068100
37 3.834187 2.011705 8.651424 -0.724986 -0.686311 0.058077 0.865800 0.052400
fight_body.jpg
37 4.046075 2.412616 8.501775 -0.683941 0.409112 -0.604030 0.852300 0.068100
37 4.123337 2.215068 8.470439 -0.086431 -0.498502 -0.862569 0.851900 0.068100
37 3.834187 2.011705 8.651424 -0.724986 -0.686311 0.058077 0.865800 0.052400
fight_body.jpg
37 4.123337 2.215068 8.470439 -0.086431 -0.498502 -0.862569 0.851900 0.068100
37 4.177668 2.134052 8.661422 0.337657 -0.923281 0.183136 0.870700 0.067900
37 3.834187 2.011705 8.651424 -0.724986 -0.686311 0.058077 0.865800 0.052400
fight_body.jpg
37 4.177668 2.134052 8.661422 0.337657 -0.923281 0.183136 0.870700 0.067900
37 4.133979 2.281545 8.810756 -0.142473 -0.191997 0.970999 0.882700 0.067900
37 3.834187 2.011705 8.651424 -0.724986 -0.686311 0.058077 0.865800 0.052400
fight_body.jpg
37 5.139550 3.087477 8.255559 0.233360 0.725238 -0.647745 0.876000 0.025400
37 5.152544 3.169011 8.672712 0.263297 0.912771 0.312289 0.888300 0.012300
37 5.313867 2.827613 8.868408 0.634439 0.127033 0.762463 0.904300 0.019200
fight_body.jpg
37 5.292773 2.695784 8.193370 0.585919 -0.176366 -0.790945 0.884400 0.040300
37 5.139550 3.087477 8.255559 0.233360 0.725238 -0.647745 0.876000 0.025400
37 5.313867 2.827613 8.868408 0.634439 0.127033 0.762463 0.904300 0.019200
fight_body.jpg
37 5.400541 2.535137 8.572126 0.833864 -0.546047 0.080644 0.901900 0.036400
37 5.292773 2.695784 8.193370 0.585919 -0.176366 -0.790945 0.884400 0.040300
37 5.313867 2.827613 8.868408 0.634439 0.127033 0.762463 0.904300 0.019200
fight_body.jpg
37 4.310529 4.430209 8.366437 0.624753 0.597756 0.502366 0.900600 0.120400
37 4.041674 4.600304 8.084126 0.006180 0.989092 -0.147167 0.878100 0.120600
37 3.589259 4.222337 8.350706 -0.636493 0.749596 0.181610 0.875400 0.094600
fight_body.jpg
37 3.589259 4.222337 8.350706 -0.636493 0.749596 0.181610 0.875400 0.094600
37 3.804922 4.085883 8.577057 0.124397 0.334542 0.934134 0.893400 0.094400
37 4.310529 4.430209 8.366437 0.624753 0.597756 0.502366 0.900600 0.120400
fight_body.jpg
37 4.041674 4.600304 8.084126 0.006180 0.989092 -0.147167 0.878100 0.120600
37 4.021723 4.340046 7.748389 -0.039822 0.390226 -0.919858 0.840300 0.121000
37 3.573280 4.013587 8.081439 -0.681205 0.067728 -0.728953 0.845100 0.094800
fight_body.jpg
37 3.573280 4.013587 8.081439 -0.681205 0.067728 -0.728953 0.845100 0.094800
37 3.589259 4.222337 8.350706 -0.636493 0.749596 0.181610 0.875400 0.094600
37 4.041674 4.600304 8.084126 0.006180 0.989092 -0.147167 0.878100 0.120600
fight_body.jpg
37 4.021723 4.340046 7.748389 -0.039822 0.390226 -0.919858 0.840300 0.121000
37 4.278181 4.009188 7.823218 0.550357 -0.371277 -0.747837 0.839400 0.121000
37 3.778966 3.748162 8.141367 0.066225 -0.811904 -0.580023 0.844400 0.094800
fight_body.jpg
37 3.778966 3.748162 8.141367 0.066225 -0.811904 -0.580023 0.844400 0.094800
37 3.573280 4.013587 8.081439 -0.681205 0.067728 -0.728953 0.845100 0.094800
37 4.021723 4.340046 7.748389 -0.039822 0.390226 -0.919858 0.840300 0.121000
fight_body.jpg
37 4.278181 4.009188 7.823218 0.550357 -0.371277 -0.747837 0.839400 0.121000
37 4.456642 4.064857 8.205111 0.961118 -0.242991 0.131181 0.876700 0.120600
37 3.922174 3.792881 8.447740 0.589675 -0.650589 0.478557 0.874300 0.094500
fight_body.jpg
37 3.922174 3.792881 8.447740 0.589675 -0.650589 0.478557 0.874300 0.094500
37 3.778966 3.748162 8.141367 0.066225 -0.811904 -0.580023 0.844400 0.094800
37 4.278181 4.009188 7.823218 0.550357 -0.371277 -0.747837 0.839400 0.121000
fight_body.jpg
37 4.456642 4.064857 8.205111 0.961118 -0.242991 0.131181 0.876700 0.120600
37 4.310529 4.430209 8.366437 0.624753 0.597756 0.502366 0.900600 0.120400
37 3.804922 4.085883 8.577057 0.124397 0.334542 0.934134 0.893400 0.094400
fight_body.jpg
37 3.804922 4.085883 8.577057 0.124397 0.334542 0.934134 0.893400 0.094400
37 3.922174 3.792881 8.447740 0.589675 -0.650589 0.478557 0.874300 0.094500
37 4.456642 4.064857 8.205111 0.961118 -0.242991 0.131181 0.876700 0.120600
fight_body.jpg
37 3.804922 4.085883 8.577057 0.124397 0.334542 0.934134 0.893400 0.094400
37 3.589259 4.222337 8.350706 -0.636493 0.749596 0.181610 0.875400 0.094600
37 3.206923 3.746021 8.628576 -0.791969 0.536162 0.292089 0.871400 0.068000
fight_body.jpg
37 3.206923 3.746021 8.628576 -0.791969 0.536162 0.292089 0.871400 0.068000
37 3.342448 3.660279 8.770937 -0.005880 0.236105 0.971710 0.882700 0.067900
37 3.804922 4.085883 8.577057 0.124397 0.334542 0.934134 0.893400 0.094400
fight_body.jpg
37 3.589259 4.222337 8.350706 -0.636493 0.749596 0.181610 0.875400 0.094600
37 3.573280 4.013587 8.081439 -0.681205 0.067728 -0.728953 0.845100 0.094800
37 3.196851 3.614836 8.459263 -0.817569 -0.075040 -0.570920 0.852300 0.068100
fight_body.jpg
37 3.196851 3.614836 8.459263 -0.817569 -0.075040 -0.570920 0.852300 0.068100
37 3.206923 3.746021 8.628576 -0.791969 0.536162 0.292089 0.871400 0.068000
37 3.589259 4.222337 8.350706 -0.636493 0.749596 0.181610 0.875400 0.094600
fight_body.jpg
37 3.573280 4.013587 8.081439 -0.681205 0.067728 -0.728953 0.845100 0.094800
37 3.778966 3.748162 8.141367 0.066225 -0.811904 -0.580023 0.844400 0.094800
37 3.326179 3.448008 8.496986 -0.000938 -0.836848 -0.547434 0.851900 0.068100
fight_body.jpg
37 3.326179 3.448008 8.496986 -0.000938 -0.836848 -0.547434 0.851900 0.068100
37 3.196851 3.614836 8.459263 -0.817569 -0.075040 -0.570920 0.852300 0.068100
37 3.573280 4.013587 8.081439 -0.681205 0.067728 -0.728953 0.845100 0.094800
fight_body.jpg
37 3.778966 3.748162 8.141367 0.066225 -0.811904 -0.580023 0.844400 0.094800
37 3.922174 3.792881 8.447740 0.589675 -0.650589 0.478557 0.874300 0.094500
37 3.416107 3.476100 8.689532 0.606976 -0.637500 0.474525 0.870700 0.067900
fight_body.jpg
37 3.416107 3.476100 8.689532 0.606976 -0.637500 0.474525 0.870700 0.067900
37 3.326179 3.448008 8.496986 -0.000938 -0.836848 -0.547434 0.851900 0.068100
37 3.778966 3.748162 8.141367 0.066225 -0.811904 -0.580023 0.844400 0.094800
fight_body.jpg
37 3.922174 3.792881 8.447740 0.589675 -0.650589 0.478557 0.874300 0.094500
37 3.804922 4.085883 8.577057 0.124397 0.334542 0.934134 0.893400 0.094400
37 3.342448 3.660279 8.770937 -0.005880 0.236105 0.971710 0.882700 0.067900
fight_body.jpg
37 3.342448 3.660279 8.770937 -0.005880 0.236105 0.971710 0.882700 0.067900
37 3.416107 3.476100 8.689532 0.606976 -0.637500 0.474525 0.870700 0.067900
37 3.922174 3.792881 8.447740 0.589675 -0.650589 0.478557 0.874300 0.094500
fight_body.jpg
37 3.342448 3.660279 8.770937 -0.005880 0.236105 0.971710 0.882700 0.067900
37 3.206923 3.746021 8.628576 -0.791969 0.536162 0.292089 0.871400 0.068000
37 3.124096 3.286604 8.798447 -0.484645 -0.734245 0.475398 0.865800 0.052400
fight_body.jpg
37 3.206923 3.746021 8.628576 -0.791969 0.536162 0.292089 0.871400 0.068000
37 3.196851 3.614836 8.459263 -0.817569 -0.075040 -0.570920 0.852300 0.068100
37 3.124096 3.286604 8.798447 -0.484645 -0.734245 0.475398 0.865800 0.052400
fight_body.jpg
37 3.196851 3.614836 8.459263 -0.817569 -0.075040 -0.570920 0.852300 0.068100
37 3.326179 3.448008 8.496986 -0.000938 -0.836848 -0.547434 0.851900 0.068100
37 3.124096 3.286604 8.798447 -0.484645 -0.734245 0.475398 0.865800 0.052400
fight_body.jpg
37 3.326179 3.448008 8.496986 -0.000938 -0.836848 -0.547434 0.851900 0.068100
37 3.416107 3.476100 8.689532 0.606976 -0.637500 0.474525 0.870700 0.067900
37 3.124096 3.286604 8.798447 -0.484645 -0.734245 0.475398 0.865800 0.052400
fight_body.jpg
37 3.416107 3.476100 8.689532 0.606976 -0.637500 0.474525 0.870700 0.067900
37 3.342448 3.660279 8.770937 -0.005880 0.236105 0.971710 0.882700 0.067900
37 3.124096 3.286604 8.798447 -0.484645 -0.734245 0.475398 0.865800 0.052400
fight_body.jpg
37 4.021723 4.340046 7.748389 -0.039822 0.390226 -0.919858 0.876000 0.025400
37 4.041674 4.600304 8.084126 0.006180 0.989092 -0.147167 0.888300 0.012300
37 4.310529 4.430209 8.366437 0.624753 0.597756 0.502366 0.904300 0.019200
fight_body.jpg
37 4.278181 4.009188 7.823218 0.550357 -0.371277 -0.747837 0.884400 0.040300
37 4.021723 4.340046 7.748389 -0.039822 0.390226 -0.919858 0.876000 0.025400
37 4.310529 4.430209 8.366437 0.624753 0.597756 0.502366 0.904300 0.019200
fight_body.jpg
37 4.456642 4.064857 8.205111 0.961118 -0.242991 0.131181 0.901900 0.036400
37 4.278181 4.009188 7.823218 0.550357 -0.371277 -0.747837 0.884400 0.040300
37 4.310529 4.430209 8.366437 0.624753 0.597756 0.502366 0.904300 0.019200
fight_body.jpg
37 5.812820 0.926789 8.069569 0.580754 -0.314930 0.750695 0.900600 0.120400
37 5.800800 1.341259 7.975624 0.552957 0.639172 0.534507 0.878100 0.120600
37 5.158259 1.272418 7.944700 -0.184241 0.745876 0.640097 0.875400 0.094600
fight_body.jpg
37 5.158259 1.272418 7.944700 -0.184241 0.745876 0.640097 0.875400 0.094600
37 5.167914 0.939863 8.020061 -0.071190 -0.373134 0.925042 0.893400 0.094400
37 5.812820 0.926789 8.069569 0.580754 -0.314930 0.750695 0.900600 0.120400
fight_body.jpg
37 5.800800 1.341259 7.975624 0.552957 0.639172 0.534507 0.878100 0.120600
37 5.789119 1.379797 7.552217 0.526145 0.727863 -0.439758 0.840300 0.121000
37 5.148915 1.303345 7.605135 -0.228872 0.841794 -0.488877 0.845100 0.094800
fight_body.jpg
37 5.148915 1.303345 7.605135 -0.228872 0.841794 -0.488877 0.845100 0.094800
37 5.158259 1.272418 7.944700 -0.184241 0.745876 0.640097 0.875400 0.094600
37 5.800800 1.341259 7.975624 0.552957 0.639172 0.534507 0.878100 0.120600
fight_body.jpg
37 5.789119 1.379797 7.552217 0.526145 0.727863 -0.439758 0.840300 0.121000
37 5.794044 0.989016 7.384535 0.537489 -0.171427 -0.825663 0.839400 0.121000
37 5.152877 0.989918 7.470592 -0.151527 -0.198686 -0.968279 0.844400 0.094800
fight_body.jpg
37 5.152877 0.989918 7.470592 -0.151527 -0.198686 -0.968279 0.844400 0.094800
37 5.148915 1.303345 7.605135 -0.228872 0.841794 -0.488877 0.845100 0.094800
37 5.789119 1.379797 7.552217 0.526145 0.727863 -0.439758 0.840300 0.121000
fight_body.jpg
37 5.794044 0.989016 7.384535 0.537489 -0.171427 -0.825663 0.839400 0.121000
37 5.808727 0.709095 7.704265 0.571159 -0.815900 -0.089914 0.876700 0.120600
37 5.164582 0.765304 7.727059 -0.043112 -0.994546 -0.094976 0.874300 0.094500
fight_body.jpg
37 5.164582 0.765304 7.727059 -0.043112 -0.994546 -0.094976 0.874300 0.094500
37 5.152877 0.989918 7.470592 -0.151527 -0.198686 -0.968279 0.844400 0.094800
37 5.794044 0.989016 7.384535 0.537489 -0.171427 -0.825663 0.839400 0.121000
fight_body.jpg
37 5.808727 0.709095 7.704265 0.571159 -0.815900 -0.089914 0.876700 0.120600
37 5.812820 0.926789 8.069569 0.580754 -0.314930 0.750695 0.900600 0.120400
37 5.167914 0.939863 8.020061 -0.071190 -0.373134 0.925042 0.893400 0.094400
fight_body.jpg
37 5.167914 0.939863 8.020061 -0.071190 -0.373134 0.925042 0.893400 0.094400
37 5.164582 0.765304 7.727059 -0.043112 -0.994546 -0.094976 0.874300 0.094500
37 5.808727 0.709095 7.704265 0.571159 -0.815900 -0.089914 0.876700 0.120600
fight_body.jpg
37 5.167914 0.939863 8.020061 -0.071190 -0.373134 0.925042 0.893400 0.094400
37 5.158259 1.272418 7.944700 -0.184241 0.745876 0.640097 0.875400 0.094600
37 4.511943 1.076417 7.901258 -0.437185 0.663734 0.606899 0.871400 0.068000
fight_body.jpg
37 4.511943 1.076417 7.901258 -0.437185 0.663734 0.606899 0.871400 0.068000
37 4.518052 0.867334 7.948639 -0.159975 -0.362653 0.918091 0.882700 0.067900
37 5.167914 0.939863 8.020061 -0.071190 -0.373134 0.925042 0.893400 0.094400
fight_body.jpg
37 5.158259 1.272418 7.944700 -0.184241 0.745876 0.640097 0.875400 0.094600
37 5.148915 1.303345 7.605135 -0.228872 0.841794 -0.488877 0.845100 0.094800
37 4.506055 1.095828 7.687755 -0.496751 0.747366 -0.441228 0.852300 0.068100
fight_body.jpg
37 4.506055 1.095828 7.687755 -0.496751 0.747366 -0.441228 0.852300 0.068100
37 4.511943 1.076417 7.901258 -0.437185 0.663734 0.606899 0.871400 0.068000
37 5.158259 1.272418 7.944700 -0.184241 0.745876 0.640097 0.875400 0.094600
fight_body.jpg
37 5.148915 1.303345 7.605135 -0.228872 0.841794 -0.488877 0.845100 0.094800
37 5.152877 0.989918 7.470592 -0.151527 -0.198686 -0.968279 0.844400 0.094800
37 4.508520 0.898735 7.603271 -0.290095 -0.199540 -0.935964 0.851900 0.068100
fight_body.jpg
37 4.508520 0.898735 7.603271 -0.290095 -0.199540 -0.935964 0.851900 0.068100
37 4.506055 1.095828 7.687755 -0.496751 0.747366 -0.441228 0.852300 0.068100
37 5.148915 1.303345 7.605135 -0.228872 0.841794 -0.488877 0.845100 0.094800
fight_body.jpg
37 5.152877 0.989918 7.470592 -0.151527 -0.198686 -0.968279 0.844400 0.094800
37 5.164582 0.765304 7.727059 -0.043112 -0.994546 -0.094976 0.874300 0.094500
37 4.515909 0.757580 7.764441 0.012794 -0.995088 -0.098169 0.870700 0.067900
fight_body.jpg
37 4.515909 0.757580 7.764441 0.012794 -0.995088 -0.098169 0.870700 0.067900
37 4.508520 0.898735 7.603271 -0.290095 -0.199540 -0.935964 0.851900 0.068100
37 5.152877 0.989918 7.470592 -0.151527 -0.198686 -0.968279 0.844400 0.094800
fight_body.jpg
37 5.164582 0.765304 7.727059 -0.043112 -0.994546 -0.094976 0.874300 0.094500
37 5.167914 0.939863 8.020061 -0.071190 -0.373134 0.925042 0.893400 0.094400
37 4.518052 0.867334 7.948639 -0.159975 -0.362653 0.918091 0.882700 0.067900
fight_body.jpg
37 4.518052 0.867334 7.948639 -0.159975 -0.362653 0.918091 0.882700 0.067900
37 4.515909 0.757580 7.764441 0.012794 -0.995088 -0.098169 0.870700 0.067900
37 5.164582 0.765304 7.727059 -0.043112 -0.994546 -0.094976 0.874300 0.094500
fight_body.jpg
37 4.518052 0.867334 7.948639 -0.159975 -0.362653 0.918091 0.882700 0.067900
37 4.511943 1.076417 7.901258 -0.437185 0.663734 0.606899 0.871400 0.068000
37 4.146140 0.746645 7.799778 -0.908060 -0.416588 0.043374 0.865800 0.052400
fight_body.jpg
37 4.511943 1.076417 7.901258 -0.437185 0.663734 0.606899 0.871400 0.068000
37 4.506055 1.095828 7.687755 -0.496751 0.747366 -0.441228 0.852300 0.068100
37 4.146140 0.746645 7.799778 -0.908060 -0.416588 0.043374 0.865800 0.052400
fight_body.jpg
37 4.506055 1.095828 7.687755 -0.496751 0.747366 -0.441228 0.852300 0.068100
37 4.508520 0.898735 7.603271 -0.290095 -0.199540 -0.935964 0.851900 0.068100
37 4.146140 0.746645 7.799778 -0.908060 -0.416588 0.043374 0.865800 0.052400
fight_body.jpg
37 4.508520 0.898735 7.603271 -0.290095 -0.199540 -0.935964 0.851900 0.068100
37 4.515909 0.757580 7.764441 0.012794 -0.995088 -0.098169 0.870700 0.067900
37 4.146140 0.746645 7.799778 -0.908060 -0.416588 0.043374 0.865800 0.052400
fight_body.jpg
37 4.515909 0.757580 7.764441 0.012794 -0.995088 -0.098169 0.870700 0.067900
37 4.518052 0.867334 7.948639 -0.159975 -0.362653 0.918091 0.882700 0.067900
37 4.146140 0.746645 7.799778 -0.908060 -0.416588 0.043374 0.865800 0.052400
fight_body.jpg
37 5.789119 1.379797 7.552217 0.526145 0.727863 -0.439758 0.876000 0.025400
37 5.800800 1.341259 7.975624 0.552957 0.639172 0.534507 0.888300 0.012300
37 5.812820 0.926789 8.069569 0.580754 -0.314930 0.750695 0.904300 0.019200
fight_body.jpg
37 5.794044 0.989016 7.384535 0.537489 -0.171427 -0.825663 0.884400 0.040300
37 5.789119 1.379797 7.552217 0.526145 0.727863 -0.439758 0.876000 0.025400
37 5.812820 0.926789 8.069569 0.580754 -0.314930 0.750695 0.904300 0.019200
fight_body.jpg
37 5.808727 0.709095 7.704265 0.571159 -0.815900 -0.089914 0.901900 0.036400
37 5.794044 0.989016 7.384535 0.537489 -0.171427 -0.825663 0.884400 0.040300
37 5.812820 0.926789 8.069569 0.580754 -0.314930 0.750695 0.904300 0.019200
fight_body.jpg
5 -4.547000 -4.038531 6.426226 -0.335676 -0.854912 0.395534 0.900600 0.120400
5 -4.094018 -3.630129 6.642112 0.128250 -0.579295 0.804966 0.893400 0.094400
5 -4.300897 -3.359181 6.630056 -0.505562 0.391847 0.768676 0.875400 0.094600
fight_body.jpg
5 -4.300897 -3.359181 6.630056 -0.505562 0.391847 0.768676 0.875400 0.094600
5 -4.804973 -3.700796 6.411262 -0.929269 -0.077621 0.361156 0.878100 0.120600
5 -4.547000 -4.038531 6.426226 -0.335676 -0.854912 0.395534 0.900600 0.120400
fight_body.jpg
5 -4.804973 -3.700796 6.411262 -0.929269 -0.077621 0.361156 0.878100 0.120600
5 -4.300897 -3.359181 6.630056 -0.505562 0.391847 0.768676 0.875400 0.094600
5 -4.250321 -3.200959 6.332217 -0.322975 0.921079 -0.217489 0.845100 0.094800
fight_body.jpg
5 -4.250321 -3.200959 6.332217 -0.322975 0.921079 -0.217489 0.845100 0.094800
5 -4.741857 -3.503515 6.039865 -0.784027 0.376310 -0.493652 0.840300 0.121000
5 -4.804973 -3.700796 6.411262 -0.929269 -0.077621 0.361156 0.878100 0.120600
fight_body.jpg
5 -4.741857 -3.503515 6.039865 -0.784027 0.376310 -0.493652 0.840300 0.121000
5 -4.250321 -3.200959 6.332217 -0.322975 0.921079 -0.217489 0.845100 0.094800
5 -4.012188 -3.374161 6.159978 0.428819 0.320980 -0.844444 0.844400 0.094800
fight_body.jpg
5 -4.012188 -3.374161 6.159978 0.428819 0.320980 -0.844444 0.844400 0.094800
5 -4.444940 -3.719413 5.825236 -0.100694 -0.120580 -0.987583 0.839400 0.121000
5 -4.741857 -3.503515 6.039865 -0.784027 0.376310 -0.493652 0.840300 0.121000
fight_body.jpg
5 -4.444940 -3.719413 5.825236 -0.100694 -0.120580 -0.987583 0.839400 0.121000
5 -4.012188 -3.374161 6.159978 0.428819 0.320980 -0.844444 0.844400 0.094800
5 -3.915557 -3.639376 6.351496 0.730942 -0.644454 -0.224505 0.874300 0.094500
fight_body.jpg
5 -3.915557 -3.639376 6.351496 0.730942 -0.644454 -0.224505 0.874300 0.094500
5 -4.324500 -4.050011 6.064004 0.176355 -0.881462 -0.438092 0.876700 0.120600
5 -4.444940 -3.719413 5.825236 -0.100694 -0.120580 -0.987583 0.839400 0.121000
fight_body.jpg
5 -4.324500 -4.050011 6.064004 0.176355 -0.881462 -0.438092 0.876700 0.120600
5 -3.915557 -3.639376 6.351496 0.730942 -0.644454 -0.224505 0.874300 0.094500
5 -4.094018 -3.630129 6.642112 0.128250 -0.579295 0.804966 0.893400 0.094400
fight_body.jpg
5 -4.094018 -3.630129 6.642112 0.128250 -0.579295 0.804966 0.893400 0.094400
5 -4.547000 -4.038531 6.426226 -0.335676 -0.854912 0.395534 0.900600 0.120400
5 -4.324500 -4.050011 6.064004 0.176355 -0.881462 -0.438092 0.876700 0.120600
fight_body.jpg
5 -4.094018 -3.630129 6.642112 0.128250 -0.579295 0.804966 0.893400 0.094400
5 -3.574576 -3.271172 6.826654 0.184681 -0.516818 0.835938 0.882700 0.067900
5 -3.704662 -3.100904 6.819215 -0.265393 0.495323 0.827177 0.871400 0.068000
fight_body.jpg
5 -3.704662 -3.100904 6.819215 -0.265393 0.495323 0.827177 0.871400 0.068000
5 -4.300897 -3.359181 6.630056 -0.505562 0.391847 0.768676 0.875400 0.094600
5 -4.094018 -3.630129 6.642112 0.128250 -0.579295 0.804966 0.893400 0.094400
fight_body.jpg
5 -4.300897 -3.359181 6.630056 -0.505562 0.391847 0.768676 0.875400 0.094600
5 -3.704662 -3.100904 6.819215 -0.265393 0.495323 0.827177 0.871400 0.068000
5 -3.672801 -3.001471 6.631913 -0.079548 0.993456 -0.081959 0.852300 0.068100
fight_body.jpg
5 -3.672801 -3.001471 6.631913 -0.079548 0.993456 -0.081959 0.852300 0.068100
5 -4.250321 -3.200959 6.332217 -0.322975 0.921079 -0.217489 0.845100 0.094800
5 -4.300897 -3.359181 6.630056 -0.505562 0.391847 0.768676 0.875400 0.094600
fight_body.jpg
5 -4.250321 -3.200959 6.332217 -0.322975 0.921079 -0.217489 0.845100 0.094800
5 -3.672801 -3.001471 6.631913 -0.079548 0.993456 -0.081959 0.852300 0.068100
5 -3.523091 -3.110275 6.523605 0.520291 0.389598 -0.759941 0.851900 0.068100
fight_body.jpg
5 -3.523091 -3.110275 6.523605 0.520291 0.389598 -0.759941 0.851900 0.068100
5 -4.012188 -3.374161 6.159978 0.428819 0.320980 -0.844444 0.844400 0.094800
5 -4.250321 -3.200959 6.332217 -0.322975 0.921079 -0.217489 0.845100 0.094800
fight_body.jpg
5 -4.012188 -3.374161 6.159978 0.428819 0.320980 -0.844444 0.844400 0.094800
5 -3.523091 -3.110275 6.523605 0.520291 0.389598 -0.759941 0.851900 0.068100
5 -3.462322 -3.277019 6.644096 0.692696 -0.676577 -0.249833 0.870700 0.067900
fight_body.jpg
5 -3.462322 -3.277019 6.644096 0.692696 -0.676577 -0.249833 0.870700 0.067900
5 -3.915557 -3.639376 6.351496 0.730942 -0.644454 -0.224505 0.874300 0.094500
5 -4.012188 -3.374161 6.159978 0.428819 0.320980 -0.844444 0.844400 0.094800
fight_body.jpg
5 -3.915557 -3.639376 6.351496 0.730942 -0.644454 -0.224505 0.874300 0.094500
5 -3.462322 -3.277019 6.644096 0.692696 -0.676577 -0.249833 0.870700 0.067900
5 -3.574576 -3.271172 6.826654 0.184681 -0.516818 0.835938 0.882700 0.067900
fight_body.jpg
5 -3.574576 -3.271172 6.826654 0.184681 -0.516818 0.835938 0.882700 0.067900
5 -4.094018 -3.630129 6.642112 0.128250 -0.579295 0.804966 0.893400 0.094400
5 -3.915557 -3.639376 6.351496 0.730942 -0.644454 -0.224505 0.874300 0.094500
fight_body.jpg
5 -3.574576 -3.271172 6.826654 0.184681 -0.516818 0.835938 0.882700 0.067900
5 -3.202168 -3.080591 6.822492 0.914568 0.222468 0.337749 0.865800 0.052400
5 -3.704662 -3.100904 6.819215 -0.265393 0.495323 0.827177 0.871400 0.068000
fight_body.jpg
5 -3.704662 -3.100904 6.819215 -0.265393 0.495323 0.827177 0.871400 0.068000
5 -3.202168 -3.080591 6.822492 0.914568 0.222468 0.337749 0.865800 0.052400
5 -3.672801 -3.001471 6.631913 -0.079548 0.993456 -0.081959 0.852300 0.068100
fight_body.jpg
5 -3.672801 -3.001471 6.631913 -0.079548 0.993456 -0.081959 0.852300 0.068100
5 -3.202168 -3.080591 6.822492 0.914568 0.222468 0.337749 0.865800 0.052400
5 -3.523091 -3.110275 6.523605 0.520291 0.389598 -0.759941 0.851900 0.068100
fight_body.jpg
5 -3.523091 -3.110275 6.523605 0.520291 0.389598 -0.759941 0.851900 0.068100
5 -3.202168 -3.080591 6.822492 0.914568 0.222468 0.337749 0.865800 0.052400
5 -3.462322 -3.277019 6.644096 0.692696 -0.676577 -0.249833 0.870700 0.067900
fight_body.jpg
5 -3.462322 -3.277019 6.644096 0.692696 -0.676577 -0.249833 0.870700 0.067900
5 -3.202168 -3.080591 6.822492 0.914568 0.222468 0.337749 0.865800 0.052400
5 -3.574576 -3.271172 6.826654 0.184681 -0.516818 0.835938 0.882700 0.067900
fight_body.jpg
5 -4.547000 -4.038531 6.426226 -0.335676 -0.854912 0.395534 0.904300 0.019200
5 -4.804973 -3.700796 6.411262 -0.929269 -0.077621 0.361156 0.888300 0.012300
5 -4.741857 -3.503515 6.039865 -0.784027 0.376310 -0.493652 0.876000 0.025400
fight_body.jpg
5 -4.547000 -4.038531 6.426226 -0.335676 -0.854912 0.395534 0.904300 0.019200
5 -4.741857 -3.503515 6.039865 -0.784027 0.376310 -0.493652 0.876000 0.025400
5 -4.444940 -3.719413 5.825236 -0.100694 -0.120580 -0.987583 0.884400 0.040300
fight_body.jpg
5 -4.324500 -4.050011 6.064004 0.176355 -0.881462 -0.438092 0.901900 0.036400
5 -4.547000 -4.038531 6.426226 -0.335676 -0.854912 0.395534 0.904300 0.019200
5 -4.444940 -3.719413 5.825236 -0.100694 -0.120580 -0.987583 0.884400 0.040300
fight_body.jpg
43 -6.037288 -0.909275 8.738674 -0.608918 -0.282759 0.741125 0.900600 0.120400
43 -5.413118 -0.739801 8.754996 0.036984 -0.121610 0.991889 0.893400 0.094400
43 -5.467119 -0.441118 8.599405 -0.088889 0.885557 0.455948 0.875400 0.094600
fight_body.jpg
43 -5.467119 -0.441118 8.599405 -0.088889 0.885557 0.455948 0.875400 0.094600
43 -6.104614 -0.536870 8.544616 -0.763827 0.574240 0.294648 0.878100 0.120600
43 -6.037288 -0.909275 8.738674 -0.608918 -0.282759 0.741125 0.900600 0.120400
fight_body.jpg
43 -6.104614 -0.536870 8.544616 -0.763827 0.574240 0.294648 0.878100 0.120600
43 -5.467119 -0.441118 8.599405 -0.088889 0.885557 0.455948 0.875400 0.094600
43 -5.409474 -0.484065 8.265912 0.083179 0.745989 -0.660743 0.845100 0.094800
fight_body.jpg
43 -5.409474 -0.484065 8.265912 0.083179 0.745989 -0.660743 0.845100 0.094800
43 -6.032810 -0.590398 8.128898 -0.598528 0.451043 -0.662061 0.840300 0.121000
43 -6.104614 -0.536870 8.544616 -0.763827 0.574240 0.294648 0.878100 0.120600
fight_body.jpg
43 -6.032810 -0.590398 8.128898 -0.598528 0.451043 -0.662061 0.840300 0.121000
43 -5.409474 -0.484065 8.265912 0.083179 0.745989 -0.660743 0.845100 0.094800
43 -5.319875 -0.809302 8.215491 0.322667 -0.373716 -0.869610 0.844400 0.094800
fight_body.jpg
43 -5.319875 -0.809302 8.215491 0.322667 -0.373716 -0.869610 0.844400 0.094800
43 -5.921086 -0.995794 8.065990 -0.341450 -0.482059 -0.806865 0.839400 0.121000
43 -6.032810 -0.590398 8.128898 -0.598528 0.451043 -0.662061 0.840300 0.121000
fight_body.jpg
43 -5.921086 -0.995794 8.065990 -0.341450 -0.482059 -0.806865 0.839400 0.121000
43 -5.319875 -0.809302 8.215491 0.322667 -0.373716 -0.869610 0.844400 0.094800
43 -5.322059 -0.967303 8.517724 0.292962 -0.939195 0.179124 0.874300 0.094500
fight_body.jpg
43 -5.322059 -0.967303 8.517724 0.292962 -0.939195 0.179124 0.874300 0.094500
43 -5.923814 -1.192850 8.442804 -0.347898 -0.935587 0.060361 0.876700 0.120600
43 -5.921086 -0.995794 8.065990 -0.341450 -0.482059 -0.806865 0.839400 0.121000
fight_body.jpg
43 -5.923814 -1.192850 8.442804 -0.347898 -0.935587 0.060361 0.876700 0.120600
43 -5.322059 -0.967303 8.517724 0.292962 -0.939195 0.179124 0.874300 0.094500
43 -5.413118 -0.739801 8.754996 0.036984 -0.121610 0.991889 0.893400 0.094400
fight_body.jpg
43 -5.413118 -0.739801 8.754996 0.036984 -0.121610 0.991889 0.893400 0.094400
43 -6.037288 -0.909275 8.738674 -0.608918 -0.282759 0.741125 0.900600 0.120400
43 -5.923814 -1.192850 8.442804 -0.347898 -0.935587 0.060361 0.876700 0.120600
fight_body.jpg
43 -5.413118 -0.739801 8.754996 0.036984 -0.121610 0.991889 0.893400 0.094400
43 -4.762856 -0.646250 8.723219 0.198511 -0.079575 0.976863 0.882700 0.067900
43 -4.796768 -0.458501 8.625381 0.196816 0.868121 0.455664 0.871400 0.068000
fight_body.jpg
43 -4.796768 -0.458501 8.625381 0.196816 0.868121 0.455664 0.871400 0.068000
43 -5.467119 -0.441118 8.599405 -0.088889 0.885557 0.455948 0.875400 0.094600
43 -5.413118 -0.739801 8.754996 0.036984 -0.121610 0.991889 0.893400 0.094400
fight_body.jpg
43 -5.467119 -0.441118 8.599405 -0.088889 0.885557 0.455948 0.875400 0.094600
43 -4.796768 -0.458501 8.625381 0.196816 0.868121 0.455664 0.871400 0.068000
43 -4.760562 -0.485473 8.415774 0.325035 0.741694 -0.586721 0.852300 0.068100
fight_body.jpg
43 -4.760562 -0.485473 8.415774 0.325035 0.741694 -0.586721 0.852300 0.068100
43 -5.409474 -0.484065 8.265912 0.083179 0.745989 -0.660743 0.845100 0.094800
43 -5.467119 -0.441118 8.599405 -0.088889 0.885557 0.455948 0.875400 0.094600
fight_body.jpg
43 -5.409474 -0.484065 8.265912 0.083179 0.745989 -0.660743 0.845100 0.094800
43 -4.760562 -0.485473 8.415774 0.325035 0.741694 -0.586721 0.852300 0.068100
43 -4.704200 -0.689923 8.384031 0.392449 -0.340660 -0.854362 0.851900 0.068100
fight_body.jpg
43 -4.704200 -0.689923 8.384031 0.392449 -0.340660 -0.854362 0.851900 0.068100
43 -5.319875 -0.809302 8.215491 0.322667 -0.373716 -0.869610 0.844400 0.094800
43 -5.409474 -0.484065 8.265912 0.083179 0.745989 -0.660743 0.845100 0.094800
fight_body.jpg
43 -5.319875 -0.809302 8.215491 0.322667 -0.373716 -0.869610 0.844400 0.094800
43 -4.704200 -0.689923 8.384031 0.392449 -0.340660 -0.854362 0.851900 0.068100
43 -4.705667 -0.789343 8.573991 0.271853 -0.944970 0.182008 0.870700 0.067900
fight_body.jpg
43 -4.705667 -0.789343 8.573991 0.271853 -0.944970 0.182008 0.870700 0.067900
43 -5.322059 -0.967303 8.517724 0.292962 -0.939195 0.179124 0.874300 0.094500
43 -5.319875 -0.809302 8.215491 0.322667 -0.373716 -0.869610 0.844400 0.094800
fight_body.jpg
43 -5.322059 -0.967303 8.517724 0.292962 -0.939195 0.179124 0.874300 0.094500
43 -4.705667 -0.789343 8.573991 0.271853 -0.944970 0.182008 0.870700 0.067900
43 -4.762856 -0.646250 8.723219 0.198511 -0.079575 0.976863 0.882700 0.067900
fight_body.jpg
43 -4.762856 -0.646250 8.723219 0.198511 -0.079575 0.976863 0.882700 0.067900
43 -5.413118 -0.739801 8.754996 0.036984 -0.121610 0.991889 0.893400 0.094400
43 -5.322059 -0.967303 8.517724 0.292962 -0.939195 0.179124 0.874300 0.094500
fight_body.jpg
43 -4.762856 -0.646250 8.723219 0.198511 -0.079575 0.976863 0.882700 0.067900
43 -4.356571 -0.683435 8.575975 0.988729 -0.121500 0.087476 0.865800 0.052400
43 -4.796768 -0.458501 8.625381 0.196816 0.868121 0.455664 0.871400 0.068000
fight_body.jpg
43 -4.796768 -0.458501 8.625381 0.196816 0.868121 0.455664 0.871400 0.068000
43 -4.356571 -0.683435 8.575975 0.988729 -0.121500 0.087476 0.865800 0.052400
43 -4.760562 -0.485473 8.415774 0.325035 0.741694 -0.586721 0.852300 0.068100
fight_body.jpg
43 -4.760562 -0.485473 8.415774 0.325035 0.741694 -0.586721 0.852300 0.068100
43 -4.356571 -0.683435 8.575975 0.988729 -0.121500 0.087476 0.865800 0.052400
43 -4.704200 -0.689923 8.384031 0.392449 -0.340660 -0.854362 0.851900 0.068100
fight_body.jpg
43 -4.704200 -0.689923 8.384031 0.392449 -0.340660 -0.854362 0.851900 0.068100
43 -4.356571 -0.683435 8.575975 0.988729 -0.121500 0.087476 0.865800 0.052400
43 -4.705667 -0.789343 8.573991 0.271853 -0.944970 0.182008 0.870700 0.067900
fight_body.jpg
43 -4.705667 -0.789343 8.573991 0.271853 -0.944970 0.182008 0.870700 0.067900
43 -4.356571 -0.683435 8.575975 0.988729 -0.121500 0.087476 0.865800 0.052400
43 -4.762856 -0.646250 8.723219 0.198511 -0.079575 0.976863 0.882700 0.067900
fight_body.jpg
43 -6.037288 -0.909275 8.738674 -0.608918 -0.282759 0.741125 0.904300 0.019200
43 -6.104614 -0.536870 8.544616 -0.763827 0.574240 0.294648 0.888300 0.012300
43 -6.032810 -0.590398 8.128898 -0.598528 0.451043 -0.662061 0.876000 0.025400
fight_body.jpg
43 -6.037288 -0.909275 8.738674 -0.608918 -0.282759 0.741125 0.904300 0.019200
43 -6.032810 -0.590398 8.128898 -0.598528 0.451043 -0.662061 0.876000 0.025400
43 -5.921086 -0.995794 8.065990 -0.341450 -0.482059 -0.806865 0.884400 0.040300
fight_body.jpg
43 -5.923814 -1.192850 8.442804 -0.347898 -0.935587 0.060361 0.901900 0.036400
43 -6.037288 -0.909275 8.738674 -0.608918 -0.282759 0.741125 0.904300 0.019200
43 -5.921086 -0.995794 8.065990 -0.341450 -0.482059 -0.806865 0.884400 0.040300
fight_body.jpg
43 -6.168254 0.980889 8.251656 -0.872916 0.104113 0.476632 0.900600 0.120400
43 -5.563797 1.002551 8.481427 -0.327805 0.185503 0.926354 0.893400 0.094400
43 -5.464671 1.242629 8.260403 0.060223 0.979233 0.193586 0.875400 0.094600
fight_body.jpg
43 -5.464671 1.242629 8.260403 0.060223 0.979233 0.193586 0.875400 0.094600
43 -6.044622 1.280314 7.976103 -0.588408 0.793093 -0.157417 0.878100 0.120600
43 -6.168254 0.980889 8.251656 -0.872916 0.104113 0.476632 0.900600 0.120400
fight_body.jpg
43 -6.044622 1.280314 7.976103 -0.588408 0.793093 -0.157417 0.878100 0.120600
43 -5.464671 1.242629 8.260403 0.060223 0.979233 0.193586 0.875400 0.094600
43 -5.319355 1.087091 7.993901 0.529683 0.466834 -0.708168 0.845100 0.094800
fight_body.jpg
43 -5.319355 1.087091 7.993901 0.529683 0.466834 -0.708168 0.845100 0.094800
43 -5.863479 1.086372 7.643848 -0.171513 0.346819 -0.922117 0.840300 0.121000
43 -6.044622 1.280314 7.976103 -0.588408 0.793093 -0.157417 0.878100 0.120600
fight_body.jpg
43 -5.863479 1.086372 7.643848 -0.171513 0.346819 -0.922117 0.840300 0.121000
43 -5.319355 1.087091 7.993901 0.529683 0.466834 -0.708168 0.845100 0.094800
43 -5.328762 0.750849 8.050142 0.447413 -0.686267 -0.573462 0.844400 0.094800
fight_body.jpg
43 -5.328762 0.750849 8.050142 0.447413 -0.686267 -0.573462 0.844400 0.094800
43 -5.875112 0.667092 7.713970 -0.198422 -0.618017 -0.760712 0.839400 0.121000
43 -5.863479 1.086372 7.643848 -0.171513 0.346819 -0.922117 0.840300 0.121000
fight_body.jpg
43 -5.875112 0.667092 7.713970 -0.198422 -0.618017 -0.760712 0.839400 0.121000
43 -5.328762 0.750849 8.050142 0.447413 -0.686267 -0.573462 0.844400 0.094800
43 -5.479845 0.698545 8.351397 -0.101799 -0.878548 0.466681 0.874300 0.094500
fight_body.jpg
43 -5.479845 0.698545 8.351397 -0.101799 -0.878548 0.466681 0.874300 0.094500
43 -6.063539 0.601933 8.089612 -0.631869 -0.768088 0.103834 0.876700 0.120600
43 -5.875112 0.667092 7.713970 -0.198422 -0.618017 -0.760712 0.839400 0.121000
fight_body.jpg
43 -6.063539 0.601933 8.089612 -0.631869 -0.768088 0.103834 0.876700 0.120600
43 -5.479845 0.698545 8.351397 -0.101799 -0.878548 0.466681 0.874300 0.094500
43 -5.563797 1.002551 8.481427 -0.327805 0.185503 0.926354 0.893400 0.094400
fight_body.jpg
43 -5.563797 1.002551 8.481427 -0.327805 0.185503 0.926354 0.893400 0.094400
43 -6.168254 0.980889 8.251656 -0.872916 0.104113 0.476632 0.900600 0.120400
43 -6.063539 0.601933 8.089612 -0.631869 -0.768088 0.103834 0.876700 0.120600
fight_body.jpg
43 -5.563797 1.002551 8.481427 -0.327805 0.185503 0.926354 0.893400 0.094400
43 -4.945206 0.933231 8.693748 -0.165680 0.183399 0.968976 0.882700 0.067900
43 -4.882838 1.084189 8.554866 0.308592 0.898940 0.310932 0.871400 0.068000
fight_body.jpg
43 -4.882838 1.084189 8.554866 0.308592 0.898940 0.310932 0.871400 0.068000
43 -5.464671 1.242629 8.260403 0.060223 0.979233 0.193586 0.875400 0.094600
43 -5.563797 1.002551 8.481427 -0.327805 0.185503 0.926354 0.893400 0.094400
fight_body.jpg
43 -5.464671 1.242629 8.260403 0.060223 0.979233 0.193586 0.875400 0.094600
43 -4.882838 1.084189 8.554866 0.308592 0.898940 0.310932 0.871400 0.068000
43 -4.791513 0.986411 8.387294 0.719254 0.431479 -0.544517 0.852300 0.068100
fight_body.jpg
43 -4.791513 0.986411 8.387294 0.719254 0.431479 -0.544517 0.852300 0.068100
43 -5.319355 1.087091 7.993901 0.529683 0.466834 -0.708168 0.845100 0.094800
43 -5.464671 1.242629 8.260403 0.060223 0.979233 0.193586 0.875400 0.094600
fight_body.jpg
43 -5.319355 1.087091 7.993901 0.529683 0.466834 -0.708168 0.845100 0.094800
43 -4.791513 0.986411 8.387294 0.719254 0.431479 -0.544517 0.852300 0.068100
43 -4.797381 0.774973 8.422663 0.515149 -0.666711 -0.538626 0.851900 0.068100
fight_body.jpg
43 -4.797381 0.774973 8.422663 0.515149 -0.666711 -0.538626 0.851900 0.068100
43 -5.328762 0.750849 8.050142 0.447413 -0.686267 -0.573462 0.844400 0.094800
43 -5.319355 1.087091 7.993901 0.529683 0.466834 -0.708168 0.845100 0.094800
fight_body.jpg
43 -5.328762 0.750849 8.050142 0.447413 -0.686267 -0.573462 0.844400 0.094800
43 -4.797381 0.774973 8.422663 0.515149 -0.666711 -0.538626 0.851900 0.068100
43 -4.892347 0.742150 8.612034 -0.123386 -0.878242 0.462024 0.870700 0.067900
fight_body.jpg
43 -4.892347 0.742150 8.612034 -0.123386 -0.878242 0.462024 0.870700 0.067900
43 -5.479845 0.698545 8.351397 -0.101799 -0.878548 0.466681 0.874300 0.094500
43 -5.328762 0.750849 8.050142 0.447413 -0.686267 -0.573462 0.844400 0.094800
fight_body.jpg
43 -5.479845 0.698545 8.351397 -0.101799 -0.878548 0.466681 0.874300 0.094500
43 -4.892347 0.742150 8.612034 -0.123386 -0.878242 0.462024 0.870700 0.067900
43 -4.945206 0.933231 8.693748 -0.165680 0.183399 0.968976 0.882700 0.067900
fight_body.jpg
43 -4.945206 0.933231 8.693748 -0.165680 0.183399 0.968976 0.882700 0.067900
43 -5.563797 1.002551 8.481427 -0.327805 0.185503 0.926354 0.893400 0.094400
43 -5.479845 0.698545 8.351397 -0.101799 -0.878548 0.466681 0.874300 0.094500
fight_body.jpg
43 -4.945206 0.933231 8.693748 -0.165680 0.183399 0.968976 0.882700 0.067900
43 -4.548478 0.762304 8.731807 0.811230 -0.307097 0.497591 0.865800 0.052400
43 -4.882838 1.084189 8.554866 0.308592 0.898940 0.310932 0.871400 0.068000
fight_body.jpg
43 -4.882838 1.084189 8.554866 0.308592 0.898940 0.310932 0.871400 0.068000
43 -4.548478 0.762304 8.731807 0.811230 -0.307097 0.497591 0.865800 0.052400
43 -4.791513 0.986411 8.387294 0.719254 0.431479 -0.544517 0.852300 0.068100
fight_body.jpg
43 -4.791513 0.986411 8.387294 0.719254 0.431479 -0.544517 0.852300 0.068100
43 -4.548478 0.762304 8.731807 0.811230 -0.307097 0.497591 0.865800 0.052400
43 -4.797381 0.774973 8.422663 0.515149 -0.666711 -0.538626 0.851900 0.068100
fight_body.jpg
43 -4.797381 0.774973 8.422663 0.515149 -0.666711 -0.538626 0.851900 0.068100
43 -4.548478 0.762304 8.731807 0.811230 -0.307097 0.497591 0.865800 0.052400
43 -4.892347 0.742150 8.612034 -0.123386 -0.878242 0.462024 0.870700 0.067900
fight_body.jpg
43 -4.892347 0.742150 8.612034 -0.123386 -0.878242 0.462024 0.870700 0.067900
43 -4.548478 0.762304 8.731807 0.811230 -0.307097 0.497591 0.865800 0.052400
43 -4.945206 0.933231 8.693748 -0.165680 0.183399 0.968976 0.882700 0.067900
fight_body.jpg
43 -6.168254 0.980889 8.251656 -0.872916 0.104113 0.476632 0.904300 0.019200
43 -6.044622 1.280314 7.976103 -0.588408 0.793093 -0.157417 0.888300 0.012300
43 -5.863479 1.086372 7.643848 -0.171513 0.346819 -0.922117 0.876000 0.025400
fight_body.jpg
43 -6.168254 0.980889 8.251656 -0.872916 0.104113 0.476632 0.904300 0.019200
43 -5.863479 1.086372 7.643848 -0.171513 0.346819 -0.922117 0.876000 0.025400
43 -5.875112 0.667092 7.713970 -0.198422 -0.618017 -0.760712 0.884400 0.040300
fight_body.jpg
43 -6.063539 0.601933 8.089612 -0.631869 -0.768088 0.103834 0.901900 0.036400
43 -6.168254 0.980889 8.251656 -0.872916 0.104113 0.476632 0.904300 0.019200
43 -5.875112 0.667092 7.713970 -0.198422 -0.618017 -0.760712 0.884400 0.040300
fight_body.jpg
43 -5.283442 -2.726080 7.944141 -0.302720 -0.606096 0.735532 0.900600 0.120400
43 -4.771585 -2.331616 7.914502 0.250411 -0.267101 0.930565 0.893400 0.094400
43 -4.959136 -2.057775 7.836170 -0.315154 0.702703 0.637877 0.875400 0.094600
fight_body.jpg
43 -4.959136 -2.057775 7.836170 -0.315154 0.702703 0.637877 0.875400 0.094600
43 -5.517355 -2.384629 7.846405 -0.840830 0.179780 0.510572 0.878100 0.120600
43 -5.283442 -2.726080 7.944141 -0.302720 -0.606096 0.735532 0.900600 0.120400
fight_body.jpg
43 -5.517355 -2.384629 7.846405 -0.840830 0.179780 0.510572 0.878100 0.120600
43 -4.959136 -2.057775 7.836170 -0.315154 0.702703 0.637877 0.875400 0.094600
43 -4.959479 -2.023848 7.496707 -0.301354 0.817932 -0.490075 0.845100 0.094800
fight_body.jpg
43 -4.959479 -2.023848 7.496707 -0.301354 0.817932 -0.490075 0.845100 0.094800
43 -5.517737 -2.342489 7.423304 -0.841895 0.276856 -0.463210 0.840300 0.121000
43 -5.517355 -2.384629 7.846405 -0.840830 0.179780 0.510572 0.878100 0.120600
fight_body.jpg
43 -5.517737 -2.342489 7.423304 -0.841895 0.276856 -0.463210 0.840300 0.121000
43 -4.959479 -2.023848 7.496707 -0.301354 0.817932 -0.490075 0.845100 0.094800
43 -4.772124 -2.276860 7.365341 0.269867 -0.059757 -0.961042 0.844400 0.094800
fight_body.jpg
43 -4.772124 -2.276860 7.365341 0.269867 -0.059757 -0.961042 0.844400 0.094800
43 -5.284219 -2.657852 7.259515 -0.304382 -0.448907 -0.840139 0.839400 0.121000
43 -5.517737 -2.342489 7.423304 -0.841895 0.276856 -0.463210 0.840300 0.121000
fight_body.jpg
43 -5.284219 -2.657852 7.259515 -0.304382 -0.448907 -0.840139 0.839400 0.121000
43 -4.772124 -2.276860 7.365341 0.269867 -0.059757 -0.961042 0.844400 0.094800
43 -4.656022 -2.467066 7.623549 0.628771 -0.773105 -0.083403 0.874300 0.094500
fight_body.jpg
43 -4.656022 -2.467066 7.623549 0.628771 -0.773105 -0.083403 0.874300 0.094500
43 -5.139440 -2.894963 7.581498 0.028895 -0.994645 -0.099233 0.876700 0.120600
43 -5.284219 -2.657852 7.259515 -0.304382 -0.448907 -0.840139 0.839400 0.121000
fight_body.jpg
43 -5.139440 -2.894963 7.581498 0.028895 -0.994645 -0.099233 0.876700 0.120600
43 -4.656022 -2.467066 7.623549 0.628771 -0.773105 -0.083403 0.874300 0.094500
43 -4.771585 -2.331616 7.914502 0.250411 -0.267101 0.930565 0.893400 0.094400
fight_body.jpg
43 -4.771585 -2.331616 7.914502 0.250411 -0.267101 0.930565 0.893400 0.094400
43 -5.283442 -2.726080 7.944141 -0.302720 -0.606096 0.735532 0.900600 0.120400
43 -5.139440 -2.894963 7.581498 0.028895 -0.994645 -0.099233 0.876700 0.120600
fight_body.jpg
43 -4.771585 -2.331616 7.914502 0.250411 -0.267101 0.930565 0.893400 0.094400
43 -4.203989 -2.002849 7.864076 0.315798 -0.205803 0.926238 0.882700 0.067900
43 -4.321894 -1.830675 7.814749 -0.062090 0.787366 0.613351 0.871400 0.068000
fight_body.jpg
43 -4.321894 -1.830675 7.814749 -0.062090 0.787366 0.613351 0.871400 0.068000
43 -4.959136 -2.057775 7.836170 -0.315154 0.702703 0.637877 0.875400 0.094600
43 -4.771585 -2.331616 7.914502 0.250411 -0.267101 0.930565 0.893400 0.094400
fight_body.jpg
43 -4.959136 -2.057775 7.836170 -0.315154 0.702703 0.637877 0.875400 0.094600
43 -4.321894 -1.830675 7.814749 -0.062090 0.787366 0.613351 0.871400 0.068000
43 -4.322181 -1.809364 7.601347 -0.031567 0.900721 -0.433250 0.852300 0.068100
fight_body.jpg
43 -4.322181 -1.809364 7.601347 -0.031567 0.900721 -0.433250 0.852300 0.068100
43 -4.959479 -2.023848 7.496707 -0.301354 0.817932 -0.490075 0.845100 0.094800
43 -4.959136 -2.057775 7.836170 -0.315154 0.702703 0.637877 0.875400 0.094600
fight_body.jpg
43 -4.959479 -2.023848 7.496707 -0.301354 0.817932 -0.490075 0.845100 0.094800
43 -4.322181 -1.809364 7.601347 -0.031567 0.900721 -0.433250 0.852300 0.068100
43 -4.204421 -1.968448 7.518811 0.380594 0.021615 -0.924490 0.851900 0.068100
fight_body.jpg
43 -4.204421 -1.968448 7.518811 0.380594 0.021615 -0.924490 0.851900 0.068100
43 -4.772124 -2.276860 7.365341 0.269867 -0.059757 -0.961042 0.844400 0.094800
43 -4.959479 -2.023848 7.496707 -0.301354 0.817932 -0.490075 0.845100 0.094800
fight_body.jpg
43 -4.772124 -2.276860 7.365341 0.269867 -0.059757 -0.961042 0.844400 0.094800
43 -4.204421 -1.968448 7.518811 0.380594 0.021615 -0.924490 0.851900 0.068100
43 -4.131334 -2.087998 7.681108 0.584347 -0.806682 -0.088329 0.870700 0.067900
fight_body.jpg
43 -4.131334 -2.087998 7.681108 0.584347 -0.806682 -0.088329 0.870700 0.067900
43 -4.656022 -2.467066 7.623549 0.628771 -0.773105 -0.083403 0.874300 0.094500
43 -4.772124 -2.276860 7.365341 0.269867 -0.059757 -0.961042 0.844400 0.094800
fight_body.jpg
43 -4.656022 -2.467066 7.623549 0.628771 -0.773105 -0.083403 0.874300 0.094500
43 -4.131334 -2.087998 7.681108 0.584347 -0.806682 -0.088329 0.870700 0.067900
43 -4.203989 -2.002849 7.864076 0.315798 -0.205803 0.926238 0.882700 0.067900
fight_body.jpg
43 -4.203989 -2.002849 7.864076 0.315798 -0.205803 0.926238 0.882700 0.067900
43 -4.771585 -2.331616 7.914502 0.250411 -0.267101 0.930565 0.893400 0.094400
43 -4.656022 -2.467066 7.623549 0.628771 -0.773105 -0.083403 0.874300 0.094500
fight_body.jpg
43 -4.203989 -2.002849 7.864076 0.315798 -0.205803 0.926238 0.882700 0.067900
43 -3.828825 -1.877380 7.728018 0.975943 0.204446 0.075740 0.865800 0.052400
43 -4.321894 -1.830675 7.814749 -0.062090 0.787366 0.613351 0.871400 0.068000
fight_body.jpg
43 -4.321894 -1.830675 7.814749 -0.062090 0.787366 0.613351 0.871400 0.068000
43 -3.828825 -1.877380 7.728018 0.975943 0.204446 0.075740 0.865800 0.052400
43 -4.322181 -1.809364 7.601347 -0.031567 0.900721 -0.433250 0.852300 0.068100
fight_body.jpg
43 -4.322181 -1.809364 7.601347 -0.031567 0.900721 -0.433250 0.852300 0.068100
43 -3.828825 -1.877380 7.728018 0.975943 0.204446 0.075740 0.865800 0.052400
43 -4.204421 -1.968448 7.518811 0.380594 0.021615 -0.924490 0.851900 0.068100
fight_body.jpg
43 -4.204421 -1.968448 7.518811 0.380594 0.021615 -0.924490 0.851900 0.068100
43 -3.828825 -1.877380 7.728018 0.975943 0.204446 0.075740 0.865800 0.052400
43 -4.131334 -2.087998 7.681108 0.584347 -0.806682 -0.088329 0.870700 0.067900
fight_body.jpg
43 -4.131334 -2.087998 7.681108 0.584347 -0.806682 -0.088329 0.870700 0.067900
43 -3.828825 -1.877380 7.728018 0.975943 0.204446 0.075740 0.865800 0.052400
43 -4.203989 -2.002849 7.864076 0.315798 -0.205803 0.926238 0.882700 0.067900
fight_body.jpg
43 -5.283442 -2.726080 7.944141 -0.302720 -0.606096 0.735532 0.904300 0.019200
43 -5.517355 -2.384629 7.846405 -0.840830 0.179780 0.510572 0.888300 0.012300
43 -5.517737 -2.342489 7.423304 -0.841895 0.276856 -0.463210 0.876000 0.025400
fight_body.jpg
43 -5.283442 -2.726080 7.944141 -0.302720 -0.606096 0.735532 0.904300 0.019200
43 -5.517737 -2.342489 7.423304 -0.841895 0.276856 -0.463210 0.876000 0.025400
43 -5.284219 -2.657852 7.259515 -0.304382 -0.448907 -0.840139 0.884400 0.040300
fight_body.jpg
43 -5.139440 -2.894963 7.581498 0.028895 -0.994645 -0.099233 0.901900 0.036400
43 -5.283442 -2.726080 7.944141 -0.302720 -0.606096 0.735532 0.904300 0.019200
43 -5.284219 -2.657852 7.259515 -0.304382 -0.448907 -0.840139 0.884400 0.040300
fight_body.jpg
5 2.804986 1.065748 8.705118 0.874024 -0.030656 0.484915 0.955000 0.184300
37 3.168375 1.187298 8.348853 0.715070 -0.181771 0.675007 0.981000 0.183200
37 2.711396 2.089003 9.059701 0.805166 0.053634 0.590620 0.980000 0.232300
fight_body.jpg
37 2.711396 2.089003 9.059701 0.805166 0.053634 0.590620 0.980000 0.232300
5 2.462391 2.005591 9.424212 0.870795 0.236902 0.430805 0.954200 0.237100
5 2.804986 1.065748 8.705118 0.874024 -0.030656 0.484915 0.955000 0.184300
fight_body.jpg
5 -1.078051 3.174530 10.009058 -0.230619 0.689755 0.686333 0.920200 0.342500
5 0.298760 3.484141 10.055386 -0.055000 0.687933 0.723687 0.920200 0.324100
5 0.549367 3.566731 9.276278 -0.056112 0.985646 0.159227 0.955200 0.320800
fight_body.jpg
5 0.549367 3.566731 9.276278 -0.056112 0.985646 0.159227 0.955200 0.320800
5 0.975809 3.707053 8.892447 0.034890 0.930129 0.365573 0.981200 0.315100
5 -1.069730 3.177547 8.652943 -0.238032 0.971186 0.011741 0.980800 0.342500
fight_body.jpg
5 -1.078051 3.174530 10.009058 -0.230619 0.689755 0.686333 0.920200 0.342500
5 0.549367 3.566731 9.276278 -0.056112 0.985646 0.159227 0.955200 0.320800
5 -1.069730 3.177547 8.652943 -0.238032 0.971186 0.011741 0.980800 0.342500
fight_body.jpg
5 2.462391 2.005591 9.424212 0.870795 0.236902 0.430805 0.954200 0.237100
37 2.711396 2.089003 9.059701 0.805166 0.053634 0.590620 0.980000 0.232300
5 2.061203 3.320804 9.207639 0.503171 0.586643 0.634562 0.980000 0.281900
fight_body.jpg
5 2.061203 3.320804 9.207639 0.503171 0.586643 0.634562 0.980000 0.281900
5 1.696461 3.200783 9.591694 0.508185 0.749977 0.423418 0.954200 0.286800
5 2.462391 2.005591 9.424212 0.870795 0.236902 0.430805 0.954200 0.237100
fight_body.jpg
5 1.696461 3.200783 9.591694 0.508185 0.749977 0.423418 0.954200 0.286800
5 2.061203 3.320804 9.207639 0.503171 0.586643 0.634562 0.980000 0.281900
5 0.975809 3.707053 8.892447 0.034890 0.930129 0.365573 0.981200 0.315100
fight_body.jpg
5 0.975809 3.707053 8.892447 0.034890 0.930129 0.365573 0.981200 0.315100
5 0.549367 3.566731 9.276278 -0.056112 0.985646 0.159227 0.955200 0.320800
5 1.696461 3.200783 9.591694 0.508185 0.749977 0.423418 0.954200 0.286800
fight_body.jpg
5 3.167542 -0.220744 7.954870 0.865955 -0.107742 0.488378 0.954300 0.123000
5 3.593984 -0.080422 7.571039 0.704655 -0.277186 0.653169 0.980200 0.124300
37 3.168375 1.187298 8.348853 0.715070 -0.181771 0.675007 0.981000 0.183200
fight_body.jpg
37 3.168375 1.187298 8.348853 0.715070 -0.181771 0.675007 0.981000 0.183200
5 2.804986 1.065748 8.705118 0.874024 -0.030656 0.484915 0.955000 0.184300
5 3.167542 -0.220744 7.954870 0.865955 -0.107742 0.488378 0.954300 0.123000
fight_body.jpg
5 3.374727 -1.655463 6.983105 0.398010 -0.912046 0.098795 0.954200 0.061200
5 3.757098 -1.529590 6.480855 0.330196 -0.943893 0.006111 0.981300 0.060800
5 3.593984 -0.080422 7.571039 0.704655 -0.277186 0.653169 0.980200 0.124300
fight_body.jpg
5 3.593984 -0.080422 7.571039 0.704655 -0.277186 0.653169 0.980200 0.124300
5 3.167542 -0.220744 7.954870 0.865955 -0.107742 0.488378 0.954300 0.123000
5 3.374727 -1.655463 6.983105 0.398010 -0.912046 0.098795 0.954200 0.061200
fight_body.jpg
5 2.624528 1.018102 9.407399 0.526108 -0.344009 0.777733 0.920200 0.186900
5 2.804986 1.065748 8.705118 0.874024 -0.030656 0.484915 0.955000 0.184300
5 2.462391 2.005591 9.424212 0.870795 0.236902 0.430805 0.954200 0.237100
fight_body.jpg
5 2.462391 2.005591 9.424212 0.870795 0.236902 0.430805 0.954200 0.237100
5 2.300898 1.952410 9.989552 0.495731 -0.053488 0.866827 0.920200 0.239200
5 2.624528 1.018102 9.407399 0.526108 -0.344009 0.777733 0.920200 0.186900
fight_body.jpg
5 2.300898 1.952410 9.989552 0.495731 -0.053488 0.866827 0.920200 0.239200
5 2.462391 2.005591 9.424212 0.870795 0.236902 0.430805 0.954200 0.237100
5 1.696461 3.200783 9.591694 0.508185 0.749977 0.423418 0.954200 0.286800
fight_body.jpg
5 1.696461 3.200783 9.591694 0.508185 0.749977 0.423418 0.954200 0.286800
5 1.542968 3.150203 10.157140 0.334726 0.469897 0.816796 0.920200 0.288900
5 2.300898 1.952410 9.989552 0.495731 -0.053488 0.866827 0.920200 0.239200
fight_body.jpg
5 1.542968 3.150203 10.157140 0.334726 0.469897 0.816796 0.920200 0.288900
5 1.696461 3.200783 9.591694 0.508185 0.749977 0.423418 0.954200 0.286800
5 0.549367 3.566731 9.276278 -0.056112 0.985646 0.159227 0.955200 0.320800
fight_body.jpg
5 0.549367 3.566731 9.276278 -0.056112 0.985646 0.159227 0.955200 0.320800
5 0.298760 3.484141 10.055386 -0.055000 0.687933 0.723687 0.920200 0.324100
5 1.542968 3.150203 10.157140 0.334726 0.469897 0.816796 0.920200 0.288900
fight_body.jpg
5 3.006149 -0.273924 8.520210 0.500877 -0.360558 0.786842 0.920200 0.125200
5 3.167542 -0.220744 7.954870 0.865955 -0.107742 0.488378 0.954300 0.123000
5 2.804986 1.065748 8.705118 0.874024 -0.030656 0.484915 0.955000 0.184300
fight_body.jpg
5 2.804986 1.065748 8.705118 0.874024 -0.030656 0.484915 0.955000 0.184300
5 2.624528 1.018102 9.407399 0.526108 -0.344009 0.777733 0.920200 0.186900
5 3.006149 -0.273924 8.520210 0.500877 -0.360558 0.786842 0.920200 0.125200
fight_body.jpg
5 3.257229 -1.694211 7.706367 0.464760 -0.734337 0.494720 0.919300 0.061800
5 3.374727 -1.655463 6.983105 0.398010 -0.912046 0.098795 0.954200 0.061200
5 3.167542 -0.220744 7.954870 0.865955 -0.107742 0.488378 0.954300 0.123000
fight_body.jpg
5 3.167542 -0.220744 7.954870 0.865955 -0.107742 0.488378 0.954300 0.123000
5 3.006149 -0.273924 8.520210 0.500877 -0.360558 0.786842 0.920200 0.125200
5 3.257229 -1.694211 7.706367 0.464760 -0.734337 0.494720 0.919300 0.061800
fight_body.jpg
37 2.639266 2.094094 8.971237 -0.809948 0.010487 -0.586407 0.851400 0.244900
37 3.105803 1.217131 8.075290 -0.709618 0.224313 -0.667926 0.850600 0.275500
5 2.711979 1.076565 8.449585 -0.880958 0.065130 -0.468691 0.867300 0.268200
fight_body.jpg
5 2.711979 1.076565 8.449585 -0.880958 0.065130 -0.468691 0.867300 0.268200
5 2.371018 1.985587 9.358425 -0.876970 -0.221074 -0.426674 0.867900 0.239000
37 2.639266 2.094094 8.971237 -0.809948 0.010487 -0.586407 0.851400 0.244900
fight_body.jpg
5 0.554308 3.454632 9.255107 0.056217 -0.985020 -0.163022 0.867300 0.168300
5 0.301788 3.370874 10.041117 -0.024096 -0.740085 0.672082 0.890200 0.164100
5 -1.042349 3.065924 10.008030 0.214823 -0.665502 0.714813 0.890200 0.141800
fight_body.jpg
5 0.554308 3.454632 9.255107 0.056217 -0.985020 -0.163022 0.867300 0.168300
5 -1.042349 3.065924 10.008030 0.214823 -0.665502 0.714813 0.890200 0.141800
5 -1.042627 3.066539 8.651609 0.241135 -0.970390 -0.014038 0.851100 0.141700
fight_body.jpg
5 0.554308 3.454632 9.255107 0.056217 -0.985020 -0.163022 0.867300 0.168300
5 -1.042627 3.066539 8.651609 0.241135 -0.970390 -0.014038 0.851100 0.141700
5 0.971194 3.601549 8.848727 -0.030496 -0.931859 -0.361536 0.850600 0.175200
fight_body.jpg
5 2.008559 3.259728 9.126719 -0.501404 -0.590070 -0.632780 0.851500 0.206000
37 2.639266 2.094094 8.971237 -0.809948 0.010487 -0.586407 0.851400 0.244900
5 2.371018 1.985587 9.358425 -0.876970 -0.221074 -0.426674 0.867900 0.239000
fight_body.jpg
5 2.371018 1.985587 9.358425 -0.876970 -0.221074 -0.426674 0.867900 0.239000
5 1.640873 3.119515 9.533863 -0.507954 -0.747465 -0.428111 0.868100 0.200100
5 2.008559 3.259728 9.126719 -0.501404 -0.590070 -0.632780 0.851500 0.206000
fight_body.jpg
5 0.971194 3.601549 8.848727 -0.030496 -0.931859 -0.361536 0.850600 0.175200
5 2.008559 3.259728 9.126719 -0.501404 -0.590070 -0.632780 0.851500 0.206000
5 1.640873 3.119515 9.533863 -0.507954 -0.747465 -0.428111 0.868100 0.200100
fight_body.jpg
5 1.640873 3.119515 9.533863 -0.507954 -0.747465 -0.428111 0.868100 0.200100
5 0.554308 3.454632 9.255107 0.056217 -0.985020 -0.163022 0.867300 0.168300
5 0.971194 3.601549 8.848727 -0.030496 -0.931859 -0.361536 0.850600 0.175200
fight_body.jpg
37 3.105803 1.217131 8.075290 -0.709618 0.224313 -0.667926 0.850600 0.275500
5 3.515496 -0.043147 7.306511 -0.708906 0.235122 -0.664958 0.851200 0.312200
5 3.074228 -0.196808 7.703475 -0.874043 0.080982 -0.479053 0.867800 0.304900
fight_body.jpg
5 3.074228 -0.196808 7.703475 -0.874043 0.080982 -0.479053 0.867800 0.304900
5 2.711979 1.076565 8.449585 -0.880958 0.065130 -0.468691 0.867300 0.268200
37 3.105803 1.217131 8.075290 -0.709618 0.224313 -0.667926 0.850600 0.275500
fight_body.jpg
5 3.515496 -0.043147 7.306511 -0.708906 0.235122 -0.664958 0.851200 0.312200
5 3.672419 -1.485479 6.418186 -0.621034 -0.496319 -0.606616 0.850100 0.345200
5 3.280531 -1.619611 6.929156 -0.736603 -0.501392 -0.453895 0.867200 0.338700
fight_body.jpg
5 3.280531 -1.619611 6.929156 -0.736603 -0.501392 -0.453895 0.867200 0.338700
5 3.074228 -0.196808 7.703475 -0.874043 0.080982 -0.479053 0.867800 0.304900
5 3.515496 -0.043147 7.306511 -0.708906 0.235122 -0.664958 0.851200 0.312200
fight_body.jpg
5 2.371018 1.985587 9.358425 -0.876970 -0.221074 -0.426674 0.867900 0.239000
5 2.711979 1.076565 8.449585 -0.880958 0.065130 -0.468691 0.867300 0.268200
5 2.519814 1.009194 9.362536 -0.800657 -0.483950 0.353188 0.890100 0.265100
fight_body.jpg
5 2.519814 1.009194 9.362536 -0.800657 -0.483950 0.353188 0.890100 0.265100
5 2.203387 1.914298 9.943740 -0.696313 -0.548171 0.463312 0.890100 0.236600
5 2.371018 1.985587 9.358425 -0.876970 -0.221074 -0.426674 0.867900 0.239000
fight_body.jpg
5 1.640873 3.119515 9.533863 -0.507954 -0.747465 -0.428111 0.868100 0.200100
5 2.371018 1.985587 9.358425 -0.876970 -0.221074 -0.426674 0.867900 0.239000
5 2.203387 1.914298 9.943740 -0.696313 -0.548171 0.463312 0.890100 0.236600
fight_body.jpg
5 2.203387 1.914298 9.943740 -0.696313 -0.548171 0.463312 0.890100 0.236600
5 1.482440 3.060829 10.119637 -0.444937 -0.671853 0.592153 0.890100 0.197600
5 1.640873 3.119515 9.533863 -0.507954 -0.747465 -0.428111 0.868100 0.200100
fight_body.jpg
5 0.554308 3.454632 9.255107 0.056217 -0.985020 -0.163022 0.867300 0.168300
5 1.640873 3.119515 9.533863 -0.507954 -0.747465 -0.428111 0.868100 0.200100
5 1.482440 3.060829 10.119637 -0.444937 -0.671853 0.592153 0.890100 0.197600
fight_body.jpg
5 1.482440 3.060829 10.119637 -0.444937 -0.671853 0.592153 0.890100 0.197600
5 0.301788 3.370874 10.041117 -0.024096 -0.740085 0.672082 0.890200 0.164100
5 0.554308 3.454632 9.255107 0.056217 -0.985020 -0.163022 0.867300 0.168300
fight_body.jpg
5 2.711979 1.076565 8.449585 -0.880958 0.065130 -0.468691 0.867300 0.268200
5 3.074228 -0.196808 7.703475 -0.874043 0.080982 -0.479053 0.867800 0.304900
5 2.900533 -0.268524 8.476982 -0.840535 -0.424232 0.336939 0.890100 0.302300
fight_body.jpg
5 2.900533 -0.268524 8.476982 -0.840535 -0.424232 0.336939 0.890100 0.302300
5 2.519814 1.009194 9.362536 -0.800657 -0.483950 0.353188 0.890100 0.265100
5 2.711979 1.076565 8.449585 -0.880958 0.065130 -0.468691 0.867300 0.268200
fight_body.jpg
5 3.074228 -0.196808 7.703475 -0.874043 0.080982 -0.479053 0.867800 0.304900
5 3.280531 -1.619611 6.929156 -0.736603 -0.501392 -0.453895 0.867200 0.338700
5 3.150096 -1.674971 7.671770 -0.717711 -0.665265 0.205702 0.890100 0.336700
fight_body.jpg
5 3.150096 -1.674971 7.671770 -0.717711 -0.665265 0.205702 0.890100 0.336700
5 2.900533 -0.268524 8.476982 -0.840535 -0.424232 0.336939 0.890100 0.302300
5 3.074228 -0.196808 7.703475 -0.874043 0.080982 -0.479053 0.867800 0.304900
fight_body.jpg
5 -1.042349 3.065924 10.008030 0.214823 -0.665502 0.714813 0.912300 0.342500
5 0.301788 3.370874 10.041117 -0.024096 -0.740085 0.672082 0.912300 0.323100
5 0.298760 3.484141 10.055386 -0.055000 0.687933 0.723687 0.920200 0.324100
fight_body.jpg
5 0.298760 3.484141 10.055386 -0.055000 0.687933 0.723687 0.920200 0.324100
5 -1.078051 3.174530 10.009058 -0.230619 0.689755 0.686333 0.920200 0.342500
5 -1.042349 3.065924 10.008030 0.214823 -0.665502 0.714813 0.912300 0.342500
fight_body.jpg
5 3.280531 -1.619611 6.929156 -0.736603 -0.501392 -0.453895 0.954800 0.052600
5 3.672419 -1.485479 6.418186 -0.621034 -0.496319 -0.606616 0.982000 0.053100
5 3.757098 -1.529590 6.480855 0.330196 -0.943893 0.006111 0.981300 0.060800
fight_body.jpg
5 3.757098 -1.529590 6.480855 0.330196 -0.943893 0.006111 0.981300 0.060800
5 3.374727 -1.655463 6.983105 0.398010 -0.912046 0.098795 0.954200 0.061200
5 3.280531 -1.619611 6.929156 -0.736603 -0.501392 -0.453895 0.954800 0.052600
fight_body.jpg
5 2.203387 1.914298 9.943740 -0.696313 -0.548171 0.463312 0.912300 0.238200
5 2.519814 1.009194 9.362536 -0.800657 -0.483950 0.353188 0.912300 0.186400
5 2.624528 1.018102 9.407399 0.526108 -0.344009 0.777733 0.920200 0.186900
fight_body.jpg
5 2.624528 1.018102 9.407399 0.526108 -0.344009 0.777733 0.920200 0.186900
5 2.300898 1.952410 9.989552 0.495731 -0.053488 0.866827 0.920200 0.239200
5 2.203387 1.914298 9.943740 -0.696313 -0.548171 0.463312 0.912300 0.238200
fight_body.jpg
5 1.482440 3.060829 10.119637 -0.444937 -0.671853 0.592153 0.912300 0.286400
5 2.203387 1.914298 9.943740 -0.696313 -0.548171 0.463312 0.912300 0.238200
5 2.300898 1.952410 9.989552 0.495731 -0.053488 0.866827 0.920200 0.239200
fight_body.jpg
5 2.300898 1.952410 9.989552 0.495731 -0.053488 0.866827 0.920200 0.239200
5 1.542968 3.150203 10.157140 0.334726 0.469897 0.816796 0.920200 0.288900
5 1.482440 3.060829 10.119637 -0.444937 -0.671853 0.592153 0.912300 0.286400
fight_body.jpg
5 0.301788 3.370874 10.041117 -0.024096 -0.740085 0.672082 0.912300 0.323100
5 1.482440 3.060829 10.119637 -0.444937 -0.671853 0.592153 0.912300 0.286400
5 1.542968 3.150203 10.157140 0.334726 0.469897 0.816796 0.920200 0.288900
fight_body.jpg
5 1.542968 3.150203 10.157140 0.334726 0.469897 0.816796 0.920200 0.288900
5 0.298760 3.484141 10.055386 -0.055000 0.687933 0.723687 0.920200 0.324100
5 0.301788 3.370874 10.041117 -0.024096 -0.740085 0.672082 0.912300 0.323100
fight_body.jpg
5 2.519814 1.009194 9.362536 -0.800657 -0.483950 0.353188 0.912300 0.186400
5 2.900533 -0.268524 8.476982 -0.840535 -0.424232 0.336939 0.912300 0.125000
5 3.006149 -0.273924 8.520210 0.500877 -0.360558 0.786842 0.920200 0.125200
fight_body.jpg
5 3.006149 -0.273924 8.520210 0.500877 -0.360558 0.786842 0.920200 0.125200
5 2.624528 1.018102 9.407399 0.526108 -0.344009 0.777733 0.920200 0.186900
5 2.519814 1.009194 9.362536 -0.800657 -0.483950 0.353188 0.912300 0.186400
fight_body.jpg
5 2.900533 -0.268524 8.476982 -0.840535 -0.424232 0.336939 0.912300 0.125000
5 3.150096 -1.674971 7.671770 -0.717711 -0.665265 0.205702 0.913000 0.053200
5 3.257229 -1.694211 7.706367 0.464760 -0.734337 0.494720 0.919300 0.061800
fight_body.jpg
5 3.257229 -1.694211 7.706367 0.464760 -0.734337 0.494720 0.919300 0.061800
5 3.006149 -0.273924 8.520210 0.500877 -0.360558 0.786842 0.920200 0.125200
5 2.900533 -0.268524 8.476982 -0.840535 -0.424232 0.336939 0.912300 0.125000
fight_body.jpg
5 3.150096 -1.674971 7.671770 -0.717711 -0.665265 0.205702 0.913000 0.053200
5 3.280531 -1.619611 6.929156 -0.736603 -0.501392 -0.453895 0.954800 0.052600
5 3.374727 -1.655463 6.983105 0.398010 -0.912046 0.098795 0.954200 0.061200
fight_body.jpg
5 3.374727 -1.655463 6.983105 0.398010 -0.912046 0.098795 0.954200 0.061200
5 3.257229 -1.694211 7.706367 0.464760 -0.734337 0.494720 0.919300 0.061800
5 3.150096 -1.674971 7.671770 -0.717711 -0.665265 0.205702 0.913000 0.053200
fight_body.jpg
5 -2.938654 -0.822696 8.672764 -0.680818 -0.550956 0.482633 0.955000 0.184300
5 -3.227949 0.134649 9.392178 -0.841779 -0.317791 0.436369 0.954200 0.237100
43 -3.512927 0.042018 9.018051 -0.652080 -0.426376 0.626893 0.980000 0.232300
fight_body.jpg
43 -3.512927 0.042018 9.018051 -0.652080 -0.426376 0.626893 0.980000 0.232300
43 -3.322139 -0.947409 8.302595 -0.459091 -0.577962 0.674682 0.981000 0.183200
5 -2.938654 -0.822696 8.672764 -0.680818 -0.550956 0.482633 0.955000 0.184300
fight_body.jpg
5 -1.072730 3.176547 8.652943 -0.384933 0.922879 0.010981 0.980800 0.342500
5 -3.035850 2.388052 8.869902 -0.591504 0.724868 0.353113 0.981200 0.315100
5 -2.613200 2.526952 9.258481 -0.541382 0.826098 0.156421 0.955200 0.320800
fight_body.jpg
5 -1.078051 3.174530 10.009058 -0.230619 0.689755 0.686333 0.920200 0.342500
5 -1.072730 3.176547 8.652943 -0.384933 0.922879 0.010981 0.980800 0.342500
5 -2.613200 2.526952 9.258481 -0.541382 0.826098 0.156421 0.955200 0.320800
fight_body.jpg
5 -1.078051 3.174530 10.009058 -0.230619 0.689755 0.686333 0.920200 0.342500
5 -2.613200 2.526952 9.258481 -0.541382 0.826098 0.156421 0.955200 0.320800
5 -2.370412 2.606575 10.040392 -0.371302 0.583958 0.721892 0.920200 0.324100
fight_body.jpg
5 -3.227949 0.134649 9.392178 -0.841779 -0.317791 0.436369 0.954200 0.237100
5 -3.322487 1.550658 9.563537 -0.879923 0.286958 0.378669 0.954200 0.286800
43 -3.605338 1.457765 9.175813 -0.813233 0.182858 0.552462 0.980000 0.281900
fight_body.jpg
43 -3.605338 1.457765 9.175813 -0.813233 0.182858 0.552462 0.980000 0.281900
43 -3.512927 0.042018 9.018051 -0.652080 -0.426376 0.626893 0.980000 0.232300
5 -3.227949 0.134649 9.392178 -0.841779 -0.317791 0.436369 0.954200 0.237100
fight_body.jpg
5 -3.322487 1.550658 9.563537 -0.879923 0.286958 0.378669 0.954200 0.286800
5 -2.613200 2.526952 9.258481 -0.541382 0.826098 0.156421 0.955200 0.320800
5 -3.035850 2.388052 8.869902 -0.591504 0.724868 0.353113 0.981200 0.315100
fight_body.jpg
5 -3.035850 2.388052 8.869902 -0.591504 0.724868 0.353113 0.981200 0.315100
43 -3.605338 1.457765 9.175813 -0.813233 0.182858 0.552462 0.980000 0.281900
5 -3.322487 1.550658 9.563537 -0.879923 0.286958 0.378669 0.954200 0.286800
fight_body.jpg
5 -2.459499 -2.070884 7.923163 -0.636741 -0.603393 0.480081 0.954300 0.123000
5 -2.938654 -0.822696 8.672764 -0.680818 -0.550956 0.482633 0.955000 0.184300
43 -3.322139 -0.947409 8.302595 -0.459091 -0.577962 0.674682 0.981000 0.183200
fight_body.jpg
43 -3.322139 -0.947409 8.302595 -0.459091 -0.577962 0.674682 0.981000 0.183200
5 -2.882048 -2.209684 7.534585 -0.408268 -0.644643 0.646338 0.980200 0.124300
5 -2.459499 -2.070884 7.923163 -0.636741 -0.603393 0.480081 0.954300 0.123000
fight_body.jpg
5 -1.765019 -3.345290 6.954198 0.219925 -0.970599 0.097827 0.954200 0.061200
5 -2.459499 -2.070884 7.923163 -0.636741 -0.603393 0.480081 0.954300 0.123000
5 -2.882048 -2.209684 7.534585 -0.408268 -0.644643 0.646338 0.980200 0.124300
fight_body.jpg
5 -2.882048 -2.209684 7.534585 -0.408268 -0.644643 0.646338 0.980200 0.124300
5 -2.142340 -3.469236 6.447737 0.294297 -0.955696 0.005897 0.981300 0.060800
5 -1.765019 -3.345290 6.954198 0.219925 -0.970599 0.097827 0.954200 0.061200
fight_body.jpg
5 -2.772316 -0.756233 9.376986 -0.227202 -0.591747 0.773444 0.920200 0.186900
5 -3.072146 0.185776 9.959349 -0.375966 -0.340109 0.861960 0.920200 0.239200
5 -3.227949 0.134649 9.392178 -0.841779 -0.317791 0.436369 0.954200 0.237100
fight_body.jpg
5 -3.227949 0.134649 9.392178 -0.841779 -0.317791 0.436369 0.954200 0.237100
5 -2.938654 -0.822696 8.672764 -0.680818 -0.550956 0.482633 0.955000 0.184300
5 -2.772316 -0.756233 9.376986 -0.227202 -0.591747 0.773444 0.920200 0.186900
fight_body.jpg
5 -3.072146 0.185776 9.959349 -0.375966 -0.340109 0.861960 0.920200 0.239200
5 -3.174683 1.599185 10.130606 -0.556544 0.176857 0.811776 0.920200 0.288900
5 -3.322487 1.550658 9.563537 -0.879923 0.286958 0.378669 0.954200 0.286800
fight_body.jpg
5 -3.322487 1.550658 9.563537 -0.879923 0.286958 0.378669 0.954200 0.286800
5 -3.227949 0.134649 9.392178 -0.841779 -0.317791 0.436369 0.954200 0.237100
5 -3.072146 0.185776 9.959349 -0.375966 -0.340109 0.861960 0.920200 0.239200
fight_body.jpg
5 -3.174683 1.599185 10.130606 -0.556544 0.176857 0.811776 0.920200 0.288900
5 -2.370412 2.606575 10.040392 -0.371302 0.583958 0.721892 0.920200 0.324100
5 -2.613200 2.526952 9.258481 -0.541382 0.826098 0.156421 0.955200 0.320800
fight_body.jpg
5 -2.613200 2.526952 9.258481 -0.541382 0.826098 0.156421 0.955200 0.320800
5 -3.322487 1.550658 9.563537 -0.879923 0.286958 0.378669 0.954200 0.286800
5 -3.174683 1.599185 10.130606 -0.556544 0.176857 0.811776 0.920200 0.288900
fight_body.jpg
5 -2.303695 -2.019757 8.490335 -0.197200 -0.590044 0.782918 0.920200 0.125200
5 -2.772316 -0.756233 9.376986 -0.227202 -0.591747 0.773444 0.920200 0.186900
5 -2.938654 -0.822696 8.672764 -0.680818 -0.550956 0.482633 0.955000 0.184300
fight_body.jpg
5 -2.938654 -0.822696 8.672764 -0.680818 -0.550956 0.482633 0.955000 0.184300
5 -2.459499 -2.070884 7.923163 -0.636741 -0.603393 0.480081 0.954300 0.123000
5 -2.303695 -2.019757 8.490335 -0.197200 -0.590044 0.782918 0.920200 0.125200
fight_body.jpg
5 -1.654719 -3.309234 7.678753 0.056651 -0.868508 0.492428 0.919300 0.061800
5 -2.303695 -2.019757 8.490335 -0.197200 -0.590044 0.782918 0.920200 0.125200
5 -2.459499 -2.070884 7.923163 -0.636741 -0.603393 0.480081 0.954300 0.123000
fight_body.jpg
5 -2.459499 -2.070884 7.923163 -0.636741 -0.603393 0.480081 0.954300 0.123000
5 -1.765019 -3.345290 6.954198 0.219925 -0.970599 0.097827 0.954200 0.061200
5 -1.654719 -3.309234 7.678753 0.056651 -0.868508 0.492428 0.919300 0.061800
fight_body.jpg
43 -3.455360 0.089918 8.931738 0.620678 0.483129 -0.617532 0.851400 0.244900
5 -3.141925 0.173049 9.327465 0.838847 0.334919 -0.429144 0.867900 0.239000
5 -2.867762 -0.757975 8.418198 0.667778 0.582441 -0.463502 0.867300 0.268200
fight_body.jpg
5 -2.867762 -0.757975 8.418198 0.667778 0.582441 -0.463502 0.867300 0.268200
43 -3.281114 -0.883468 8.030775 0.434088 0.608937 -0.663900 0.850600 0.275500
43 -3.455360 0.089918 8.931738 0.620678 0.483129 -0.617532 0.851400 0.244900
fight_body.jpg
5 -2.550359 2.433854 9.237635 0.540923 -0.825668 -0.160234 0.867300 0.168300
5 -2.969065 2.306051 8.826612 0.589578 -0.728426 -0.348989 0.850600 0.175200
5 -1.028827 3.071139 8.651615 0.381939 -0.924094 -0.013181 0.851100 0.141700
fight_body.jpg
5 -2.550359 2.433854 9.237635 0.540923 -0.825668 -0.160234 0.867300 0.168300
5 -1.028827 3.071139 8.651615 0.381939 -0.924094 -0.013181 0.851100 0.141700
5 -1.042349 3.065924 10.008030 0.214823 -0.665502 0.714813 0.890200 0.141800
fight_body.jpg
5 -2.550359 2.433854 9.237635 0.540923 -0.825668 -0.160234 0.867300 0.168300
5 -1.042349 3.065924 10.008030 0.214823 -0.665502 0.714813 0.890200 0.141800
5 -2.305484 2.513609 10.026447 0.451687 -0.583667 0.674768 0.890200 0.164100
fight_body.jpg
43 -3.528877 1.438880 9.092947 0.808568 -0.188586 -0.557362 0.851500 0.206000
5 -3.228877 1.518394 9.506567 0.877134 -0.285890 -0.385878 0.868100 0.200100
5 -3.141925 0.173049 9.327465 0.838847 0.334919 -0.429144 0.867900 0.239000
fight_body.jpg
5 -3.141925 0.173049 9.327465 0.838847 0.334919 -0.429144 0.867900 0.239000
43 -3.455360 0.089918 8.931738 0.620678 0.483129 -0.617532 0.851400 0.244900
43 -3.528877 1.438880 9.092947 0.808568 -0.188586 -0.557362 0.851500 0.206000
fight_body.jpg
5 -2.969065 2.306051 8.826612 0.589578 -0.728426 -0.348989 0.850600 0.175200
5 -2.550359 2.433854 9.237635 0.540923 -0.825668 -0.160234 0.867300 0.168300
5 -3.228877 1.518394 9.506567 0.877134 -0.285890 -0.385878 0.868100 0.200100
fight_body.jpg
5 -3.228877 1.518394 9.506567 0.877134 -0.285890 -0.385878 0.868100 0.200100
43 -3.528877 1.438880 9.092947 0.808568 -0.188586 -0.557362 0.851500 0.206000
5 -2.969065 2.306051 8.826612 0.589578 -0.728426 -0.348989 0.850600 0.175200
fight_body.jpg
43 -3.281114 -0.883468 8.030775 0.434088 0.608937 -0.663900 0.850600 0.275500
5 -2.867762 -0.757975 8.418198 0.667778 0.582441 -0.463502 0.867300 0.268200
5 -2.396015 -1.995444 7.672734 0.659444 0.586255 -0.470573 0.867800 0.304900
fight_body.jpg
5 -2.396015 -1.995444 7.672734 0.659444 0.586255 -0.470573 0.867800 0.304900
5 -2.838338 -2.132206 7.270807 0.436996 0.613092 -0.658143 0.851200 0.312200
43 -3.281114 -0.883468 8.030775 0.434088 0.608937 -0.663900 0.850600 0.275500
fight_body.jpg
5 -2.838338 -2.132206 7.270807 0.436996 0.613092 -0.658143 0.851200 0.312200
5 -2.396015 -1.995444 7.672734 0.659444 0.586255 -0.470573 0.867800 0.304900
5 -1.709916 -3.260436 6.901111 0.894973 0.035036 -0.444743 0.867200 0.338700
fight_body.jpg
5 -1.709916 -3.260436 6.901111 0.894973 0.035036 -0.444743 0.867200 0.338700
5 -2.099721 -3.383223 6.385720 0.800490 -0.028879 -0.598650 0.850100 0.345200
5 -2.838338 -2.132206 7.270807 0.436996 0.613092 -0.658143 0.851200 0.312200
fight_body.jpg
5 -3.141925 0.173049 9.327465 0.838847 0.334919 -0.429144 0.867900 0.239000
5 -2.970659 0.213169 9.914618 0.881015 -0.029618 0.472160 0.890100 0.236600
5 -2.682331 -0.701136 9.333204 0.927997 0.084378 0.362907 0.890100 0.265100
fight_body.jpg
5 -2.682331 -0.701136 9.333204 0.927997 0.084378 0.362907 0.890100 0.265100
5 -2.867762 -0.757975 8.418198 0.667778 0.582441 -0.463502 0.867300 0.268200
5 -3.141925 0.173049 9.327465 0.838847 0.334919 -0.429144 0.867900 0.239000
fight_body.jpg
5 -3.228877 1.518394 9.506567 0.877134 -0.285890 -0.385878 0.868100 0.200100
5 -3.072512 1.563215 10.094069 0.750814 -0.278721 0.598826 0.890100 0.197600
5 -2.970659 0.213169 9.914618 0.881015 -0.029618 0.472160 0.890100 0.236600
fight_body.jpg
5 -2.970659 0.213169 9.914618 0.881015 -0.029618 0.472160 0.890100 0.236600
5 -3.141925 0.173049 9.327465 0.838847 0.334919 -0.429144 0.867900 0.239000
5 -3.228877 1.518394 9.506567 0.877134 -0.285890 -0.385878 0.868100 0.200100
fight_body.jpg
5 -2.550359 2.433854 9.237635 0.540923 -0.825668 -0.160234 0.867300 0.168300
5 -2.305484 2.513609 10.026447 0.451687 -0.583667 0.674768 0.890200 0.164100
5 -3.072512 1.563215 10.094069 0.750814 -0.278721 0.598826 0.890100 0.197600
fight_body.jpg
5 -3.072512 1.563215 10.094069 0.750814 -0.278721 0.598826 0.890100 0.197600
5 -3.228877 1.518394 9.506567 0.877134 -0.285890 -0.385878 0.868100 0.200100
5 -2.550359 2.433854 9.237635 0.540923 -0.825668 -0.160234 0.867300 0.168300
fight_body.jpg
5 -2.867762 -0.757975 8.418198 0.667778 0.582441 -0.463502 0.867300 0.268200
5 -2.682331 -0.701136 9.333204 0.927997 0.084378 0.362907 0.890100 0.265100
5 -2.221514 -1.952552 8.448182 0.924831 0.156105 0.346869 0.890100 0.302300
fight_body.jpg
5 -2.221514 -1.952552 8.448182 0.924831 0.156105 0.346869 0.890100 0.302300
5 -2.396015 -1.995444 7.672734 0.659444 0.586255 -0.470573 0.867800 0.304900
5 -2.867762 -0.757975 8.418198 0.667778 0.582441 -0.463502 0.867300 0.268200
fight_body.jpg
5 -2.396015 -1.995444 7.672734 0.659444 0.586255 -0.470573 0.867800 0.304900
5 -2.221514 -1.952552 8.448182 0.924831 0.156105 0.346869 0.890100 0.302300
5 -1.579655 -3.229989 7.645131 0.970337 -0.110203 0.215178 0.890100 0.336700
fight_body.jpg
5 -1.579655 -3.229989 7.645131 0.970337 -0.110203 0.215178 0.890100 0.336700
5 -1.709916 -3.260436 6.901111 0.894973 0.035036 -0.444743 0.867200 0.338700
5 -2.396015 -1.995444 7.672734 0.659444 0.586255 -0.470573 0.867800 0.304900
fight_body.jpg
5 -1.042349 3.065924 10.008030 0.214823 -0.665502 0.714813 0.912300 0.342500
5 -1.078051 3.174530 10.009058 -0.230619 0.689755 0.686333 0.920200 0.342500
5 -2.370412 2.606575 10.040392 -0.371302 0.583958 0.721892 0.920200 0.324100
fight_body.jpg
5 -2.370412 2.606575 10.040392 -0.371302 0.583958 0.721892 0.920200 0.324100
5 -2.305484 2.513609 10.026447 0.451687 -0.583667 0.674768 0.912300 0.323100
5 -1.042349 3.065924 10.008030 0.214823 -0.665502 0.714813 0.912300 0.342500
fight_body.jpg
5 -1.709916 -3.260436 6.901111 0.894973 0.035036 -0.444743 0.954800 0.052600
5 -1.765019 -3.345290 6.954198 0.219925 -0.970599 0.097827 0.954200 0.061200
5 -2.142340 -3.469236 6.447737 0.294297 -0.955696 0.005897 0.981300 0.060800
fight_body.jpg
5 -2.142340 -3.469236 6.447737 0.294297 -0.955696 0.005897 0.981300 0.060800
5 -2.099721 -3.383223 6.385720 0.800490 -0.028879 -0.598650 0.982000 0.053100
5 -1.709916 -3.260436 6.901111 0.894973 0.035036 -0.444743 0.954800 0.052600
fight_body.jpg
5 -2.970659 0.213169 9.914618 0.881015 -0.029618 0.472160 0.912300 0.238200
5 -3.072146 0.185776 9.959349 -0.375966 -0.340109 0.861960 0.920200 0.239200
5 -2.772316 -0.756233 9.376986 -0.227202 -0.591747 0.773444 0.920200 0.186900
fight_body.jpg
5 -2.772316 -0.756233 9.376986 -0.227202 -0.591747 0.773444 0.920200 0.186900
5 -2.682331 -0.701136 9.333204 0.927997 0.084378 0.362907 0.912300 0.186400
5 -2.970659 0.213169 9.914618 0.881015 -0.029618 0.472160 0.912300 0.238200
fight_body.jpg
5 -3.072512 1.563215 10.094069 0.750814 -0.278721 0.598826 0.912300 0.286400
5 -3.174683 1.599185 10.130606 -0.556544 0.176857 0.811776 0.920200 0.288900
5 -3.072146 0.185776 9.959349 -0.375966 -0.340109 0.861960 0.920200 0.239200
fight_body.jpg
5 -3.072146 0.185776 9.959349 -0.375966 -0.340109 0.861960 0.920200 0.239200
5 -2.970659 0.213169 9.914618 0.881015 -0.029618 0.472160 0.912300 0.238200
5 -3.072512 1.563215 10.094069 0.750814 -0.278721 0.598826 0.912300 0.286400
fight_body.jpg
5 -2.305484 2.513609 10.026447 0.451687 -0.583667 0.674768 0.912300 0.323100
5 -2.370412 2.606575 10.040392 -0.371302 0.583958 0.721892 0.920200 0.324100
5 -3.174683 1.599185 10.130606 -0.556544 0.176857 0.811776 0.920200 0.288900
fight_body.jpg
5 -3.174683 1.599185 10.130606 -0.556544 0.176857 0.811776 0.920200 0.288900
5 -3.072512 1.563215 10.094069 0.750814 -0.278721 0.598826 0.912300 0.286400
5 -2.305484 2.513609 10.026447 0.451687 -0.583667 0.674768 0.912300 0.323100
fight_body.jpg
5 -2.682331 -0.701136 9.333204 0.927997 0.084378 0.362907 0.912300 0.186400
5 -2.772316 -0.756233 9.376986 -0.227202 -0.591747 0.773444 0.920200 0.186900
5 -2.303695 -2.019757 8.490335 -0.197200 -0.590044 0.782918 0.920200 0.125200
fight_body.jpg
5 -2.303695 -2.019757 8.490335 -0.197200 -0.590044 0.782918 0.920200 0.125200
5 -2.221514 -1.952552 8.448182 0.924831 0.156105 0.346869 0.912300 0.125000
5 -2.682331 -0.701136 9.333204 0.927997 0.084378 0.362907 0.912300 0.186400
fight_body.jpg
5 -2.221514 -1.952552 8.448182 0.924831 0.156105 0.346869 0.912300 0.125000
5 -2.303695 -2.019757 8.490335 -0.197200 -0.590044 0.782918 0.920200 0.125200
5 -1.654719 -3.309234 7.678753 0.056651 -0.868508 0.492428 0.919300 0.061800
fight_body.jpg
5 -1.654719 -3.309234 7.678753 0.056651 -0.868508 0.492428 0.919300 0.061800
5 -1.579655 -3.229989 7.645131 0.970337 -0.110203 0.215178 0.913000 0.053200
5 -2.221514 -1.952552 8.448182 0.924831 0.156105 0.346869 0.912300 0.125000
fight_body.jpg
5 -1.579655 -3.229989 7.645131 0.970337 -0.110203 0.215178 0.913000 0.053200
5 -1.654719 -3.309234 7.678753 0.056651 -0.868508 0.492428 0.919300 0.061800
5 -1.765019 -3.345290 6.954198 0.219925 -0.970599 0.097827 0.954200 0.061200
fight_body.jpg
5 -1.765019 -3.345290 6.954198 0.219925 -0.970599 0.097827 0.954200 0.061200
5 -1.709916 -3.260436 6.901111 0.894973 0.035036 -0.444743 0.954800 0.052600
5 -1.579655 -3.229989 7.645131 0.970337 -0.110203 0.215178 0.913000 0.053200
fight_body.jpg
5 3.462718 -3.394364 4.353498 0.426422 -0.783001 0.452851 0.716800 0.293700
5 3.336743 -3.123964 4.547005 0.287885 -0.465129 0.837124 0.655800 0.300900
5 3.124580 -3.310433 4.424457 -0.056729 -0.767830 0.638138 0.680800 0.240900
fight_body.jpg
5 3.462718 -3.394364 4.353498 0.426422 -0.783001 0.452851 0.716800 0.293700
5 3.124580 -3.310433 4.424457 -0.056729 -0.767830 0.638138 0.680800 0.240900
5 3.174711 -3.441605 4.150358 0.024732 -0.980848 0.193201 0.737800 0.235200
fight_body.jpg
5 3.462718 -3.394364 4.353498 0.426422 -0.783001 0.452851 0.716800 0.293700
5 3.174711 -3.441605 4.150358 0.024732 -0.980848 0.193201 0.737800 0.235200
5 3.437003 -3.386406 3.998907 0.450688 -0.891119 -0.052798 0.776300 0.286100
fight_body.jpg
5 3.462718 -3.394364 4.353498 0.426422 -0.783001 0.452851 0.716800 0.293700
5 3.437003 -3.386406 3.998907 0.450688 -0.891119 -0.052798 0.776300 0.286100
5 3.649266 -3.199937 4.121555 0.795259 -0.588360 0.146272 0.751200 0.346600
fight_body.jpg
5 3.462718 -3.394364 4.353498 0.426422 -0.783001 0.452851 0.716800 0.293700
5 3.649266 -3.199937 4.121555 0.795259 -0.588360 0.146272 0.751200 0.346600
5 3.599136 -3.068766 4.395554 0.713844 -0.375360 0.591213 0.695800 0.351200
fight_body.jpg
5 3.462718 -3.394364 4.353498 0.426422 -0.783001 0.452851 0.716800 0.293700
5 3.599136 -3.068766 4.395554 0.713844 -0.375360 0.591213 0.695800 0.351200
5 3.336743 -3.123964 4.547005 0.287885 -0.465129 0.837124 0.655800 0.300900
fight_body.jpg
4 3.864721 -3.458482 2.904154 0.543482 -0.813834 -0.205674 0.716800 0.293700
4 3.789968 -3.375217 3.241728 0.506205 -0.804574 0.310511 0.655800 0.300900
4 3.555985 -3.489977 3.077705 0.126220 -0.991011 0.044336 0.680800 0.240900
fight_body.jpg
4 3.864721 -3.458482 2.904154 0.543482 -0.813834 -0.205674 0.716800 0.293700
4 3.555985 -3.489977 3.077705 0.126220 -0.991011 0.044336 0.680800 0.240900
4 3.534166 -3.428570 2.776775 0.090759 -0.891229 -0.444381 0.737800 0.235200
fight_body.jpg
4 3.864721 -3.458482 2.904154 0.543482 -0.813834 -0.205674 0.716800 0.293700
4 3.534166 -3.428570 2.776775 0.090759 -0.891229 -0.444381 0.737800 0.235200
4 3.746231 -3.252304 2.639866 0.435195 -0.605001 -0.666768 0.776300 0.286100
fight_body.jpg
4 3.864721 -3.458482 2.904154 0.543482 -0.813834 -0.205674 0.716800 0.293700
4 3.746231 -3.252304 2.639866 0.435195 -0.605001 -0.666768 0.776300 0.286100
4 3.980214 -3.137544 2.803790 0.815102 -0.418577 -0.400502 0.751200 0.346600
fight_body.jpg
4 3.864721 -3.458482 2.904154 0.543482 -0.813834 -0.205674 0.716800 0.293700
4 3.980214 -3.137544 2.803790 0.815102 -0.418577 -0.400502 0.751200 0.346600
4 4.002032 -3.198951 3.104720 0.850596 -0.518379 0.088143 0.695800 0.351200
fight_body.jpg
4 3.864721 -3.458482 2.904154 0.543482 -0.813834 -0.205674 0.716800 0.293700
4 4.002032 -3.198951 3.104720 0.850596 -0.518379 0.088143 0.695800 0.351200
4 3.789968 -3.375217 3.241728 0.506205 -0.804574 0.310511 0.655800 0.300900
fight_body.jpg
4 4.869467 -2.621708 2.206811 0.741469 -0.645271 -0.183982 0.716800 0.293700
4 4.780118 -2.544554 2.542184 0.711138 -0.619650 0.332139 0.655800 0.300900
4 4.583712 -2.726857 2.390548 0.392334 -0.915803 0.085901 0.680800 0.240900
fight_body.jpg
4 4.869467 -2.621708 2.206811 0.741469 -0.645271 -0.183982 0.716800 0.293700
4 4.583712 -2.726857 2.390548 0.392334 -0.915803 0.085901 0.680800 0.240900
4 4.541296 -2.689458 2.087889 0.323370 -0.854941 -0.405596 0.737800 0.235200
fight_body.jpg
4 4.869467 -2.621708 2.206811 0.741469 -0.645271 -0.183982 0.716800 0.293700
4 4.541296 -2.689458 2.087889 0.323370 -0.854941 -0.405596 0.737800 0.235200
4 4.695088 -2.469556 1.936866 0.573169 -0.497930 -0.650802 0.776300 0.286100
fight_body.jpg
4 4.869467 -2.621708 2.206811 0.741469 -0.645271 -0.183982 0.716800 0.293700
4 4.695088 -2.469556 1.936866 0.573169 -0.497930 -0.650802 0.776300 0.286100
4 4.891494 -2.287152 2.088602 0.891980 -0.201780 -0.404544 0.751200 0.346600
fight_body.jpg
4 4.869467 -2.621708 2.206811 0.741469 -0.645271 -0.183982 0.716800 0.293700
4 4.891494 -2.287152 2.088602 0.891980 -0.201780 -0.404544 0.751200 0.346600
4 4.933909 -2.324651 2.391261 0.960973 -0.262615 0.086979 0.695800 0.351200
fight_body.jpg
4 4.869467 -2.621708 2.206811 0.741469 -0.645271 -0.183982 0.716800 0.293700
4 4.933909 -2.324651 2.391261 0.960973 -0.262615 0.086979 0.695800 0.351200
4 4.780118 -2.544554 2.542184 0.711138 -0.619650 0.332139 0.655800 0.300900
fight_body.jpg
4 5.174036 -1.038510 1.598757 0.957233 -0.140683 -0.252812 0.716800 0.293700
4 5.075477 -1.058529 1.939763 0.945226 -0.194900 0.261842 0.655800 0.300900
4 4.993719 -1.297149 1.763209 0.812566 -0.582336 -0.024932 0.680800 0.240900
fight_body.jpg
4 5.174036 -1.038510 1.598757 0.957233 -0.140683 -0.252812 0.716800 0.293700
4 4.993719 -1.297149 1.763209 0.812566 -0.582336 -0.024932 0.680800 0.240900
4 4.922191 -1.252121 1.467058 0.696324 -0.509283 -0.505732 0.737800 0.235200
fight_body.jpg
4 5.174036 -1.038510 1.598757 0.957233 -0.140683 -0.252812 0.716800 0.293700
4 4.922191 -1.252121 1.467058 0.696324 -0.509283 -0.505732 0.737800 0.235200
4 4.932321 -0.968471 1.347662 0.712761 -0.048746 -0.699712 0.776300 0.286100
fight_body.jpg
4 5.174036 -1.038510 1.598757 0.957233 -0.140683 -0.252812 0.716800 0.293700
4 4.932321 -0.968471 1.347662 0.712761 -0.048746 -0.699712 0.776300 0.286100
4 5.013979 -0.729851 1.524217 0.845429 0.338699 -0.412955 0.751200 0.346600
fight_body.jpg
4 5.174036 -1.038510 1.598757 0.957233 -0.140683 -0.252812 0.716800 0.293700
4 5.013979 -0.729851 1.524217 0.845429 0.338699 -0.412955 0.751200 0.346600
4 5.085607 -0.774879 1.820368 0.961664 0.265711 0.067828 0.695800 0.351200
fight_body.jpg
4 5.174036 -1.038510 1.598757 0.957233 -0.140683 -0.252812 0.716800 0.293700
4 5.085607 -0.774879 1.820368 0.961664 0.265711 0.067828 0.695800 0.351200
4 5.075477 -1.058529 1.939763 0.945226 -0.194900 0.261842 0.655800 0.300900
fight_body.jpg
4 4.743647 2.552111 1.119484 0.899714 0.372939 -0.226785 0.716800 0.293700
4 4.674907 2.442845 1.450761 0.927178 0.253280 0.276026 0.655800 0.300900
4 4.714810 2.219777 1.242369 0.992073 -0.109089 -0.062374 0.680800 0.240900
fight_body.jpg
4 4.743647 2.552111 1.119484 0.899714 0.372939 -0.226785 0.716800 0.293700
4 4.714810 2.219777 1.242369 0.992073 -0.109089 -0.062374 0.680800 0.240900
4 4.623672 2.262729 0.951390 0.844060 -0.039283 -0.534808 0.737800 0.235200
fight_body.jpg
4 4.743647 2.552111 1.119484 0.899714 0.372939 -0.226785 0.716800 0.293700
4 4.623672 2.262729 0.951390 0.844060 -0.039283 -0.534808 0.737800 0.235200
4 4.492530 2.528751 0.868903 0.631175 0.392691 -0.668889 0.776300 0.286100
fight_body.jpg
4 4.743647 2.552111 1.119484 0.899714 0.372939 -0.226785 0.716800 0.293700
4 4.492530 2.528751 0.868903 0.631175 0.392691 -0.668889 0.776300 0.286100
4 4.452627 2.751919 1.077295 0.566238 0.755076 -0.330508 0.751200 0.346600
fight_body.jpg
4 4.743647 2.552111 1.119484 0.899714 0.372939 -0.226785 0.716800 0.293700
4 4.452627 2.751919 1.077295 0.566238 0.755076 -0.330508 0.751200 0.346600
4 4.543765 2.708966 1.368174 0.714223 0.685361 0.142007 0.695800 0.351200
fight_body.jpg
4 4.743647 2.552111 1.119484 0.899714 0.372939 -0.226785 0.716800 0.293700
4 4.543765 2.708966 1.368174 0.714223 0.685361 0.142007 0.695800 0.351200
4 4.674907 2.442845 1.450761 0.927178 0.253280 0.276026 0.655800 0.300900
fight_body.jpg
4 3.679271 4.203672 1.257277 0.769288 0.605352 -0.204318 0.716800 0.293700
4 3.655255 4.048248 1.576154 0.849255 0.446506 0.281777 0.655800 0.300900
4 3.738505 3.863970 1.343965 0.984484 0.147355 -0.095281 0.680800 0.240900
fight_body.jpg
4 3.679271 4.203672 1.257277 0.769288 0.605352 -0.204318 0.716800 0.293700
4 3.738505 3.863970 1.343965 0.984484 0.147355 -0.095281 0.680800 0.240900
4 3.625851 3.911762 1.061423 0.801462 0.225029 -0.554094 0.737800 0.235200
fight_body.jpg
4 3.679271 4.203672 1.257277 0.769288 0.605352 -0.204318 0.716800 0.293700
4 3.625851 3.911762 1.061423 0.801462 0.225029 -0.554094 0.737800 0.235200
4 3.429847 4.143931 1.011068 0.483213 0.601942 -0.635745 0.776300 0.286100
fight_body.jpg
4 3.679271 4.203672 1.257277 0.769288 0.605352 -0.204318 0.716800 0.293700
4 3.429847 4.143931 1.011068 0.483213 0.601942 -0.635745 0.776300 0.286100
4 3.346597 4.328110 1.243356 0.347992 0.901097 -0.258702 0.751200 0.346600
fight_body.jpg
4 3.679271 4.203672 1.257277 0.769288 0.605352 -0.204318 0.716800 0.293700
4 3.346597 4.328110 1.243356 0.347992 0.901097 -0.258702 0.751200 0.346600
4 3.459251 4.280318 1.525799 0.530994 0.823409 0.200108 0.695800 0.351200
fight_body.jpg
4 3.679271 4.203672 1.257277 0.769288 0.605352 -0.204318 0.716800 0.293700
4 3.459251 4.280318 1.525799 0.530994 0.823409 0.200108 0.695800 0.351200
4 3.655255 4.048248 1.576154 0.849255 0.446506 0.281777 0.655800 0.300900
fight_body.jpg
5 -0.777237 -4.788371 4.329660 0.116828 -0.884787 0.451114 0.716800 0.293700
5 -0.555581 -4.520425 4.403749 0.494781 -0.586558 0.641204 0.680800 0.240900
5 -0.838313 -4.496669 4.523493 0.035788 -0.547951 0.835744 0.655800 0.300900
fight_body.jpg
5 -0.777237 -4.788371 4.329660 0.116828 -0.884787 0.451114 0.716800 0.293700
5 -0.515351 -4.654897 4.129646 0.560220 -0.804794 0.196112 0.737800 0.235200
5 -0.555581 -4.520425 4.403749 0.494781 -0.586558 0.641204 0.680800 0.240900
fight_body.jpg
5 -0.777237 -4.788371 4.329660 0.116828 -0.884787 0.451114 0.716800 0.293700
5 -0.757753 -4.765512 3.975388 0.166603 -0.984522 -0.054415 0.776300 0.286100
5 -0.515351 -4.654897 4.129646 0.560220 -0.804794 0.196112 0.737800 0.235200
fight_body.jpg
5 -0.777237 -4.788371 4.329660 0.116828 -0.884787 0.451114 0.716800 0.293700
5 -1.040385 -4.741755 4.095132 -0.292374 -0.945983 0.140123 0.751200 0.346600
5 -0.757753 -4.765512 3.975388 0.166603 -0.984522 -0.054415 0.776300 0.286100
fight_body.jpg
5 -0.777237 -4.788371 4.329660 0.116828 -0.884787 0.451114 0.716800 0.293700
5 -1.080615 -4.607384 4.369236 -0.357824 -0.727686 0.585180 0.695800 0.351200
5 -1.040385 -4.741755 4.095132 -0.292374 -0.945983 0.140123 0.751200 0.346600
fight_body.jpg
5 -0.777237 -4.788371 4.329660 0.116828 -0.884787 0.451114 0.716800 0.293700
5 -0.838313 -4.496669 4.523493 0.035788 -0.547951 0.835744 0.655800 0.300900
5 -1.080615 -4.607384 4.369236 -0.357824 -0.727686 0.585180 0.695800 0.351200
fight_body.jpg
4 -0.259979 -5.179282 2.904153 0.196103 -0.958769 -0.205683 0.716800 0.293700
4 -0.020315 -4.982076 3.077705 0.615506 -0.786890 0.044235 0.680800 0.240900
4 -0.266532 -5.067616 3.241728 0.215704 -0.925773 0.310510 0.655800 0.300900
fight_body.jpg
4 -0.259979 -5.179282 2.904153 0.196103 -0.958769 -0.205683 0.716800 0.293700
4 -0.048633 -4.923370 2.776774 0.569556 -0.691461 -0.444396 0.737800 0.235200
4 -0.020315 -4.982076 3.077705 0.615506 -0.786890 0.044235 0.680800 0.240900
fight_body.jpg
4 -0.259979 -5.179282 2.904153 0.196103 -0.958769 -0.205683 0.716800 0.293700
4 -0.323169 -4.950103 2.639865 0.123892 -0.734898 -0.666765 0.776300 0.286100
4 -0.048633 -4.923370 2.776774 0.569556 -0.691461 -0.444396 0.737800 0.235200
fight_body.jpg
4 -0.259979 -5.179282 2.904153 0.196103 -0.958769 -0.205683 0.716800 0.293700
4 -0.569286 -5.035643 2.803789 -0.275924 -0.873769 -0.400493 0.751200 0.346600
4 -0.323169 -4.950103 2.639865 0.123892 -0.734898 -0.666765 0.776300 0.286100
fight_body.jpg
4 -0.259979 -5.179282 2.904153 0.196103 -0.958769 -0.205683 0.716800 0.293700
4 -0.540967 -5.094350 3.104719 -0.229964 -0.969190 0.088246 0.695800 0.351200
4 -0.569286 -5.035643 2.803789 -0.275924 -0.873769 -0.400493 0.751200 0.346600
fight_body.jpg
4 -0.259979 -5.179282 2.904153 0.196103 -0.958769 -0.205683 0.716800 0.293700
4 -0.266532 -5.067616 3.241728 0.215704 -0.925773 0.310510 0.655800 0.300900
4 -0.540967 -5.094350 3.104719 -0.229964 -0.969190 0.088246 0.695800 0.351200
fight_body.jpg
4 -1.561532 -5.304807 2.206810 -0.063037 -0.980909 -0.183969 0.716800 0.293700
4 -1.285788 -5.175756 2.390547 0.374920 -0.923069 0.085898 0.680800 0.240900
4 -1.553481 -5.186953 2.542183 -0.059841 -0.941320 0.332167 0.655800 0.300900
fight_body.jpg
4 -1.561532 -5.304807 2.206810 -0.063037 -0.980909 -0.183969 0.716800 0.293700
4 -1.282603 -5.119158 2.087888 0.380167 -0.831243 -0.405596 0.737800 0.235200
4 -1.285788 -5.175756 2.390547 0.374920 -0.923069 0.085898 0.680800 0.240900
fight_body.jpg
4 -1.561532 -5.304807 2.206810 -0.063037 -0.980909 -0.183969 0.716800 0.293700
4 -1.547112 -5.073856 1.936864 -0.049336 -0.757681 -0.650757 0.776300 0.286100
4 -1.282603 -5.119158 2.087888 0.380167 -0.831243 -0.405596 0.737800 0.235200
fight_body.jpg
4 -1.561532 -5.304807 2.206810 -0.063037 -0.980909 -0.183969 0.716800 0.293700
4 -1.814805 -5.085151 2.088601 -0.484131 -0.775905 -0.404460 0.751200 0.346600
4 -1.547112 -5.073856 1.936864 -0.049336 -0.757681 -0.650757 0.776300 0.286100
fight_body.jpg
4 -1.561532 -5.304807 2.206810 -0.063037 -0.980909 -0.183969 0.716800 0.293700
4 -1.817990 -5.141650 2.391260 -0.489377 -0.867724 0.086977 0.695800 0.351200
4 -1.814805 -5.085151 2.088601 -0.484131 -0.775905 -0.404460 0.751200 0.346600
fight_body.jpg
4 -1.561532 -5.304807 2.206810 -0.063037 -0.980909 -0.183969 0.716800 0.293700
4 -1.553481 -5.186953 2.542183 -0.059841 -0.941320 0.332167 0.655800 0.300900
4 -1.817990 -5.141650 2.391260 -0.489377 -0.867724 0.086977 0.695800 0.351200
fight_body.jpg
4 -2.901063 -4.407609 1.598756 -0.573430 -0.779305 -0.252710 0.716800 0.293700
4 -2.590380 -4.461349 1.763207 -0.157754 -0.987164 -0.024933 0.680800 0.240900
4 -2.817523 -4.351529 1.939762 -0.526399 -0.808886 0.261931 0.655800 0.300900
fight_body.jpg
4 -2.901063 -4.407609 1.598756 -0.573430 -0.779305 -0.252710 0.716800 0.293700
4 -2.572109 -4.378820 1.467057 -0.127921 -0.853167 -0.505710 0.737800 0.235200
4 -2.590380 -4.461349 1.763207 -0.157754 -0.987164 -0.024933 0.680800 0.240900
fight_body.jpg
4 -2.901063 -4.407609 1.598756 -0.573430 -0.779305 -0.252710 0.716800 0.293700
4 -2.780778 -4.186471 1.347661 -0.466757 -0.540858 -0.699722 0.776300 0.286100
4 -2.572109 -4.378820 1.467057 -0.127921 -0.853167 -0.505710 0.737800 0.235200
fight_body.jpg
4 -2.901063 -4.407609 1.598756 -0.573430 -0.779305 -0.252710 0.716800 0.293700
4 -3.007821 -4.076750 1.524216 -0.835507 -0.362615 -0.412843 0.751200 0.346600
4 -2.780778 -4.186471 1.347661 -0.466757 -0.540858 -0.699722 0.776300 0.286100
fight_body.jpg
4 -2.901063 -4.407609 1.598756 -0.573430 -0.779305 -0.252710 0.716800 0.293700
4 -3.026193 -4.159179 1.820366 -0.865326 -0.496584 0.067928 0.695800 0.351200
4 -3.007821 -4.076750 1.524216 -0.835507 -0.362615 -0.412843 0.751200 0.346600
fight_body.jpg
4 -2.901063 -4.407609 1.598756 -0.573430 -0.779305 -0.252710 0.716800 0.293700
4 -2.817523 -4.351529 1.939762 -0.526399 -0.808886 0.261931 0.655800 0.300900
4 -3.026193 -4.159179 1.820366 -0.865326 -0.496584 0.067928 0.695800 0.351200
fight_body.jpg
4 -5.150253 -1.575788 1.119482 -0.898011 -0.377071 -0.226704 0.716800 0.293700
4 -4.893690 -1.789122 1.242368 -0.620393 -0.781814 -0.062280 0.680800 0.240900
4 -5.024193 -1.603754 1.450760 -0.832214 -0.480811 0.276116 0.655800 0.300900
fight_body.jpg
4 -5.150253 -1.575788 1.119482 -0.898011 -0.377071 -0.226704 0.716800 0.293700
4 -4.860127 -1.694070 0.951389 -0.565877 -0.627595 -0.534704 0.737800 0.235200
4 -4.893690 -1.789122 1.242368 -0.620393 -0.781814 -0.062280 0.680800 0.240900
fight_body.jpg
4 -5.150253 -1.575788 1.119482 -0.898011 -0.377071 -0.226704 0.716800 0.293700
4 -4.957069 -1.413748 0.868902 -0.723200 -0.172295 -0.668802 0.776300 0.286100
4 -4.860127 -1.694070 0.951389 -0.565877 -0.627595 -0.534704 0.737800 0.235200
fight_body.jpg
4 -5.150253 -1.575788 1.119482 -0.898011 -0.377071 -0.226704 0.716800 0.293700
4 -5.087473 -1.228380 1.077293 -0.935018 0.128769 -0.330392 0.751200 0.346600
4 -4.957069 -1.413748 0.868902 -0.723200 -0.172295 -0.668802 0.776300 0.286100
fight_body.jpg
4 -5.150253 -1.575788 1.119482 -0.898011 -0.377071 -0.226704 0.716800 0.293700
4 -5.121035 -1.323333 1.368172 -0.989523 -0.025536 0.142099 0.695800 0.351200
4 -5.087473 -1.228380 1.077293 -0.935018 0.128769 -0.330392 0.751200 0.346600
fight_body.jpg
4 -5.150253 -1.575788 1.119482 -0.898011 -0.377071 -0.226704 0.716800 0.293700
4 -5.024193 -1.603754 1.450760 -0.832214 -0.480811 0.276116 0.655800 0.300900
4 -5.121035 -1.323333 1.368172 -0.989523 -0.025536 0.142099 0.695800 0.351200
fight_body.jpg
4 -5.575329 0.342473 1.257275 -0.971404 -0.120943 -0.204320 0.716800 0.293700
4 -5.375494 0.061471 1.343964 -0.797300 -0.596032 -0.095179 0.680800 0.240900
4 -5.447844 0.250249 1.576153 -0.914763 -0.289399 0.281881 0.655800 0.300900
fight_body.jpg
4 -5.575329 0.342473 1.257275 -0.971404 -0.120943 -0.204320 0.716800 0.293700
4 -5.330249 0.175163 1.061421 -0.723804 -0.411354 -0.553982 0.737800 0.235200
4 -5.375494 0.061471 1.343964 -0.797300 -0.596032 -0.095179 0.680800 0.240900
fight_body.jpg
4 -5.575329 0.342473 1.257275 -0.971404 -0.120943 -0.204320 0.716800 0.293700
4 -5.357353 0.477733 1.011066 -0.767798 0.079962 -0.635683 0.776300 0.286100
4 -5.330249 0.175163 1.061421 -0.723804 -0.411354 -0.553982 0.737800 0.235200
fight_body.jpg
4 -5.575329 0.342473 1.257275 -0.971404 -0.120943 -0.204320 0.716800 0.293700
4 -5.429703 0.666611 1.243354 -0.885235 0.386624 -0.258615 0.751200 0.346600
4 -5.357353 0.477733 1.011066 -0.767798 0.079962 -0.635683 0.776300 0.286100
fight_body.jpg
4 -5.575329 0.342473 1.257275 -0.971404 -0.120943 -0.204320 0.716800 0.293700
4 -5.474948 0.552819 1.525798 -0.958733 0.201843 0.200223 0.695800 0.351200
4 -5.429703 0.666611 1.243354 -0.885235 0.386624 -0.258615 0.751200 0.346600
fight_body.jpg
4 -5.575329 0.342473 1.257275 -0.971404 -0.120943 -0.204320 0.716800 0.293700
4 -5.447844 0.250249 1.576153 -0.914763 -0.289399 0.281881 0.655800 0.300900
4 -5.474948 0.552819 1.525798 -0.958733 0.201843 0.200223 0.695800 0.351200
fight_body.jpg
4 4.752441 2.425458 1.950298 -0.910785 -0.351281 0.216961 0.732300 0.112500
4 4.390052 2.274262 0.288977 -0.911570 -0.340844 0.229926 0.729600 0.034000
4 4.943968 -0.221219 0.493712 -0.991323 -0.009188 0.131124 0.595000 0.038400
fight_body.jpg
4 4.943968 -0.221219 0.493712 -0.991323 -0.009188 0.131124 0.595000 0.038400
4 5.057130 -0.174232 1.548526 -0.993411 0.040003 0.107396 0.608500 0.085400
4 4.752441 2.425458 1.950298 -0.910785 -0.351281 0.216961 0.732300 0.112500
fight_body.jpg
4 5.057130 -0.174232 1.548526 -0.993411 0.040003 0.107396 0.608500 0.085400
4 4.943968 -0.221219 0.493712 -0.991323 -0.009188 0.131124 0.595000 0.038400
4 4.636956 -2.320016 1.383953 -0.977131 0.183012 0.108267 0.519900 0.079900
fight_body.jpg
4 0.164131 4.462545 1.894989 0.079161 -0.993994 0.075561 0.374400 0.093900
4 0.173240 4.478256 0.235114 0.035421 -0.999330 -0.009201 0.374400 0.022700
4 2.877754 4.571717 0.488312 -0.377690 -0.902118 0.208647 0.245100 0.022900
fight_body.jpg
4 2.877754 4.571717 0.488312 -0.377690 -0.902118 0.208647 0.245100 0.022900
4 3.026090 5.003180 2.227721 -0.360084 -0.897206 0.255659 0.230600 0.097000
4 0.164131 4.462545 1.894989 0.079161 -0.993994 0.075561 0.374400 0.093900
fight_body.jpg
4 4.217690 3.416659 2.076974 -0.807432 -0.545054 0.225766 0.144700 0.095400
4 3.855202 3.265462 0.415652 -0.811119 -0.540356 0.223835 0.158300 0.022600
4 4.390052 2.274262 0.288977 -0.911570 -0.340844 0.229926 0.108600 0.022300
fight_body.jpg
4 4.390052 2.274262 0.288977 -0.911570 -0.340844 0.229926 0.108600 0.022300
4 4.752441 2.425458 1.950298 -0.910785 -0.351281 0.216961 0.095000 0.093400
4 4.217690 3.416659 2.076974 -0.807432 -0.545054 0.225766 0.144700 0.095400
fight_body.jpg
4 3.026090 5.003180 2.227721 -0.360084 -0.897206 0.255659 0.230600 0.097000
4 2.877754 4.571717 0.488312 -0.377690 -0.902118 0.208647 0.245100 0.022900
4 3.855202 3.265462 0.415652 -0.811119 -0.540356 0.223835 0.158300 0.022600
fight_body.jpg
4 3.855202 3.265462 0.415652 -0.811119 -0.540356 0.223835 0.158300 0.022600
4 4.217690 3.416659 2.076974 -0.807432 -0.545054 0.225766 0.144700 0.095400
4 3.026090 5.003180 2.227721 -0.360084 -0.897206 0.255659 0.230600 0.097000
fight_body.jpg
4 -1.463463 -5.275180 3.205575 0.557275 0.822812 0.111465 0.508400 0.166300
4 -1.612544 -4.927415 1.383952 0.557305 0.823232 0.108168 0.519900 0.079900
4 -3.433070 -3.716532 1.548525 0.670395 0.734206 0.107296 0.608500 0.085400
fight_body.jpg
4 -5.066359 -1.671140 1.950297 0.890392 0.400210 0.216873 0.732300 0.112500
4 -3.433070 -3.716532 1.548525 0.670395 0.734206 0.107296 0.608500 0.085400
4 -3.320131 -3.669118 0.493710 0.703922 0.698088 0.131024 0.595000 0.038400
fight_body.jpg
4 -3.320131 -3.669118 0.493710 0.703922 0.698088 0.131024 0.595000 0.038400
4 -4.704047 -1.519937 0.288975 0.883553 0.408064 0.229820 0.729600 0.034000
4 -5.066359 -1.671140 1.950297 0.890392 0.400210 0.216873 0.732300 0.112500
fight_body.jpg
4 -3.433070 -3.716532 1.548525 0.670395 0.734206 0.107296 0.608500 0.085400
4 -1.612544 -4.927415 1.383952 0.557305 0.823232 0.108168 0.519900 0.079900
4 -3.320131 -3.669118 0.493710 0.703922 0.698088 0.131024 0.595000 0.038400
fight_body.jpg
4 -3.286369 3.022946 1.894989 0.650741 -0.755541 0.075457 0.374400 0.093900
4 -5.683910 1.369181 2.227720 0.890985 -0.375214 0.255657 0.230600 0.097000
4 -5.273145 1.171118 0.488310 0.906857 -0.366224 0.208543 0.245100 0.022900
fight_body.jpg
4 -5.273145 1.171118 0.488310 0.906857 -0.366224 0.208543 0.245100 0.022900
4 -3.304060 3.027456 0.235113 0.685336 -0.728168 -0.009302 0.374400 0.022700
4 -3.286369 3.022946 1.894989 0.650741 -0.755541 0.075457 0.374400 0.093900
fight_body.jpg
4 -5.394508 -0.593740 2.076972 0.955405 0.190451 0.225677 0.144700 0.095400
4 -5.066359 -1.671140 1.950297 0.890392 0.400210 0.216873 0.095000 0.093400
4 -4.704047 -1.519937 0.288975 0.883553 0.408064 0.229820 0.108600 0.022300
fight_body.jpg
4 -4.704047 -1.519937 0.288975 0.883553 0.408064 0.229820 0.108600 0.022300
4 -5.032298 -0.442637 0.415651 0.954669 0.196334 0.223739 0.158300 0.022600
4 -5.394508 -0.593740 2.076972 0.955405 0.190451 0.225677 0.144700 0.095400
fight_body.jpg
4 -5.683910 1.369181 2.227720 0.890985 -0.375214 0.255657 0.230600 0.097000
4 -5.394508 -0.593740 2.076972 0.955405 0.190451 0.225677 0.144700 0.095400
4 -5.032298 -0.442637 0.415651 0.954669 0.196334 0.223739 0.158300 0.022600
fight_body.jpg
4 -5.032298 -0.442637 0.415651 0.954669 0.196334 0.223739 0.158300 0.022600
4 -5.273145 1.171118 0.488310 0.906857 -0.366224 0.208543 0.245100 0.022900
4 -5.683910 1.369181 2.227720 0.890985 -0.375214 0.255657 0.230600 0.097000
fight_body.jpg
4 5.057130 -0.174232 1.548526 -0.993411 0.040003 0.107396 0.608500 0.085400
4 4.636956 -2.320016 1.383953 -0.977131 0.183012 0.108267 0.519900 0.079900
4 4.779436 -2.670481 3.205575 -0.976814 0.182723 0.111566 0.508400 0.166300
fight_body.jpg
4 5.104676 0.866659 1.263592 0.983873 0.137057 -0.114929 0.716800 0.293700
4 4.973259 0.780135 1.582443 0.922746 0.017679 0.385002 0.655800 0.300900
4 4.980761 0.552672 1.375109 0.934862 -0.351704 0.048340 0.680800 0.240900
fight_body.jpg
4 5.104676 0.866659 1.263592 0.983873 0.137057 -0.114929 0.716800 0.293700
4 4.980761 0.552672 1.375109 0.934862 -0.351704 0.048340 0.680800 0.240900
4 4.937238 0.614791 1.076633 0.864207 -0.250745 -0.436204 0.737800 0.235200
fight_body.jpg
4 5.104676 0.866659 1.263592 0.983873 0.137057 -0.114929 0.716800 0.293700
4 4.937238 0.614791 1.076633 0.864207 -0.250745 -0.436204 0.737800 0.235200
4 4.886212 0.904472 0.985591 0.781413 0.219588 -0.584102 0.776300 0.286100
fight_body.jpg
4 5.104676 0.866659 1.263592 0.983873 0.137057 -0.114929 0.716800 0.293700
4 4.886212 0.904472 0.985591 0.781413 0.219588 -0.584102 0.776300 0.286100
4 4.878811 1.132035 1.192925 0.769276 0.589055 -0.247445 0.751200 0.346600
fight_body.jpg
4 5.104676 0.866659 1.263592 0.983873 0.137057 -0.114929 0.716800 0.293700
4 4.878811 1.132035 1.192925 0.769276 0.589055 -0.247445 0.751200 0.346600
4 4.922334 1.069817 1.491401 0.839945 0.488103 0.237167 0.695800 0.351200
fight_body.jpg
4 5.104676 0.866659 1.263592 0.983873 0.137057 -0.114929 0.716800 0.293700
4 4.922334 1.069817 1.491401 0.839945 0.488103 0.237167 0.695800 0.351200
4 4.973259 0.780135 1.582443 0.922746 0.017679 0.385002 0.655800 0.300900
fight_body.jpg
4 -4.303124 -3.058340 1.263590 -0.789566 -0.602826 -0.114833 0.716800 0.293700
4 -3.992738 -3.191226 1.375107 -0.407672 -0.911843 0.048435 0.680800 0.240900
4 -4.149140 -3.025864 1.582441 -0.661663 -0.643340 0.385118 0.655800 0.300900
fight_body.jpg
4 -4.303124 -3.058340 1.263590 -0.789566 -0.602826 -0.114833 0.716800 0.293700
4 -4.006361 -3.116609 1.076632 -0.429748 -0.790617 -0.436167 0.737800 0.235200
4 -3.992738 -3.191226 1.375107 -0.407672 -0.911843 0.048435 0.680800 0.240900
fight_body.jpg
4 -4.303124 -3.058340 1.263590 -0.789566 -0.602826 -0.114833 0.716800 0.293700
4 -4.176387 -2.876527 0.985589 -0.705852 -0.400896 -0.583999 0.776300 0.286100
4 -4.006361 -3.116609 1.076632 -0.429748 -0.790617 -0.436167 0.737800 0.235200
fight_body.jpg
4 -4.303124 -3.058340 1.263590 -0.789566 -0.602826 -0.114833 0.716800 0.293700
4 -4.332789 -2.711164 1.192924 -0.959845 -0.132346 -0.247351 0.751200 0.346600
4 -4.176387 -2.876527 0.985589 -0.705852 -0.400896 -0.583999 0.776300 0.286100
fight_body.jpg
4 -4.303124 -3.058340 1.263590 -0.789566 -0.602826 -0.114833 0.716800 0.293700
4 -4.319165 -2.785882 1.491400 -0.937759 -0.253599 0.237265 0.695800 0.351200
4 -4.332789 -2.711164 1.192924 -0.959845 -0.132346 -0.247351 0.751200 0.346600
fight_body.jpg
4 -4.303124 -3.058340 1.263590 -0.789566 -0.602826 -0.114833 0.716800 0.293700
4 -4.149140 -3.025864 1.582441 -0.661663 -0.643340 0.385118 0.655800 0.300900
4 -4.319165 -2.785882 1.491400 -0.937759 -0.253599 0.237265 0.695800 0.351200
fight_eye.jpg
9 -0.896749 -3.117605 12.367691 0.022883 -0.944232 0.328485 0.500000 0.722300
9 -0.901044 -3.136077 12.145043 0.014005 -0.989833 -0.141542 0.500000 0.500000
9 -0.802739 -3.112998 12.344392 0.220901 -0.934424 0.279383 0.401100 0.700300
fight_eye.jpg
9 -0.802739 -3.112998 12.344392 0.220901 -0.934424 0.279383 0.401100 0.700300
9 -0.901044 -3.136077 12.145043 0.014005 -0.989833 -0.141542 0.500000 0.500000
9 -0.728312 -3.103132 12.282936 0.377642 -0.913711 0.150062 0.321700 0.638600
fight_eye.jpg
9 -0.728312 -3.103132 12.282936 0.377642 -0.913711 0.150062 0.321700 0.638600
9 -0.901044 -3.136077 12.145043 0.014005 -0.989833 -0.141542 0.500000 0.500000
9 -0.688274 -3.090098 12.195636 0.462015 -0.886222 -0.033940 0.277700 0.549500
fight_eye.jpg
9 -0.688274 -3.090098 12.195636 0.462015 -0.886222 -0.033940 0.277700 0.549500
9 -0.901044 -3.136077 12.145043 0.014005 -0.989833 -0.141542 0.500000 0.500000
9 -0.690532 -3.076347 12.099710 0.457337 -0.857376 -0.236112 0.277700 0.450500
fight_eye.jpg
9 -0.690532 -3.076347 12.099710 0.457337 -0.857376 -0.236112 0.277700 0.450500
9 -0.901044 -3.136077 12.145043 0.014005 -0.989833 -0.141542 0.500000 0.500000
9 -0.734494 -3.064811 12.014084 0.364526 -0.832908 -0.416394 0.321700 0.361400
fight_eye.jpg
9 -0.734494 -3.064811 12.014084 0.364526 -0.832908 -0.416394 0.321700 0.361400
9 -0.901044 -3.136077 12.145043 0.014005 -0.989833 -0.141542 0.500000 0.500000
9 -0.811669 -3.057538 11.955781 0.201963 -0.817676 -0.539088 0.401100 0.299700
fight_eye.jpg
9 -0.811669 -3.057538 11.955781 0.201963 -0.817676 -0.539088 0.401100 0.299700
9 -0.901044 -3.136077 12.145043 0.014005 -0.989833 -0.141542 0.500000 0.500000
9 -0.906760 -3.056122 11.936424 0.001881 -0.814594 -0.580029 0.500000 0.277700
fight_eye.jpg
9 -0.906760 -3.056122 11.936424 0.001881 -0.814594 -0.580029 0.500000 0.277700
9 -0.901044 -3.136077 12.145043 0.014005 -0.989833 -0.141542 0.500000 0.500000
9 -1.000770 -3.060729 11.959723 -0.196133 -0.824430 -0.530893 0.598900 0.299700
fight_eye.jpg
9 -1.000770 -3.060729 11.959723 -0.196133 -0.824430 -0.530893 0.598900 0.299700
9 -0.901044 -3.136077 12.145043 0.014005 -0.989833 -0.141542 0.500000 0.500000
9 -1.075097 -3.070596 12.021078 -0.352796 -0.845137 -0.401596 0.678300 0.361400
fight_eye.jpg
9 -1.075097 -3.070596 12.021078 -0.352796 -0.845137 -0.401596 0.678300 0.361400
9 -0.901044 -3.136077 12.145043 0.014005 -0.989833 -0.141542 0.500000 0.500000
9 -1.115235 -3.083628 12.108479 -0.437192 -0.872650 -0.217591 0.722300 0.450500
fight_eye.jpg
9 -1.115235 -3.083628 12.108479 -0.437192 -0.872650 -0.217591 0.722300 0.450500
9 -0.901044 -3.136077 12.145043 0.014005 -0.989833 -0.141542 0.500000 0.500000
9 -1.112977 -3.097279 12.204405 -0.432581 -0.901463 -0.015419 0.722300 0.549500
fight_eye.jpg
9 -1.112977 -3.097279 12.204405 -0.432581 -0.901463 -0.015419 0.722300 0.549500
9 -0.901044 -3.136077 12.145043 0.014005 -0.989833 -0.141542 0.500000 0.500000
9 -1.068915 -3.108915 12.290031 -0.339756 -0.925953 0.164853 0.678300 0.638600
fight_eye.jpg
9 -1.068915 -3.108915 12.290031 -0.339756 -0.925953 0.164853 0.678300 0.638600
9 -0.901044 -3.136077 12.145043 0.014005 -0.989833 -0.141542 0.500000 0.500000
9 -0.991741 -3.116189 12.348333 -0.177201 -0.941226 0.287566 0.598900 0.700300
fight_eye.jpg
9 -0.991741 -3.116189 12.348333 -0.177201 -0.941226 0.287566 0.598900 0.700300
9 -0.901044 -3.136077 12.145043 0.014005 -0.989833 -0.141542 0.500000 0.500000
9 -0.896749 -3.117605 12.367691 0.022883 -0.944232 0.328485 0.500000 0.722300
fight_eye.jpg
9 -0.725336 -2.995942 12.518398 0.369009 -0.697423 0.614356 0.321700 0.860900
9 -0.894754 -3.004394 12.560397 0.026578 -0.714400 0.699232 0.500000 0.900600
9 -0.896749 -3.117605 12.367691 0.022883 -0.944232 0.328485 0.500000 0.722300
fight_eye.jpg
9 -0.896749 -3.117605 12.367691 0.022883 -0.944232 0.328485 0.500000 0.722300
9 -0.802739 -3.112998 12.344392 0.220901 -0.934424 0.279383 0.401100 0.700300
9 -0.725336 -2.995942 12.518398 0.369009 -0.697423 0.614356 0.321700 0.860900
fight_eye.jpg
9 -0.591187 -2.978303 12.407700 0.640013 -0.661577 0.390767 0.178800 0.749800
9 -0.725336 -2.995942 12.518398 0.369009 -0.697423 0.614356 0.321700 0.860900
9 -0.802739 -3.112998 12.344392 0.220901 -0.934424 0.279383 0.401100 0.700300
fight_eye.jpg
9 -0.802739 -3.112998 12.344392 0.220901 -0.934424 0.279383 0.401100 0.700300
9 -0.728312 -3.103132 12.282936 0.377642 -0.913711 0.150062 0.321700 0.638600
9 -0.591187 -2.978303 12.407700 0.640013 -0.661577 0.390767 0.178800 0.749800
fight_eye.jpg
9 -0.519018 -2.954786 12.250319 0.785878 -0.614092 0.072704 0.099400 0.589100
9 -0.591187 -2.978303 12.407700 0.640013 -0.661577 0.390767 0.178800 0.749800
9 -0.728312 -3.103132 12.282936 0.377642 -0.913711 0.150062 0.321700 0.638600
fight_eye.jpg
9 -0.728312 -3.103132 12.282936 0.377642 -0.913711 0.150062 0.321700 0.638600
9 -0.688274 -3.090098 12.195636 0.462015 -0.886222 -0.033940 0.277700 0.549500
9 -0.519018 -2.954786 12.250319 0.785878 -0.614092 0.072704 0.099400 0.589100
fight_eye.jpg
9 -0.523042 -2.930016 12.077391 0.777839 -0.564190 -0.276869 0.099400 0.410900
9 -0.519018 -2.954786 12.250319 0.785878 -0.614092 0.072704 0.099400 0.589100
9 -0.688274 -3.090098 12.195636 0.462015 -0.886222 -0.033940 0.277700 0.549500
fight_eye.jpg
9 -0.688274 -3.090098 12.195636 0.462015 -0.886222 -0.033940 0.277700 0.549500
9 -0.690532 -3.076347 12.099710 0.457337 -0.857376 -0.236112 0.277700 0.450500
9 -0.523042 -2.930016 12.077391 0.777839 -0.564190 -0.276869 0.099400 0.410900
fight_eye.jpg
9 -0.602375 -2.909092 11.923162 0.617372 -0.521871 -0.588645 0.178800 0.250200
9 -0.523042 -2.930016 12.077391 0.777839 -0.564190 -0.276869 0.099400 0.410900
9 -0.690532 -3.076347 12.099710 0.457337 -0.857376 -0.236112 0.277700 0.450500
fight_eye.jpg
9 -0.690532 -3.076347 12.099710 0.457337 -0.857376 -0.236112 0.277700 0.450500
9 -0.734494 -3.064811 12.014084 0.364526 -0.832908 -0.416394 0.321700 0.361400
9 -0.602375 -2.909092 11.923162 0.617372 -0.521871 -0.588645 0.178800 0.250200
fight_eye.jpg
9 -0.741428 -2.896040 11.818178 0.336332 -0.495456 -0.800877 0.321700 0.139100
9 -0.602375 -2.909092 11.923162 0.617372 -0.521871 -0.588645 0.178800 0.250200
9 -0.734494 -3.064811 12.014084 0.364526 -0.832908 -0.416394 0.321700 0.361400
fight_eye.jpg
9 -0.734494 -3.064811 12.014084 0.364526 -0.832908 -0.416394 0.321700 0.361400
9 -0.811669 -3.057538 11.955781 0.201963 -0.817676 -0.539088 0.401100 0.299700
9 -0.741428 -2.896040 11.818178 0.336332 -0.495456 -0.800877 0.321700 0.139100
fight_eye.jpg
9 -0.912713 -2.893473 11.783175 -0.009631 -0.490252 -0.871527 0.500000 0.099400
9 -0.741428 -2.896040 11.818178 0.336332 -0.495456 -0.800877 0.321700 0.139100
9 -0.811669 -3.057538 11.955781 0.201963 -0.817676 -0.539088 0.401100 0.299700
fight_eye.jpg
9 -0.811669 -3.057538 11.955781 0.201963 -0.817676 -0.539088 0.401100 0.299700
9 -0.906760 -3.056122 11.936424 0.001881 -0.814594 -0.580029 0.500000 0.277700
9 -0.912713 -2.893473 11.783175 -0.009631 -0.490252 -0.871527 0.500000 0.099400
fight_eye.jpg
9 -1.082031 -2.901825 11.825173 -0.352071 -0.507238 -0.786610 0.678300 0.139100
9 -0.912713 -2.893473 11.783175 -0.009631 -0.490252 -0.871527 0.500000 0.099400
9 -0.906760 -3.056122 11.936424 0.001881 -0.814594 -0.580029 0.500000 0.277700
fight_eye.jpg
9 -0.906760 -3.056122 11.936424 0.001881 -0.814594 -0.580029 0.500000 0.277700
9 -1.000770 -3.060729 11.959723 -0.196133 -0.824430 -0.530893 0.598900 0.299700
9 -1.082031 -2.901825 11.825173 -0.352071 -0.507238 -0.786610 0.678300 0.139100
fight_eye.jpg
9 -1.216179 -2.919565 11.935773 -0.622998 -0.543020 -0.563031 0.821200 0.250200
9 -1.082031 -2.901825 11.825173 -0.352071 -0.507238 -0.786610 0.678300 0.139100
9 -1.000770 -3.060729 11.959723 -0.196133 -0.824430 -0.530893 0.598900 0.299700
fight_eye.jpg
9 -1.000770 -3.060729 11.959723 -0.196133 -0.824430 -0.530893 0.598900 0.299700
9 -1.075097 -3.070596 12.021078 -0.352796 -0.845137 -0.401596 0.678300 0.361400
9 -1.216179 -2.919565 11.935773 -0.622998 -0.543020 -0.563031 0.821200 0.250200
fight_eye.jpg
9 -1.288348 -2.943082 12.093154 -0.768900 -0.590594 -0.244933 0.900600 0.410900
9 -1.216179 -2.919565 11.935773 -0.622998 -0.543020 -0.563031 0.821200 0.250200
9 -1.075097 -3.070596 12.021078 -0.352796 -0.845137 -0.401596 0.678300 0.361400
fight_eye.jpg
9 -1.075097 -3.070596 12.021078 -0.352796 -0.845137 -0.401596 0.678300 0.361400
9 -1.115235 -3.083628 12.108479 -0.437192 -0.872650 -0.217591 0.722300 0.450500
9 -1.288348 -2.943082 12.093154 -0.768900 -0.590594 -0.244933 0.900600 0.410900
fight_eye.jpg
9 -1.284324 -2.967751 12.266181 -0.760870 -0.640414 0.104625 0.900600 0.589100
9 -1.288348 -2.943082 12.093154 -0.768900 -0.590594 -0.244933 0.900600 0.410900
9 -1.115235 -3.083628 12.108479 -0.437192 -0.872650 -0.217591 0.722300 0.450500
fight_eye.jpg
9 -1.115235 -3.083628 12.108479 -0.437192 -0.872650 -0.217591 0.722300 0.450500
9 -1.112977 -3.097279 12.204405 -0.432581 -0.901463 -0.015419 0.722300 0.549500
9 -1.284324 -2.967751 12.266181 -0.760870 -0.640414 0.104625 0.900600 0.589100
fight_eye.jpg
9 -1.204992 -2.988775 12.420410 -0.600407 -0.682736 0.416393 0.821200 0.749800
9 -1.284324 -2.967751 12.266181 -0.760870 -0.640414 0.104625 0.900600 0.589100
9 -1.112977 -3.097279 12.204405 -0.432581 -0.901463 -0.015419 0.722300 0.549500
fight_eye.jpg
9 -1.112977 -3.097279 12.204405 -0.432581 -0.901463 -0.015419 0.722300 0.549500
9 -1.068915 -3.108915 12.290031 -0.339756 -0.925953 0.164853 0.678300 0.638600
9 -1.204992 -2.988775 12.420410 -0.600407 -0.682736 0.416393 0.821200 0.749800
fight_eye.jpg
9 -1.065938 -3.001827 12.525393 -0.319378 -0.709183 0.628536 0.678300 0.860900
9 -1.204992 -2.988775 12.420410 -0.600407 -0.682736 0.416393 0.821200 0.749800
9 -1.068915 -3.108915 12.290031 -0.339756 -0.925953 0.164853 0.678300 0.638600
fight_eye.jpg
9 -1.068915 -3.108915 12.290031 -0.339756 -0.925953 0.164853 0.678300 0.638600
9 -0.991741 -3.116189 12.348333 -0.177201 -0.941226 0.287566 0.598900 0.700300
9 -1.065938 -3.001827 12.525393 -0.319378 -0.709183 0.628536 0.678300 0.860900
fight_eye.jpg
9 -0.894754 -3.004394 12.560397 0.026578 -0.714400 0.699232 0.500000 0.900600
9 -1.065938 -3.001827 12.525393 -0.319378 -0.709183 0.628536 0.678300 0.860900
9 -0.991741 -3.116189 12.348333 -0.177201 -0.941226 0.287566 0.598900 0.700300
fight_eye.jpg
9 -0.991741 -3.116189 12.348333 -0.177201 -0.941226 0.287566 0.598900 0.700300
9 -0.896749 -3.117605 12.367691 0.022883 -0.944232 0.328485 0.500000 0.722300
9 -0.894754 -3.004394 12.560397 0.026578 -0.714400 0.699232 0.500000 0.900600
fight_eye.jpg
9 -0.684014 -2.808319 12.632461 0.415318 -0.537439 0.733942 0.277700 0.950000
9 -0.895437 -2.818785 12.684857 0.026498 -0.556686 0.830301 0.500000 0.999500
9 -0.894754 -3.004394 12.560397 0.026578 -0.714400 0.699232 0.500000 0.900600
fight_eye.jpg
9 -0.894754 -3.004394 12.560397 0.026578 -0.714400 0.699232 0.500000 0.900600
9 -0.725336 -2.995942 12.518398 0.369009 -0.697423 0.614356 0.321700 0.860900
9 -0.684014 -2.808319 12.632461 0.415318 -0.537439 0.733942 0.277700 0.950000
fight_eye.jpg
9 -0.516854 -2.786217 12.494536 0.723039 -0.496763 0.480043 0.099400 0.811400
9 -0.684014 -2.808319 12.632461 0.415318 -0.537439 0.733942 0.277700 0.950000
9 -0.725336 -2.995942 12.518398 0.369009 -0.697423 0.614356 0.321700 0.860900
fight_eye.jpg
9 -0.725336 -2.995942 12.518398 0.369009 -0.697423 0.614356 0.321700 0.860900
9 -0.591187 -2.978303 12.407700 0.640013 -0.661577 0.390767 0.178800 0.749800
9 -0.516854 -2.786217 12.494536 0.723039 -0.496763 0.480043 0.099400 0.811400
fight_eye.jpg
9 -0.426868 -2.756841 12.298209 0.888693 -0.442836 0.118833 0.000500 0.611100
9 -0.516854 -2.786217 12.494536 0.723039 -0.496763 0.480043 0.099400 0.811400
9 -0.591187 -2.978303 12.407700 0.640013 -0.661577 0.390767 0.178800 0.749800
fight_eye.jpg
9 -0.591187 -2.978303 12.407700 0.640013 -0.661577 0.390767 0.178800 0.749800
9 -0.519018 -2.954786 12.250319 0.785878 -0.614092 0.072704 0.099400 0.589100
9 -0.426868 -2.756841 12.298209 0.888693 -0.442836 0.118833 0.000500 0.611100
fight_eye.jpg
9 -0.431774 -2.726049 12.082626 0.879557 -0.386144 -0.277979 0.000500 0.388900
9 -0.426868 -2.756841 12.298209 0.888693 -0.442836 0.118833 0.000500 0.611100
9 -0.519018 -2.954786 12.250319 0.785878 -0.614092 0.072704 0.099400 0.589100
fight_eye.jpg
9 -0.519018 -2.954786 12.250319 0.785878 -0.614092 0.072704 0.099400 0.589100
9 -0.523042 -2.930016 12.077391 0.777839 -0.564190 -0.276869 0.099400 0.410900
9 -0.431774 -2.726049 12.082626 0.879557 -0.386144 -0.277979 0.000500 0.388900
fight_eye.jpg
9 -0.530789 -2.699965 11.890242 0.697369 -0.338127 -0.631939 0.099400 0.188600
9 -0.431774 -2.726049 12.082626 0.879557 -0.386144 -0.277979 0.000500 0.388900
9 -0.523042 -2.930016 12.077391 0.777839 -0.564190 -0.276869 0.099400 0.410900
fight_eye.jpg
9 -0.523042 -2.930016 12.077391 0.777839 -0.564190 -0.276869 0.099400 0.410900
9 -0.602375 -2.909092 11.923162 0.617372 -0.521871 -0.588645 0.178800 0.250200
9 -0.530789 -2.699965 11.890242 0.697369 -0.338127 -0.631939 0.099400 0.188600
fight_eye.jpg
9 -0.704231 -2.683648 11.759314 0.378233 -0.308180 -0.872906 0.277700 0.050000
9 -0.530789 -2.699965 11.890242 0.697369 -0.338127 -0.631939 0.099400 0.188600
9 -0.602375 -2.909092 11.923162 0.617372 -0.521871 -0.588645 0.178800 0.250200
fight_eye.jpg
9 -0.602375 -2.909092 11.923162 0.617372 -0.521871 -0.588645 0.178800 0.250200
9 -0.741428 -2.896040 11.818178 0.336332 -0.495456 -0.800877 0.321700 0.139100
9 -0.704231 -2.683648 11.759314 0.378233 -0.308180 -0.872906 0.277700 0.050000
fight_eye.jpg
9 -0.917812 -2.680463 11.715684 -0.014720 -0.302265 -0.953110 0.500000 0.000500
9 -0.704231 -2.683648 11.759314 0.378233 -0.308180 -0.872906 0.277700 0.050000
9 -0.741428 -2.896040 11.818178 0.336332 -0.495456 -0.800877 0.321700 0.139100
fight_eye.jpg
9 -0.741428 -2.896040 11.818178 0.336332 -0.495456 -0.800877 0.321700 0.139100
9 -0.912713 -2.893473 11.783175 -0.009631 -0.490252 -0.871527 0.500000 0.099400
9 -0.917812 -2.680463 11.715684 -0.014720 -0.302265 -0.953110 0.500000 0.000500
fight_eye.jpg
9 -1.128934 -2.690928 11.768083 -0.403281 -0.321568 -0.856714 0.722300 0.050000
9 -0.917812 -2.680463 11.715684 -0.014720 -0.302265 -0.953110 0.500000 0.000500
9 -0.912713 -2.893473 11.783175 -0.009631 -0.490252 -0.871527 0.500000 0.099400
fight_eye.jpg
9 -0.912713 -2.893473 11.783175 -0.009631 -0.490252 -0.871527 0.500000 0.099400
9 -1.082031 -2.901825 11.825173 -0.352071 -0.507238 -0.786610 0.678300 0.139100
9 -1.128934 -2.690928 11.768083 -0.403281 -0.321568 -0.856714 0.722300 0.050000
fight_eye.jpg
9 -1.296094 -2.713031 11.906007 -0.710953 -0.362139 -0.602828 0.900600 0.188600
9 -1.128934 -2.690928 11.768083 -0.403281 -0.321568 -0.856714 0.722300 0.050000
9 -1.082031 -2.901825 11.825173 -0.352071 -0.507238 -0.786610 0.678300 0.139100
fight_eye.jpg
9 -1.082031 -2.901825 11.825173 -0.352071 -0.507238 -0.786610 0.678300 0.139100
9 -1.216179 -2.919565 11.935773 -0.622998 -0.543020 -0.563031 0.821200 0.250200
9 -1.296094 -2.713031 11.906007 -0.710953 -0.362139 -0.602828 0.900600 0.188600
fight_eye.jpg
9 -1.386180 -2.742306 12.102331 -0.876579 -0.416152 -0.241714 0.999500 0.388900
9 -1.296094 -2.713031 11.906007 -0.710953 -0.362139 -0.602828 0.900600 0.188600
9 -1.216179 -2.919565 11.935773 -0.622998 -0.543020 -0.563031 0.821200 0.250200
fight_eye.jpg
9 -1.216179 -2.919565 11.935773 -0.622998 -0.543020 -0.563031 0.821200 0.250200
9 -1.288348 -2.943082 12.093154 -0.768900 -0.590594 -0.244933 0.900600 0.410900
9 -1.386180 -2.742306 12.102331 -0.876579 -0.416152 -0.241714 0.999500 0.388900
fight_eye.jpg
9 -1.381175 -2.773098 12.317915 -0.867426 -0.472776 0.155096 0.999500 0.611100
9 -1.386180 -2.742306 12.102331 -0.876579 -0.416152 -0.241714 0.999500 0.388900
9 -1.288348 -2.943082 12.093154 -0.768900 -0.590594 -0.244933 0.900600 0.410900
fight_eye.jpg
9 -1.288348 -2.943082 12.093154 -0.768900 -0.590594 -0.244933 0.900600 0.410900
9 -1.284324 -2.967751 12.266181 -0.760870 -0.640414 0.104625 0.900600 0.589100
9 -1.381175 -2.773098 12.317915 -0.867426 -0.472776 0.155096 0.999500 0.611100
fight_eye.jpg
9 -1.282160 -2.799283 12.510300 -0.685254 -0.520802 0.509110 0.900600 0.811400
9 -1.381175 -2.773098 12.317915 -0.867426 -0.472776 0.155096 0.999500 0.611100
9 -1.284324 -2.967751 12.266181 -0.760870 -0.640414 0.104625 0.900600 0.589100
fight_eye.jpg
9 -1.284324 -2.967751 12.266181 -0.760870 -0.640414 0.104625 0.900600 0.589100
9 -1.204992 -2.988775 12.420410 -0.600407 -0.682736 0.416393 0.821200 0.749800
9 -1.282160 -2.799283 12.510300 -0.685254 -0.520802 0.509110 0.900600 0.811400
fight_eye.jpg
9 -1.108817 -2.815500 12.641229 -0.366265 -0.550728 0.750032 0.722300 0.950000
9 -1.282160 -2.799283 12.510300 -0.685254 -0.520802 0.509110 0.900600 0.811400
9 -1.204992 -2.988775 12.420410 -0.600407 -0.682736 0.416393 0.821200 0.749800
fight_eye.jpg
9 -1.204992 -2.988775 12.420410 -0.600407 -0.682736 0.416393 0.821200 0.749800
9 -1.065938 -3.001827 12.525393 -0.319378 -0.709183 0.628536 0.678300 0.860900
9 -1.108817 -2.815500 12.641229 -0.366265 -0.550728 0.750032 0.722300 0.950000
fight_eye.jpg
9 -0.895437 -2.818785 12.684857 0.026498 -0.556686 0.830301 0.500000 0.999500
9 -1.108817 -2.815500 12.641229 -0.366265 -0.550728 0.750032 0.722300 0.950000
9 -1.065938 -3.001827 12.525393 -0.319378 -0.709183 0.628536 0.678300 0.860900
fight_eye.jpg
9 -1.065938 -3.001827 12.525393 -0.319378 -0.709183 0.628536 0.678300 0.860900
9 -0.894754 -3.004394 12.560397 0.026578 -0.714400 0.699232 0.500000 0.900600
9 -0.895437 -2.818785 12.684857 0.026498 -0.556686 0.830301 0.500000 0.999500
fight_eye.jpg
11 0.831756 -3.046476 12.117745 0.075001 -0.986945 -0.142526 0.500000 0.500000
11 0.926760 -3.017889 12.318043 0.274605 -0.919831 0.280185 0.401100 0.700300
11 0.833051 -3.028203 12.340492 0.077078 -0.941678 0.327569 0.500000 0.722300
fight_eye.jpg
11 0.831756 -3.046476 12.117745 0.075001 -0.986945 -0.142526 0.500000 0.500000
11 1.000986 -3.003417 12.257247 0.430837 -0.889490 0.152273 0.321700 0.638600
11 0.926760 -3.017889 12.318043 0.274605 -0.919831 0.280185 0.401100 0.700300
fight_eye.jpg
11 0.831756 -3.046476 12.117745 0.075001 -0.986945 -0.142526 0.500000 0.500000
11 1.040924 -2.987880 12.170324 0.515023 -0.856617 -0.030979 0.277700 0.549500
11 1.000986 -3.003417 12.257247 0.430837 -0.889490 0.152273 0.321700 0.638600
fight_eye.jpg
11 0.831756 -3.046476 12.117745 0.075001 -0.986945 -0.142526 0.500000 0.500000
11 1.038766 -2.974130 12.074298 0.510315 -0.827811 -0.233041 0.277700 0.450500
11 1.040924 -2.987880 12.170324 0.515023 -0.856617 -0.030979 0.277700 0.549500
fight_eye.jpg
11 0.831756 -3.046476 12.117745 0.075001 -0.986945 -0.142526 0.500000 0.500000
11 0.994804 -2.965096 11.988395 0.417806 -0.808644 -0.414166 0.321700 0.361400
11 1.038766 -2.974130 12.074298 0.510315 -0.827811 -0.233041 0.277700 0.450500
fight_eye.jpg
11 0.831756 -3.046476 12.117745 0.075001 -0.986945 -0.142526 0.500000 0.500000
11 0.917831 -2.962429 11.929433 0.255656 -0.803050 -0.538285 0.401100 0.299700
11 0.994804 -2.965096 11.988395 0.417806 -0.808644 -0.414166 0.321700 0.361400
fight_eye.jpg
11 0.831756 -3.046476 12.117745 0.075001 -0.986945 -0.142526 0.500000 0.500000
11 0.823041 -2.966621 11.909226 0.056080 -0.812046 -0.580892 0.500000 0.277700
11 0.917831 -2.962429 11.929433 0.255656 -0.803050 -0.538285 0.401100 0.299700
fight_eye.jpg
11 0.831756 -3.046476 12.117745 0.075001 -0.986945 -0.142526 0.500000 0.500000
11 0.729332 -2.977035 11.931676 -0.141341 -0.833896 -0.533517 0.598900 0.299700
11 0.823041 -2.966621 11.909226 0.056080 -0.812046 -0.580892 0.500000 0.277700
fight_eye.jpg
11 0.831756 -3.046476 12.117745 0.075001 -0.986945 -0.142526 0.500000 0.500000
11 0.655106 -2.991408 11.992471 -0.297679 -0.864228 -0.405583 0.678300 0.361400
11 0.729332 -2.977035 11.931676 -0.141341 -0.833896 -0.533517 0.598900 0.299700
fight_eye.jpg
11 0.831756 -3.046476 12.117745 0.075001 -0.986945 -0.142526 0.500000 0.500000
11 0.615168 -3.007044 12.079395 -0.381792 -0.897103 -0.222354 0.722300 0.450500
11 0.655106 -2.991408 11.992471 -0.297679 -0.864228 -0.405583 0.678300 0.361400
fight_eye.jpg
11 0.831756 -3.046476 12.117745 0.075001 -0.986945 -0.142526 0.500000 0.500000
11 0.617426 -3.020694 12.175420 -0.377146 -0.925932 -0.020276 0.722300 0.549500
11 0.615168 -3.007044 12.079395 -0.381792 -0.897103 -0.222354 0.722300 0.450500
fight_eye.jpg
11 0.831756 -3.046476 12.117745 0.075001 -0.986945 -0.142526 0.500000 0.500000
11 0.661288 -3.029828 12.261325 -0.284547 -0.945072 0.160846 0.678300 0.638600
11 0.617426 -3.020694 12.175420 -0.377146 -0.925932 -0.020276 0.722300 0.549500
fight_eye.jpg
11 0.831756 -3.046476 12.117745 0.075001 -0.986945 -0.142526 0.500000 0.500000
11 0.738261 -3.032496 12.320286 -0.122490 -0.950682 0.284957 0.598900 0.700300
11 0.661288 -3.029828 12.261325 -0.284547 -0.945072 0.160846 0.678300 0.638600
fight_eye.jpg
11 0.831756 -3.046476 12.117745 0.075001 -0.986945 -0.142526 0.500000 0.500000
11 0.833051 -3.028203 12.340492 0.077078 -0.941678 0.327569 0.500000 0.722300
11 0.738261 -3.032496 12.320286 -0.122490 -0.950682 0.284957 0.598900 0.700300
fight_eye.jpg
11 0.833051 -3.028203 12.340492 0.077078 -0.941678 0.327569 0.500000 0.722300
11 0.926760 -3.017889 12.318043 0.274605 -0.919831 0.280185 0.401100 0.700300
11 0.995563 -2.896628 12.492808 0.405187 -0.674868 0.616747 0.321700 0.860900
fight_eye.jpg
11 0.995563 -2.896628 12.492808 0.405187 -0.674868 0.616747 0.321700 0.860900
11 0.826547 -2.915393 12.533298 0.063679 -0.712621 0.698654 0.500000 0.900600
11 0.833051 -3.028203 12.340492 0.077078 -0.941678 0.327569 0.500000 0.722300
fight_eye.jpg
11 0.926760 -3.017889 12.318043 0.274605 -0.919831 0.280185 0.401100 0.700300
11 1.000986 -3.003417 12.257247 0.430837 -0.889490 0.152273 0.321700 0.638600
11 1.129210 -2.870677 12.383335 0.675392 -0.622417 0.395529 0.178800 0.749800
fight_eye.jpg
11 1.129210 -2.870677 12.383335 0.675392 -0.622417 0.395529 0.178800 0.749800
11 0.995563 -2.896628 12.492808 0.405187 -0.674868 0.616747 0.321700 0.860900
11 0.926760 -3.017889 12.318043 0.274605 -0.919831 0.280185 0.401100 0.700300
fight_eye.jpg
11 1.000986 -3.003417 12.257247 0.430837 -0.889490 0.152273 0.321700 0.638600
11 1.040924 -2.987880 12.170324 0.515023 -0.856617 -0.030979 0.277700 0.549500
11 1.201278 -2.842554 12.226614 0.820914 -0.565591 0.078786 0.099400 0.589100
fight_eye.jpg
11 1.201278 -2.842554 12.226614 0.820914 -0.565591 0.078786 0.099400 0.589100
11 1.129210 -2.870677 12.383335 0.675392 -0.622417 0.395529 0.178800 0.749800
11 1.000986 -3.003417 12.257247 0.430837 -0.889490 0.152273 0.321700 0.638600
fight_eye.jpg
11 1.040924 -2.987880 12.170324 0.515023 -0.856617 -0.030979 0.277700 0.549500
11 1.038766 -2.974130 12.074298 0.510315 -0.827811 -0.233041 0.277700 0.450500
11 1.197254 -2.817885 12.053686 0.812868 -0.515688 -0.270761 0.099400 0.410900
fight_eye.jpg
11 1.197254 -2.817885 12.053686 0.812868 -0.515688 -0.270761 0.099400 0.410900
11 1.201278 -2.842554 12.226614 0.820914 -0.565591 0.078786 0.099400 0.589100
11 1.040924 -2.987880 12.170324 0.515023 -0.856617 -0.030979 0.277700 0.549500
fight_eye.jpg
11 1.038766 -2.974130 12.074298 0.510315 -0.827811 -0.233041 0.277700 0.450500
11 0.994804 -2.965096 11.988395 0.417806 -0.808644 -0.414166 0.321700 0.361400
11 1.118022 -2.801566 11.898800 0.652844 -0.482604 -0.583856 0.178800 0.250200
fight_eye.jpg
11 1.118022 -2.801566 11.898800 0.652844 -0.482604 -0.583856 0.178800 0.250200
11 1.197254 -2.817885 12.053686 0.812868 -0.515688 -0.270761 0.099400 0.410900
11 1.038766 -2.974130 12.074298 0.510315 -0.827811 -0.233041 0.277700 0.450500
fight_eye.jpg
11 0.994804 -2.965096 11.988395 0.417806 -0.808644 -0.414166 0.321700 0.361400
11 0.917831 -2.962429 11.929433 0.255656 -0.803050 -0.538285 0.401100 0.299700
11 0.979370 -2.796725 11.792589 0.372532 -0.472935 -0.798469 0.321700 0.139100
fight_eye.jpg
11 0.979370 -2.796725 11.792589 0.372532 -0.472935 -0.798469 0.321700 0.139100
11 1.118022 -2.801566 11.898800 0.652844 -0.482604 -0.583856 0.178800 0.250200
11 0.994804 -2.965096 11.988395 0.417806 -0.808644 -0.414166 0.321700 0.361400
fight_eye.jpg
11 0.917831 -2.962429 11.929433 0.255656 -0.803050 -0.538285 0.401100 0.299700
11 0.823041 -2.966621 11.909226 0.056080 -0.812046 -0.580892 0.500000 0.277700
11 0.808588 -2.804471 11.756177 0.027370 -0.488544 -0.872110 0.500000 0.099400
fight_eye.jpg
11 0.808588 -2.804471 11.756177 0.027370 -0.488544 -0.872110 0.500000 0.099400
11 0.979370 -2.796725 11.792589 0.372532 -0.472935 -0.798469 0.321700 0.139100
11 0.917831 -2.962429 11.929433 0.255656 -0.803050 -0.538285 0.401100 0.299700
fight_eye.jpg
11 0.823041 -2.966621 11.909226 0.056080 -0.812046 -0.580892 0.500000 0.277700
11 0.729332 -2.977035 11.931676 -0.141341 -0.833896 -0.533517 0.598900 0.299700
11 0.639672 -2.823137 11.796666 -0.313969 -0.526269 -0.790231 0.678300 0.139100
fight_eye.jpg
11 0.639672 -2.823137 11.796666 -0.313969 -0.526269 -0.790231 0.678300 0.139100
11 0.808588 -2.804471 11.756177 0.027370 -0.488544 -0.872110 0.500000 0.099400
11 0.823041 -2.966621 11.909226 0.056080 -0.812046 -0.580892 0.500000 0.277700
fight_eye.jpg
11 0.729332 -2.977035 11.931676 -0.141341 -0.833896 -0.533517 0.598900 0.299700
11 0.655106 -2.991408 11.992471 -0.297679 -0.864228 -0.405583 0.678300 0.361400
11 0.506026 -2.849087 11.906138 -0.584251 -0.578734 -0.568962 0.821200 0.250200
fight_eye.jpg
11 0.506026 -2.849087 11.906138 -0.584251 -0.578734 -0.568962 0.821200 0.250200
11 0.639672 -2.823137 11.796666 -0.313969 -0.526269 -0.790231 0.678300 0.139100
11 0.729332 -2.977035 11.931676 -0.141341 -0.833896 -0.533517 0.598900 0.299700
fight_eye.jpg
11 0.655106 -2.991408 11.992471 -0.297679 -0.864228 -0.405583 0.678300 0.361400
11 0.615168 -3.007044 12.079395 -0.381792 -0.897103 -0.222354 0.722300 0.450500
11 0.434058 -2.877210 12.062860 -0.729694 -0.635557 -0.252219 0.900600 0.410900
fight_eye.jpg
11 0.434058 -2.877210 12.062860 -0.729694 -0.635557 -0.252219 0.900600 0.410900
11 0.506026 -2.849087 11.906138 -0.584251 -0.578734 -0.568962 0.821200 0.250200
11 0.655106 -2.991408 11.992471 -0.297679 -0.864228 -0.405583 0.678300 0.361400
fight_eye.jpg
11 0.615168 -3.007044 12.079395 -0.381792 -0.897103 -0.222354 0.722300 0.450500
11 0.617426 -3.020694 12.175420 -0.377146 -0.925932 -0.020276 0.722300 0.549500
11 0.437982 -2.901880 12.235788 -0.721664 -0.685380 0.097242 0.900600 0.589100
fight_eye.jpg
11 0.437982 -2.901880 12.235788 -0.721664 -0.685380 0.097242 0.900600 0.589100
11 0.434058 -2.877210 12.062860 -0.729694 -0.635557 -0.252219 0.900600 0.410900
11 0.615168 -3.007044 12.079395 -0.381792 -0.897103 -0.222354 0.722300 0.450500
fight_eye.jpg
11 0.617426 -3.020694 12.175420 -0.377146 -0.925932 -0.020276 0.722300 0.549500
11 0.661288 -3.029828 12.261325 -0.284547 -0.945072 0.160846 0.678300 0.638600
11 0.517213 -2.918298 12.390676 -0.561603 -0.718493 0.410330 0.821200 0.749800
fight_eye.jpg
11 0.517213 -2.918298 12.390676 -0.561603 -0.718493 0.410330 0.821200 0.749800
11 0.437982 -2.901880 12.235788 -0.721664 -0.685380 0.097242 0.900600 0.589100
11 0.617426 -3.020694 12.175420 -0.377146 -0.925932 -0.020276 0.722300 0.549500
fight_eye.jpg
11 0.661288 -3.029828 12.261325 -0.284547 -0.945072 0.160846 0.678300 0.638600
11 0.738261 -3.032496 12.320286 -0.122490 -0.950682 0.284957 0.598900 0.700300
11 0.655865 -2.923039 12.496886 -0.281284 -0.728235 0.624943 0.678300 0.860900
fight_eye.jpg
11 0.655865 -2.923039 12.496886 -0.281284 -0.728235 0.624943 0.678300 0.860900
11 0.517213 -2.918298 12.390676 -0.561603 -0.718493 0.410330 0.821200 0.749800
11 0.661288 -3.029828 12.261325 -0.284547 -0.945072 0.160846 0.678300 0.638600
fight_eye.jpg
11 0.738261 -3.032496 12.320286 -0.122490 -0.950682 0.284957 0.598900 0.700300
11 0.833051 -3.028203 12.340492 0.077078 -0.941678 0.327569 0.500000 0.722300
11 0.826547 -2.915393 12.533298 0.063679 -0.712621 0.698654 0.500000 0.900600
fight_eye.jpg
11 0.826547 -2.915393 12.533298 0.063679 -0.712621 0.698654 0.500000 0.900600
11 0.655865 -2.923039 12.496886 -0.281284 -0.728235 0.624943 0.678300 0.860900
11 0.738261 -3.032496 12.320286 -0.122490 -0.950682 0.284957 0.598900 0.700300
fight_eye.jpg
11 0.826547 -2.915393 12.533298 0.063679 -0.712621 0.698654 0.500000 0.900600
11 0.995563 -2.896628 12.492808 0.405187 -0.674868 0.616747 0.321700 0.860900
11 1.024384 -2.707001 12.607447 0.440730 -0.512631 0.736863 0.277700 0.950000
fight_eye.jpg
11 1.024384 -2.707001 12.607447 0.440730 -0.512631 0.736863 0.277700 0.950000
11 0.813764 -2.730283 12.658058 0.053196 -0.555449 0.829847 0.500000 0.999500
11 0.826547 -2.915393 12.533298 0.063679 -0.712621 0.698654 0.500000 0.900600
fight_eye.jpg
11 0.995563 -2.896628 12.492808 0.405187 -0.674868 0.616747 0.321700 0.860900
11 1.129210 -2.870677 12.383335 0.675392 -0.622417 0.395529 0.178800 0.749800
11 1.191142 -2.674585 12.471031 0.747615 -0.453000 0.485657 0.099400 0.811400
fight_eye.jpg
11 1.191142 -2.674585 12.471031 0.747615 -0.453000 0.485657 0.099400 0.811400
11 1.024384 -2.707001 12.607447 0.440730 -0.512631 0.736863 0.277700 0.950000
11 0.995563 -2.896628 12.492808 0.405187 -0.674868 0.616747 0.321700 0.860900
fight_eye.jpg
11 1.129210 -2.870677 12.383335 0.675392 -0.622417 0.395529 0.178800 0.749800
11 1.201278 -2.842554 12.226614 0.820914 -0.565591 0.078786 0.099400 0.589100
11 1.280926 -2.639602 12.275556 0.912796 -0.388473 0.126064 0.000500 0.611100
fight_eye.jpg
11 1.280926 -2.639602 12.275556 0.912796 -0.388473 0.126064 0.000500 0.611100
11 1.191142 -2.674585 12.471031 0.747615 -0.453000 0.485657 0.099400 0.811400
11 1.129210 -2.870677 12.383335 0.675392 -0.622417 0.395529 0.178800 0.749800
fight_eye.jpg
11 1.201278 -2.842554 12.226614 0.820914 -0.565591 0.078786 0.099400 0.589100
11 1.197254 -2.817885 12.053686 0.812868 -0.515688 -0.270761 0.099400 0.410900
11 1.275921 -2.608811 12.059873 0.903636 -0.331873 -0.270745 0.000500 0.388900
fight_eye.jpg
11 1.275921 -2.608811 12.059873 0.903636 -0.331873 -0.270745 0.000500 0.388900
11 1.280926 -2.639602 12.275556 0.912796 -0.388473 0.126064 0.000500 0.611100
11 1.201278 -2.842554 12.226614 0.820914 -0.565591 0.078786 0.099400 0.589100
fight_eye.jpg
11 1.197254 -2.817885 12.053686 0.812868 -0.515688 -0.270761 0.099400 0.410900
11 1.118022 -2.801566 11.898800 0.652844 -0.482604 -0.583856 0.178800 0.250200
11 1.177207 -2.588434 11.866739 0.721907 -0.294348 -0.626267 0.099400 0.188600
fight_eye.jpg
11 1.177207 -2.588434 11.866739 0.721907 -0.294348 -0.626267 0.099400 0.188600
11 1.275921 -2.608811 12.059873 0.903636 -0.331873 -0.270745 0.000500 0.388900
11 1.197254 -2.817885 12.053686 0.812868 -0.515688 -0.270761 0.099400 0.410900
fight_eye.jpg
11 1.118022 -2.801566 11.898800 0.652844 -0.482604 -0.583856 0.178800 0.250200
11 0.979370 -2.796725 11.792589 0.372532 -0.472935 -0.798469 0.321700 0.139100
11 1.004267 -2.582430 11.734301 0.403721 -0.283345 -0.869900 0.277700 0.050000
fight_eye.jpg
11 1.004267 -2.582430 11.734301 0.403721 -0.283345 -0.869900 0.277700 0.050000
11 1.177207 -2.588434 11.866739 0.721907 -0.294348 -0.626267 0.099400 0.188600
11 1.118022 -2.801566 11.898800 0.652844 -0.482604 -0.583856 0.178800 0.250200
fight_eye.jpg
11 0.979370 -2.796725 11.792589 0.372532 -0.472935 -0.798469 0.321700 0.139100
11 0.808588 -2.804471 11.756177 0.027370 -0.488544 -0.872110 0.500000 0.099400
11 0.791389 -2.592061 11.688887 0.012080 -0.300951 -0.953563 0.500000 0.000500
fight_eye.jpg
11 0.791389 -2.592061 11.688887 0.012080 -0.300951 -0.953563 0.500000 0.000500
11 1.004267 -2.582430 11.734301 0.403721 -0.283345 -0.869900 0.277700 0.050000
11 0.979370 -2.796725 11.792589 0.372532 -0.472935 -0.798469 0.321700 0.139100
fight_eye.jpg
11 0.808588 -2.804471 11.756177 0.027370 -0.488544 -0.872110 0.500000 0.099400
11 0.639672 -2.823137 11.796666 -0.313969 -0.526269 -0.790231 0.678300 0.139100
11 0.580669 -2.615344 11.739398 -0.375753 -0.343881 -0.860555 0.722300 0.050000
fight_eye.jpg
11 0.580669 -2.615344 11.739398 -0.375753 -0.343881 -0.860555 0.722300 0.050000
11 0.791389 -2.592061 11.688887 0.012080 -0.300951 -0.953563 0.500000 0.000500
11 0.808588 -2.804471 11.756177 0.027370 -0.488544 -0.872110 0.500000 0.099400
fight_eye.jpg
11 0.639672 -2.823137 11.796666 -0.313969 -0.526269 -0.790231 0.678300 0.139100
11 0.506026 -2.849087 11.906138 -0.584251 -0.578734 -0.568962 0.821200 0.250200
11 0.413911 -2.647659 11.875913 -0.682579 -0.403413 -0.609380 0.900600 0.188600
fight_eye.jpg
11 0.413911 -2.647659 11.875913 -0.682579 -0.403413 -0.609380 0.900600 0.188600
11 0.580669 -2.615344 11.739398 -0.375753 -0.343881 -0.860555 0.722300 0.050000
11 0.639672 -2.823137 11.796666 -0.313969 -0.526269 -0.790231 0.678300 0.139100
fight_eye.jpg
11 0.506026 -2.849087 11.906138 -0.584251 -0.578734 -0.568962 0.821200 0.250200
11 0.434058 -2.877210 12.062860 -0.729694 -0.635557 -0.252219 0.900600 0.410900
11 0.324126 -2.682743 12.071289 -0.847728 -0.467950 -0.249760 0.999500 0.388900
fight_eye.jpg
11 0.324126 -2.682743 12.071289 -0.847728 -0.467950 -0.249760 0.999500 0.388900
11 0.413911 -2.647659 11.875913 -0.682579 -0.403413 -0.609380 0.900600 0.188600
11 0.506026 -2.849087 11.906138 -0.584251 -0.578734 -0.568962 0.821200 0.250200
fight_eye.jpg
11 0.434058 -2.877210 12.062860 -0.729694 -0.635557 -0.252219 0.900600 0.410900
11 0.437982 -2.901880 12.235788 -0.721664 -0.685380 0.097242 0.900600 0.589100
11 0.329132 -2.713534 12.286972 -0.838593 -0.524533 0.147063 0.999500 0.611100
fight_eye.jpg
11 0.329132 -2.713534 12.286972 -0.838593 -0.524533 0.147063 0.999500 0.611100
11 0.324126 -2.682743 12.071289 -0.847728 -0.467950 -0.249760 0.999500 0.388900
11 0.434058 -2.877210 12.062860 -0.729694 -0.635557 -0.252219 0.900600 0.410900
fight_eye.jpg
11 0.437982 -2.901880 12.235788 -0.721664 -0.685380 0.097242 0.900600 0.589100
11 0.517213 -2.918298 12.390676 -0.561603 -0.718493 0.410330 0.821200 0.749800
11 0.427846 -2.733912 12.480106 -0.656895 -0.562100 0.502527 0.900600 0.811400
fight_eye.jpg
11 0.427846 -2.733912 12.480106 -0.656895 -0.562100 0.502527 0.900600 0.811400
11 0.329132 -2.713534 12.286972 -0.838593 -0.524533 0.147063 0.999500 0.611100
11 0.437982 -2.901880 12.235788 -0.721664 -0.685380 0.097242 0.900600 0.589100
fight_eye.jpg
11 0.517213 -2.918298 12.390676 -0.561603 -0.718493 0.410330 0.821200 0.749800
11 0.655865 -2.923039 12.496886 -0.281284 -0.728235 0.624943 0.678300 0.860900
11 0.600786 -2.739916 12.612544 -0.338646 -0.573135 0.746213 0.722300 0.950000
fight_eye.jpg
11 0.600786 -2.739916 12.612544 -0.338646 -0.573135 0.746213 0.722300 0.950000
11 0.427846 -2.733912 12.480106 -0.656895 -0.562100 0.502527 0.900600 0.811400
11 0.517213 -2.918298 12.390676 -0.561603 -0.718493 0.410330 0.821200 0.749800
fight_eye.jpg
11 0.655865 -2.923039 12.496886 -0.281284 -0.728235 0.624943 0.678300 0.860900
11 0.826547 -2.915393 12.533298 0.063679 -0.712621 0.698654 0.500000 0.900600
11 0.813764 -2.730283 12.658058 0.053196 -0.555449 0.829847 0.500000 0.999500
fight_eye.jpg
11 0.813764 -2.730283 12.658058 0.053196 -0.555449 0.829847 0.500000 0.999500
11 0.600786 -2.739916 12.612544 -0.338646 -0.573135 0.746213 0.722300 0.950000
11 0.655865 -2.923039 12.496886 -0.281284 -0.728235 0.624943 0.678300 0.860900
face3.jpg
7 1.583990 -0.391331 11.229849 0.845211 0.262415 -0.465571 0.630800 0.174500
7 1.470224 -0.469386 10.525559 0.915551 0.203869 -0.346705 0.668100 0.150900
7 1.662531 0.459722 11.095345 0.989807 -0.042970 -0.135775 0.578300 0.145100
face3.jpg
7 1.561813 -2.846728 12.585531 0.861003 -0.489894 -0.136667 0.495100 0.744600
7 1.463482 -2.771485 13.721064 0.852655 -0.518867 0.061289 0.486100 0.899300
7 0.961270 -3.373340 13.713961 0.540286 -0.839887 0.051786 0.326900 0.905400
face3.jpg
7 0.961270 -3.373340 13.713961 0.540286 -0.839887 0.051786 0.326900 0.905400
7 1.034591 -3.371419 12.359824 0.505993 -0.776699 -0.375114 0.345500 0.741700
7 1.561813 -2.846728 12.585531 0.861003 -0.489894 -0.136667 0.495100 0.744600
face3.jpg
7 0.201806 -3.590034 12.394678 0.214766 -0.975201 -0.053470 0.072800 0.717600
7 0.013430 -3.639946 13.446774 0.253641 -0.967280 0.005881 0.018900 0.864600
7 -0.004272 -3.626694 12.357306 0.183381 -0.979477 -0.083649 0.018800 0.726900
face3.jpg
7 0.243710 -3.410154 11.893986 0.650126 -0.712969 -0.262700 0.061200 0.619500
7 0.389693 -3.526552 12.186094 0.300488 -0.887199 -0.350123 0.099500 0.680700
7 -0.009082 -3.596897 12.153632 0.197165 -0.934127 -0.297545 0.018800 0.675500
face3.jpg
7 -0.009082 -3.596897 12.153632 0.197165 -0.934127 -0.297545 0.018800 0.675500
7 -0.019479 -3.475128 11.889938 0.247484 -0.963887 -0.098357 0.018800 0.619300
7 0.243710 -3.410154 11.893986 0.650126 -0.712969 -0.262700 0.061200 0.619500
face3.jpg
7 0.611832 -2.956840 10.837399 0.462816 -0.868947 -0.175306 0.239500 0.482900
7 0.627716 -3.017018 11.325559 0.300968 -0.951117 -0.069244 0.253000 0.547000
7 0.405251 -3.121334 11.282478 0.740774 -0.669435 0.055770 0.192000 0.539900
face3.jpg
7 0.405251 -3.121334 11.282478 0.740774 -0.669435 0.055770 0.192000 0.539900
7 0.445234 -3.032503 10.855793 0.653002 -0.718742 -0.238742 0.198700 0.490200
7 0.611832 -2.956840 10.837399 0.462816 -0.868947 -0.175306 0.239500 0.482900
face3.jpg
7 0.186390 -3.555571 11.328823 0.629730 -0.764716 0.136563 0.071800 0.552000
7 -0.020705 -3.618716 11.338588 0.054041 -0.976469 0.208776 0.020100 0.550300
7 -0.024722 -3.718104 10.753043 0.383397 -0.911978 -0.145955 0.018800 0.506300
face3.jpg
7 -0.024722 -3.718104 10.753043 0.383397 -0.911978 -0.145955 0.018800 0.506300
7 0.195366 -3.623406 10.748906 0.671085 -0.717003 -0.188550 0.078800 0.504700
7 0.186390 -3.555571 11.328823 0.629730 -0.764716 0.136563 0.071800 0.552000
face3.jpg
7 0.994865 -2.882764 11.178534 0.436199 -0.833327 -0.339555 0.343000 0.530200
7 1.392505 -2.533191 11.201722 0.808925 -0.460439 -0.365562 0.500700 0.505400
7 1.442650 -2.610683 11.563546 0.780029 -0.611286 -0.133731 0.483300 0.571100
face3.jpg
7 1.442650 -2.610683 11.563546 0.780029 -0.611286 -0.133731 0.483300 0.571100
7 0.991141 -2.960474 11.471431 0.416484 -0.902090 -0.113028 0.345400 0.565400
7 0.994865 -2.882764 11.178534 0.436199 -0.833327 -0.339555 0.343000 0.530200
face3.jpg
7 1.832132 -1.642064 12.176573 0.983978 -0.134210 -0.117364 0.713100 0.665600
7 1.761332 -2.000602 12.502628 0.959772 -0.270835 -0.074063 0.603700 0.731900
7 1.738774 -2.150175 12.021023 0.932938 -0.357362 -0.043807 0.586400 0.638800
face3.jpg
7 -0.024722 -3.718104 10.753043 0.383397 -0.911978 -0.145955 0.018800 0.506300
7 -0.031654 -3.636531 10.580311 0.021640 -0.646549 -0.762566 0.018800 0.482100
7 0.150225 -3.565396 10.603765 0.533414 -0.377055 -0.757165 0.069800 0.486100
face3.jpg
7 0.150225 -3.565396 10.603765 0.533414 -0.377055 -0.757165 0.069800 0.486100
7 0.195366 -3.623406 10.748906 0.671085 -0.717003 -0.188550 0.078800 0.504700
7 -0.024722 -3.718104 10.753043 0.383397 -0.911978 -0.145955 0.018800 0.506300
face3.jpg
7 0.131051 -3.168641 10.642345 0.434233 -0.492259 -0.754402 0.064100 0.441000
7 0.148176 -3.346541 10.642828 0.322396 0.108315 -0.940388 0.065900 0.461000
7 -0.040863 -3.469316 10.547524 -0.017245 0.030150 -0.999397 0.018800 0.468500
face3.jpg
7 -0.040863 -3.469316 10.547524 -0.017245 0.030150 -0.999397 0.018800 0.468500
7 -0.054333 -3.188618 10.613935 0.184250 -0.559352 -0.808194 0.018800 0.439500
7 0.131051 -3.168641 10.642345 0.434233 -0.492259 -0.754402 0.064100 0.441000
face3.jpg
7 0.611832 -2.956840 10.837399 0.462816 -0.868947 -0.175306 0.239500 0.482900
7 0.445234 -3.032503 10.855793 0.653002 -0.718742 -0.238742 0.198700 0.490200
7 0.348393 -3.040624 10.730715 0.622795 -0.652665 -0.431455 0.177700 0.455500
face3.jpg
7 0.348393 -3.040624 10.730715 0.622795 -0.652665 -0.431455 0.177700 0.455500
7 0.509138 -2.953015 10.604609 0.454325 -0.869899 -0.192003 0.211700 0.435200
7 0.611832 -2.956840 10.837399 0.462816 -0.868947 -0.175306 0.239500 0.482900
face3.jpg
7 0.131051 -3.168641 10.642345 0.434233 -0.492259 -0.754402 0.064100 0.441000
7 -0.054333 -3.188618 10.613935 0.184250 -0.559352 -0.808194 0.018800 0.439500
7 -0.059146 -3.156487 10.414041 0.051163 -0.997669 -0.045147 0.018800 0.407600
face3.jpg
7 -0.059146 -3.156487 10.414041 0.051163 -0.997669 -0.045147 0.018800 0.407600
7 0.191818 -3.100708 10.475366 0.377489 -0.920134 -0.104187 0.082800 0.414900
7 0.131051 -3.168641 10.642345 0.434233 -0.492259 -0.754402 0.064100 0.441000
face3.jpg
7 0.191818 -3.100708 10.475366 0.377489 -0.920134 -0.104187 0.082800 0.414900
7 0.262568 -3.076424 10.359478 0.436131 -0.852874 -0.287045 0.098500 0.392100
7 0.752680 -2.773269 10.458323 0.592846 -0.742899 -0.310861 0.279400 0.404100
face3.jpg
7 0.752680 -2.773269 10.458323 0.592846 -0.742899 -0.310861 0.279400 0.404100
7 0.509138 -2.953015 10.604609 0.454325 -0.869899 -0.192003 0.211700 0.435200
7 0.191818 -3.100708 10.475366 0.377489 -0.920134 -0.104187 0.082800 0.414900
face3.jpg
7 0.408932 -3.397043 12.062051 0.491076 -0.469124 -0.734008 0.126600 0.658200
7 0.243710 -3.410154 11.893986 0.650126 -0.712969 -0.262700 0.061200 0.619500
7 0.396624 -3.134002 11.997814 0.627156 -0.055094 -0.776943 0.145700 0.645200
face3.jpg
7 0.279017 -2.892865 10.195654 0.417340 -0.784075 -0.459405 0.105300 0.352600
7 0.262568 -3.076424 10.359478 0.436131 -0.852874 -0.287045 0.098500 0.392100
7 -0.060478 -3.174552 10.271296 0.039727 -0.897098 -0.440043 0.018800 0.382700
face3.jpg
7 -0.060478 -3.174552 10.271296 0.039727 -0.897098 -0.440043 0.018800 0.382700
7 -0.071254 -2.998586 10.165228 0.034770 -0.835486 -0.548410 0.018800 0.349300
7 0.279017 -2.892865 10.195654 0.417340 -0.784075 -0.459405 0.105300 0.352600
face3.jpg
7 -0.059146 -3.156487 10.414041 0.051163 -0.997669 -0.045147 0.018800 0.407600
7 -0.060478 -3.174552 10.271296 0.039727 -0.897098 -0.440043 0.018800 0.382700
7 0.262568 -3.076424 10.359478 0.436131 -0.852874 -0.287045 0.098500 0.392100
face3.jpg
7 0.262568 -3.076424 10.359478 0.436131 -0.852874 -0.287045 0.098500 0.392100
7 0.191818 -3.100708 10.475366 0.377489 -0.920134 -0.104187 0.082800 0.414900
7 -0.059146 -3.156487 10.414041 0.051163 -0.997669 -0.045147 0.018800 0.407600
face3.jpg
7 0.348393 -3.040624 10.730715 0.622795 -0.652665 -0.431455 0.177700 0.455500
7 0.131051 -3.168641 10.642345 0.434233 -0.492259 -0.754402 0.064100 0.441000
7 0.191818 -3.100708 10.475366 0.377489 -0.920134 -0.104187 0.082800 0.414900
face3.jpg
7 0.191818 -3.100708 10.475366 0.377489 -0.920134 -0.104187 0.082800 0.414900
7 0.509138 -2.953015 10.604609 0.454325 -0.869899 -0.192003 0.211700 0.435200
7 0.348393 -3.040624 10.730715 0.622795 -0.652665 -0.431455 0.177700 0.455500
face3.jpg
7 0.262568 -3.076424 10.359478 0.436131 -0.852874 -0.287045 0.098500 0.392100
7 0.661366 -2.736438 10.259848 0.540407 -0.670428 -0.508416 0.250600 0.371900
7 0.752680 -2.773269 10.458323 0.592846 -0.742899 -0.310861 0.279400 0.404100
face3.jpg
7 0.661366 -2.736438 10.259848 0.540407 -0.670428 -0.508416 0.250600 0.371900
7 0.262568 -3.076424 10.359478 0.436131 -0.852874 -0.287045 0.098500 0.392100
7 0.279017 -2.892865 10.195654 0.417340 -0.784075 -0.459405 0.105300 0.352600
face3.jpg
7 0.279017 -2.892865 10.195654 0.417340 -0.784075 -0.459405 0.105300 0.352600
7 0.606212 -2.647167 10.132728 0.464928 -0.719417 -0.516025 0.239500 0.342100
7 0.661366 -2.736438 10.259848 0.540407 -0.670428 -0.508416 0.250600 0.371900
face3.jpg
7 0.646644 -2.540477 10.028897 0.585604 -0.623903 -0.517507 0.256300 0.322500
7 0.606212 -2.647167 10.132728 0.464928 -0.719417 -0.516025 0.239500 0.342100
7 0.479493 -2.692738 9.968766 0.606303 -0.596475 -0.525941 0.220000 0.318800
face3.jpg
7 0.606212 -2.647167 10.132728 0.464928 -0.719417 -0.516025 0.239500 0.342100
7 0.279017 -2.892865 10.195654 0.417340 -0.784075 -0.459405 0.105300 0.352600
7 0.262155 -2.864099 9.886980 0.414256 -0.683464 -0.601057 0.106700 0.316100
face3.jpg
7 0.262155 -2.864099 9.886980 0.414256 -0.683464 -0.601057 0.106700 0.316100
7 0.479493 -2.692738 9.968766 0.606303 -0.596475 -0.525941 0.220000 0.318800
7 0.606212 -2.647167 10.132728 0.464928 -0.719417 -0.516025 0.239500 0.342100
face3.jpg
7 0.262155 -2.864099 9.886980 0.414256 -0.683464 -0.601057 0.106700 0.316100
7 0.279017 -2.892865 10.195654 0.417340 -0.784075 -0.459405 0.105300 0.352600
7 -0.071254 -2.998586 10.165228 0.034770 -0.835486 -0.548410 0.018800 0.349300
face3.jpg
7 -0.071254 -2.998586 10.165228 0.034770 -0.835486 -0.548410 0.018800 0.349300
7 -0.077129 -2.970266 9.885063 0.032883 -0.809404 -0.586331 0.018800 0.314300
7 0.262155 -2.864099 9.886980 0.414256 -0.683464 -0.601057 0.106700 0.316100
face3.jpg
7 0.205266 -2.625361 9.789435 0.359854 -0.763826 -0.535794 0.098300 0.266400
7 0.484548 -2.490133 9.787667 0.548568 -0.752376 -0.364697 0.249700 0.267700
7 0.479493 -2.692738 9.968766 0.606303 -0.596475 -0.525941 0.220000 0.318800
face3.jpg
7 0.479493 -2.692738 9.968766 0.606303 -0.596475 -0.525941 0.220000 0.318800
7 0.262155 -2.864099 9.886980 0.414256 -0.683464 -0.601057 0.106700 0.316100
7 0.205266 -2.625361 9.789435 0.359854 -0.763826 -0.535794 0.098300 0.266400
face3.jpg
7 0.262155 -2.864099 9.886980 0.414256 -0.683464 -0.601057 0.106700 0.316100
7 -0.077129 -2.970266 9.885063 0.032883 -0.809404 -0.586331 0.018800 0.314300
7 -0.091325 -2.722918 9.799263 0.029106 -0.756888 -0.652896 0.018800 0.265800
face3.jpg
7 -0.091325 -2.722918 9.799263 0.029106 -0.756888 -0.652896 0.018800 0.265800
7 0.205266 -2.625361 9.789435 0.359854 -0.763826 -0.535794 0.098300 0.266400
7 0.262155 -2.864099 9.886980 0.414256 -0.683464 -0.601057 0.106700 0.316100
face3.jpg
7 0.834203 -2.255447 9.813452 0.720083 -0.534938 -0.441952 0.366500 0.282900
7 1.041344 -2.334240 10.184159 0.773748 -0.466102 -0.429026 0.408100 0.326000
7 0.782018 -2.446911 10.056432 0.547424 -0.679876 -0.487951 0.297200 0.327600
face3.jpg
7 0.782018 -2.446911 10.056432 0.547424 -0.679876 -0.487951 0.297200 0.327600
7 0.484548 -2.490133 9.787667 0.548568 -0.752376 -0.364697 0.249700 0.267700
7 0.834203 -2.255447 9.813452 0.720083 -0.534938 -0.441952 0.366500 0.282900
face3.jpg
7 1.188583 -2.497349 10.802795 0.786415 -0.503171 -0.358288 0.461600 0.413200
7 1.392505 -2.533191 11.201722 0.808925 -0.460439 -0.365562 0.493300 0.502300
7 0.994865 -2.882764 11.178534 0.436199 -0.833327 -0.339555 0.344800 0.531100
face3.jpg
7 0.994865 -2.882764 11.178534 0.436199 -0.833327 -0.339555 0.344800 0.531100
7 0.874151 -2.817623 10.970193 0.486944 -0.817762 -0.306840 0.319300 0.494100
7 1.188583 -2.497349 10.802795 0.786415 -0.503171 -0.358288 0.461600 0.413200
face3.jpg
7 1.762895 -1.192728 11.682844 0.976128 -0.102369 -0.191557 0.800200 0.565000
7 1.832132 -1.642064 12.176573 0.983978 -0.134210 -0.117364 0.713100 0.665600
7 1.758900 -1.946931 11.685919 0.946439 -0.174878 -0.271424 0.612100 0.573100
face3.jpg
7 1.758900 -1.946931 11.685919 0.946439 -0.174878 -0.271424 0.612100 0.573100
7 1.659167 -1.653324 11.449665 0.929374 -0.142991 -0.340319 0.642800 0.510500
7 1.762895 -1.192728 11.682844 0.976128 -0.102369 -0.191557 0.800200 0.565000
face3.jpg
7 1.188583 -2.497349 10.802795 0.786415 -0.503171 -0.358288 0.460400 0.410500
7 0.874151 -2.817623 10.970193 0.486944 -0.817762 -0.306840 0.319300 0.494100
7 0.752680 -2.773269 10.458323 0.592846 -0.742899 -0.310861 0.279400 0.404100
face3.jpg
7 0.752680 -2.773269 10.458323 0.592846 -0.742899 -0.310861 0.279400 0.404100
7 1.041344 -2.334240 10.184159 0.773748 -0.466102 -0.429026 0.404400 0.322100
7 1.188583 -2.497349 10.802795 0.786415 -0.503171 -0.358288 0.460400 0.410500
face3.jpg
7 1.659167 -1.653324 11.449665 0.929374 -0.142991 -0.340319 0.642800 0.510500
7 1.664805 -1.146569 10.775854 0.941688 -0.159704 -0.296173 0.719000 0.405000
7 1.754640 -0.717511 11.219715 0.944829 0.031443 -0.326051 0.943200 0.528400
face3.jpg
7 1.754640 -0.717511 11.219715 0.944829 0.031443 -0.326051 0.943200 0.528400
7 1.762895 -1.192728 11.682844 0.976128 -0.102369 -0.191557 0.800200 0.565000
7 1.659167 -1.653324 11.449665 0.929374 -0.142991 -0.340319 0.642800 0.510500
face3.jpg
7 0.383650 -2.304270 9.072647 0.469899 -0.383872 -0.794882 0.174000 0.161000
7 -0.114818 -2.493448 9.060992 0.198850 -0.528292 -0.825449 0.018800 0.140600
7 -0.130227 -2.217726 8.994841 0.043553 0.025964 -0.998714 0.018800 0.109300
face3.jpg
7 -0.130227 -2.217726 8.994841 0.043553 0.025964 -0.998714 0.018800 0.109300
7 0.302349 -2.112085 9.014806 0.215228 0.102834 -0.971134 0.176600 0.123400
7 0.383650 -2.304270 9.072647 0.469899 -0.383872 -0.794882 0.174000 0.161000
face3.jpg
7 0.302349 -2.112085 9.014806 0.215228 0.102834 -0.971134 0.176600 0.123400
7 0.698218 -1.909943 9.238507 0.670963 0.013530 -0.741367 0.339100 0.184100
7 0.383650 -2.304270 9.072647 0.469899 -0.383872 -0.794882 0.174000 0.161000
face3.jpg
7 0.752680 -2.773269 10.458323 0.592846 -0.742899 -0.310861 0.279400 0.404100
7 0.661366 -2.736438 10.259848 0.540407 -0.670428 -0.508416 0.250600 0.371900
7 0.782018 -2.446911 10.056432 0.547424 -0.679876 -0.487951 0.297200 0.327600
face3.jpg
7 0.782018 -2.446911 10.056432 0.547424 -0.679876 -0.487951 0.297200 0.327600
7 1.041344 -2.334240 10.184159 0.773748 -0.466102 -0.429026 0.403000 0.327800
7 0.752680 -2.773269 10.458323 0.592846 -0.742899 -0.310861 0.279400 0.404100
face3.jpg
7 1.557574 -0.740718 10.499101 0.862070 0.177518 -0.474681 0.801000 0.331100
7 1.754640 -0.717511 11.219715 0.944829 0.031443 -0.326051 0.943200 0.528400
7 1.664805 -1.146569 10.775854 0.941688 -0.159704 -0.296173 0.719000 0.405000
face3.jpg
7 0.613044 -1.080788 9.581141 0.438157 0.359303 -0.823966 0.318200 0.088400
7 0.698218 -1.909943 9.238507 0.670963 0.013530 -0.741367 0.339100 0.184100
7 0.302349 -2.112085 9.014806 0.215228 0.102834 -0.971134 0.176600 0.123400
face3.jpg
7 0.302349 -2.112085 9.014806 0.215228 0.102834 -0.971134 0.176600 0.123400
7 -0.170702 -1.337882 9.324046 0.099954 0.421047 -0.901514 0.018800 0.026400
7 0.613044 -1.080788 9.581141 0.438157 0.359303 -0.823966 0.318200 0.088400
face3.jpg
7 1.470224 -0.469386 10.525559 0.915551 0.203869 -0.346705 0.829800 0.266200
7 1.557574 -0.740718 10.499101 0.862070 0.177518 -0.474681 0.801000 0.331100
7 1.203180 -1.202219 9.975703 0.776896 0.037544 -0.628509 0.540700 0.247100
face3.jpg
7 1.557574 -0.740718 10.499101 0.862070 0.177518 -0.474681 0.801000 0.331100
7 1.470224 -0.469386 10.525559 0.915551 0.203869 -0.346705 0.829800 0.266200
7 1.583990 -0.391331 11.229849 0.845211 0.262415 -0.465571 0.968600 0.438600
face3.jpg
7 1.583990 -0.391331 11.229849 0.845211 0.262415 -0.465571 0.968600 0.438600
7 1.754640 -0.717511 11.219715 0.944829 0.031443 -0.326051 0.943200 0.528400
7 1.557574 -0.740718 10.499101 0.862070 0.177518 -0.474681 0.801000 0.331100
face3.jpg
7 0.874151 -2.817623 10.970193 0.486944 -0.817762 -0.306840 0.319300 0.494100
7 0.994865 -2.882764 11.178534 0.436199 -0.833327 -0.339555 0.343600 0.528300
7 0.627716 -3.017018 11.325559 0.300968 -0.951117 -0.069244 0.253000 0.547000
face3.jpg
7 0.611832 -2.956840 10.837399 0.462816 -0.868947 -0.175306 0.239500 0.482900
7 0.509138 -2.953015 10.604609 0.454325 -0.869899 -0.192003 0.211700 0.435200
7 0.752680 -2.773269 10.458323 0.592846 -0.742899 -0.310861 0.279400 0.404100
face3.jpg
7 0.752680 -2.773269 10.458323 0.592846 -0.742899 -0.310861 0.279400 0.404100
7 0.874151 -2.817623 10.970193 0.486944 -0.817762 -0.306840 0.319300 0.494100
7 0.611832 -2.956840 10.837399 0.462816 -0.868947 -0.175306 0.239500 0.482900
face3.jpg
7 0.484548 -2.490133 9.787667 0.548568 -0.752376 -0.364697 0.249700 0.267700
7 0.782018 -2.446911 10.056432 0.547424 -0.679876 -0.487951 0.297200 0.327600
7 0.646644 -2.540477 10.028897 0.585604 -0.623903 -0.517507 0.256300 0.322500
face3.jpg
7 0.646644 -2.540477 10.028897 0.585604 -0.623903 -0.517507 0.256300 0.322500
7 0.479493 -2.692738 9.968766 0.606303 -0.596475 -0.525941 0.220000 0.318800
7 0.484548 -2.490133 9.787667 0.548568 -0.752376 -0.364697 0.249700 0.267700
face3.jpg
7 0.646644 -2.540477 10.028897 0.585604 -0.623903 -0.517507 0.256300 0.322500
7 0.782018 -2.446911 10.056432 0.547424 -0.679876 -0.487951 0.297200 0.327600
7 0.661366 -2.736438 10.259848 0.540407 -0.670428 -0.508416 0.250600 0.371900
face3.jpg
7 0.661366 -2.736438 10.259848 0.540407 -0.670428 -0.508416 0.250600 0.371900
7 0.606212 -2.647167 10.132728 0.464928 -0.719417 -0.516025 0.239500 0.342100
7 0.646644 -2.540477 10.028897 0.585604 -0.623903 -0.517507 0.256300 0.322500
face3.jpg
7 1.664805 -1.146569 10.775854 0.941688 -0.159704 -0.296173 0.719000 0.405000
7 1.231439 -1.691615 10.215058 0.883303 -0.245918 -0.399125 0.457600 0.296700
7 1.203180 -1.202219 9.975703 0.776896 0.037544 -0.628509 0.540700 0.247100
face3.jpg
7 1.203180 -1.202219 9.975703 0.776896 0.037544 -0.628509 0.540700 0.247100
7 1.557574 -0.740718 10.499101 0.862070 0.177518 -0.474681 0.801000 0.331100
7 1.664805 -1.146569 10.775854 0.941688 -0.159704 -0.296173 0.719000 0.405000
face3.jpg
7 0.348393 -3.040624 10.730715 0.622795 -0.652665 -0.431455 0.177700 0.455500
7 0.148176 -3.346541 10.642828 0.322396 0.108315 -0.940388 0.065900 0.461000
7 0.131051 -3.168641 10.642345 0.434233 -0.492259 -0.754402 0.064100 0.441000
face3.jpg
7 1.231439 -1.691615 10.215058 0.883303 -0.245918 -0.399125 0.457600 0.296700
7 1.041344 -2.334240 10.184159 0.773748 -0.466102 -0.429026 0.398800 0.327300
7 0.834203 -2.255447 9.813452 0.720083 -0.534938 -0.441952 0.363000 0.283000
face3.jpg
7 1.231439 -1.691615 10.215058 0.883303 -0.245918 -0.399125 0.457200 0.296300
7 0.713128 -2.217873 9.529852 0.779639 -0.511117 -0.361831 0.340300 0.245400
7 0.698218 -1.909943 9.238507 0.670963 0.013530 -0.741367 0.339100 0.184100
face3.jpg
7 0.698218 -1.909943 9.238507 0.670963 0.013530 -0.741367 0.339100 0.184100
7 1.203180 -1.202219 9.975703 0.776896 0.037544 -0.628509 0.540700 0.247100
7 1.231439 -1.691615 10.215058 0.883303 -0.245918 -0.399125 0.457200 0.296300
face3.jpg
7 0.613044 -1.080788 9.581141 0.438157 0.359303 -0.823966 0.307200 0.077400
7 1.127710 -0.787195 10.000296 0.700416 0.168668 -0.693519 0.620000 0.192100
7 1.203180 -1.202219 9.975703 0.776896 0.037544 -0.628509 0.540700 0.247100
face3.jpg
7 1.203180 -1.202219 9.975703 0.776896 0.037544 -0.628509 0.540700 0.247100
7 0.698218 -1.909943 9.238507 0.670963 0.013530 -0.741367 0.339100 0.184100
7 0.613044 -1.080788 9.581141 0.438157 0.359303 -0.823966 0.307200 0.077400
face3.jpg
7 1.525010 -2.558663 12.287251 0.865680 -0.412406 -0.283759 0.493200 0.683200
7 1.738774 -2.150175 12.021023 0.932938 -0.357362 -0.043807 0.586400 0.638800
7 1.761332 -2.000602 12.502628 0.959772 -0.270835 -0.074063 0.603700 0.731900
face3.jpg
7 1.158196 -3.150990 12.281127 0.537461 -0.511663 -0.670325 0.378300 0.701700
7 1.487510 -2.794728 12.360527 0.763481 -0.390360 -0.514506 0.470000 0.703800
7 1.561813 -2.846728 12.585531 0.861003 -0.489894 -0.136667 0.495100 0.744600
face3.jpg
7 1.561813 -2.846728 12.585531 0.861003 -0.489894 -0.136667 0.495100 0.744600
7 1.034591 -3.371419 12.359824 0.505993 -0.776699 -0.375114 0.345500 0.741700
7 1.158196 -3.150990 12.281127 0.537461 -0.511663 -0.670325 0.378300 0.701700
face3.jpg
7 1.561813 -2.846728 12.585531 0.861003 -0.489894 -0.136667 0.495100 0.744600
7 1.525010 -2.558663 12.287251 0.865680 -0.412406 -0.283759 0.493200 0.683200
7 1.761332 -2.000602 12.502628 0.959772 -0.270835 -0.074063 0.603700 0.731900
face3.jpg
7 -0.170702 -1.337882 9.324046 0.099954 0.421047 -0.901514 0.018800 0.026400
7 0.302349 -2.112085 9.014806 0.215228 0.102834 -0.971134 0.176600 0.123400
7 -0.130227 -2.217726 8.994841 0.043553 0.025964 -0.998714 0.018800 0.109300
face3.jpg
7 1.338667 -2.735154 11.998217 0.687772 -0.725923 -0.002456 0.432700 0.639900
7 1.525010 -2.558663 12.287251 0.865680 -0.412406 -0.283759 0.493200 0.683200
7 1.311200 -2.733668 12.143897 0.663839 -0.745836 -0.055194 0.421300 0.663900
face3.jpg
7 1.758900 -1.946931 11.685919 0.946439 -0.174878 -0.271424 0.612100 0.573100
7 1.738774 -2.150175 12.021023 0.932938 -0.357362 -0.043807 0.586400 0.638800
7 1.442650 -2.610683 11.563546 0.780029 -0.611286 -0.133731 0.483300 0.571100
face3.jpg
7 1.442650 -2.610683 11.563546 0.780029 -0.611286 -0.133731 0.483300 0.571100
7 1.392505 -2.533191 11.201722 0.808925 -0.460439 -0.365562 0.497700 0.504400
7 1.758900 -1.946931 11.685919 0.946439 -0.174878 -0.271424 0.612100 0.573100
face3.jpg
7 1.659167 -1.653324 11.449665 0.929374 -0.142991 -0.340319 0.642800 0.510500
7 1.758900 -1.946931 11.685919 0.946439 -0.174878 -0.271424 0.612100 0.573100
7 1.392505 -2.533191 11.201722 0.808925 -0.460439 -0.365562 0.492600 0.504300
face3.jpg
7 1.392505 -2.533191 11.201722 0.808925 -0.460439 -0.365562 0.492600 0.504300
7 1.188583 -2.497349 10.802795 0.786415 -0.503171 -0.358288 0.452700 0.416500
7 1.659167 -1.653324 11.449665 0.929374 -0.142991 -0.340319 0.642800 0.510500
face3.jpg
7 1.659167 -1.653324 11.449665 0.929374 -0.142991 -0.340319 0.642800 0.510500
7 1.188583 -2.497349 10.802795 0.786415 -0.503171 -0.358288 0.453700 0.412200
7 1.231439 -1.691615 10.215058 0.883303 -0.245918 -0.399125 0.457600 0.296700
face3.jpg
7 -0.019479 -3.475128 11.889938 0.247484 -0.963887 -0.098357 0.018800 0.619300
7 -0.020705 -3.618716 11.338588 0.054041 -0.976469 0.208776 0.019800 0.550900
7 0.186390 -3.555571 11.328823 0.629730 -0.764716 0.136563 0.071100 0.552600
face3.jpg
7 0.186390 -3.555571 11.328823 0.629730 -0.764716 0.136563 0.071100 0.552600
7 0.243710 -3.410154 11.893986 0.650126 -0.712969 -0.262700 0.061200 0.619500
7 -0.019479 -3.475128 11.889938 0.247484 -0.963887 -0.098357 0.018800 0.619300
face3.jpg
7 0.399782 -2.522471 9.287794 0.535396 -0.752865 -0.382813 0.160900 0.205900
7 0.713128 -2.217873 9.529852 0.779639 -0.511117 -0.361831 0.340300 0.245400
7 0.484548 -2.490133 9.787667 0.548568 -0.752376 -0.364697 0.249700 0.267700
face3.jpg
7 0.484548 -2.490133 9.787667 0.548568 -0.752376 -0.364697 0.249700 0.267700
7 0.205266 -2.625361 9.789435 0.359854 -0.763826 -0.535794 0.098300 0.266400
7 0.399782 -2.522471 9.287794 0.535396 -0.752865 -0.382813 0.160900 0.205900
face3.jpg
7 -0.091325 -2.722918 9.799263 0.029106 -0.756888 -0.652896 0.018800 0.265800
7 -0.100996 -2.690024 9.290348 0.295097 -0.887456 -0.354032 0.018800 0.200300
7 0.399782 -2.522471 9.287794 0.535396 -0.752865 -0.382813 0.160900 0.205900
face3.jpg
7 0.399782 -2.522471 9.287794 0.535396 -0.752865 -0.382813 0.160900 0.205900
7 0.205266 -2.625361 9.789435 0.359854 -0.763826 -0.535794 0.098300 0.266400
7 -0.091325 -2.722918 9.799263 0.029106 -0.756888 -0.652896 0.018800 0.265800
face3.jpg
7 0.186390 -3.555571 11.328823 0.629730 -0.764716 0.136563 0.073100 0.552400
7 0.195366 -3.623406 10.748906 0.671085 -0.717003 -0.188550 0.078800 0.504700
7 0.288524 -3.444552 10.786667 0.907183 -0.368503 -0.203036 0.113300 0.500500
face3.jpg
7 0.150225 -3.565396 10.603765 0.533414 -0.377055 -0.757165 0.069800 0.486100
7 0.239272 -3.369888 10.658878 0.597890 -0.051503 -0.799921 0.101300 0.473100
7 0.288524 -3.444552 10.786667 0.907183 -0.368503 -0.203036 0.113300 0.500500
face3.jpg
7 0.288524 -3.444552 10.786667 0.907183 -0.368503 -0.203036 0.113300 0.500500
7 0.195366 -3.623406 10.748906 0.671085 -0.717003 -0.188550 0.078800 0.504700
7 0.150225 -3.565396 10.603765 0.533414 -0.377055 -0.757165 0.069800 0.486100
face3.jpg
7 0.713128 -2.217873 9.529852 0.779639 -0.511117 -0.361831 0.340300 0.245400
7 0.399782 -2.522471 9.287794 0.535396 -0.752865 -0.382813 0.160900 0.205900
7 0.698218 -1.909943 9.238507 0.670963 0.013530 -0.741367 0.339100 0.184100
face3.jpg
7 0.399782 -2.522471 9.287794 0.535396 -0.752865 -0.382813 0.160900 0.205900
7 -0.100996 -2.690024 9.290348 0.295097 -0.887456 -0.354032 0.018800 0.200300
7 -0.114818 -2.493448 9.060992 0.198850 -0.528292 -0.825449 0.018800 0.140600
face3.jpg
7 -0.114818 -2.493448 9.060992 0.198850 -0.528292 -0.825449 0.018800 0.140600
7 0.383650 -2.304270 9.072647 0.469899 -0.383872 -0.794882 0.174000 0.161000
7 0.399782 -2.522471 9.287794 0.535396 -0.752865 -0.382813 0.160900 0.205900
face3.jpg
7 -0.031654 -3.636531 10.580311 0.021640 -0.646549 -0.762566 0.018800 0.482100
7 -0.040863 -3.469316 10.547524 -0.017245 0.030150 -0.999397 0.018800 0.468500
7 0.150225 -3.565396 10.603765 0.533414 -0.377055 -0.757165 0.069800 0.486100
face3.jpg
7 0.148176 -3.346541 10.642828 0.322396 0.108315 -0.940388 0.065900 0.461000
7 0.239272 -3.369888 10.658878 0.597890 -0.051503 -0.799921 0.101300 0.473100
7 0.150225 -3.565396 10.603765 0.533414 -0.377055 -0.757165 0.069800 0.486100
face3.jpg
7 -0.040863 -3.469316 10.547524 -0.017245 0.030150 -0.999397 0.018800 0.468500
7 0.148176 -3.346541 10.642828 0.322396 0.108315 -0.940388 0.065900 0.461000
7 0.150225 -3.565396 10.603765 0.533414 -0.377055 -0.757165 0.069800 0.486100
face3.jpg
7 0.288524 -3.444552 10.786667 0.907183 -0.368503 -0.203036 0.113300 0.500500
7 0.445234 -3.032503 10.855793 0.653002 -0.718742 -0.238742 0.198700 0.490200
7 0.405251 -3.121334 11.282478 0.740774 -0.669435 0.055770 0.192000 0.539900
face3.jpg
7 0.405251 -3.121334 11.282478 0.740774 -0.669435 0.055770 0.192000 0.539900
7 0.186390 -3.555571 11.328823 0.629730 -0.764716 0.136563 0.073000 0.553400
7 0.288524 -3.444552 10.786667 0.907183 -0.368503 -0.203036 0.113300 0.500500
face3.jpg
7 0.239272 -3.369888 10.658878 0.597890 -0.051503 -0.799921 0.101300 0.473100
7 0.348393 -3.040624 10.730715 0.622795 -0.652665 -0.431455 0.177700 0.455500
7 0.445234 -3.032503 10.855793 0.653002 -0.718742 -0.238742 0.198700 0.490200
face3.jpg
7 0.445234 -3.032503 10.855793 0.653002 -0.718742 -0.238742 0.198700 0.490200
7 0.288524 -3.444552 10.786667 0.907183 -0.368503 -0.203036 0.113300 0.500500
7 0.239272 -3.369888 10.658878 0.597890 -0.051503 -0.799921 0.101300 0.473100
face3.jpg
7 0.148176 -3.346541 10.642828 0.322396 0.108315 -0.940388 0.065900 0.461000
7 0.348393 -3.040624 10.730715 0.622795 -0.652665 -0.431455 0.177700 0.455500
7 0.239272 -3.369888 10.658878 0.597890 -0.051503 -0.799921 0.101300 0.473100
face3.jpg
7 0.627716 -3.017018 11.325559 0.300968 -0.951117 -0.069244 0.253000 0.547000
7 0.994865 -2.882764 11.178534 0.436199 -0.833327 -0.339555 0.342500 0.528400
7 0.991141 -2.960474 11.471431 0.416484 -0.902090 -0.113028 0.345500 0.565600
face3.jpg
7 0.991141 -2.960474 11.471431 0.416484 -0.902090 -0.113028 0.345500 0.565600
7 0.642471 -3.033180 11.646021 0.044728 -0.998582 0.028863 0.246300 0.584700
7 0.627716 -3.017018 11.325559 0.300968 -0.951117 -0.069244 0.253000 0.547000
face3.jpg
7 1.738774 -2.150175 12.021023 0.932938 -0.357362 -0.043807 0.586400 0.638800
7 1.758900 -1.946931 11.685919 0.946439 -0.174878 -0.271424 0.612100 0.573100
7 1.832132 -1.642064 12.176573 0.983978 -0.134210 -0.117364 0.713100 0.665600
face3.jpg
7 1.311200 -2.733668 12.143897 0.663839 -0.745836 -0.055194 0.421300 0.663900
7 1.525010 -2.558663 12.287251 0.865680 -0.412406 -0.283759 0.493200 0.683200
7 1.487510 -2.794728 12.360527 0.763481 -0.390360 -0.514506 0.470000 0.703800
face3.jpg
7 1.487510 -2.794728 12.360527 0.763481 -0.390360 -0.514506 0.470000 0.703800
7 1.525010 -2.558663 12.287251 0.865680 -0.412406 -0.283759 0.493200 0.683200
7 1.561813 -2.846728 12.585531 0.861003 -0.489894 -0.136667 0.495100 0.744600
face3.jpg
7 0.640809 -3.018221 11.776793 -0.015716 -0.995467 -0.093797 0.248600 0.603100
7 0.635756 -3.060289 11.904968 -0.145023 -0.938526 -0.313268 0.245300 0.627200
7 0.352420 -2.981036 11.960138 0.677599 -0.620652 -0.394526 0.172100 0.626700
face3.jpg
7 0.352420 -2.981036 11.960138 0.677599 -0.620652 -0.394526 0.172100 0.626700
7 0.356068 -2.989747 11.857213 0.588683 -0.799741 0.117761 0.174900 0.614100
7 0.640809 -3.018221 11.776793 -0.015716 -0.995467 -0.093797 0.248600 0.603100
face3.jpg
7 0.871061 -3.040804 11.888204 0.248445 -0.931424 -0.265940 0.313400 0.626500
7 0.635756 -3.060289 11.904968 -0.145023 -0.938526 -0.313268 0.245300 0.627200
7 0.640809 -3.018221 11.776793 -0.015716 -0.995467 -0.093797 0.248600 0.603100
face3.jpg
7 0.640809 -3.018221 11.776793 -0.015716 -0.995467 -0.093797 0.248600 0.603100
7 0.896822 -2.991903 11.740877 0.268188 -0.954151 -0.132930 0.318700 0.600900
7 0.871061 -3.040804 11.888204 0.248445 -0.931424 -0.265940 0.313400 0.626500
face3.jpg
7 0.405251 -3.121334 11.282478 0.740774 -0.669435 0.055770 0.192000 0.539900
7 0.356068 -2.989747 11.857213 0.588683 -0.799741 0.117761 0.174900 0.614100
7 0.243710 -3.410154 11.893986 0.650126 -0.712969 -0.262700 0.061200 0.619500
face3.jpg
7 0.243710 -3.410154 11.893986 0.650126 -0.712969 -0.262700 0.061200 0.619500
7 0.186390 -3.555571 11.328823 0.629730 -0.764716 0.136563 0.074500 0.551800
7 0.405251 -3.121334 11.282478 0.740774 -0.669435 0.055770 0.192000 0.539900
face3.jpg
7 -0.004272 -3.626694 12.357306 0.183381 -0.979477 -0.083649 0.018800 0.726900
7 -0.009082 -3.596897 12.153632 0.197165 -0.934127 -0.297545 0.018800 0.675500
7 0.389693 -3.526552 12.186094 0.300488 -0.887199 -0.350123 0.099500 0.680700
face3.jpg
7 0.389693 -3.526552 12.186094 0.300488 -0.887199 -0.350123 0.099500 0.680700
7 0.201806 -3.590034 12.394678 0.214766 -0.975201 -0.053470 0.072800 0.717600
7 -0.004272 -3.626694 12.357306 0.183381 -0.979477 -0.083649 0.018800 0.726900
face3.jpg
7 1.034591 -3.371419 12.359824 0.505993 -0.776699 -0.375114 0.345500 0.741700
7 0.201806 -3.590034 12.394678 0.214766 -0.975201 -0.053470 0.072800 0.717600
7 0.389693 -3.526552 12.186094 0.300488 -0.887199 -0.350123 0.099500 0.680700
face3.jpg
7 1.158196 -3.150990 12.281127 0.537461 -0.511663 -0.670325 0.378300 0.701700
7 1.034591 -3.371419 12.359824 0.505993 -0.776699 -0.375114 0.345500 0.741700
7 0.890435 -3.236834 12.224260 0.331442 -0.301870 -0.893880 0.308900 0.696500
face3.jpg
7 0.408932 -3.397043 12.062051 0.491076 -0.469124 -0.734008 0.126600 0.658200
7 0.508120 -3.369776 12.079256 0.378250 -0.375662 -0.846053 0.186800 0.670000
7 0.389693 -3.526552 12.186094 0.300488 -0.887199 -0.350123 0.099500 0.680700
face3.jpg
7 0.243710 -3.410154 11.893986 0.650126 -0.712969 -0.262700 0.061200 0.619500
7 0.408932 -3.397043 12.062051 0.491076 -0.469124 -0.734008 0.126600 0.658200
7 0.389693 -3.526552 12.186094 0.300488 -0.887199 -0.350123 0.099500 0.680700
face3.jpg
7 0.642471 -3.033180 11.646021 0.044728 -0.998582 0.028863 0.246300 0.584700
7 0.356068 -2.989747 11.857213 0.588683 -0.799741 0.117761 0.174900 0.614100
7 0.627716 -3.017018 11.325559 0.300968 -0.951117 -0.069244 0.253000 0.547000
face3.jpg
7 0.352420 -2.981036 11.960138 0.677599 -0.620652 -0.394526 0.172100 0.626700
7 0.396624 -3.134002 11.997814 0.627156 -0.055094 -0.776943 0.145700 0.645200
7 0.243710 -3.410154 11.893986 0.650126 -0.712969 -0.262700 0.061200 0.619500
face3.jpg
7 0.243710 -3.410154 11.893986 0.650126 -0.712969 -0.262700 0.061200 0.619500
7 0.356068 -2.989747 11.857213 0.588683 -0.799741 0.117761 0.174900 0.614100
7 0.352420 -2.981036 11.960138 0.677599 -0.620652 -0.394526 0.172100 0.626700
face3.jpg
7 0.640809 -3.018221 11.776793 -0.015716 -0.995467 -0.093797 0.248600 0.603100
7 0.356068 -2.989747 11.857213 0.588683 -0.799741 0.117761 0.174900 0.614100
7 0.642471 -3.033180 11.646021 0.044728 -0.998582 0.028863 0.246300 0.584700
face3.jpg
7 0.640809 -3.018221 11.776793 -0.015716 -0.995467 -0.093797 0.248600 0.603100
7 0.642471 -3.033180 11.646021 0.044728 -0.998582 0.028863 0.246300 0.584700
7 0.991141 -2.960474 11.471431 0.416484 -0.902090 -0.113028 0.345500 0.565600
face3.jpg
7 0.991141 -2.960474 11.471431 0.416484 -0.902090 -0.113028 0.345500 0.565600
7 0.896822 -2.991903 11.740877 0.268188 -0.954151 -0.132930 0.318700 0.600900
7 0.640809 -3.018221 11.776793 -0.015716 -0.995467 -0.093797 0.248600 0.603100
face3.jpg
7 1.738774 -2.150175 12.021023 0.932938 -0.357362 -0.043807 0.586400 0.638800
7 1.525010 -2.558663 12.287251 0.865680 -0.412406 -0.283759 0.493200 0.683200
7 1.338667 -2.735154 11.998217 0.687772 -0.725923 -0.002456 0.432700 0.639900
face3.jpg
7 1.338667 -2.735154 11.998217 0.687772 -0.725923 -0.002456 0.432700 0.639900
7 1.442650 -2.610683 11.563546 0.780029 -0.611286 -0.133731 0.483300 0.571100
7 1.738774 -2.150175 12.021023 0.932938 -0.357362 -0.043807 0.586400 0.638800
face3.jpg
7 1.561813 -2.846728 12.585531 0.861003 -0.489894 -0.136667 0.495100 0.744600
7 1.761332 -2.000602 12.502628 0.959772 -0.270835 -0.074063 0.603700 0.731900
7 1.843648 -1.942371 13.103174 0.937615 -0.341573 -0.064849 0.621400 0.871200
face3.jpg
7 1.843648 -1.942371 13.103174 0.937615 -0.341573 -0.064849 0.621400 0.871200
7 1.463482 -2.771485 13.721064 0.852655 -0.518867 0.061289 0.486100 0.899300
7 1.561813 -2.846728 12.585531 0.861003 -0.489894 -0.136667 0.495100 0.744600
face3.jpg
7 1.925536 -1.447591 12.544008 0.971617 -0.159224 -0.174952 0.788600 0.778200
7 2.077197 -1.307040 13.021152 0.990946 -0.058535 -0.120828 0.842400 0.881300
7 1.843648 -1.942371 13.103174 0.937615 -0.341573 -0.064849 0.621400 0.871200
face3.jpg
7 1.843648 -1.942371 13.103174 0.937615 -0.341573 -0.064849 0.621400 0.871200
7 1.761332 -2.000602 12.502628 0.959772 -0.270835 -0.074063 0.603700 0.731900
7 1.925536 -1.447591 12.544008 0.971617 -0.159224 -0.174952 0.788600 0.778200
face3.jpg
7 1.925536 -1.447591 12.544008 0.971617 -0.159224 -0.174952 0.788600 0.778200
7 1.762895 -1.192728 11.682844 0.976128 -0.102369 -0.191557 0.800200 0.565000
7 1.908916 -0.782123 12.164995 0.953029 -0.256609 -0.160899 0.905900 0.757900
face3.jpg
7 1.944653 -0.760127 12.728639 0.956526 -0.289573 0.034706 0.935100 0.878300
7 1.925536 -1.447591 12.544008 0.971617 -0.159224 -0.174952 0.788600 0.778200
7 1.908916 -0.782123 12.164995 0.953029 -0.256609 -0.160899 0.905900 0.757900
face3.jpg
7 1.908916 -0.782123 12.164995 0.953029 -0.256609 -0.160899 0.905900 0.757900
7 1.762895 -1.192728 11.682844 0.976128 -0.102369 -0.191557 0.800200 0.565000
7 1.754640 -0.717511 11.219715 0.944829 0.031443 -0.326051 0.943200 0.528400
face3.jpg
7 2.077197 -1.307040 13.021152 0.990946 -0.058535 -0.120828 0.842400 0.881300
7 1.925536 -1.447591 12.544008 0.971617 -0.159224 -0.174952 0.788600 0.778200
7 1.944653 -0.760127 12.728639 0.956526 -0.289573 0.034706 0.935100 0.878300
face3.jpg
7 1.925536 -1.447591 12.544008 0.971617 -0.159224 -0.174952 0.788600 0.778200
7 1.761332 -2.000602 12.502628 0.959772 -0.270835 -0.074063 0.603700 0.731900
7 1.832132 -1.642064 12.176573 0.983978 -0.134210 -0.117364 0.713100 0.665600
face3.jpg
7 1.925536 -1.447591 12.544008 0.971617 -0.159224 -0.174952 0.788600 0.778200
7 1.832132 -1.642064 12.176573 0.983978 -0.134210 -0.117364 0.713100 0.665600
7 1.762895 -1.192728 11.682844 0.976128 -0.102369 -0.191557 0.800200 0.565000
face3.jpg
7 1.034591 -3.371419 12.359824 0.505993 -0.776699 -0.375114 0.345500 0.741700
7 0.961270 -3.373340 13.713961 0.540286 -0.839887 0.051786 0.326900 0.905400
7 0.013430 -3.639946 13.446774 0.253641 -0.967280 0.005881 0.018900 0.864600
face3.jpg
7 0.013430 -3.639946 13.446774 0.253641 -0.967280 0.005881 0.018900 0.864600
7 0.201806 -3.590034 12.394678 0.214766 -0.975201 -0.053470 0.072800 0.717600
7 1.034591 -3.371419 12.359824 0.505993 -0.776699 -0.375114 0.345500 0.741700
face3.jpg
7 1.092818 -2.934535 11.948668 0.570179 -0.805568 -0.161109 0.366400 0.636100
7 1.108079 -2.885742 11.800536 0.564254 -0.818214 -0.110198 0.373900 0.611300
7 1.338667 -2.735154 11.998217 0.687772 -0.725923 -0.002456 0.432700 0.639900
face3.jpg
7 1.338667 -2.735154 11.998217 0.687772 -0.725923 -0.002456 0.432700 0.639900
7 1.311200 -2.733668 12.143897 0.663839 -0.745836 -0.055194 0.421300 0.663900
7 1.092818 -2.934535 11.948668 0.570179 -0.805568 -0.161109 0.366400 0.636100
face3.jpg
7 1.108079 -2.885742 11.800536 0.564254 -0.818214 -0.110198 0.373900 0.611300
7 0.991141 -2.960474 11.471431 0.416484 -0.902090 -0.113028 0.345400 0.565400
7 1.442650 -2.610683 11.563546 0.780029 -0.611286 -0.133731 0.483300 0.571100
face3.jpg
7 1.442650 -2.610683 11.563546 0.780029 -0.611286 -0.133731 0.483300 0.571100
7 1.338667 -2.735154 11.998217 0.687772 -0.725923 -0.002456 0.432700 0.639900
7 1.108079 -2.885742 11.800536 0.564254 -0.818214 -0.110198 0.373900 0.611300
face3.jpg
7 0.508120 -3.369776 12.079256 0.378250 -0.375662 -0.846053 0.186800 0.670000
7 0.890435 -3.236834 12.224260 0.331442 -0.301870 -0.893880 0.308900 0.696500
7 1.034591 -3.371419 12.359824 0.505993 -0.776699 -0.375114 0.345500 0.741700
face3.jpg
7 1.034591 -3.371419 12.359824 0.505993 -0.776699 -0.375114 0.345500 0.741700
7 0.389693 -3.526552 12.186094 0.300488 -0.887199 -0.350123 0.099500 0.680700
7 0.508120 -3.369776 12.079256 0.378250 -0.375662 -0.846053 0.186800 0.670000
face3.jpg
7 0.991141 -2.960474 11.471431 0.416484 -0.902090 -0.113028 0.345500 0.565600
7 1.108079 -2.885742 11.800536 0.564254 -0.818214 -0.110198 0.373900 0.611300
7 0.896822 -2.991903 11.740877 0.268188 -0.954151 -0.132930 0.318700 0.600900
face3.jpg
7 1.092818 -2.934535 11.948668 0.570179 -0.805568 -0.161109 0.366400 0.636100
7 0.871061 -3.040804 11.888204 0.248445 -0.931424 -0.265940 0.313400 0.626500
7 0.896822 -2.991903 11.740877 0.268188 -0.954151 -0.132930 0.318700 0.600900
face3.jpg
7 0.896822 -2.991903 11.740877 0.268188 -0.954151 -0.132930 0.318700 0.600900
7 1.108079 -2.885742 11.800536 0.564254 -0.818214 -0.110198 0.373900 0.611300
7 1.092818 -2.934535 11.948668 0.570179 -0.805568 -0.161109 0.366400 0.636100
face3.jpg
17 1.070490 -2.850625 11.983416 -0.343623 -0.435099 0.832233 0.497600 0.923200
7 1.092818 -2.934535 11.948668 -0.343623 -0.435099 0.832233 0.498800 0.918500
7 1.311200 -2.733668 12.143897 -0.343623 -0.435099 0.832233 0.525800 0.930400
face3.jpg
7 1.311200 -2.733668 12.143897 -0.421373 -0.304926 0.854087 0.525800 0.930400
7 1.252987 -2.646953 12.146103 -0.421373 -0.304926 0.854087 0.521400 0.934100
17 1.070490 -2.850625 11.983416 -0.421373 -0.304926 0.854087 0.497600 0.923200
face3.jpg
21 0.862329 -2.944948 11.928054 -0.064865 -0.388168 0.919303 0.461000 0.917100
7 0.871061 -3.040804 11.888204 -0.064865 -0.388168 0.919303 0.460300 0.912700
7 1.092818 -2.934535 11.948668 -0.064865 -0.388168 0.919303 0.498800 0.918500
face3.jpg
7 1.092818 -2.934535 11.948668 -0.064268 -0.395634 0.916157 0.498800 0.918500
17 1.070490 -2.850625 11.983416 -0.064268 -0.395634 0.916157 0.497600 0.923200
21 0.862329 -2.944948 11.928054 -0.064268 -0.395634 0.916157 0.461000 0.917100
face3.jpg
23 0.637734 -2.987269 11.929423 0.093409 -0.318036 0.943466 0.424800 0.918400
7 0.635756 -3.060289 11.904968 0.093409 -0.318036 0.943466 0.422900 0.915000
7 0.871061 -3.040804 11.888204 0.093409 -0.318036 0.943466 0.460300 0.912700
face3.jpg
7 0.871061 -3.040804 11.888204 0.076430 -0.376837 0.923121 0.460300 0.912700
21 0.862329 -2.944948 11.928054 0.076430 -0.376837 0.923121 0.461000 0.917100
23 0.637734 -2.987269 11.929423 0.076430 -0.376837 0.923121 0.424800 0.918400
face3.jpg
7 0.429186 -2.878360 12.000967 0.063042 -0.409065 0.910325 0.395000 0.918800
7 0.352420 -2.981036 11.960138 0.063042 -0.409065 0.910325 0.391500 0.915300
7 0.635756 -3.060289 11.904968 0.063042 -0.409065 0.910325 0.422900 0.915000
face3.jpg
7 0.635756 -3.060289 11.904968 0.155716 -0.317109 0.935518 0.422900 0.915000
23 0.637734 -2.987269 11.929423 0.155716 -0.317109 0.935518 0.424800 0.918400
7 0.429186 -2.878360 12.000967 0.155716 -0.317109 0.935518 0.395000 0.918800
face3.jpg
7 1.990398 -0.018673 13.058309 0.301756 0.427414 0.852210 0.987000 0.212400
7 2.131658 -0.589018 12.884115 0.464798 -0.640533 0.611294 0.966000 0.073900
7 2.393816 0.023116 13.005422 0.709253 0.278338 0.647679 0.967900 0.213300
face3.jpg
7 1.583990 -0.391331 11.229849 0.845211 0.262415 -0.465571 0.823000 0.135800
7 1.863771 0.074111 12.651412 -0.069951 0.997410 0.016739 0.925300 0.282000
7 2.435640 0.274132 12.440697 0.681963 0.716414 -0.147234 0.925800 0.226700
face3.jpg
7 2.435640 0.274132 12.440697 0.681963 0.716414 -0.147234 0.925800 0.226700
7 2.102703 -0.031024 11.526009 0.516340 0.651243 -0.556125 0.857800 0.124400
7 1.583990 -0.391331 11.229849 0.845211 0.262415 -0.465571 0.823000 0.135800
face3.jpg
7 2.435640 0.274132 12.440697 0.681963 0.716414 -0.147234 0.925800 0.226700
7 1.863771 0.074111 12.651412 -0.069951 0.997410 0.016739 0.926200 0.282000
7 1.990398 -0.018673 13.058309 0.301756 0.427414 0.852210 0.987000 0.212400
face3.jpg
7 1.990398 -0.018673 13.058309 0.301756 0.427414 0.852210 0.987000 0.212400
7 2.393816 0.023116 13.005422 0.709253 0.278338 0.647679 0.967900 0.213300
7 2.435640 0.274132 12.440697 0.681963 0.716414 -0.147234 0.925800 0.226700
face3.jpg
7 1.583990 -0.391331 11.229849 0.845211 0.262415 -0.465571 0.821600 0.133200
7 2.102703 -0.031024 11.526009 0.516340 0.651243 -0.556125 0.857800 0.124400
7 1.754640 -0.717511 11.219715 0.944829 0.031443 -0.326051 0.856600 0.023400
face3.jpg
7 2.102703 -0.031024 11.526009 0.516340 0.651243 -0.556125 0.857800 0.124400
7 2.435640 0.274132 12.440697 0.681963 0.716414 -0.147234 0.925800 0.226700
7 1.908916 -0.782123 12.164995 0.953029 -0.256609 -0.160899 0.930100 0.026400
face3.jpg
7 1.908916 -0.782123 12.164995 0.953029 -0.256609 -0.160899 0.930100 0.026400
7 1.754640 -0.717511 11.219715 0.944829 0.031443 -0.326051 0.856600 0.023400
7 2.102703 -0.031024 11.526009 0.516340 0.651243 -0.556125 0.857800 0.124400
face3.jpg
7 2.435640 0.274132 12.440697 0.681963 0.716414 -0.147234 0.925800 0.226700
7 2.393816 0.023116 13.005422 0.709253 0.278338 0.647679 0.967900 0.213300
7 2.131658 -0.589018 12.884115 0.464798 -0.640533 0.611294 0.966000 0.073900
face3.jpg
7 2.131658 -0.589018 12.884115 0.464798 -0.640533 0.611294 0.966000 0.073900
7 1.908916 -0.782123 12.164995 0.953029 -0.256609 -0.160899 0.930000 0.026400
7 2.435640 0.274132 12.440697 0.681963 0.716414 -0.147234 0.925800 0.226700
face3.jpg
7 1.944653 -0.760127 12.728639 0.956526 -0.289573 0.034706 0.973600 0.037400
7 2.131658 -0.589018 12.884115 0.464798 -0.640533 0.611294 0.966000 0.073900
7 1.990398 -0.018673 13.058309 0.301756 0.427414 0.852210 0.987000 0.212400
face3.jpg
7 1.944653 -0.760127 12.728639 0.956526 -0.289573 0.034706 0.973600 0.037400
7 1.908916 -0.782123 12.164995 0.953029 -0.256609 -0.160899 0.929900 0.026500
7 2.131658 -0.589018 12.884115 0.464798 -0.640533 0.611294 0.966000 0.073900
face3.jpg
7 1.203180 -1.202219 9.975703 0.776896 0.037544 -0.628509 0.540700 0.247100
7 1.127710 -0.787195 10.000296 0.700416 0.168668 -0.693519 0.620000 0.192100
7 1.470224 -0.469386 10.525559 0.915551 0.203869 -0.346705 0.829800 0.266200
face3.jpg
7 0.399782 -2.522471 9.287794 0.535396 -0.752865 -0.382813 0.160900 0.205900
7 0.383650 -2.304270 9.072647 0.469899 -0.383872 -0.794882 0.174000 0.161000
7 0.698218 -1.909943 9.238507 0.670963 0.013530 -0.741367 0.339100 0.184100
face3.jpg
7 1.188583 -2.497349 10.802795 0.786415 -0.503171 -0.358288 0.452300 0.412900
7 1.041344 -2.334240 10.184159 0.773748 -0.466102 -0.429026 0.398100 0.327000
7 1.231439 -1.691615 10.215058 0.883303 -0.245918 -0.399125 0.457600 0.296700
face3.jpg
7 1.990398 -0.018673 13.058309 0.301756 0.427414 0.852210 0.744500 0.881500
7 1.962808 -0.872549 13.516973 0.988392 0.151878 0.003811 0.810300 0.790100
7 1.944653 -0.760127 12.728639 0.956526 -0.289573 0.034706 0.718900 0.790100
face3.jpg
7 0.484548 -2.490133 9.787667 0.548568 -0.752376 -0.364697 0.249700 0.267700
7 0.713128 -2.217873 9.529852 0.779639 -0.511117 -0.361831 0.340300 0.245400
7 0.834203 -2.255447 9.813452 0.720083 -0.534938 -0.441952 0.366400 0.281100
face3.jpg
7 0.834203 -2.255447 9.813452 0.720083 -0.534938 -0.441952 0.363500 0.281700
7 0.713128 -2.217873 9.529852 0.779639 -0.511117 -0.361831 0.340300 0.245400
7 1.231439 -1.691615 10.215058 0.883303 -0.245918 -0.399125 0.457200 0.296300
face3.jpg
7 0.356068 -2.989747 11.857213 0.588683 -0.799741 0.117761 0.174900 0.614100
7 0.405251 -3.121334 11.282478 0.740774 -0.669435 0.055770 0.192000 0.539900
7 0.627716 -3.017018 11.325559 0.300968 -0.951117 -0.069244 0.253000 0.547000
face3.jpg
7 0.627716 -3.017018 11.325559 0.300968 -0.951117 -0.069244 0.253000 0.547000
7 0.611832 -2.956840 10.837399 0.462816 -0.868947 -0.175306 0.239500 0.482900
7 0.874151 -2.817623 10.970193 0.486944 -0.817762 -0.306840 0.319300 0.494100
face3.jpg
7 1.231439 -1.691615 10.215058 0.883303 -0.245918 -0.399125 0.457600 0.296700
7 1.664805 -1.146569 10.775854 0.941688 -0.159704 -0.296173 0.719000 0.405000
7 1.659167 -1.653324 11.449665 0.929374 -0.142991 -0.340319 0.642800 0.510500
face3.jpg
7 1.863771 0.074111 12.651412 -0.069951 0.997410 0.016739 0.924300 0.281900
7 1.583990 -0.391331 11.229849 0.845211 0.262415 -0.465571 0.821700 0.135100
7 1.662531 0.459722 11.095345 0.989807 -0.042970 -0.135775 0.797700 0.217900
face3.jpg
7 1.863771 0.074111 12.651412 -0.069951 0.997410 0.016739 0.924300 0.281900
7 1.662531 0.459722 11.095345 0.989807 -0.042970 -0.135775 0.797700 0.217900
7 1.666730 0.543318 11.727031 0.950646 0.306717 -0.046878 0.830800 0.264500
face3.jpg
7 1.863771 0.074111 12.651412 0.977535 0.172874 -0.120586 0.760200 0.827400
7 1.666730 0.543318 11.727031 0.977535 0.172874 -0.120586 0.755300 0.732300
7 1.815935 0.467887 12.828411 0.977535 0.172874 -0.120586 0.714500 0.837100
face3.jpg
7 1.815935 0.467887 12.828411 0.950430 0.260433 -0.169873 0.714500 0.837100
7 1.847504 0.644560 13.275879 0.950430 0.260433 -0.169873 0.707700 0.895500
7 1.990398 -0.018673 13.058309 0.950430 0.260433 -0.169873 0.782800 0.879200
face3.jpg
7 1.990398 -0.018673 13.058309 0.943949 0.223682 -0.242747 0.782800 0.879200
7 1.863771 0.074111 12.651412 0.943949 0.223682 -0.242747 0.760200 0.827400
7 1.815935 0.467887 12.828411 0.943949 0.223682 -0.242747 0.714500 0.837100
face3.jpg
7 1.847504 0.644560 13.275879 0.995342 0.064203 -0.071914 0.707700 0.895500
7 1.888937 0.651200 13.855762 0.995342 0.064203 -0.071914 0.688100 0.960300
7 1.962808 -0.872549 13.516973 0.995342 0.064203 -0.071914 0.859200 0.935600
face3.jpg
7 1.962808 -0.872549 13.516973 0.954866 0.116057 0.273425 0.859200 0.935600
7 1.990398 -0.018673 13.058309 0.954866 0.116057 0.273425 0.782800 0.879200
7 1.847504 0.644560 13.275879 0.954866 0.116057 0.273425 0.707700 0.895500
face3.jpg
7 1.463482 -2.771485 13.721064 0.852655 -0.518867 0.061289 0.486100 0.899500
7 1.843648 -1.942371 13.103174 0.937615 -0.341573 -0.064849 0.621400 0.871200
7 1.861802 -2.054893 13.891609 0.909218 -0.408704 -0.079268 0.555600 0.937700
face3.jpg
7 1.843648 -1.942371 13.103174 0.937615 -0.341573 -0.064849 0.621400 0.871200
7 2.077197 -1.307040 13.021152 0.990946 -0.058535 -0.120828 0.842400 0.881300
7 2.086247 -1.421499 13.816803 0.987246 -0.154704 -0.037578 0.835400 0.946100
face3.jpg
7 2.086247 -1.421499 13.816803 0.987246 -0.154704 -0.037578 0.835400 0.946100
7 1.861802 -2.054893 13.891609 0.909218 -0.408704 -0.079268 0.555600 0.937700
7 1.843648 -1.942371 13.103174 0.937615 -0.341573 -0.064849 0.621400 0.871200
face3.jpg
7 2.077197 -1.307040 13.021152 0.990946 -0.058535 -0.120828 0.842400 0.881300
7 1.944653 -0.760127 12.728639 0.956526 -0.289573 0.034706 0.934800 0.878200
7 1.962808 -0.872549 13.516973 0.988392 0.151878 0.003811 0.906600 0.945800
face3.jpg
7 1.962808 -0.872549 13.516973 0.988392 0.151878 0.003811 0.906600 0.945800
7 2.086247 -1.421499 13.816803 0.987246 -0.154704 -0.037578 0.835400 0.946100
7 2.077197 -1.307040 13.021152 0.990946 -0.058535 -0.120828 0.842400 0.881300
face3.jpg
7 1.311200 -2.733670 12.143697 0.633631 -0.407036 -0.657901 0.421300 0.663900
7 1.525010 -2.558662 12.287352 0.692359 -0.311686 -0.650762 0.493200 0.683200
7 1.487510 -2.794728 12.360527 0.763481 -0.390360 -0.514506 0.470000 0.703800
face3.jpg
7 1.311200 -2.733670 12.143697 0.633631 -0.407036 -0.657901 0.421300 0.663900
7 1.487510 -2.794728 12.360527 0.763481 -0.390360 -0.514506 0.470000 0.703800
7 1.158196 -3.150990 12.281127 0.537461 -0.511663 -0.670325 0.378300 0.701700
face3.jpg
7 1.158196 -3.150990 12.281127 0.537461 -0.511663 -0.670325 0.378300 0.701700
7 1.105220 -3.012324 12.187171 0.478471 -0.623532 -0.618283 0.373000 0.680900
7 1.311200 -2.733670 12.143697 0.633631 -0.407036 -0.657901 0.421300 0.663900
face3.jpg
7 0.508120 -3.369776 12.079256 0.378250 -0.375662 -0.846053 0.186800 0.670000
7 0.408932 -3.397043 12.062051 0.491076 -0.469124 -0.734008 0.126600 0.658200
7 0.396726 -3.140820 11.995874 0.576086 -0.027255 -0.816935 0.145700 0.645200
face3.jpg
7 0.396726 -3.140820 11.995874 0.576086 -0.027255 -0.816935 0.145700 0.645200
7 0.580658 -3.128825 12.139259 0.279149 -0.451278 -0.847599 0.210300 0.663000
7 0.508120 -3.369776 12.079256 0.378250 -0.375662 -0.846053 0.186800 0.670000
face3.jpg
7 0.861937 -3.124196 12.183349 0.249732 -0.632695 -0.733029 0.306800 0.681200
7 1.105220 -3.012324 12.187171 0.478471 -0.623532 -0.618283 0.373000 0.680900
7 1.158196 -3.150990 12.281127 0.537461 -0.511663 -0.670325 0.378300 0.701700
face3.jpg
7 1.158196 -3.150990 12.281127 0.537461 -0.511663 -0.670325 0.378300 0.701700
7 0.890435 -3.236834 12.224260 0.331442 -0.301870 -0.893880 0.308900 0.696500
7 0.861937 -3.124196 12.183349 0.249732 -0.632695 -0.733029 0.306800 0.681200
face3.jpg
7 0.396726 -3.140820 11.995874 0.576086 -0.027255 -0.816935 0.145700 0.645200
7 0.352420 -2.981036 11.960138 0.677599 -0.620652 -0.394526 0.172100 0.626700
7 0.580658 -3.128825 12.139259 0.279149 -0.451278 -0.847599 0.210300 0.663000
face3.jpg
7 0.861937 -3.124196 12.183349 0.249732 -0.632695 -0.733029 0.461300 0.953600
15 0.858743 -3.119523 12.169006 0.225458 -0.939030 -0.259600 0.460800 0.923100
13 1.101527 -3.010263 12.171552 0.589982 -0.773943 -0.230072 0.506300 0.933300
face3.jpg
13 1.101527 -3.010263 12.171552 0.589982 -0.773943 -0.230072 0.506300 0.933300
7 1.105220 -3.012324 12.187171 0.478471 -0.623532 -0.618283 0.506900 0.954200
7 0.861937 -3.124196 12.183349 0.249732 -0.632695 -0.733029 0.461300 0.953600
face3.jpg
13 1.100634 -3.005926 12.153112 -0.180466 0.057788 -0.981882 0.506200 0.930800
7 1.076715 -2.900032 12.163663 -0.180466 0.057788 -0.981882 0.505200 0.917700
7 1.252987 -2.646952 12.146202 -0.180466 0.057788 -0.981882 0.532100 0.931900
face3.jpg
7 1.252987 -2.646952 12.146202 -0.043840 -0.000451 -0.999038 0.532100 0.931900
7 1.311200 -2.733670 12.143697 -0.043840 -0.000451 -0.999038 0.539800 0.949900
13 1.100634 -3.005926 12.153112 -0.043840 -0.000451 -0.999038 0.506200 0.930800
face3.jpg
7 0.352420 -2.981036 11.960138 0.551126 -0.081784 -0.830405 0.369800 0.921400
7 0.429186 -2.878360 12.000967 0.551126 -0.081784 -0.830405 0.387100 0.909300
7 0.590649 -3.006282 12.120778 0.551126 -0.081784 -0.830405 0.412700 0.908000
face3.jpg
7 0.590649 -3.006282 12.120778 0.563057 0.083400 -0.822199 0.412700 0.908000
19 0.594070 -3.122070 12.111305 0.563057 0.083400 -0.822199 0.412300 0.921200
7 0.352420 -2.981036 11.960138 0.563057 0.083400 -0.822199 0.369800 0.921400
face3.jpg
15 0.858152 -3.116591 12.149980 -0.042260 0.105505 -0.993520 0.460700 0.921100
7 0.862934 -3.021599 12.159940 -0.042260 0.105505 -0.993520 0.462500 0.908000
7 1.076715 -2.900032 12.163663 -0.042260 0.105505 -0.993520 0.505200 0.917700
face3.jpg
7 1.076715 -2.900032 12.163663 -0.029857 0.093092 -0.995210 0.505200 0.917700
13 1.100634 -3.005926 12.153112 -0.029857 0.093092 -0.995210 0.506200 0.930800
15 0.858152 -3.116591 12.149980 -0.029857 0.093092 -0.995210 0.460700 0.921100
face3.jpg
13 1.101527 -3.010263 12.171552 0.589982 -0.773943 -0.230072 0.506300 0.933300
7 1.311200 -2.733670 12.143697 0.633631 -0.407036 -0.657901 0.539800 0.949900
7 1.105220 -3.012324 12.187171 0.478471 -0.623532 -0.618283 0.506900 0.954200
face3.jpg
7 0.352420 -2.981036 11.960138 0.677599 -0.620652 -0.394526 0.369800 0.921400
19 0.587863 -3.124924 12.127928 -0.102626 -0.946556 -0.305778 0.412200 0.922800
7 0.580658 -3.128825 12.139259 0.279149 -0.451278 -0.847599 0.410200 0.945000
face3.jpg
7 0.890435 -3.236834 12.224260 0.331442 -0.301870 -0.893880 0.308900 0.696500
7 0.508120 -3.369776 12.079256 0.378250 -0.375662 -0.846053 0.186800 0.670000
7 0.580658 -3.128825 12.139259 0.279149 -0.451278 -0.847599 0.210300 0.663000
face3.jpg
7 0.580658 -3.128825 12.139259 0.279149 -0.451278 -0.847599 0.210300 0.663000
7 0.861937 -3.124196 12.183349 0.249732 -0.632695 -0.733029 0.306800 0.681200
7 0.890435 -3.236834 12.224260 0.331442 -0.301870 -0.893880 0.308900 0.696500
face3.jpg
15 0.858743 -3.119523 12.169006 0.225458 -0.939030 -0.259600 0.460800 0.923100
7 0.861937 -3.124196 12.183349 0.249732 -0.632695 -0.733029 0.461300 0.953600
7 0.580658 -3.128825 12.139259 0.279149 -0.451278 -0.847599 0.410200 0.945000
face3.jpg
7 0.580658 -3.128825 12.139259 0.279149 -0.451278 -0.847599 0.410200 0.945000
19 0.587863 -3.124924 12.127928 -0.102626 -0.946556 -0.305778 0.412200 0.922800
15 0.858743 -3.119523 12.169006 0.225458 -0.939030 -0.259600 0.460800 0.923100
face3.jpg
15 0.858152 -3.116591 12.149980 0.142648 0.084396 -0.986169 0.460700 0.921100
19 0.594070 -3.122070 12.111305 0.142648 0.084396 -0.986169 0.412300 0.921200
7 0.590649 -3.006282 12.120778 0.142648 0.084396 -0.986169 0.412700 0.908000
face3.jpg
7 0.590649 -3.006282 12.120778 0.146933 0.095003 -0.984574 0.412700 0.908000
7 0.862934 -3.021599 12.159940 0.146933 0.095003 -0.984574 0.462500 0.908000
15 0.858152 -3.116591 12.149980 0.146933 0.095003 -0.984574 0.460700 0.921100
face3.jpg
7 1.311200 -2.733670 12.143697 0.633631 -0.407036 -0.657901 0.539800 0.949900
13 1.101527 -3.010263 12.171552 0.589982 -0.773943 -0.230072 0.506300 0.933300
13 1.100634 -3.005926 12.153112 0.617793 -0.757694 -0.210312 0.506200 0.930800
face3.jpg
13 1.100634 -3.005926 12.153112 0.617793 -0.757694 -0.210312 0.506200 0.930800
13 1.101527 -3.010263 12.171552 0.589982 -0.773943 -0.230072 0.506300 0.933300
15 0.858743 -3.119523 12.169006 0.225458 -0.939030 -0.259600 0.460800 0.923100
face3.jpg
15 0.858743 -3.119523 12.169006 0.225458 -0.939030 -0.259600 0.460800 0.923100
15 0.858152 -3.116591 12.149980 0.223209 -0.962579 -0.153683 0.460700 0.921100
13 1.100634 -3.005926 12.153112 0.617793 -0.757694 -0.210312 0.506200 0.930800
face3.jpg
15 0.858743 -3.119523 12.169006 0.225458 -0.939030 -0.259600 0.460800 0.923100
19 0.587863 -3.124924 12.127928 -0.102626 -0.946556 -0.305778 0.412200 0.922800
19 0.594070 -3.122070 12.111305 -0.157063 -0.962137 -0.222764 0.412300 0.921200
face3.jpg
19 0.594070 -3.122070 12.111305 -0.157063 -0.962137 -0.222764 0.412300 0.921200
15 0.858152 -3.116591 12.149980 0.223209 -0.962579 -0.153683 0.460700 0.921100
15 0.858743 -3.119523 12.169006 0.225458 -0.939030 -0.259600 0.460800 0.923100
face3.jpg
19 0.587863 -3.124924 12.127928 -0.102626 -0.946556 -0.305778 0.412200 0.922800
7 0.352420 -2.981036 11.960138 0.677599 -0.620652 -0.394526 0.369800 0.921400
19 0.594070 -3.122070 12.111305 -0.157063 -0.962137 -0.222764 0.412300 0.921200
face3.jpg
7 -1.953610 -0.575133 11.285250 -0.893515 0.176525 -0.412881 0.630800 0.174500
7 -2.124068 0.263021 11.154745 -0.985826 -0.143213 -0.087388 0.578300 0.145100
7 -1.895676 -0.644286 10.578361 -0.948986 0.109959 -0.295524 0.668100 0.150900
face3.jpg
7 -1.634886 -3.012729 12.635631 -0.809452 -0.576701 -0.110469 0.495100 0.744600
7 -1.063509 -3.480420 12.392725 -0.434330 -0.825505 -0.360415 0.345500 0.741700
7 -0.948130 -3.472542 13.743860 -0.448485 -0.891262 0.067184 0.326900 0.905400
face3.jpg
7 -0.948130 -3.472542 13.743860 -0.448485 -0.891262 0.067184 0.326900 0.905400
7 -1.509418 -2.925886 13.767663 -0.791943 -0.604352 0.087088 0.486100 0.899300
7 -1.634886 -3.012729 12.635631 -0.809452 -0.576701 -0.110469 0.495100 0.744600
face3.jpg
7 -0.211794 -3.611533 12.401178 -0.114139 -0.992291 -0.048270 0.072800 0.717600
7 -0.004272 -3.626694 12.357306 -0.083422 -0.993342 -0.079446 0.018800 0.726900
7 0.013430 -3.639946 13.446774 -0.151765 -0.988342 0.012181 0.018900 0.864600
face3.jpg
7 -0.287789 -3.437754 11.902285 -0.580582 -0.776969 -0.243399 0.061200 0.619500
7 -0.019479 -3.475128 11.889938 -0.149223 -0.984500 -0.092159 0.018800 0.619300
7 -0.009082 -3.596897 12.153632 -0.108528 -0.950013 -0.292741 0.018800 0.675500
face3.jpg
7 -0.009082 -3.596897 12.153632 -0.108528 -0.950013 -0.292741 0.018800 0.675500
7 -0.411707 -3.568252 12.198694 -0.217815 -0.914099 -0.342023 0.099500 0.680700
7 -0.287789 -3.437754 11.902285 -0.580582 -0.776969 -0.243399 0.061200 0.619500
face3.jpg
7 -0.733668 -3.026740 10.858500 -0.375496 -0.912521 -0.162200 0.239500 0.482900
7 -0.559666 -3.084703 10.871593 -0.582214 -0.782886 -0.219355 0.198700 0.490200
7 -0.497449 -3.168234 11.296679 -0.665358 -0.742462 0.077773 0.192000 0.539900
face3.jpg
7 -0.497449 -3.168234 11.296679 -0.665358 -0.742462 0.077773 0.192000 0.539900
7 -0.727984 -3.087519 11.346760 -0.202830 -0.977291 -0.061342 0.253000 0.547000
7 -0.733668 -3.026740 10.858500 -0.375496 -0.912521 -0.162200 0.239500 0.482900
face3.jpg
7 -0.233309 -3.577372 11.335323 -0.542540 -0.825613 0.154962 0.071800 0.552000
7 -0.253334 -3.646707 10.755906 -0.598777 -0.782960 -0.168640 0.078800 0.504700
7 -0.024722 -3.718104 10.753043 -0.291194 -0.947041 -0.135350 0.018800 0.506300
face3.jpg
7 -0.024722 -3.718104 10.753043 -0.291194 -0.947041 -0.135350 0.018800 0.506300
7 -0.020705 -3.618716 11.338588 0.054041 -0.976469 0.208776 0.020100 0.550300
7 -0.233309 -3.577372 11.335323 -0.542540 -0.825613 0.154962 0.071800 0.552000
face3.jpg
7 -1.111435 -2.992265 11.211535 -0.357923 -0.874572 -0.327132 0.343000 0.530200
7 -1.090559 -3.068675 11.504032 -0.324116 -0.940565 -0.101424 0.345400 0.565400
7 -1.572850 -2.767284 11.610846 -0.716291 -0.689039 -0.110240 0.483300 0.571100
face3.jpg
7 -1.572850 -2.767284 11.610846 -0.716291 -0.689039 -0.110240 0.483300 0.571100
7 -1.542295 -2.685592 11.247722 -0.767888 -0.542359 -0.340874 0.500700 0.505400
7 -1.111435 -2.992265 11.211535 -0.357923 -0.874572 -0.327132 0.343000 0.530200
face3.jpg
7 -2.041268 -1.843266 12.237273 -0.967942 -0.235714 -0.086764 0.713100 0.665600
7 -1.900625 -2.339176 12.078023 -0.891806 -0.452163 -0.015207 0.586400 0.638800
7 -1.923468 -2.192003 12.560429 -0.928396 -0.368923 -0.044461 0.603700 0.731900
face3.jpg
7 -0.024722 -3.718104 10.753043 -0.291194 -0.947041 -0.135350 0.018800 0.506300
7 -0.253334 -3.646707 10.755906 -0.598777 -0.782960 -0.168640 0.078800 0.504700
7 -0.219075 -3.584596 10.609465 -0.514906 -0.431452 -0.740757 0.069800 0.486100
face3.jpg
7 -0.219075 -3.584596 10.609465 -0.514906 -0.431452 -0.740757 0.069800 0.486100
7 -0.031654 -3.636531 10.580311 0.021640 -0.646549 -0.762566 0.018800 0.482100
7 -0.024722 -3.718104 10.753043 -0.291194 -0.947041 -0.135350 0.018800 0.506300
face3.jpg
7 -0.239849 -3.187942 10.648146 -0.404274 -0.535825 -0.741252 0.064100 0.441000
7 -0.054333 -3.188618 10.613935 -0.150456 -0.576775 -0.802928 0.018800 0.439500
7 -0.040863 -3.469316 10.547524 -0.017245 0.030150 -0.999397 0.018800 0.468500
face3.jpg
7 -0.040863 -3.469316 10.547524 -0.017245 0.030150 -0.999397 0.018800 0.468500
7 -0.238424 -3.366642 10.648829 -0.361096 0.072825 -0.929681 0.065900 0.461000
7 -0.239849 -3.187942 10.648146 -0.404274 -0.535825 -0.741252 0.064100 0.441000
face3.jpg
7 -0.733668 -3.026740 10.858500 -0.375496 -0.912521 -0.162200 0.239500 0.482900
7 -0.639362 -3.012715 10.622609 -0.367505 -0.912612 -0.179105 0.211700 0.435200
7 -0.466507 -3.082925 10.743415 -0.565012 -0.714363 -0.412853 0.177700 0.455500
face3.jpg
7 -0.466507 -3.082925 10.743415 -0.565012 -0.714363 -0.412853 0.177700 0.455500
7 -0.559666 -3.084703 10.871593 -0.582214 -0.782886 -0.219355 0.198700 0.490200
7 -0.733668 -3.026740 10.858500 -0.375496 -0.912521 -0.162200 0.239500 0.482900
face3.jpg
7 -0.239849 -3.187942 10.648146 -0.404274 -0.535825 -0.741252 0.064100 0.441000
7 -0.312582 -3.126909 10.483265 -0.283209 -0.954462 -0.093779 0.082800 0.414900
7 -0.059146 -3.156487 10.414041 0.051163 -0.997669 -0.045147 0.018800 0.407600
face3.jpg
7 -0.059146 -3.156487 10.414041 0.051163 -0.997669 -0.045147 0.018800 0.407600
7 -0.054333 -3.188618 10.613935 -0.150456 -0.576775 -0.802928 0.018800 0.439500
7 -0.239849 -3.187942 10.648146 -0.404274 -0.535825 -0.741252 0.064100 0.441000
face3.jpg
7 -0.312582 -3.126909 10.483265 -0.283209 -0.954462 -0.093779 0.082800 0.414900
7 -0.639362 -3.012715 10.622609 -0.367505 -0.912612 -0.179105 0.211700 0.435200
7 -0.904520 -2.859270 10.484324 -0.522042 -0.800884 -0.293355 0.279400 0.404100
face3.jpg
7 -0.904520 -2.859270 10.484324 -0.522042 -0.800884 -0.293355 0.279400 0.404100
7 -0.389032 -3.110224 10.369678 -0.354158 -0.893941 -0.274667 0.098500 0.392100
7 -0.312582 -3.126909 10.483265 -0.283209 -0.954462 -0.093779 0.082800 0.414900
face3.jpg
7 -0.448169 -3.441542 12.075552 -0.462512 -0.518667 -0.719074 0.126600 0.658200
7 -0.465176 -3.178803 12.011314 -0.642042 -0.120997 -0.757062 0.145700 0.645200
7 -0.287789 -3.437754 11.902285 -0.580582 -0.776969 -0.243399 0.061200 0.619500
face3.jpg
7 -0.429583 -2.929665 10.206755 -0.348074 -0.823831 -0.447378 0.105300 0.352600
7 -0.071254 -2.998586 10.165228 0.034770 -0.835486 -0.548410 0.018800 0.349300
7 -0.060478 -3.174552 10.271296 0.039727 -0.897098 -0.440043 0.018800 0.382700
face3.jpg
7 -0.060478 -3.174552 10.271296 0.039727 -0.897098 -0.440043 0.018800 0.382700
7 -0.389032 -3.110224 10.369678 -0.354158 -0.893941 -0.274667 0.098500 0.392100
7 -0.429583 -2.929665 10.206755 -0.348074 -0.823831 -0.447378 0.105300 0.352600
face3.jpg
7 -0.059146 -3.156487 10.414041 0.051163 -0.997669 -0.045147 0.018800 0.407600
7 -0.312582 -3.126909 10.483265 -0.283209 -0.954462 -0.093779 0.082800 0.414900
7 -0.389032 -3.110224 10.369678 -0.354158 -0.893941 -0.274667 0.098500 0.392100
face3.jpg
7 -0.389032 -3.110224 10.369678 -0.354158 -0.893941 -0.274667 0.098500 0.392100
7 -0.060478 -3.174552 10.271296 0.039727 -0.897098 -0.440043 0.018800 0.382700
7 -0.059146 -3.156487 10.414041 0.051163 -0.997669 -0.045147 0.018800 0.407600
face3.jpg
7 -0.466507 -3.082925 10.743415 -0.565012 -0.714363 -0.412853 0.177700 0.455500
7 -0.639362 -3.012715 10.622609 -0.367505 -0.912612 -0.179105 0.211700 0.435200
7 -0.312582 -3.126909 10.483265 -0.283209 -0.954462 -0.093779 0.082800 0.414900
face3.jpg
7 -0.312582 -3.126909 10.483265 -0.283209 -0.954462 -0.093779 0.082800 0.414900
7 -0.239849 -3.187942 10.648146 -0.404274 -0.535825 -0.741252 0.064100 0.441000
7 -0.466507 -3.082925 10.743415 -0.565012 -0.714363 -0.412853 0.177700 0.455500
face3.jpg
7 -0.389032 -3.110224 10.369678 -0.354158 -0.893941 -0.274667 0.098500 0.392100
7 -0.904520 -2.859270 10.484324 -0.522042 -0.800884 -0.293355 0.279400 0.404100
7 -0.823834 -2.813638 10.283149 -0.483646 -0.723616 -0.492409 0.250600 0.371900
face3.jpg
7 -0.823834 -2.813638 10.283149 -0.483646 -0.723616 -0.492409 0.250600 0.371900
7 -0.782188 -2.719368 10.154529 -0.403766 -0.764542 -0.502442 0.239500 0.342100
7 -0.429583 -2.929665 10.206755 -0.348074 -0.823831 -0.447378 0.105300 0.352600
face3.jpg
7 -0.429583 -2.929665 10.206755 -0.348074 -0.823831 -0.447378 0.105300 0.352600
7 -0.389032 -3.110224 10.369678 -0.354158 -0.893941 -0.274667 0.098500 0.392100
7 -0.823834 -2.813638 10.283149 -0.483646 -0.723616 -0.492409 0.250600 0.371900
face3.jpg
7 -0.836756 -2.617577 10.052197 -0.533675 -0.682028 -0.500028 0.256300 0.322500
7 -0.656607 -2.751738 9.986567 -0.557402 -0.656930 -0.507686 0.220000 0.318800
7 -0.782188 -2.719368 10.154529 -0.403766 -0.764542 -0.502442 0.239500 0.342100
face3.jpg
7 -0.782188 -2.719368 10.154529 -0.403766 -0.764542 -0.502442 0.239500 0.342100
7 -0.656607 -2.751738 9.986567 -0.557402 -0.656930 -0.507686 0.220000 0.318800
7 -0.425345 -2.899799 9.897779 -0.359830 -0.723696 -0.588886 0.106700 0.316100
face3.jpg
7 -0.425345 -2.899799 9.897779 -0.359830 -0.723696 -0.588886 0.106700 0.316100
7 -0.429583 -2.929665 10.206755 -0.348074 -0.823831 -0.447378 0.105300 0.352600
7 -0.782188 -2.719368 10.154529 -0.403766 -0.764542 -0.502442 0.239500 0.342100
face3.jpg
7 -0.425345 -2.899799 9.897779 -0.359830 -0.723696 -0.588886 0.106700 0.316100
7 -0.077129 -2.970266 9.885063 0.032883 -0.809404 -0.586331 0.018800 0.314300
7 -0.071254 -2.998586 10.165228 0.034770 -0.835486 -0.548410 0.018800 0.349300
face3.jpg
7 -0.071254 -2.998586 10.165228 0.034770 -0.835486 -0.548410 0.018800 0.349300
7 -0.429583 -2.929665 10.206755 -0.348074 -0.823831 -0.447378 0.105300 0.352600
7 -0.425345 -2.899799 9.897779 -0.359830 -0.723696 -0.588886 0.106700 0.316100
face3.jpg
7 -0.396634 -2.656561 9.798836 -0.295338 -0.797902 -0.525478 0.098300 0.266400
7 -0.425345 -2.899799 9.897779 -0.359830 -0.723696 -0.588886 0.106700 0.316100
7 -0.656607 -2.751738 9.986567 -0.557402 -0.656930 -0.507686 0.220000 0.318800
face3.jpg
7 -0.656607 -2.751738 9.986567 -0.557402 -0.656930 -0.507686 0.220000 0.318800
7 -0.688252 -2.551133 9.806068 -0.478729 -0.805788 -0.348602 0.249700 0.267700
7 -0.396634 -2.656561 9.798836 -0.295338 -0.797902 -0.525478 0.098300 0.266400
face3.jpg
7 -0.425345 -2.899799 9.897779 -0.359830 -0.723696 -0.588886 0.106700 0.316100
7 -0.396634 -2.656561 9.798836 -0.295338 -0.797902 -0.525478 0.098300 0.266400
7 -0.091325 -2.722918 9.799263 0.029106 -0.756888 -0.652896 0.018800 0.265800
face3.jpg
7 -0.091325 -2.722918 9.799263 0.029106 -0.756888 -0.652896 0.018800 0.265800
7 -0.077129 -2.970266 9.885063 0.032883 -0.809404 -0.586331 0.018800 0.314300
7 -0.425345 -2.899799 9.897779 -0.359830 -0.723696 -0.588886 0.106700 0.316100
face3.jpg
7 -1.059397 -2.353848 9.843152 -0.674319 -0.607333 -0.420048 0.366500 0.282900
7 -0.688252 -2.551133 9.806068 -0.478729 -0.805788 -0.348602 0.249700 0.267700
7 -0.980081 -2.538512 10.084033 -0.488963 -0.733747 -0.471731 0.297200 0.327600
face3.jpg
7 -0.980081 -2.538512 10.084033 -0.488963 -0.733747 -0.471731 0.297200 0.327600
7 -1.245556 -2.453040 10.220059 -0.734293 -0.544479 -0.405409 0.408100 0.326000
7 -1.059397 -2.353848 9.843152 -0.674319 -0.607333 -0.420048 0.366500 0.282900
face3.jpg
7 -1.355817 -2.629451 10.842595 -0.740893 -0.582507 -0.334310 0.461600 0.413200
7 -1.004749 -2.915224 10.999593 -0.408960 -0.864317 -0.292760 0.319300 0.494100
7 -1.111435 -2.992265 11.211535 -0.357923 -0.874572 -0.327132 0.344800 0.531100
face3.jpg
7 -1.111435 -2.992265 11.211535 -0.357923 -0.874572 -0.327132 0.344800 0.531100
7 -1.542295 -2.685592 11.247722 -0.767888 -0.542359 -0.340874 0.493300 0.502300
7 -1.355817 -2.629451 10.842595 -0.740893 -0.582507 -0.334310 0.461600 0.413200
face3.jpg
7 -2.034405 -1.389929 11.742343 -0.965788 -0.203264 -0.161050 0.800200 0.565000
7 -1.890833 -1.837826 11.505266 -0.919756 -0.239000 -0.311331 0.642800 0.510500
7 -1.952100 -2.139732 11.744120 -0.931275 -0.272387 -0.241933 0.612100 0.573100
face3.jpg
7 -1.952100 -2.139732 11.744120 -0.931275 -0.272387 -0.241933 0.612100 0.573100
7 -2.041268 -1.843266 12.237273 -0.967942 -0.235714 -0.086764 0.713100 0.665600
7 -2.034405 -1.389929 11.742343 -0.965788 -0.203264 -0.161050 0.800200 0.565000
face3.jpg
7 -1.355817 -2.629451 10.842595 -0.740893 -0.582507 -0.334310 0.460400 0.410500
7 -1.245556 -2.453040 10.220059 -0.734293 -0.544479 -0.405409 0.404400 0.322100
7 -0.904520 -2.859270 10.484324 -0.522042 -0.800884 -0.293355 0.279400 0.404100
face3.jpg
7 -0.904520 -2.859270 10.484324 -0.522042 -0.800884 -0.293355 0.279400 0.404100
7 -1.004749 -2.915224 10.999593 -0.408960 -0.864317 -0.292760 0.319300 0.494100
7 -1.355817 -2.629451 10.842595 -0.740893 -0.582507 -0.334310 0.460400 0.410500
face3.jpg
7 -1.890833 -1.837826 11.505266 -0.919756 -0.239000 -0.311331 0.642800 0.510500
7 -2.034405 -1.389929 11.742343 -0.965788 -0.203264 -0.161050 0.800200 0.565000
7 -2.089759 -0.917212 11.280015 -0.957861 -0.072195 -0.278012 0.943200 0.528400
face3.jpg
7 -2.089759 -0.917212 11.280015 -0.957861 -0.072195 -0.278012 0.943200 0.528400
7 -1.969895 -1.335370 10.832855 -0.924702 -0.284366 -0.253106 0.719000 0.405000
7 -1.890833 -1.837826 11.505266 -0.919756 -0.239000 -0.311331 0.642800 0.510500
face3.jpg
7 -0.629550 -2.356870 9.088547 -0.452270 -0.431778 -0.780397 0.174000 0.161000
7 -0.570551 -2.157485 9.028506 -0.255154 0.078631 -0.963698 0.176600 0.123400
7 -0.130227 -2.217726 8.994841 -0.077243 0.019664 -0.996818 0.018800 0.109300
face3.jpg
7 -0.130227 -2.217726 8.994841 -0.077243 0.019664 -0.996818 0.018800 0.109300
7 -0.114818 -2.493448 9.060992 -0.168846 -0.547400 -0.819661 0.018800 0.140600
7 -0.629550 -2.356870 9.088547 -0.452270 -0.431778 -0.780397 0.174000 0.161000
face3.jpg
7 -0.570551 -2.157485 9.028506 -0.255154 0.078631 -0.963698 0.176600 0.123400
7 -0.629550 -2.356870 9.088547 -0.452270 -0.431778 -0.780397 0.174000 0.161000
7 -0.977982 -1.997044 9.264709 -0.691453 -0.056073 -0.720242 0.339100 0.184100
face3.jpg
7 -0.904520 -2.859270 10.484324 -0.522042 -0.800884 -0.293355 0.279400 0.404100
7 -1.245556 -2.453040 10.220059 -0.734293 -0.544479 -0.405409 0.403000 0.327800
7 -0.980081 -2.538512 10.084033 -0.488963 -0.733747 -0.471731 0.297200 0.327600
face3.jpg
7 -0.980081 -2.538512 10.084033 -0.488963 -0.733747 -0.471731 0.297200 0.327600
7 -0.823834 -2.813638 10.283149 -0.483646 -0.723616 -0.492409 0.250600 0.371900
7 -0.904520 -2.859270 10.484324 -0.522042 -0.800884 -0.293355 0.279400 0.404100
face3.jpg
7 -1.955125 -0.923220 10.554102 -0.897091 0.054997 -0.438410 0.801000 0.331100
7 -1.969895 -1.335370 10.832855 -0.924702 -0.284366 -0.253106 0.719000 0.405000
7 -2.089759 -0.917212 11.280015 -0.957861 -0.072195 -0.278012 0.943200 0.528400
face3.jpg
7 -0.962956 -1.162689 9.605842 -0.495868 0.314274 -0.809535 0.318200 0.088400
7 -0.170702 -1.337882 9.324046 -0.171956 0.407275 -0.896972 0.018800 0.026400
7 -0.570551 -2.157485 9.028506 -0.255154 0.078631 -0.963698 0.176600 0.123400
face3.jpg
7 -0.570551 -2.157485 9.028506 -0.255154 0.078631 -0.963698 0.176600 0.123400
7 -0.977982 -1.997044 9.264709 -0.691453 -0.056073 -0.720242 0.339100 0.184100
7 -0.962956 -1.162689 9.605842 -0.495868 0.314274 -0.809535 0.318200 0.088400
face3.jpg
7 -1.895676 -0.644286 10.578361 -0.948986 0.109959 -0.295524 0.829800 0.266200
7 -1.530320 -1.344220 10.018503 -0.789600 -0.047826 -0.611755 0.540700 0.247100
7 -1.955125 -0.923220 10.554102 -0.897091 0.054997 -0.438410 0.801000 0.331100
face3.jpg
7 -1.955125 -0.923220 10.554102 -0.897091 0.054997 -0.438410 0.801000 0.331100
7 -2.089759 -0.917212 11.280015 -0.957861 -0.072195 -0.278012 0.943200 0.528400
7 -1.953610 -0.575133 11.285250 -0.893515 0.176525 -0.412881 0.968600 0.438600
face3.jpg
7 -1.953610 -0.575133 11.285250 -0.893515 0.176525 -0.412881 0.968600 0.438600
7 -1.895676 -0.644286 10.578361 -0.948986 0.109959 -0.295524 0.829800 0.266200
7 -1.955125 -0.923220 10.554102 -0.897091 0.054997 -0.438410 0.801000 0.331100
face3.jpg
7 -1.004749 -2.915224 10.999593 -0.408960 -0.864317 -0.292760 0.319300 0.494100
7 -0.727984 -3.087519 11.346760 -0.202830 -0.977291 -0.061342 0.253000 0.547000
7 -1.111435 -2.992265 11.211535 -0.357923 -0.874572 -0.327132 0.343600 0.528300
face3.jpg
7 -0.733668 -3.026740 10.858500 -0.375496 -0.912521 -0.162200 0.239500 0.482900
7 -1.004749 -2.915224 10.999593 -0.408960 -0.864317 -0.292760 0.319300 0.494100
7 -0.904520 -2.859270 10.484324 -0.522042 -0.800884 -0.293355 0.279400 0.404100
face3.jpg
7 -0.904520 -2.859270 10.484324 -0.522042 -0.800884 -0.293355 0.279400 0.404100
7 -0.639362 -3.012715 10.622609 -0.367505 -0.912612 -0.179105 0.211700 0.435200
7 -0.733668 -3.026740 10.858500 -0.375496 -0.912521 -0.162200 0.239500 0.482900
face3.jpg
7 -0.688252 -2.551133 9.806068 -0.478729 -0.805788 -0.348602 0.249700 0.267700
7 -0.836756 -2.617577 10.052197 -0.533675 -0.682028 -0.500028 0.256300 0.322500
7 -0.980081 -2.538512 10.084033 -0.488963 -0.733747 -0.471731 0.297200 0.327600
face3.jpg
7 -0.836756 -2.617577 10.052197 -0.533675 -0.682028 -0.500028 0.256300 0.322500
7 -0.688252 -2.551133 9.806068 -0.478729 -0.805788 -0.348602 0.249700 0.267700
7 -0.656607 -2.751738 9.986567 -0.557402 -0.656930 -0.507686 0.220000 0.318800
face3.jpg
7 -0.836756 -2.617577 10.052197 -0.533675 -0.682028 -0.500028 0.256300 0.322500
7 -0.782188 -2.719368 10.154529 -0.403766 -0.764542 -0.502442 0.239500 0.342100
7 -0.823834 -2.813638 10.283149 -0.483646 -0.723616 -0.492409 0.250600 0.371900
face3.jpg
7 -0.823834 -2.813638 10.283149 -0.483646 -0.723616 -0.492409 0.250600 0.371900
7 -0.980081 -2.538512 10.084033 -0.488963 -0.733747 -0.471731 0.297200 0.327600
7 -0.836756 -2.617577 10.052197 -0.533675 -0.682028 -0.500028 0.256300 0.322500
face3.jpg
7 -1.969895 -1.335370 10.832855 -0.924702 -0.284366 -0.253106 0.719000 0.405000
7 -1.955125 -0.923220 10.554102 -0.897091 0.054997 -0.438410 0.801000 0.331100
7 -1.530320 -1.344220 10.018503 -0.789600 -0.047826 -0.611755 0.540700 0.247100
face3.jpg
7 -1.530320 -1.344220 10.018503 -0.789600 -0.047826 -0.611755 0.540700 0.247100
7 -1.500261 -1.833516 10.257858 -0.865111 -0.336734 -0.371744 0.457600 0.296700
7 -1.969895 -1.335370 10.832855 -0.924702 -0.284366 -0.253106 0.719000 0.405000
face3.jpg
7 -0.466507 -3.082925 10.743415 -0.565012 -0.714363 -0.412853 0.177700 0.455500
7 -0.239849 -3.187942 10.648146 -0.404274 -0.535825 -0.741252 0.064100 0.441000
7 -0.238424 -3.366642 10.648829 -0.361096 0.072825 -0.929681 0.065900 0.461000
face3.jpg
7 -1.500261 -1.833516 10.257858 -0.865111 -0.336734 -0.371744 0.457600 0.296700
7 -1.059397 -2.353848 9.843152 -0.674319 -0.607333 -0.420048 0.363000 0.283000
7 -1.245556 -2.453040 10.220059 -0.734293 -0.544479 -0.405409 0.398800 0.327300
face3.jpg
7 -1.500261 -1.833516 10.257858 -0.865111 -0.336734 -0.371744 0.457200 0.296300
7 -1.530320 -1.344220 10.018503 -0.789600 -0.047826 -0.611755 0.540700 0.247100
7 -0.977982 -1.997044 9.264709 -0.691453 -0.056073 -0.720242 0.339100 0.184100
face3.jpg
7 -0.977982 -1.997044 9.264709 -0.691453 -0.056073 -0.720242 0.339100 0.184100
7 -0.951772 -2.304374 9.555952 -0.733438 -0.589698 -0.338119 0.340300 0.245400
7 -1.500261 -1.833516 10.257858 -0.865111 -0.336734 -0.371744 0.457200 0.296300
face3.jpg
7 -0.962956 -1.162689 9.605842 -0.495868 0.314274 -0.809535 0.307200 0.077400
7 -0.977982 -1.997044 9.264709 -0.691453 -0.056073 -0.720242 0.339100 0.184100
7 -1.530320 -1.344220 10.018503 -0.789600 -0.047826 -0.611755 0.540700 0.247100
face3.jpg
7 -1.530320 -1.344220 10.018503 -0.789600 -0.047826 -0.611755 0.540700 0.247100
7 -1.491990 -0.923296 10.041395 -0.708387 0.102423 -0.698353 0.620000 0.192100
7 -0.962956 -1.162689 9.605842 -0.495868 0.314274 -0.809535 0.307200 0.077400
face3.jpg
7 -1.637390 -2.722964 12.336852 -0.826756 -0.500336 -0.257175 0.493200 0.683200
7 -1.923468 -2.192003 12.560429 -0.928396 -0.368923 -0.044461 0.603700 0.731900
7 -1.900625 -2.339176 12.078023 -0.891806 -0.452163 -0.015207 0.586400 0.638800
face3.jpg
7 -1.211704 -3.274092 12.318227 -0.502220 -0.565682 -0.654049 0.378300 0.701700
7 -1.063509 -3.480420 12.392725 -0.434330 -0.825505 -0.360415 0.345500 0.741700
7 -1.634886 -3.012729 12.635631 -0.809452 -0.576701 -0.110469 0.495100 0.744600
face3.jpg
7 -1.634886 -3.012729 12.635631 -0.809452 -0.576701 -0.110469 0.495100 0.744600
7 -1.573490 -2.953730 12.408427 -0.734683 -0.468150 -0.490996 0.470000 0.703800
7 -1.211704 -3.274092 12.318227 -0.502220 -0.565682 -0.654049 0.378300 0.701700
face3.jpg
7 -1.634886 -3.012729 12.635631 -0.809452 -0.576701 -0.110469 0.495100 0.744600
7 -1.923468 -2.192003 12.560429 -0.928396 -0.368923 -0.044461 0.603700 0.731900
7 -1.637390 -2.722964 12.336852 -0.826756 -0.500336 -0.257175 0.493200 0.683200
face3.jpg
7 -0.170702 -1.337882 9.324046 -0.171956 0.407275 -0.896972 0.018800 0.026400
7 -0.130227 -2.217726 8.994841 -0.077243 0.019664 -0.996818 0.018800 0.109300
7 -0.570551 -2.157485 9.028506 -0.255154 0.078631 -0.963698 0.176600 0.123400
face3.jpg
7 -1.442932 -2.879655 12.041817 -0.608607 -0.793271 0.017844 0.432700 0.639900
7 -1.411299 -2.875170 12.186498 -0.584360 -0.810714 -0.035592 0.421300 0.663900
7 -1.637390 -2.722964 12.336852 -0.826756 -0.500336 -0.257175 0.493200 0.683200
face3.jpg
7 -1.952100 -2.139732 11.744120 -0.931275 -0.272387 -0.241933 0.612100 0.573100
7 -1.542295 -2.685592 11.247722 -0.767888 -0.542359 -0.340874 0.497700 0.504400
7 -1.572850 -2.767284 11.610846 -0.716291 -0.689039 -0.110240 0.483300 0.571100
face3.jpg
7 -1.572850 -2.767284 11.610846 -0.716291 -0.689039 -0.110240 0.483300 0.571100
7 -1.900625 -2.339176 12.078023 -0.891806 -0.452163 -0.015207 0.586400 0.638800
7 -1.952100 -2.139732 11.744120 -0.931275 -0.272387 -0.241933 0.612100 0.573100
face3.jpg
7 -1.890833 -1.837826 11.505266 -0.919756 -0.239000 -0.311331 0.642800 0.510500
7 -1.355817 -2.629451 10.842595 -0.740893 -0.582507 -0.334310 0.452700 0.416500
7 -1.542295 -2.685592 11.247722 -0.767888 -0.542359 -0.340874 0.492600 0.504300
face3.jpg
7 -1.542295 -2.685592 11.247722 -0.767888 -0.542359 -0.340874 0.492600 0.504300
7 -1.952100 -2.139732 11.744120 -0.931275 -0.272387 -0.241933 0.612100 0.573100
7 -1.890833 -1.837826 11.505266 -0.919756 -0.239000 -0.311331 0.642800 0.510500
face3.jpg
7 -1.890833 -1.837826 11.505266 -0.919756 -0.239000 -0.311331 0.642800 0.510500
7 -1.500261 -1.833516 10.257858 -0.865111 -0.336734 -0.371744 0.457600 0.296700
7 -1.355817 -2.629451 10.842595 -0.740893 -0.582507 -0.334310 0.453700 0.412200
face3.jpg
7 -0.019479 -3.475128 11.889938 -0.149223 -0.984500 -0.092159 0.018800 0.619300
7 -0.287789 -3.437754 11.902285 -0.580582 -0.776969 -0.243399 0.061200 0.619500
7 -0.233309 -3.577372 11.335323 -0.542540 -0.825613 0.154962 0.071100 0.552600
face3.jpg
7 -0.233309 -3.577372 11.335323 -0.542540 -0.825613 0.154962 0.071100 0.552600
7 -0.020705 -3.618716 11.338588 0.054041 -0.976469 0.208776 0.019800 0.550900
7 -0.019479 -3.475128 11.889938 -0.149223 -0.984500 -0.092159 0.018800 0.619300
face3.jpg
7 -0.616318 -2.575272 9.303696 -0.466241 -0.804886 -0.367122 0.160900 0.205900
7 -0.396634 -2.656561 9.798836 -0.295338 -0.797902 -0.525478 0.098300 0.266400
7 -0.688252 -2.551133 9.806068 -0.478729 -0.805788 -0.348602 0.249700 0.267700
face3.jpg
7 -0.688252 -2.551133 9.806068 -0.478729 -0.805788 -0.348602 0.249700 0.267700
7 -0.951772 -2.304374 9.555952 -0.733438 -0.589698 -0.338119 0.340300 0.245400
7 -0.616318 -2.575272 9.303696 -0.466241 -0.804886 -0.367122 0.160900 0.205900
face3.jpg
7 -0.091325 -2.722918 9.799263 0.029106 -0.756888 -0.652896 0.018800 0.265800
7 -0.396634 -2.656561 9.798836 -0.295338 -0.797902 -0.525478 0.098300 0.266400
7 -0.616318 -2.575272 9.303696 -0.466241 -0.804886 -0.367122 0.160900 0.205900
face3.jpg
7 -0.616318 -2.575272 9.303696 -0.466241 -0.804886 -0.367122 0.160900 0.205900
7 -0.100996 -2.690024 9.290348 -0.212515 -0.913840 -0.346025 0.018800 0.200300
7 -0.091325 -2.722918 9.799263 0.029106 -0.756888 -0.652896 0.018800 0.265800
face3.jpg
7 -0.233309 -3.577372 11.335323 -0.542540 -0.825613 0.154962 0.073100 0.552400
7 -0.363276 -3.478452 10.796967 -0.870019 -0.460869 -0.175120 0.113300 0.500500
7 -0.253334 -3.646707 10.755906 -0.598777 -0.782960 -0.168640 0.078800 0.504700
face3.jpg
7 -0.219075 -3.584596 10.609465 -0.514906 -0.431452 -0.740757 0.069800 0.486100
7 -0.253334 -3.646707 10.755906 -0.598777 -0.782960 -0.168640 0.078800 0.504700
7 -0.363276 -3.478452 10.796967 -0.870019 -0.460869 -0.175120 0.113300 0.500500
face3.jpg
7 -0.363276 -3.478452 10.796967 -0.870019 -0.460869 -0.175120 0.113300 0.500500
7 -0.326128 -3.399288 10.667678 -0.614002 -0.114399 -0.780970 0.101300 0.473100
7 -0.219075 -3.584596 10.609465 -0.514906 -0.431452 -0.740757 0.069800 0.486100
face3.jpg
7 -0.951772 -2.304374 9.555952 -0.733438 -0.589698 -0.338119 0.340300 0.245400
7 -0.977982 -1.997044 9.264709 -0.691453 -0.056073 -0.720242 0.339100 0.184100
7 -0.616318 -2.575272 9.303696 -0.466241 -0.804886 -0.367122 0.160900 0.205900
face3.jpg
7 -0.616318 -2.575272 9.303696 -0.466241 -0.804886 -0.367122 0.160900 0.205900
7 -0.629550 -2.356870 9.088547 -0.452270 -0.431778 -0.780397 0.174000 0.161000
7 -0.114818 -2.493448 9.060992 -0.168846 -0.547400 -0.819661 0.018800 0.140600
face3.jpg
7 -0.114818 -2.493448 9.060992 -0.168846 -0.547400 -0.819661 0.018800 0.140600
7 -0.100996 -2.690024 9.290348 -0.212515 -0.913840 -0.346025 0.018800 0.200300
7 -0.616318 -2.575272 9.303696 -0.466241 -0.804886 -0.367122 0.160900 0.205900
face3.jpg
7 -0.031654 -3.636531 10.580311 0.021640 -0.646549 -0.762566 0.018800 0.482100
7 -0.219075 -3.584596 10.609465 -0.514906 -0.431452 -0.740757 0.069800 0.486100
7 -0.040863 -3.469316 10.547524 -0.017245 0.030150 -0.999397 0.018800 0.468500
face3.jpg
7 -0.238424 -3.366642 10.648829 -0.361096 0.072825 -0.929681 0.065900 0.461000
7 -0.219075 -3.584596 10.609465 -0.514906 -0.431452 -0.740757 0.069800 0.486100
7 -0.326128 -3.399288 10.667678 -0.614002 -0.114399 -0.780970 0.101300 0.473100
face3.jpg
7 -0.040863 -3.469316 10.547524 -0.017245 0.030150 -0.999397 0.018800 0.468500
7 -0.219075 -3.584596 10.609465 -0.514906 -0.431452 -0.740757 0.069800 0.486100
7 -0.238424 -3.366642 10.648829 -0.361096 0.072825 -0.929681 0.065900 0.461000
face3.jpg
7 -0.363276 -3.478452 10.796967 -0.870019 -0.460869 -0.175120 0.113300 0.500500
7 -0.233309 -3.577372 11.335323 -0.542540 -0.825613 0.154962 0.073000 0.553400
7 -0.497449 -3.168234 11.296679 -0.665358 -0.742462 0.077773 0.192000 0.539900
face3.jpg
7 -0.497449 -3.168234 11.296679 -0.665358 -0.742462 0.077773 0.192000 0.539900
7 -0.559666 -3.084703 10.871593 -0.582214 -0.782886 -0.219355 0.198700 0.490200
7 -0.363276 -3.478452 10.796967 -0.870019 -0.460869 -0.175120 0.113300 0.500500
face3.jpg
7 -0.326128 -3.399288 10.667678 -0.614002 -0.114399 -0.780970 0.101300 0.473100
7 -0.363276 -3.478452 10.796967 -0.870019 -0.460869 -0.175120 0.113300 0.500500
7 -0.559666 -3.084703 10.871593 -0.582214 -0.782886 -0.219355 0.198700 0.490200
face3.jpg
7 -0.559666 -3.084703 10.871593 -0.582214 -0.782886 -0.219355 0.198700 0.490200
7 -0.466507 -3.082925 10.743415 -0.565012 -0.714363 -0.412853 0.177700 0.455500
7 -0.326128 -3.399288 10.667678 -0.614002 -0.114399 -0.780970 0.101300 0.473100
face3.jpg
7 -0.238424 -3.366642 10.648829 -0.361096 0.072825 -0.929681 0.065900 0.461000
7 -0.326128 -3.399288 10.667678 -0.614002 -0.114399 -0.780970 0.101300 0.473100
7 -0.466507 -3.082925 10.743415 -0.565012 -0.714363 -0.412853 0.177700 0.455500
face3.jpg
7 -0.727984 -3.087519 11.346760 -0.202830 -0.977291 -0.061342 0.253000 0.547000
7 -0.730929 -3.104580 11.667521 0.059928 -0.997791 0.028663 0.246300 0.584700
7 -1.090559 -3.068675 11.504032 -0.324116 -0.940565 -0.101424 0.345500 0.565600
face3.jpg
7 -1.090559 -3.068675 11.504032 -0.324116 -0.940565 -0.101424 0.345500 0.565600
7 -1.111435 -2.992265 11.211535 -0.357923 -0.874572 -0.327132 0.342500 0.528400
7 -0.727984 -3.087519 11.346760 -0.202830 -0.977291 -0.061342 0.253000 0.547000
face3.jpg
7 -1.900625 -2.339176 12.078023 -0.891806 -0.452163 -0.015207 0.586400 0.638800
7 -2.041268 -1.843266 12.237273 -0.967942 -0.235714 -0.086764 0.713100 0.665600
7 -1.952100 -2.139732 11.744120 -0.931275 -0.272387 -0.241933 0.612100 0.573100
face3.jpg
7 -1.411299 -2.875170 12.186498 -0.584360 -0.810714 -0.035592 0.421300 0.663900
7 -1.573490 -2.953730 12.408427 -0.734683 -0.468150 -0.490996 0.470000 0.703800
7 -1.637390 -2.722964 12.336852 -0.826756 -0.500336 -0.257175 0.493200 0.683200
face3.jpg
7 -1.573490 -2.953730 12.408427 -0.734683 -0.468150 -0.490996 0.470000 0.703800
7 -1.634886 -3.012729 12.635631 -0.809452 -0.576701 -0.110469 0.495100 0.744600
7 -1.637390 -2.722964 12.336852 -0.826756 -0.500336 -0.257175 0.493200 0.683200
face3.jpg
7 -0.726791 -3.089322 11.798193 0.115780 -0.988645 -0.095795 0.248600 0.603100
7 -0.444132 -3.031347 11.869814 -0.498742 -0.856211 0.134756 0.174900 0.614100
7 -0.438180 -3.022136 11.972538 -0.621639 -0.688134 -0.374214 0.172100 0.626700
face3.jpg
7 -0.438180 -3.022136 11.972538 -0.621639 -0.688134 -0.374214 0.172100 0.626700
7 -0.713344 -3.130290 11.926068 0.231584 -0.918962 -0.319181 0.245300 0.627200
7 -0.726791 -3.089322 11.798193 0.115780 -0.988645 -0.095795 0.248600 0.603100
face3.jpg
7 -0.949939 -3.135405 11.916704 -0.158752 -0.952590 -0.259559 0.313400 0.626500
7 -0.985178 -3.089704 11.770377 -0.172008 -0.976999 -0.126037 0.318700 0.600900
7 -0.726791 -3.089322 11.798193 0.115780 -0.988645 -0.095795 0.248600 0.603100
face3.jpg
7 -0.726791 -3.089322 11.798193 0.115780 -0.988645 -0.095795 0.248600 0.603100
7 -0.713344 -3.130290 11.926068 0.231584 -0.918962 -0.319181 0.245300 0.627200
7 -0.949939 -3.135405 11.916704 -0.158752 -0.952590 -0.259559 0.313400 0.626500
face3.jpg
7 -0.497449 -3.168234 11.296679 -0.665358 -0.742462 0.077773 0.192000 0.539900
7 -0.233309 -3.577372 11.335323 -0.542540 -0.825613 0.154962 0.074500 0.551800
7 -0.287789 -3.437754 11.902285 -0.580582 -0.776969 -0.243399 0.061200 0.619500
face3.jpg
7 -0.287789 -3.437754 11.902285 -0.580582 -0.776969 -0.243399 0.061200 0.619500
7 -0.444132 -3.031347 11.869814 -0.498742 -0.856211 0.134756 0.174900 0.614100
7 -0.497449 -3.168234 11.296679 -0.665358 -0.742462 0.077773 0.192000 0.539900
face3.jpg
7 -0.004272 -3.626694 12.357306 -0.083422 -0.993342 -0.079446 0.018800 0.726900
7 -0.211794 -3.611533 12.401178 -0.114139 -0.992291 -0.048270 0.072800 0.717600
7 -0.411707 -3.568252 12.198694 -0.217815 -0.914099 -0.342023 0.099500 0.680700
face3.jpg
7 -0.411707 -3.568252 12.198694 -0.217815 -0.914099 -0.342023 0.099500 0.680700
7 -0.009082 -3.596897 12.153632 -0.108528 -0.950013 -0.292741 0.018800 0.675500
7 -0.004272 -3.626694 12.357306 -0.083422 -0.993342 -0.079446 0.018800 0.726900
face3.jpg
7 -1.063509 -3.480420 12.392725 -0.434330 -0.825505 -0.360415 0.345500 0.741700
7 -0.411707 -3.568252 12.198694 -0.217815 -0.914099 -0.342023 0.099500 0.680700
7 -0.211794 -3.611533 12.401178 -0.114139 -0.992291 -0.048270 0.072800 0.717600
face3.jpg
7 -1.211704 -3.274092 12.318227 -0.502220 -0.565682 -0.654049 0.378300 0.701700
7 -0.938365 -3.331835 12.252861 -0.326133 -0.336066 -0.883571 0.308900 0.696500
7 -1.063509 -3.480420 12.392725 -0.434330 -0.825505 -0.360415 0.345500 0.741700
face3.jpg
7 -0.448169 -3.441542 12.075552 -0.462512 -0.518667 -0.719074 0.126600 0.658200
7 -0.411707 -3.568252 12.198694 -0.217815 -0.914099 -0.342023 0.099500 0.680700
7 -0.548980 -3.424676 12.095757 -0.363548 -0.414242 -0.834408 0.186800 0.670000
face3.jpg
7 -0.287789 -3.437754 11.902285 -0.580582 -0.776969 -0.243399 0.061200 0.619500
7 -0.411707 -3.568252 12.198694 -0.217815 -0.914099 -0.342023 0.099500 0.680700
7 -0.448169 -3.441542 12.075552 -0.462512 -0.518667 -0.719074 0.126600 0.658200
face3.jpg
7 -0.730929 -3.104580 11.667521 0.059928 -0.997791 0.028663 0.246300 0.584700
7 -0.727984 -3.087519 11.346760 -0.202830 -0.977291 -0.061342 0.253000 0.547000
7 -0.444132 -3.031347 11.869814 -0.498742 -0.856211 0.134756 0.174900 0.614100
face3.jpg
7 -0.438180 -3.022136 11.972538 -0.621639 -0.688134 -0.374214 0.172100 0.626700
7 -0.444132 -3.031347 11.869814 -0.498742 -0.856211 0.134756 0.174900 0.614100
7 -0.287789 -3.437754 11.902285 -0.580582 -0.776969 -0.243399 0.061200 0.619500
face3.jpg
7 -0.287789 -3.437754 11.902285 -0.580582 -0.776969 -0.243399 0.061200 0.619500
7 -0.465176 -3.178803 12.011314 -0.642042 -0.120997 -0.757062 0.145700 0.645200
7 -0.438180 -3.022136 11.972538 -0.621639 -0.688134 -0.374214 0.172100 0.626700
face3.jpg
7 -0.726791 -3.089322 11.798193 0.115780 -0.988645 -0.095795 0.248600 0.603100
7 -0.730929 -3.104580 11.667521 0.059928 -0.997791 0.028663 0.246300 0.584700
7 -0.444132 -3.031347 11.869814 -0.498742 -0.856211 0.134756 0.174900 0.614100
face3.jpg
7 -0.726791 -3.089322 11.798193 0.115780 -0.988645 -0.095795 0.248600 0.603100
7 -0.985178 -3.089704 11.770377 -0.172008 -0.976999 -0.126037 0.318700 0.600900
7 -1.090559 -3.068675 11.504032 -0.324116 -0.940565 -0.101424 0.345500 0.565600
face3.jpg
7 -1.090559 -3.068675 11.504032 -0.324116 -0.940565 -0.101424 0.345500 0.565600
7 -0.730929 -3.104580 11.667521 0.059928 -0.997791 0.028663 0.246300 0.584700
7 -0.726791 -3.089322 11.798193 0.115780 -0.988645 -0.095795 0.248600 0.603100
face3.jpg
7 -1.900625 -2.339176 12.078023 -0.891806 -0.452163 -0.015207 0.586400 0.638800
7 -1.572850 -2.767284 11.610846 -0.716291 -0.689039 -0.110240 0.483300 0.571100
7 -1.442932 -2.879655 12.041817 -0.608607 -0.793271 0.017844 0.432700 0.639900
face3.jpg
7 -1.442932 -2.879655 12.041817 -0.608607 -0.793271 0.017844 0.432700 0.639900
7 -1.637390 -2.722964 12.336852 -0.826756 -0.500336 -0.257175 0.493200 0.683200
7 -1.900625 -2.339176 12.078023 -0.891806 -0.452163 -0.015207 0.586400 0.638800
face3.jpg
7 -1.634886 -3.012729 12.635631 -0.809452 -0.576701 -0.110469 0.495100 0.744600
7 -1.509418 -2.925886 13.767663 -0.791943 -0.604352 0.087088 0.486100 0.899300
7 -1.992551 -2.141672 13.163375 -0.898752 -0.436974 -0.036048 0.621400 0.871200
face3.jpg
7 -1.992551 -2.141672 13.163375 -0.898752 -0.436974 -0.036048 0.621400 0.871200
7 -1.923468 -2.192003 12.560429 -0.928396 -0.368923 -0.044461 0.603700 0.731900
7 -1.634886 -3.012729 12.635631 -0.809452 -0.576701 -0.110469 0.495100 0.744600
face3.jpg
7 -2.142664 -1.658893 12.607710 -0.954894 -0.259223 -0.144850 0.788600 0.778200
7 -1.923468 -2.192003 12.560429 -0.928396 -0.368923 -0.044461 0.603700 0.731900
7 -1.992551 -2.141672 13.163375 -0.898752 -0.436974 -0.036048 0.621400 0.871200
face3.jpg
7 -1.992551 -2.141672 13.163375 -0.898752 -0.436974 -0.036048 0.621400 0.871200
7 -2.293103 -1.534042 13.089654 -0.982851 -0.161039 -0.089832 0.842400 0.881300
7 -2.142664 -1.658893 12.607710 -0.954894 -0.259223 -0.144850 0.788600 0.778200
face3.jpg
7 -2.142664 -1.658893 12.607710 -0.954894 -0.259223 -0.144850 0.788600 0.778200
7 -2.206984 -0.995924 12.229496 -0.925891 -0.354205 -0.131396 0.905900 0.757900
7 -2.034405 -1.389929 11.742343 -0.965788 -0.203264 -0.161050 0.800200 0.565000
face3.jpg
7 -2.227146 -0.976829 12.793940 -0.919811 -0.387089 0.064109 0.935100 0.878300
7 -2.206984 -0.995924 12.229496 -0.925891 -0.354205 -0.131396 0.905900 0.757900
7 -2.142664 -1.658893 12.607710 -0.954894 -0.259223 -0.144850 0.788600 0.778200
face3.jpg
7 -2.206984 -0.995924 12.229496 -0.925891 -0.354205 -0.131396 0.905900 0.757900
7 -2.089759 -0.917212 11.280015 -0.957861 -0.072195 -0.278012 0.943200 0.528400
7 -2.034405 -1.389929 11.742343 -0.965788 -0.203264 -0.161050 0.800200 0.565000
face3.jpg
7 -2.293103 -1.534042 13.089654 -0.982851 -0.161039 -0.089832 0.842400 0.881300
7 -2.227146 -0.976829 12.793940 -0.919811 -0.387089 0.064109 0.935100 0.878300
7 -2.142664 -1.658893 12.607710 -0.954894 -0.259223 -0.144850 0.788600 0.778200
face3.jpg
7 -2.142664 -1.658893 12.607710 -0.954894 -0.259223 -0.144850 0.788600 0.778200
7 -2.041268 -1.843266 12.237273 -0.967942 -0.235714 -0.086764 0.713100 0.665600
7 -1.923468 -2.192003 12.560429 -0.928396 -0.368923 -0.044461 0.603700 0.731900
face3.jpg
7 -2.142664 -1.658893 12.607710 -0.954894 -0.259223 -0.144850 0.788600 0.778200
7 -2.034405 -1.389929 11.742343 -0.965788 -0.203264 -0.161050 0.800200 0.565000
7 -2.041268 -1.843266 12.237273 -0.967942 -0.235714 -0.086764 0.713100 0.665600
face3.jpg
7 -1.063509 -3.480420 12.392725 -0.434330 -0.825505 -0.360415 0.345500 0.741700
7 -0.211794 -3.611533 12.401178 -0.114139 -0.992291 -0.048270 0.072800 0.717600
7 0.013430 -3.639946 13.446774 -0.151765 -0.988342 0.012181 0.018900 0.864600
face3.jpg
7 0.013430 -3.639946 13.446774 -0.151765 -0.988342 0.012181 0.018900 0.864600
7 -0.948130 -3.472542 13.743860 -0.448485 -0.891262 0.067184 0.326900 0.905400
7 -1.063509 -3.480420 12.392725 -0.434330 -0.825505 -0.360415 0.345500 0.741700
face3.jpg
7 -1.179381 -3.052636 11.984268 -0.488405 -0.860568 -0.144509 0.366400 0.636100
7 -1.411299 -2.875170 12.186498 -0.584360 -0.810714 -0.035592 0.421300 0.663900
7 -1.442932 -2.879655 12.041817 -0.608607 -0.793271 0.017844 0.432700 0.639900
face3.jpg
7 -1.442932 -2.879655 12.041817 -0.608607 -0.793271 0.017844 0.432700 0.639900
7 -1.204320 -3.005842 11.836836 -0.479633 -0.872430 -0.093900 0.373900 0.611300
7 -1.179381 -3.052636 11.984268 -0.488405 -0.860568 -0.144509 0.366400 0.636100
face3.jpg
7 -1.204320 -3.005842 11.836836 -0.479633 -0.872430 -0.093900 0.373900 0.611300
7 -1.442932 -2.879655 12.041817 -0.608607 -0.793271 0.017844 0.432700 0.639900
7 -1.572850 -2.767284 11.610846 -0.716291 -0.689039 -0.110240 0.483300 0.571100
face3.jpg
7 -1.572850 -2.767284 11.610846 -0.716291 -0.689039 -0.110240 0.483300 0.571100
7 -1.090559 -3.068675 11.504032 -0.324116 -0.940565 -0.101424 0.345400 0.565400
7 -1.204320 -3.005842 11.836836 -0.479633 -0.872430 -0.093900 0.373900 0.611300
face3.jpg
7 -0.548980 -3.424676 12.095757 -0.363548 -0.414242 -0.834408 0.186800 0.670000
7 -0.411707 -3.568252 12.198694 -0.217815 -0.914099 -0.342023 0.099500 0.680700
7 -1.063509 -3.480420 12.392725 -0.434330 -0.825505 -0.360415 0.345500 0.741700
face3.jpg
7 -1.063509 -3.480420 12.392725 -0.434330 -0.825505 -0.360415 0.345500 0.741700
7 -0.938365 -3.331835 12.252861 -0.326133 -0.336066 -0.883571 0.308900 0.696500
7 -0.548980 -3.424676 12.095757 -0.363548 -0.414242 -0.834408 0.186800 0.670000
face3.jpg
7 -1.090559 -3.068675 11.504032 -0.324116 -0.940565 -0.101424 0.345500 0.565600
7 -0.985178 -3.089704 11.770377 -0.172008 -0.976999 -0.126037 0.318700 0.600900
7 -1.204320 -3.005842 11.836836 -0.479633 -0.872430 -0.093900 0.373900 0.611300
face3.jpg
7 -1.179381 -3.052636 11.984268 -0.488405 -0.860568 -0.144509 0.366400 0.636100
7 -1.204320 -3.005842 11.836836 -0.479633 -0.872430 -0.093900 0.373900 0.611300
7 -0.985178 -3.089704 11.770377 -0.172008 -0.976999 -0.126037 0.318700 0.600900
face3.jpg
7 -0.985178 -3.089704 11.770377 -0.172008 -0.976999 -0.126037 0.318700 0.600900
7 -0.949939 -3.135405 11.916704 -0.158752 -0.952590 -0.259559 0.313400 0.626500
7 -1.179381 -3.052636 11.984268 -0.488405 -0.860568 -0.144509 0.366400 0.636100
face3.jpg
25 -1.164909 -2.966828 12.018415 0.477149 -0.258206 0.840035 0.497600 0.923200
7 -1.362313 -2.782754 12.187101 0.477149 -0.258206 0.840035 0.521400 0.934100
7 -1.411299 -2.875170 12.186498 0.477149 -0.258206 0.840035 0.525800 0.930400
face3.jpg
7 -1.411299 -2.875170 12.186498 0.412684 -0.395700 0.820435 0.525800 0.930400
7 -1.179381 -3.052636 11.984268 0.412684 -0.395700 0.820435 0.498800 0.918500
25 -1.164909 -2.966828 12.018415 0.412684 -0.395700 0.820435 0.497600 0.923200
face3.jpg
27 -0.949871 -3.039049 11.956451 0.133538 -0.385421 0.913027 0.461000 0.917100
25 -1.164909 -2.966828 12.018415 0.133538 -0.385421 0.913027 0.497600 0.923200
7 -1.179381 -3.052636 11.984268 0.133538 -0.385421 0.913027 0.498800 0.918500
face3.jpg
7 -1.179381 -3.052636 11.984268 0.133426 -0.377865 0.916196 0.498800 0.918500
7 -0.949939 -3.135405 11.916704 0.133426 -0.377865 0.916196 0.460300 0.912700
27 -0.949871 -3.039049 11.956451 0.133426 -0.377865 0.916196 0.461000 0.917100
face3.jpg
29 -0.722165 -3.057869 11.950725 -0.008070 -0.381209 0.924454 0.424800 0.918400
27 -0.949871 -3.039049 11.956451 -0.008070 -0.381209 0.924454 0.461000 0.917100
7 -0.949939 -3.135405 11.916704 -0.008070 -0.381209 0.924454 0.460300 0.912700
face3.jpg
7 -0.949939 -3.135405 11.916704 -0.030488 -0.324541 0.945380 0.460300 0.912700
7 -0.713344 -3.130290 11.926068 -0.030488 -0.324541 0.945380 0.422900 0.915000
29 -0.722165 -3.057869 11.950725 -0.030488 -0.324541 0.945380 0.424800 0.918400
face3.jpg
7 -0.523914 -2.927860 12.015966 -0.092682 -0.330098 0.939386 0.395000 0.918800
29 -0.722165 -3.057869 11.950725 -0.092682 -0.330098 0.939386 0.424800 0.918400
7 -0.713344 -3.130290 11.926068 -0.092682 -0.330098 0.939386 0.422900 0.915000
face3.jpg
7 -0.713344 -3.130290 11.926068 0.008140 -0.411942 0.911174 0.422900 0.915000
7 -0.438180 -3.022136 11.972538 0.008140 -0.411942 0.911174 0.391500 0.915300
7 -0.523914 -2.927860 12.015966 0.008140 -0.411942 0.911174 0.395000 0.918800
face3.jpg
7 -2.339102 -0.243574 13.126208 -0.317661 0.395215 0.861915 0.987000 0.212400
7 -2.746184 -0.243886 13.086022 -0.713666 0.204350 0.670016 0.967900 0.213300
7 -2.425942 -0.825720 12.955517 -0.376585 -0.684239 0.624500 0.966000 0.073900
face3.jpg
7 -1.953610 -0.575133 11.285250 -0.893515 0.176525 -0.412881 0.823000 0.135800
7 -2.497397 -0.269926 11.598108 -0.598136 0.593372 -0.538650 0.857800 0.124400
7 -2.831360 0.000529 12.523197 -0.756732 0.641716 -0.124734 0.925800 0.226700
face3.jpg
7 -2.831360 0.000529 12.523197 -0.756732 0.641716 -0.124734 0.925800 0.226700
7 -2.235629 -0.138890 12.715714 -0.033350 0.999312 0.016239 0.925300 0.282000
7 -1.953610 -0.575133 11.285250 -0.893515 0.176525 -0.412881 0.823000 0.135800
face3.jpg
7 -2.831360 0.000529 12.523197 -0.756732 0.641716 -0.124734 0.925800 0.226700
7 -2.746184 -0.243886 13.086022 -0.713666 0.204350 0.670016 0.967900 0.213300
7 -2.339102 -0.243574 13.126208 -0.317661 0.395215 0.861915 0.987000 0.212400
face3.jpg
7 -2.339102 -0.243574 13.126208 -0.317661 0.395215 0.861915 0.987000 0.212400
7 -2.235629 -0.138890 12.715714 -0.033350 0.999312 0.016239 0.926200 0.282000
7 -2.831360 0.000529 12.523197 -0.756732 0.641716 -0.124734 0.925800 0.226700
face3.jpg
7 -1.953610 -0.575133 11.285250 -0.893515 0.176525 -0.412881 0.821600 0.133200
7 -2.089759 -0.917212 11.280015 -0.957861 -0.072195 -0.278012 0.856600 0.023400
7 -2.497397 -0.269926 11.598108 -0.598136 0.593372 -0.538650 0.857800 0.124400
face3.jpg
7 -2.497397 -0.269926 11.598108 -0.598136 0.593372 -0.538650 0.857800 0.124400
7 -2.089759 -0.917212 11.280015 -0.957861 -0.072195 -0.278012 0.856600 0.023400
7 -2.206984 -0.995924 12.229496 -0.925891 -0.354205 -0.131396 0.930100 0.026400
face3.jpg
7 -2.206984 -0.995924 12.229496 -0.925891 -0.354205 -0.131396 0.930100 0.026400
7 -2.831360 0.000529 12.523197 -0.756732 0.641716 -0.124734 0.925800 0.226700
7 -2.497397 -0.269926 11.598108 -0.598136 0.593372 -0.538650 0.857800 0.124400
face3.jpg
7 -2.831360 0.000529 12.523197 -0.756732 0.641716 -0.124734 0.925800 0.226700
7 -2.206984 -0.995924 12.229496 -0.925891 -0.354205 -0.131396 0.930000 0.026400
7 -2.425942 -0.825720 12.955517 -0.376585 -0.684239 0.624500 0.966000 0.073900
face3.jpg
7 -2.425942 -0.825720 12.955517 -0.376585 -0.684239 0.624500 0.966000 0.073900
7 -2.746184 -0.243886 13.086022 -0.713666 0.204350 0.670016 0.967900 0.213300
7 -2.831360 0.000529 12.523197 -0.756732 0.641716 -0.124734 0.925800 0.226700
face3.jpg
7 -2.227146 -0.976829 12.793940 -0.919811 -0.387089 0.064109 0.973600 0.037400
7 -2.339102 -0.243574 13.126208 -0.317661 0.395215 0.861915 0.987000 0.212400
7 -2.425942 -0.825720 12.955517 -0.376585 -0.684239 0.624500 0.966000 0.073900
face3.jpg
7 -2.227146 -0.976829 12.793940 -0.919811 -0.387089 0.064109 0.973600 0.037400
7 -2.425942 -0.825720 12.955517 -0.376585 -0.684239 0.624500 0.966000 0.073900
7 -2.206984 -0.995924 12.229496 -0.925891 -0.354205 -0.131396 0.929900 0.026500
face3.jpg
7 -1.530320 -1.344220 10.018503 -0.789600 -0.047826 -0.611755 0.540700 0.247100
7 -1.895676 -0.644286 10.578361 -0.948986 0.109959 -0.295524 0.829800 0.266200
7 -1.491990 -0.923296 10.041395 -0.708387 0.102423 -0.698353 0.620000 0.192100
face3.jpg
7 -0.616318 -2.575272 9.303696 -0.466241 -0.804886 -0.367122 0.160900 0.205900
7 -0.977982 -1.997044 9.264709 -0.691453 -0.056073 -0.720242 0.339100 0.184100
7 -0.629550 -2.356870 9.088547 -0.452270 -0.431778 -0.780397 0.174000 0.161000
face3.jpg
7 -1.355817 -2.629451 10.842595 -0.740893 -0.582507 -0.334310 0.452300 0.412900
7 -1.500261 -1.833516 10.257858 -0.865111 -0.336734 -0.371744 0.457600 0.296700
7 -1.245556 -2.453040 10.220059 -0.734293 -0.544479 -0.405409 0.398100 0.327000
face3.jpg
7 -2.339102 -0.243574 13.126208 -0.317661 0.395215 0.861915 0.744500 0.881500
7 -2.227146 -0.976829 12.793940 -0.919811 -0.387089 0.064109 0.718900 0.790100
7 -2.208992 -1.089351 13.582375 -0.998204 0.048673 0.034910 0.810300 0.790100
face3.jpg
7 -0.688252 -2.551133 9.806068 -0.478729 -0.805788 -0.348602 0.249700 0.267700
7 -1.059397 -2.353848 9.843152 -0.674319 -0.607333 -0.420048 0.366400 0.281100
7 -0.951772 -2.304374 9.555952 -0.733438 -0.589698 -0.338119 0.340300 0.245400
face3.jpg
7 -1.059397 -2.353848 9.843152 -0.674319 -0.607333 -0.420048 0.363500 0.281700
7 -1.500261 -1.833516 10.257858 -0.865111 -0.336734 -0.371744 0.457200 0.296300
7 -0.951772 -2.304374 9.555952 -0.733438 -0.589698 -0.338119 0.340300 0.245400
face3.jpg
7 -0.444132 -3.031347 11.869814 -0.498742 -0.856211 0.134756 0.174900 0.614100
7 -0.727984 -3.087519 11.346760 -0.202830 -0.977291 -0.061342 0.253000 0.547000
7 -0.497449 -3.168234 11.296679 -0.665358 -0.742462 0.077773 0.192000 0.539900
face3.jpg
7 -0.727984 -3.087519 11.346760 -0.202830 -0.977291 -0.061342 0.253000 0.547000
7 -1.004749 -2.915224 10.999593 -0.408960 -0.864317 -0.292760 0.319300 0.494100
7 -0.733668 -3.026740 10.858500 -0.375496 -0.912521 -0.162200 0.239500 0.482900
face3.jpg
7 -1.500261 -1.833516 10.257858 -0.865111 -0.336734 -0.371744 0.457600 0.296700
7 -1.890833 -1.837826 11.505266 -0.919756 -0.239000 -0.311331 0.642800 0.510500
7 -1.969895 -1.335370 10.832855 -0.924702 -0.284366 -0.253106 0.719000 0.405000
face3.jpg
7 -2.235629 -0.138890 12.715714 -0.033350 0.999312 0.016239 0.924300 0.281900
7 -2.124068 0.263021 11.154745 -0.985826 -0.143213 -0.087388 0.797700 0.217900
7 -1.953610 -0.575133 11.285250 -0.893515 0.176525 -0.412881 0.821700 0.135100
face3.jpg
7 -2.235629 -0.138890 12.715714 -0.033350 0.999312 0.016239 0.924300 0.281900
7 -2.117170 0.346717 11.786332 -0.978300 0.206522 -0.016679 0.830800 0.264500
7 -2.124068 0.263021 11.154745 -0.985826 -0.143213 -0.087388 0.797700 0.217900
face3.jpg
7 -2.235629 -0.138890 12.715714 -0.993474 0.070473 -0.089685 0.760200 0.827400
7 -2.223365 0.258085 12.891711 -0.993474 0.070473 -0.089685 0.714500 0.837100
7 -2.117170 0.346717 11.786332 -0.993474 0.070473 -0.089685 0.755300 0.732300
face3.jpg
7 -2.223365 0.258085 12.891711 -0.969145 0.124291 -0.212860 0.714500 0.837100
7 -2.235629 -0.138890 12.715714 -0.969145 0.124291 -0.212860 0.760200 0.827400
7 -2.339102 -0.243574 13.126208 -0.969145 0.124291 -0.212860 0.782800 0.879200
face3.jpg
7 -2.339102 -0.243574 13.126208 -0.977145 0.160334 -0.139573 0.782800 0.879200
7 -2.258996 0.431159 13.340281 -0.977145 0.160334 -0.139573 0.707700 0.895500
7 -2.223365 0.258085 12.891711 -0.977145 0.160334 -0.139573 0.714500 0.837100
face3.jpg
7 -2.258996 0.431159 13.340281 -0.952737 0.016955 0.303322 0.707700 0.895500
7 -2.339102 -0.243574 13.126208 -0.952737 0.016955 0.303322 0.782800 0.879200
7 -2.208992 -1.089351 13.582375 -0.952737 0.016955 0.303322 0.859200 0.935600
face3.jpg
7 -2.208992 -1.089351 13.582375 -0.998398 -0.039300 -0.040714 0.859200 0.935600
7 -2.282763 0.434397 13.921063 -0.998398 -0.039300 -0.040714 0.688100 0.960300
7 -2.258996 0.431159 13.340281 -0.998398 -0.039300 -0.040714 0.707700 0.895500
face3.jpg
7 -1.509418 -2.925886 13.767663 -0.791943 -0.604352 0.087088 0.486100 0.899500
7 -1.974298 -2.254194 13.951710 -0.864028 -0.500807 -0.051467 0.555600 0.937700
7 -1.992551 -2.141672 13.163375 -0.898752 -0.436974 -0.036048 0.621400 0.871200
face3.jpg
7 -1.992551 -2.141672 13.163375 -0.898752 -0.436974 -0.036048 0.621400 0.871200
7 -1.974298 -2.254194 13.951710 -0.864028 -0.500807 -0.051467 0.555600 0.937700
7 -2.265452 -1.647601 13.885004 -0.966596 -0.256213 -0.006877 0.835400 0.946100
face3.jpg
7 -2.265452 -1.647601 13.885004 -0.966596 -0.256213 -0.006877 0.835400 0.946100
7 -2.293103 -1.534042 13.089654 -0.982851 -0.161039 -0.089832 0.842400 0.881300
7 -1.992551 -2.141672 13.163375 -0.898752 -0.436974 -0.036048 0.621400 0.871200
face3.jpg
7 -2.293103 -1.534042 13.089654 -0.982851 -0.161039 -0.089832 0.842400 0.881300
7 -2.265452 -1.647601 13.885004 -0.966596 -0.256213 -0.006877 0.835400 0.946100
7 -2.208992 -1.089351 13.582375 -0.998204 0.048673 0.034910 0.906600 0.945800
face3.jpg
7 -2.208992 -1.089351 13.582375 -0.998204 0.048673 0.034910 0.906600 0.945800
7 -2.227146 -0.976829 12.793940 -0.919811 -0.387089 0.064109 0.934800 0.878200
7 -2.293103 -1.534042 13.089654 -0.982851 -0.161039 -0.089832 0.842400 0.881300
face3.jpg
7 -1.411299 -2.875171 12.186398 -0.608330 -0.471546 -0.638419 0.421300 0.663900
7 -1.573490 -2.953730 12.408427 -0.734683 -0.468150 -0.490996 0.470000 0.703800
7 -1.637390 -2.722964 12.336852 -0.676338 -0.382769 -0.629329 0.493200 0.683200
face3.jpg
7 -1.411299 -2.875171 12.186398 -0.608330 -0.471546 -0.638419 0.421300 0.663900
7 -1.176180 -3.130826 12.222871 -0.430329 -0.670835 -0.603985 0.373000 0.680900
7 -1.211704 -3.274092 12.318227 -0.502220 -0.565682 -0.654049 0.378300 0.701700
face3.jpg
7 -1.211704 -3.274092 12.318227 -0.502220 -0.565682 -0.654049 0.378300 0.701700
7 -1.573490 -2.953730 12.408427 -0.734683 -0.468150 -0.490996 0.470000 0.703800
7 -1.411299 -2.875171 12.186398 -0.608330 -0.471546 -0.638419 0.421300 0.663900
face3.jpg
7 -0.548980 -3.424676 12.095757 -0.363548 -0.414242 -0.834408 0.186800 0.670000
7 -0.644142 -3.192425 12.158460 -0.257241 -0.478974 -0.839292 0.210300 0.663000
7 -0.464674 -3.185520 12.009375 -0.595444 -0.088058 -0.798557 0.145700 0.645200
face3.jpg
7 -0.464674 -3.185520 12.009375 -0.595444 -0.088058 -0.798557 0.145700 0.645200
7 -0.448169 -3.441542 12.075552 -0.462512 -0.518667 -0.719074 0.126600 0.658200
7 -0.548980 -3.424676 12.095757 -0.363548 -0.414242 -0.834408 0.186800 0.670000
face3.jpg
7 -0.922963 -3.216897 12.211249 -0.205570 -0.656366 -0.725896 0.306800 0.681200
7 -0.938365 -3.331835 12.252861 -0.326133 -0.336066 -0.883571 0.308900 0.696500
7 -1.211704 -3.274092 12.318227 -0.502220 -0.565682 -0.654049 0.378300 0.701700
face3.jpg
7 -1.211704 -3.274092 12.318227 -0.502220 -0.565682 -0.654049 0.378300 0.701700
7 -1.176180 -3.130826 12.222871 -0.430329 -0.670835 -0.603985 0.373000 0.680900
7 -0.922963 -3.216897 12.211249 -0.205570 -0.656366 -0.725896 0.306800 0.681200
face3.jpg
7 -0.464674 -3.185520 12.009375 -0.595444 -0.088058 -0.798557 0.145700 0.645200
7 -0.644142 -3.192425 12.158460 -0.257241 -0.478974 -0.839292 0.210300 0.663000
7 -0.438180 -3.022136 11.972538 -0.621639 -0.688134 -0.374214 0.172100 0.626700
face3.jpg
7 -0.922963 -3.216897 12.211249 -0.205570 -0.656366 -0.725896 0.461300 0.953600
7 -1.176180 -3.130826 12.222871 -0.430329 -0.670835 -0.603985 0.506900 0.954200
31 -1.173273 -3.128465 12.207151 -0.513575 -0.831269 -0.212681 0.506300 0.933300
face3.jpg
31 -1.173273 -3.128465 12.207151 -0.513575 -0.831269 -0.212681 0.506300 0.933300
35 -0.920757 -3.211923 12.196905 -0.134954 -0.957742 -0.254003 0.460800 0.923100
7 -0.922963 -3.216897 12.211249 -0.205570 -0.656366 -0.725896 0.461300 0.953600
face3.jpg
31 -1.173465 -3.124028 12.188711 0.012458 0.002449 -0.999919 0.506200 0.930800
7 -1.411299 -2.875171 12.186398 0.012458 0.002449 -0.999919 0.539800 0.949900
7 -1.362313 -2.782753 12.187202 0.012458 0.002449 -0.999919 0.532100 0.931900
face3.jpg
7 -1.362313 -2.782753 12.187202 0.142744 0.074586 -0.986945 0.532100 0.931900
7 -1.160385 -3.016232 12.198763 0.142744 0.074586 -0.986945 0.505200 0.917700
31 -1.173465 -3.124028 12.188711 0.142744 0.074586 -0.986945 0.506200 0.930800
face3.jpg
7 -0.438180 -3.022136 11.972538 -0.594140 0.023401 -0.804021 0.369800 0.921400
33 -0.659130 -3.187170 12.131004 -0.594140 0.023401 -0.804021 0.412300 0.921200
7 -0.667350 -3.071683 12.140478 -0.594140 0.023401 -0.804021 0.412700 0.908000
face3.jpg
7 -0.667350 -3.071683 12.140478 -0.565373 -0.139772 -0.812906 0.412700 0.908000
7 -0.523914 -2.927860 12.015966 -0.565373 -0.139772 -0.812906 0.387100 0.909300
7 -0.438180 -3.022136 11.972538 -0.565373 -0.139772 -0.812906 0.369800 0.921400
face3.jpg
35 -0.921048 -3.208992 12.177878 -0.011056 0.094091 -0.995502 0.460700 0.921100
31 -1.173465 -3.124028 12.188711 -0.011056 0.094091 -0.995502 0.506200 0.930800
7 -1.160385 -3.016232 12.198763 -0.011056 0.094091 -0.995502 0.505200 0.917700
face3.jpg
7 -1.160385 -3.016232 12.198763 0.000041 0.107602 -0.994194 0.505200 0.917700
7 -0.935266 -3.115000 12.188040 0.000041 0.107602 -0.994194 0.462500 0.908000
35 -0.921048 -3.208992 12.177878 0.000041 0.107602 -0.994194 0.460700 0.921100
face3.jpg
31 -1.173273 -3.128465 12.207151 -0.513575 -0.831269 -0.212681 0.506300 0.933300
7 -1.176180 -3.130826 12.222871 -0.430329 -0.670835 -0.603985 0.506900 0.954200
7 -1.411299 -2.875171 12.186398 -0.608330 -0.471546 -0.638419 0.539800 0.949900
face3.jpg
7 -0.438180 -3.022136 11.972538 -0.621639 -0.688134 -0.374214 0.369800 0.921400
7 -0.644142 -3.192425 12.158460 -0.257241 -0.478974 -0.839292 0.410200 0.945000
33 -0.652137 -3.189325 12.147326 0.190367 -0.931327 -0.310468 0.412200 0.922800
face3.jpg
7 -0.938365 -3.331835 12.252861 -0.326133 -0.336066 -0.883571 0.308900 0.696500
7 -0.922963 -3.216897 12.211249 -0.205570 -0.656366 -0.725896 0.306800 0.681200
7 -0.644142 -3.192425 12.158460 -0.257241 -0.478974 -0.839292 0.210300 0.663000
face3.jpg
7 -0.644142 -3.192425 12.158460 -0.257241 -0.478974 -0.839292 0.210300 0.663000
7 -0.548980 -3.424676 12.095757 -0.363548 -0.414242 -0.834408 0.186800 0.670000
7 -0.938365 -3.331835 12.252861 -0.326133 -0.336066 -0.883571 0.308900 0.696500
face3.jpg
35 -0.920757 -3.211923 12.196905 -0.134954 -0.957742 -0.254003 0.460800 0.923100
33 -0.652137 -3.189325 12.147326 0.190367 -0.931327 -0.310468 0.412200 0.922800
7 -0.644142 -3.192425 12.158460 -0.257241 -0.478974 -0.839292 0.410200 0.945000
face3.jpg
7 -0.644142 -3.192425 12.158460 -0.257241 -0.478974 -0.839292 0.410200 0.945000
7 -0.922963 -3.216897 12.211249 -0.205570 -0.656366 -0.725896 0.461300 0.953600
35 -0.920757 -3.211923 12.196905 -0.134954 -0.957742 -0.254003 0.460800 0.923100
face3.jpg
35 -0.921048 -3.208992 12.177878 -0.186668 0.077710 -0.979345 0.460700 0.921100
7 -0.935266 -3.115000 12.188040 -0.186668 0.077710 -0.979345 0.462500 0.908000
7 -0.667350 -3.071683 12.140478 -0.186668 0.077710 -0.979345 0.412700 0.908000
face3.jpg
7 -0.667350 -3.071683 12.140478 -0.181355 0.067490 -0.981099 0.412700 0.908000
33 -0.659130 -3.187170 12.131004 -0.181355 0.067490 -0.981099 0.412300 0.921200
35 -0.921048 -3.208992 12.177878 -0.181355 0.067490 -0.981099 0.460700 0.921100
face3.jpg
7 -1.411299 -2.875171 12.186398 -0.608330 -0.471546 -0.638419 0.539800 0.949900
31 -1.173465 -3.124028 12.188711 -0.542306 -0.817921 -0.192119 0.506200 0.930800
31 -1.173273 -3.128465 12.207151 -0.513575 -0.831269 -0.212681 0.506300 0.933300
face3.jpg
31 -1.173465 -3.124028 12.188711 -0.542306 -0.817921 -0.192119 0.506200 0.930800
35 -0.921048 -3.208992 12.177878 -0.126994 -0.980772 -0.148182 0.460700 0.921100
35 -0.920757 -3.211923 12.196905 -0.134954 -0.957742 -0.254003 0.460800 0.923100
face3.jpg
35 -0.920757 -3.211923 12.196905 -0.134954 -0.957742 -0.254003 0.460800 0.923100
31 -1.173273 -3.128465 12.207151 -0.513575 -0.831269 -0.212681 0.506300 0.933300
31 -1.173465 -3.124028 12.188711 -0.542306 -0.817921 -0.192119 0.506200 0.930800
face3.jpg
35 -0.920757 -3.211923 12.196905 -0.134954 -0.957742 -0.254003 0.460800 0.923100
35 -0.921048 -3.208992 12.177878 -0.126994 -0.980772 -0.148182 0.460700 0.921100
33 -0.659130 -3.187170 12.131004 0.248841 -0.941043 -0.229166 0.412300 0.921200
face3.jpg
33 -0.659130 -3.187170 12.131004 0.248841 -0.941043 -0.229166 0.412300 0.921200
33 -0.652137 -3.189325 12.147326 0.190367 -0.931327 -0.310468 0.412200 0.922800
35 -0.920757 -3.211923 12.196905 -0.134954 -0.957742 -0.254003 0.460800 0.923100
face3.jpg
33 -0.652137 -3.189325 12.147326 0.190367 -0.931327 -0.310468 0.412200 0.922800
33 -0.659130 -3.187170 12.131004 0.248841 -0.941043 -0.229166 0.412300 0.921200
7 -0.438180 -3.022136 11.972538 -0.621639 -0.688134 -0.374214 0.369800 0.921400
fight_hair.tga
7 -0.951576 -3.668726 13.904703 -0.384778 -0.900001 0.204805 0.845500 0.569300
7 0.026675 -3.835061 13.626515 0.053292 -0.992610 0.109021 0.970600 0.522200
7 0.026083 -3.528592 14.604340 0.052589 -0.857039 0.512562 0.895900 0.742800
fight_hair.tga
7 0.026083 -3.528592 14.604340 0.052589 -0.857039 0.512562 0.895900 0.742800
7 -0.925712 -3.401367 14.553574 -0.390942 -0.760008 0.519184 0.800100 0.681000
7 -0.951576 -3.668726 13.904703 -0.384778 -0.900001 0.204805 0.845500 0.569300
fight_hair.tga
7 -1.513948 -3.126255 14.111050 -0.746072 -0.607438 0.272757 0.749000 0.595300
7 -0.951576 -3.668726 13.904703 -0.384778 -0.900001 0.204805 0.845500 0.569300
7 -0.925712 -3.401367 14.553574 -0.390942 -0.760008 0.519184 0.800100 0.681000
fight_hair.tga
7 -0.925712 -3.401367 14.553574 -0.390942 -0.760008 0.519184 0.800100 0.681000
7 0.026083 -3.528592 14.604340 0.052589 -0.857039 0.512562 0.895900 0.742800
7 -0.001113 -2.751923 15.444884 0.043414 -0.592498 0.804401 0.744300 0.877800
fight_hair.tga
7 -0.001113 -2.751923 15.444884 0.043414 -0.592498 0.804401 0.744300 0.877800
7 -0.959111 -2.557713 15.381021 -0.391463 -0.534738 0.748874 0.687200 0.792300
7 -0.925712 -3.401367 14.553574 -0.390942 -0.760008 0.519184 0.800100 0.681000
fight_hair.tga
7 -2.151212 -2.040112 13.917632 -0.903592 -0.420314 0.082810 0.614800 0.555700
7 -1.513948 -3.126255 14.111050 -0.746072 -0.607438 0.272757 0.749000 0.595300
7 -1.791308 -2.221548 14.834940 -0.745890 -0.453317 0.488008 0.633400 0.692400
fight_hair.tga
7 -1.791308 -2.221548 14.834940 -0.745890 -0.453317 0.488008 0.633400 0.692400
7 -2.327662 -1.499863 14.296182 -0.952158 -0.234606 0.195847 0.546000 0.605800
7 -2.151212 -2.040112 13.917632 -0.903592 -0.420314 0.082810 0.614800 0.555700
fight_hair.tga
7 -2.293205 -1.528234 13.090502 -0.991225 -0.129663 -0.025708 0.556600 0.427700
7 -2.129758 -2.052191 13.151718 -0.923512 -0.383557 -0.003229 0.622800 0.415800
7 -2.151212 -2.040112 13.917632 -0.903592 -0.420314 0.082810 0.614800 0.555700
fight_hair.tga
7 -2.377419 0.961901 13.446231 -0.961122 0.275749 -0.014384 0.255300 0.462100
7 -2.158585 1.035543 11.606208 -0.974853 0.214799 0.059351 0.256400 0.190500
7 -2.181376 -0.017438 11.692323 -0.999987 0.004852 -0.001303 0.359500 0.214700
fight_hair.tga
7 -2.377419 0.961901 13.446231 -0.961122 0.275749 -0.014384 0.255300 0.462100
7 -2.181376 -0.017438 11.692323 -0.999987 0.004852 -0.001303 0.359500 0.214700
7 -2.248516 -0.082483 12.671307 -0.991633 -0.028951 -0.125804 0.384700 0.355900
fight_hair.tga
7 -2.377419 0.961901 13.446231 -0.961122 0.275749 -0.014384 0.255300 0.462100
7 -2.248516 -0.082483 12.671307 -0.991633 -0.028951 -0.125804 0.384700 0.355900
7 -2.375139 -0.233490 13.204005 -0.995977 -0.027394 -0.085321 0.399000 0.434800
fight_hair.tga
7 -0.988884 -1.230252 16.003679 -0.359867 -0.266238 0.894211 0.511500 0.856800
7 -0.959111 -2.557713 15.381021 -0.391463 -0.534738 0.748874 0.687200 0.792300
7 -0.001113 -2.751923 15.444884 0.043414 -0.592498 0.804401 0.744300 0.877800
fight_hair.tga
7 -0.001113 -2.751923 15.444884 0.043414 -0.592498 0.804401 0.744300 0.877800
7 -0.065235 -1.309433 16.138710 0.029699 -0.282412 0.958833 0.537200 0.951600
7 -0.988884 -1.230252 16.003679 -0.359867 -0.266238 0.894211 0.511500 0.856800
fight_hair.tga
7 -2.285558 -0.949477 12.811871 -0.997851 -0.054361 -0.036579 0.488600 0.384000
7 -2.327662 -1.499863 14.296182 -0.952158 -0.234606 0.195847 0.546000 0.605800
7 -2.396306 -0.459159 14.507746 -0.976031 -0.054673 0.210652 0.418400 0.627300
fight_hair.tga
7 -2.396306 -0.459159 14.507746 -0.976031 -0.054673 0.210652 0.418400 0.627300
7 -2.375139 -0.233490 13.204005 -0.995977 -0.027394 -0.085321 0.399000 0.434800
7 -2.285558 -0.949477 12.811871 -0.997851 -0.054361 -0.036579 0.488600 0.384000
fight_hair.tga
7 -2.327662 -1.499863 14.296182 -0.952158 -0.234606 0.195847 0.546000 0.605800
7 -1.791308 -2.221548 14.834940 -0.745890 -0.453317 0.488008 0.633400 0.692400
7 -1.890691 -0.892000 15.479849 -0.735862 -0.186542 0.650929 0.468100 0.774700
fight_hair.tga
7 -1.890691 -0.892000 15.479849 -0.735862 -0.186542 0.650929 0.468100 0.774700
7 -2.396306 -0.459159 14.507746 -0.976031 -0.054673 0.210652 0.418400 0.627300
7 -2.327662 -1.499863 14.296182 -0.952158 -0.234606 0.195847 0.546000 0.605800
fight_hair.tga
7 -1.782959 1.977698 11.478134 -0.681485 0.725149 0.098676 0.145500 0.164500
7 -1.730943 2.058109 13.161112 -0.640940 0.767187 0.024915 0.126000 0.410100
7 -0.315992 2.542723 12.901464 -0.051942 0.998648 -0.001965 0.031300 0.374100
fight_hair.tga
7 -0.315992 2.542723 12.901464 -0.051942 0.998648 -0.001965 0.031300 0.374100
7 -0.335021 2.474372 11.461903 -0.050381 0.995109 0.084972 0.036800 0.153600
7 -1.782959 1.977698 11.478134 -0.681485 0.725149 0.098676 0.145500 0.164500
fight_hair.tga
7 -2.396306 -0.459159 14.507746 -0.976031 -0.054673 0.210652 0.418400 0.627300
7 -2.332875 0.787087 14.709749 -0.887771 0.315548 0.335100 0.266800 0.646100
7 -2.377419 0.961901 13.446231 -0.961122 0.275749 -0.014384 0.255300 0.462100
fight_hair.tga
7 -2.377419 0.961901 13.446231 -0.961122 0.275749 -0.014384 0.255300 0.462100
7 -2.375139 -0.233490 13.204005 -0.995977 -0.027394 -0.085321 0.399000 0.434800
7 -2.396306 -0.459159 14.507746 -0.976031 -0.054673 0.210652 0.418400 0.627300
fight_hair.tga
7 -1.730943 2.058109 13.161112 -0.640940 0.767187 0.024915 0.126000 0.410100
7 -2.377419 0.961901 13.446231 -0.961122 0.275749 -0.014384 0.255300 0.462100
7 -2.332875 0.787087 14.709749 -0.887771 0.315548 0.335100 0.266800 0.646100
fight_hair.tga
7 -2.332875 0.787087 14.709749 -0.887771 0.315548 0.335100 0.266800 0.646100
7 -1.570284 1.999117 14.357156 -0.559772 0.769016 0.308658 0.127000 0.585900
7 -1.730943 2.058109 13.161112 -0.640940 0.767187 0.024915 0.126000 0.410100
fight_hair.tga
7 -1.730943 2.058109 13.161112 -0.640940 0.767187 0.024915 0.126000 0.410100
7 -1.570284 1.999117 14.357156 -0.559772 0.769016 0.308658 0.127000 0.585900
7 -0.292576 2.480761 14.193373 -0.045957 0.964256 0.260956 0.044300 0.546800
fight_hair.tga
7 -0.292576 2.480761 14.193373 -0.045957 0.964256 0.260956 0.044300 0.546800
7 -0.315992 2.542723 12.901464 -0.051942 0.998648 -0.001965 0.031300 0.374100
7 -1.730943 2.058109 13.161112 -0.640940 0.767187 0.024915 0.126000 0.410100
fight_hair.tga
7 -0.967608 -0.103253 16.145115 -0.293741 0.079495 0.952574 0.374400 0.867600
7 -0.988884 -1.230252 16.003679 -0.359867 -0.266238 0.894211 0.511500 0.856800
7 -0.065235 -1.309433 16.138710 0.029699 -0.282412 0.958833 0.537200 0.951600
fight_hair.tga
7 -0.065235 -1.309433 16.138710 0.029699 -0.282412 0.958833 0.537200 0.951600
7 -0.121144 -0.197990 16.252449 0.011130 0.085524 0.996274 0.371700 0.956200
7 -0.967608 -0.103253 16.145115 -0.293741 0.079495 0.952574 0.374400 0.867600
fight_hair.tga
7 -1.894925 0.339907 15.610744 -0.695554 0.175283 0.696765 0.318200 0.783000
7 -2.332875 0.787087 14.709749 -0.887771 0.315548 0.335100 0.266800 0.646100
7 -2.396306 -0.459159 14.507746 -0.976031 -0.054673 0.210652 0.418400 0.627300
fight_hair.tga
7 -2.396306 -0.459159 14.507746 -0.976031 -0.054673 0.210652 0.418400 0.627300
7 -1.890691 -0.892000 15.479849 -0.735862 -0.186542 0.650929 0.468100 0.774700
7 -1.894925 0.339907 15.610744 -0.695554 0.175283 0.696765 0.318200 0.783000
fight_hair.tga
7 -1.894925 0.339907 15.610744 -0.695554 0.175283 0.696765 0.318200 0.783000
7 -1.111286 1.403871 15.635088 -0.389102 0.559033 0.732176 0.183000 0.785600
7 -1.570284 1.999117 14.357156 -0.559772 0.769016 0.308658 0.127000 0.585900
fight_hair.tga
7 -1.570284 1.999117 14.357156 -0.559772 0.769016 0.308658 0.127000 0.585900
7 -2.332875 0.787087 14.709749 -0.887771 0.315548 0.335100 0.266800 0.646100
7 -1.894925 0.339907 15.610744 -0.695554 0.175283 0.696765 0.318200 0.783000
fight_hair.tga
7 -0.292576 2.480761 14.193373 -0.045957 0.964256 0.260956 0.044300 0.546800
7 -1.570284 1.999117 14.357156 -0.559772 0.769016 0.308658 0.127000 0.585900
7 -1.111286 1.403871 15.635088 -0.389102 0.559033 0.732176 0.183000 0.785600
fight_hair.tga
7 -1.111286 1.403871 15.635088 -0.389102 0.559033 0.732176 0.183000 0.785600
7 -0.227035 1.662734 15.661203 -0.022339 0.657401 0.753210 0.089600 0.793800
7 -0.292576 2.480761 14.193373 -0.045957 0.964256 0.260956 0.044300 0.546800
fight_hair.tga
7 -1.111286 1.403871 15.635088 -0.389102 0.559033 0.732176 0.183000 0.785600
7 -0.967608 -0.103253 16.145115 -0.293741 0.079495 0.952574 0.374400 0.867600
7 -0.121144 -0.197990 16.252449 0.011130 0.085524 0.996274 0.371700 0.956200
fight_hair.tga
7 -0.121144 -0.197990 16.252449 0.011130 0.085524 0.996274 0.371700 0.956200
7 -0.227035 1.662734 15.661203 -0.022339 0.657401 0.753210 0.089600 0.793800
7 -1.111286 1.403871 15.635088 -0.389102 0.559033 0.732176 0.183000 0.785600
fight_hair.tga
7 -0.959111 -2.557713 15.381021 -0.391463 -0.534738 0.748874 0.687200 0.792300
7 -1.791308 -2.221548 14.834940 -0.745890 -0.453317 0.488008 0.633400 0.692400
7 -1.513948 -3.126255 14.111050 -0.746072 -0.607438 0.272757 0.749000 0.595300
fight_hair.tga
7 -1.513948 -3.126255 14.111050 -0.746072 -0.607438 0.272757 0.749000 0.595300
7 -0.925712 -3.401367 14.553574 -0.390942 -0.760008 0.519184 0.800100 0.681000
7 -0.959111 -2.557713 15.381021 -0.391463 -0.534738 0.748874 0.687200 0.792300
fight_hair.tga
7 -0.959111 -2.557713 15.381021 -0.391463 -0.534738 0.748874 0.687200 0.792300
7 -0.988884 -1.230252 16.003679 -0.359867 -0.266238 0.894211 0.511500 0.856800
7 -1.890691 -0.892000 15.479849 -0.735862 -0.186542 0.650929 0.468100 0.774700
fight_hair.tga
7 -1.890691 -0.892000 15.479849 -0.735862 -0.186542 0.650929 0.468100 0.774700
7 -1.791308 -2.221548 14.834940 -0.745890 -0.453317 0.488008 0.633400 0.692400
7 -0.959111 -2.557713 15.381021 -0.391463 -0.534738 0.748874 0.687200 0.792300
fight_hair.tga
7 -0.967608 -0.103253 16.145115 -0.293741 0.079495 0.952574 0.374400 0.867600
7 -1.894925 0.339907 15.610744 -0.695554 0.175283 0.696765 0.318200 0.783000
7 -1.890691 -0.892000 15.479849 -0.735862 -0.186542 0.650929 0.468100 0.774700
fight_hair.tga
7 -1.890691 -0.892000 15.479849 -0.735862 -0.186542 0.650929 0.468100 0.774700
7 -0.988884 -1.230252 16.003679 -0.359867 -0.266238 0.894211 0.511500 0.856800
7 -0.967608 -0.103253 16.145115 -0.293741 0.079495 0.952574 0.374400 0.867600
fight_hair.tga
7 -1.111286 1.403871 15.635088 -0.389102 0.559033 0.732176 0.183000 0.785600
7 -1.894925 0.339907 15.610744 -0.695554 0.175283 0.696765 0.318200 0.783000
7 -0.967608 -0.103253 16.145115 -0.293741 0.079495 0.952574 0.374400 0.867600
fight_hair.tga
7 -2.327662 -1.499863 14.296182 -0.952158 -0.234606 0.195847 0.546000 0.605800
7 -2.293205 -1.528234 13.090502 -0.991225 -0.129663 -0.025708 0.556600 0.427700
7 -2.151212 -2.040112 13.917632 -0.903592 -0.420314 0.082810 0.614800 0.555700
fight_hair.tga
7 -1.513948 -3.126255 14.111050 -0.746072 -0.607438 0.272757 0.749000 0.595300
7 -2.151212 -2.040112 13.917632 -0.903592 -0.420314 0.082810 0.614800 0.555700
7 -2.129758 -2.052191 13.151718 -0.923512 -0.383557 -0.003229 0.622800 0.415800
fight_hair.tga
7 -2.129758 -2.052191 13.151718 -0.923512 -0.383557 -0.003229 0.622800 0.415800
7 -1.563661 -3.176048 13.502842 -0.795994 -0.596019 0.105618 0.756900 0.489000
7 -1.513948 -3.126255 14.111050 -0.746072 -0.607438 0.272757 0.749000 0.595300
fight_hair.tga
7 0.026675 -3.835061 13.626515 0.053292 -0.992610 0.109021 0.970600 0.522200
7 -0.951576 -3.668726 13.904703 -0.384778 -0.900001 0.204805 0.845500 0.569300
7 -1.016885 -3.676441 13.271517 -0.379685 -0.924487 0.034111 0.848500 0.459000
fight_hair.tga
7 -1.016885 -3.676441 13.271517 -0.379685 -0.924487 0.034111 0.848500 0.459000
7 0.013402 -3.798278 12.901754 0.050964 -0.997374 -0.051448 0.970900 0.385600
7 0.026675 -3.835061 13.626515 0.053292 -0.992610 0.109021 0.970600 0.522200
fight_hair.tga
7 -1.563661 -3.176048 13.502842 -0.795994 -0.596019 0.105618 0.756900 0.489000
7 -1.016885 -3.676441 13.271517 -0.379685 -0.924487 0.034111 0.848500 0.459000
7 -0.951576 -3.668726 13.904703 -0.384778 -0.900001 0.204805 0.845500 0.569300
fight_hair.tga
7 -0.951576 -3.668726 13.904703 -0.384778 -0.900001 0.204805 0.845500 0.569300
7 -1.513948 -3.126255 14.111050 -0.746072 -0.607438 0.272757 0.749000 0.595300
7 -1.563661 -3.176048 13.502842 -0.795994 -0.596019 0.105618 0.756900 0.489000
fight_hair.tga
7 -2.281867 0.207987 10.950252 -0.987304 0.022358 0.157258 0.336700 0.100900
7 -2.181376 -0.017438 11.692323 -0.999987 0.004852 -0.001303 0.359500 0.214700
7 -2.158585 1.035543 11.606208 -0.974853 0.214799 0.059351 0.256400 0.190500
fight_hair.tga
7 -2.158585 1.035543 11.606208 -0.974853 0.214799 0.059351 0.256400 0.190500
7 -2.288467 1.128856 10.886293 -0.954265 0.226393 0.195252 0.250300 0.081200
7 -2.281867 0.207987 10.950252 -0.987304 0.022358 0.157258 0.336700 0.100900
fight_hair.tga
7 -0.335021 2.474372 11.461903 -0.050381 0.995109 0.084972 0.036800 0.153600
7 -0.356887 2.657226 10.676843 -0.046942 0.972557 0.227879 0.037600 0.047300
7 -1.889943 2.068759 10.763350 -0.647419 0.735340 0.200307 0.140900 0.056300
fight_hair.tga
7 -1.889943 2.068759 10.763350 -0.647419 0.735340 0.200307 0.140900 0.056300
7 -1.782959 1.977698 11.478134 -0.681485 0.725149 0.098676 0.145500 0.164500
7 -0.335021 2.474372 11.461903 -0.050381 0.995109 0.084972 0.036800 0.153600
fight_hair.tga
7 -2.293205 -1.528234 13.090502 -0.991225 -0.129663 -0.025708 0.556600 0.427700
7 -2.327662 -1.499863 14.296182 -0.952158 -0.234606 0.195847 0.546000 0.605800
7 -2.285558 -0.949477 12.811871 -0.997851 -0.054361 -0.036579 0.488600 0.384000
fight_hair.tga
7 -1.730943 2.058109 13.161112 -0.640940 0.767187 0.024915 0.126000 0.410100
7 -1.782959 1.977698 11.478134 -0.681485 0.725149 0.098676 0.145500 0.164500
7 -2.158585 1.035543 11.606208 -0.974853 0.214799 0.059351 0.256400 0.190500
fight_hair.tga
7 -2.158585 1.035543 11.606208 -0.974853 0.214799 0.059351 0.256400 0.190500
7 -2.377419 0.961901 13.446231 -0.961122 0.275749 -0.014384 0.255300 0.462100
7 -1.730943 2.058109 13.161112 -0.640940 0.767187 0.024915 0.126000 0.410100
fight_hair.tga
7 -1.782959 1.977698 11.478134 -0.681485 0.725149 0.098676 0.145500 0.164500
7 -1.889943 2.068759 10.763350 -0.647419 0.735340 0.200307 0.140900 0.056300
7 -2.288467 1.128856 10.886293 -0.954265 0.226393 0.195252 0.250300 0.081200
fight_hair.tga
7 -2.288467 1.128856 10.886293 -0.954265 0.226393 0.195252 0.250300 0.081200
7 -2.158585 1.035543 11.606208 -0.974853 0.214799 0.059351 0.256400 0.190500
7 -1.782959 1.977698 11.478134 -0.681485 0.725149 0.098676 0.145500 0.164500
fight_hair.tga
7 0.990623 -3.567825 13.874302 0.482135 -0.854979 0.191200 0.845500 0.569300
7 0.957488 -3.303566 14.524073 0.483652 -0.714562 0.505452 0.800100 0.681000
7 0.026083 -3.528592 14.604340 0.052589 -0.857039 0.512562 0.895900 0.742800
fight_hair.tga
7 0.026083 -3.528592 14.604340 0.052589 -0.857039 0.512562 0.895900 0.742800
7 0.026675 -3.835061 13.626515 0.053292 -0.992610 0.109021 0.970600 0.522200
7 0.990623 -3.567825 13.874302 0.482135 -0.854979 0.191200 0.845500 0.569300
fight_hair.tga
7 1.499852 -2.969654 14.063748 0.813155 -0.526407 0.248343 0.749000 0.595300
7 0.957488 -3.303566 14.524073 0.483652 -0.714562 0.505452 0.800100 0.681000
7 0.990623 -3.567825 13.874302 0.482135 -0.854979 0.191200 0.845500 0.569300
fight_hair.tga
7 0.957488 -3.303566 14.524073 0.483652 -0.714562 0.505452 0.800100 0.681000
7 0.929189 -2.459612 15.351421 0.467923 -0.490034 0.735469 0.687200 0.792300
7 -0.001113 -2.751923 15.444884 0.043414 -0.592498 0.804401 0.744300 0.877800
fight_hair.tga
7 -0.001113 -2.751923 15.444884 0.043414 -0.592498 0.804401 0.744300 0.877800
7 0.026083 -3.528592 14.604340 0.052589 -0.857039 0.512562 0.895900 0.742800
7 0.957488 -3.303566 14.524073 0.483652 -0.714562 0.505452 0.800100 0.681000
fight_hair.tga
7 2.014888 -1.823710 13.852331 0.944416 -0.324304 0.053908 0.614800 0.555700
7 2.146138 -1.267462 14.226082 0.976982 -0.134410 0.165653 0.546000 0.605800
7 1.704492 -2.039947 14.780140 0.803746 -0.372802 0.463693 0.633400 0.692400
fight_hair.tga
7 1.704492 -2.039947 14.780140 0.803746 -0.372802 0.463693 0.633400 0.692400
7 1.499852 -2.969654 14.063748 0.813155 -0.526407 0.248343 0.749000 0.595300
7 2.014888 -1.823710 13.852331 0.944416 -0.324304 0.053908 0.614800 0.555700
fight_hair.tga
7 2.077095 -1.301133 13.022001 0.998034 -0.026268 -0.056910 0.556600 0.427700
7 2.014888 -1.823710 13.852331 0.944416 -0.324304 0.053908 0.614800 0.555700
7 1.970841 -1.839188 13.087519 0.957717 -0.285857 -0.032628 0.622800 0.415800
fight_hair.tga
7 1.913981 1.184802 13.378930 0.926448 0.373844 -0.043984 0.255100 0.462300
7 2.028061 -0.004688 13.135005 0.990304 0.075805 -0.116415 0.399000 0.434800
7 1.869884 0.131519 12.606806 0.984879 0.073651 -0.156808 0.384700 0.355900
fight_hair.tga
7 1.913981 1.184802 13.378930 0.926448 0.373844 -0.043984 0.255100 0.462300
7 1.869884 0.131519 12.606806 0.984879 0.073651 -0.156808 0.384700 0.355900
7 1.765824 0.187663 11.630422 0.993578 0.108349 -0.032602 0.359500 0.214700
fight_hair.tga
7 1.913981 1.184802 13.378930 0.926448 0.373844 -0.043984 0.255100 0.462300
7 1.765824 0.187663 11.630422 0.993578 0.108349 -0.032602 0.359500 0.214700
7 1.631415 1.232445 11.546806 0.948710 0.314791 0.029250 0.256400 0.190500
fight_hair.tga
7 0.840716 -1.135152 15.974979 0.413301 -0.226128 0.882071 0.511500 0.856800
7 -0.065235 -1.309433 16.138710 0.029699 -0.282412 0.958833 0.537200 0.951600
7 -0.001113 -2.751923 15.444884 0.043414 -0.592498 0.804401 0.744300 0.877800
fight_hair.tga
7 -0.001113 -2.751923 15.444884 0.043414 -0.592498 0.804401 0.744300 0.877800
7 0.929189 -2.459612 15.351421 0.467923 -0.490034 0.735469 0.687200 0.792300
7 0.840716 -1.135152 15.974979 0.413301 -0.226128 0.882071 0.511500 0.856800
fight_hair.tga
7 2.000942 -0.726776 12.744671 0.996478 0.049235 -0.067877 0.488600 0.384000
7 2.028061 -0.004688 13.135005 0.990304 0.075805 -0.116415 0.399000 0.434800
7 2.113194 -0.224857 14.437044 0.982546 0.047131 0.179949 0.418400 0.627300
fight_hair.tga
7 2.113194 -0.224857 14.437044 0.982546 0.047131 0.179949 0.418400 0.627300
7 2.146138 -1.267462 14.226082 0.976982 -0.134410 0.165653 0.546000 0.605800
7 2.000942 -0.726776 12.744671 0.996478 0.049235 -0.067877 0.488600 0.384000
fight_hair.tga
7 2.146138 -1.267462 14.226082 0.976982 -0.134410 0.165653 0.546000 0.605800
7 2.113194 -0.224857 14.437044 0.982546 0.047131 0.179949 0.418400 0.627300
7 1.685809 -0.706198 15.423848 0.771252 -0.108249 0.627258 0.468100 0.774700
fight_hair.tga
7 1.685809 -0.706198 15.423848 0.771252 -0.108249 0.627258 0.468100 0.774700
7 1.704492 -2.039947 14.780140 0.803746 -0.372802 0.463693 0.633400 0.692400
7 2.146138 -1.267462 14.226082 0.976982 -0.134410 0.165653 0.546000 0.605800
fight_hair.tga
7 1.156341 2.130400 11.432134 0.605450 0.792006 0.078469 0.145500 0.164500
7 -0.335021 2.474372 11.461903 -0.050381 0.995109 0.084972 0.036800 0.153600
7 -0.315992 2.542723 12.901464 -0.051942 0.998648 -0.001965 0.031300 0.374100
fight_hair.tga
7 -0.315992 2.542723 12.901464 -0.051942 0.998648 -0.001965 0.031300 0.374100
7 1.148957 2.207710 13.116012 0.558495 0.829485 0.006114 0.126000 0.410100
7 1.156341 2.130400 11.432134 0.605450 0.792006 0.078469 0.145500 0.164500
fight_hair.tga
7 2.113194 -0.224857 14.437044 0.982546 0.047131 0.179949 0.418400 0.627300
7 2.028061 -0.004688 13.135005 0.990304 0.075805 -0.116415 0.399000 0.434800
7 1.913981 1.184802 13.378930 0.926448 0.373844 -0.043984 0.255100 0.462300
fight_hair.tga
7 1.913981 1.184802 13.378930 0.926448 0.373844 -0.043984 0.255100 0.462300
7 1.927325 1.008489 14.642948 0.860331 0.406372 0.307721 0.266800 0.646100
7 2.113194 -0.224857 14.437044 0.982546 0.047131 0.179949 0.418400 0.627300
fight_hair.tga
7 1.148957 2.207710 13.116012 0.558495 0.829485 0.006114 0.126000 0.410100
7 1.032616 2.134318 14.316355 0.486434 0.823360 0.292336 0.127000 0.585900
7 1.927325 1.008489 14.642948 0.860331 0.406372 0.307721 0.266800 0.646100
fight_hair.tga
7 1.927325 1.008489 14.642948 0.860331 0.406372 0.307721 0.266800 0.646100
7 1.913981 1.184802 13.378930 0.926448 0.373844 -0.043984 0.255100 0.462300
7 1.148957 2.207710 13.116012 0.558495 0.829485 0.006114 0.126000 0.410100
fight_hair.tga
7 1.148957 2.207710 13.116012 0.558495 0.829485 0.006114 0.126000 0.410100
7 -0.315992 2.542723 12.901464 -0.051942 0.998648 -0.001965 0.031300 0.374100
7 -0.292576 2.480761 14.193373 -0.045957 0.964256 0.260956 0.044300 0.546800
fight_hair.tga
7 -0.292576 2.480761 14.193373 -0.045957 0.964256 0.260956 0.044300 0.546800
7 1.032616 2.134318 14.316355 0.486434 0.823360 0.292336 0.127000 0.585900
7 1.148957 2.207710 13.116012 0.558495 0.829485 0.006114 0.126000 0.410100
fight_hair.tga
7 0.707192 -0.016252 16.118816 0.313540 0.110993 0.943066 0.374400 0.867600
7 -0.121144 -0.197990 16.252449 0.011130 0.085524 0.996274 0.371700 0.956200
7 -0.065235 -1.309433 16.138710 0.029699 -0.282412 0.958833 0.537200 0.951600
fight_hair.tga
7 -0.065235 -1.309433 16.138710 0.029699 -0.282412 0.958833 0.537200 0.951600
7 0.840716 -1.135152 15.974979 0.413301 -0.226128 0.882071 0.511500 0.856800
7 0.707192 -0.016252 16.118816 0.313540 0.110993 0.943066 0.374400 0.867600
fight_hair.tga
7 1.566474 0.519708 15.556545 0.695120 0.247568 0.674921 0.318200 0.783000
7 1.685809 -0.706198 15.423848 0.771252 -0.108249 0.627258 0.468100 0.774700
7 2.113194 -0.224857 14.437044 0.982546 0.047131 0.179949 0.418400 0.627300
fight_hair.tga
7 2.113194 -0.224857 14.437044 0.982546 0.047131 0.179949 0.418400 0.627300
7 1.927325 1.008489 14.642948 0.860331 0.406372 0.307721 0.266800 0.646100
7 1.566474 0.519708 15.556545 0.695120 0.247568 0.674921 0.318200 0.783000
fight_hair.tga
7 1.566474 0.519708 15.556545 0.695120 0.247568 0.674921 0.318200 0.783000
7 1.927325 1.008489 14.642948 0.860331 0.406372 0.307721 0.266800 0.646100
7 1.032616 2.134318 14.316355 0.486434 0.823360 0.292336 0.127000 0.585900
fight_hair.tga
7 1.032616 2.134318 14.316355 0.486434 0.823360 0.292336 0.127000 0.585900
7 0.677914 1.496772 15.607088 0.351796 0.597569 0.720522 0.183000 0.785600
7 1.566474 0.519708 15.556545 0.695120 0.247568 0.674921 0.318200 0.783000
fight_hair.tga
7 -0.292576 2.480761 14.193373 -0.045957 0.964256 0.260956 0.044300 0.546800
7 -0.227035 1.662734 15.661203 -0.022339 0.657401 0.753210 0.089600 0.793800
7 0.677914 1.496772 15.607088 0.351796 0.597569 0.720522 0.183000 0.785600
fight_hair.tga
7 0.677914 1.496772 15.607088 0.351796 0.597569 0.720522 0.183000 0.785600
7 1.032616 2.134318 14.316355 0.486434 0.823360 0.292336 0.127000 0.585900
7 -0.292576 2.480761 14.193373 -0.045957 0.964256 0.260956 0.044300 0.546800
fight_hair.tga
7 0.677914 1.496772 15.607088 0.351796 0.597569 0.720522 0.183000 0.785600
7 -0.227035 1.662734 15.661203 -0.022339 0.657401 0.753210 0.089600 0.793800
7 -0.121144 -0.197990 16.252449 0.011130 0.085524 0.996274 0.371700 0.956200
fight_hair.tga
7 -0.121144 -0.197990 16.252449 0.011130 0.085524 0.996274 0.371700 0.956200
7 0.707192 -0.016252 16.118816 0.313540 0.110993 0.943066 0.374400 0.867600
7 0.677914 1.496772 15.607088 0.351796 0.597569 0.720522 0.183000 0.785600
fight_hair.tga
7 0.929189 -2.459612 15.351421 0.467923 -0.490034 0.735469 0.687200 0.792300
7 0.957488 -3.303566 14.524073 0.483652 -0.714562 0.505452 0.800100 0.681000
7 1.499852 -2.969654 14.063748 0.813155 -0.526407 0.248343 0.749000 0.595300
fight_hair.tga
7 1.499852 -2.969654 14.063748 0.813155 -0.526407 0.248343 0.749000 0.595300
7 1.704492 -2.039947 14.780140 0.803746 -0.372802 0.463693 0.633400 0.692400
7 0.929189 -2.459612 15.351421 0.467923 -0.490034 0.735469 0.687200 0.792300
fight_hair.tga
7 0.929189 -2.459612 15.351421 0.467923 -0.490034 0.735469 0.687200 0.792300
7 1.704492 -2.039947 14.780140 0.803746 -0.372802 0.463693 0.633400 0.692400
7 1.685809 -0.706198 15.423848 0.771252 -0.108249 0.627258 0.468100 0.774700
fight_hair.tga
7 1.685809 -0.706198 15.423848 0.771252 -0.108249 0.627258 0.468100 0.774700
7 0.840716 -1.135152 15.974979 0.413301 -0.226128 0.882071 0.511500 0.856800
7 0.929189 -2.459612 15.351421 0.467923 -0.490034 0.735469 0.687200 0.792300
fight_hair.tga
7 0.707192 -0.016252 16.118816 0.313540 0.110993 0.943066 0.374400 0.867600
7 0.840716 -1.135152 15.974979 0.413301 -0.226128 0.882071 0.511500 0.856800
7 1.685809 -0.706198 15.423848 0.771252 -0.108249 0.627258 0.468100 0.774700
fight_hair.tga
7 1.685809 -0.706198 15.423848 0.771252 -0.108249 0.627258 0.468100 0.774700
7 1.566474 0.519708 15.556545 0.695120 0.247568 0.674921 0.318200 0.783000
7 0.707192 -0.016252 16.118816 0.313540 0.110993 0.943066 0.374400 0.867600
fight_hair.tga
7 0.677914 1.496772 15.607088 0.351796 0.597569 0.720522 0.183000 0.785600
7 0.707192 -0.016252 16.118816 0.313540 0.110993 0.943066 0.374400 0.867600
7 1.566474 0.519708 15.556545 0.695120 0.247568 0.674921 0.318200 0.783000
fight_hair.tga
7 2.146138 -1.267462 14.226082 0.976982 -0.134410 0.165653 0.546000 0.605800
7 2.014888 -1.823710 13.852331 0.944416 -0.324304 0.053908 0.614800 0.555700
7 2.077095 -1.301133 13.022001 0.998034 -0.026268 -0.056910 0.556600 0.427700
fight_hair.tga
7 1.499852 -2.969654 14.063748 0.813155 -0.526407 0.248343 0.749000 0.595300
7 1.535438 -3.015046 13.454343 0.856350 -0.510206 0.079716 0.756900 0.489000
7 1.970841 -1.839188 13.087519 0.957717 -0.285857 -0.032628 0.622800 0.415800
fight_hair.tga
7 1.970841 -1.839188 13.087519 0.957717 -0.285857 -0.032628 0.622800 0.415800
7 2.014888 -1.823710 13.852331 0.944416 -0.324304 0.053908 0.614800 0.555700
7 1.499852 -2.969654 14.063748 0.813155 -0.526407 0.248343 0.749000 0.595300
fight_hair.tga
7 0.026675 -3.835061 13.626515 0.053292 -0.992610 0.109021 0.970600 0.522200
7 0.013402 -3.798278 12.901754 0.050964 -0.997374 -0.051448 0.970900 0.385600
7 1.036515 -3.569740 13.239315 0.474325 -0.880106 0.020711 0.848500 0.459000
fight_hair.tga
7 1.036515 -3.569740 13.239315 0.474325 -0.880106 0.020711 0.848500 0.459000
7 0.990623 -3.567825 13.874302 0.482135 -0.854979 0.191200 0.845500 0.569300
7 0.026675 -3.835061 13.626515 0.053292 -0.992610 0.109021 0.970600 0.522200
fight_hair.tga
7 1.535438 -3.015046 13.454343 0.856350 -0.510206 0.079716 0.756900 0.489000
7 1.499852 -2.969654 14.063748 0.813155 -0.526407 0.248343 0.749000 0.595300
7 0.990623 -3.567825 13.874302 0.482135 -0.854979 0.191200 0.845500 0.569300
fight_hair.tga
7 0.990623 -3.567825 13.874302 0.482135 -0.854979 0.191200 0.845500 0.569300
7 1.036515 -3.569740 13.239315 0.474325 -0.880106 0.020711 0.848500 0.459000
7 1.535438 -3.015046 13.454343 0.856350 -0.510206 0.079716 0.756900 0.489000
fight_hair.tga
7 1.819133 0.421088 10.885951 0.984109 0.124757 0.126352 0.336700 0.100900
7 1.728332 1.337558 10.823392 0.931325 0.324324 0.165672 0.250300 0.081200
7 1.631415 1.232445 11.546806 0.948710 0.314791 0.029250 0.256400 0.190500
fight_hair.tga
7 1.631415 1.232445 11.546806 0.948710 0.314791 0.029250 0.256400 0.190500
7 1.765824 0.187663 11.630422 0.993578 0.108349 -0.032602 0.359500 0.214700
7 1.819133 0.421088 10.885951 0.984109 0.124757 0.126352 0.336700 0.100900
fight_hair.tga
7 -0.335021 2.474372 11.461903 -0.050381 0.995109 0.084972 0.036800 0.153600
7 1.156341 2.130400 11.432134 0.605450 0.792006 0.078469 0.145500 0.164500
7 1.230957 2.230960 10.714450 0.573683 0.798785 0.181192 0.140900 0.056300
fight_hair.tga
7 1.230957 2.230960 10.714450 0.573683 0.798785 0.181192 0.140900 0.056300
7 -0.356887 2.657226 10.676843 -0.046942 0.972557 0.227879 0.037600 0.047300
7 -0.335021 2.474372 11.461903 -0.050381 0.995109 0.084972 0.036800 0.153600
fight_hair.tga
7 2.077095 -1.301133 13.022001 0.998034 -0.026268 -0.056910 0.556600 0.427700
7 2.000942 -0.726776 12.744671 0.996478 0.049235 -0.067877 0.488600 0.384000
7 2.146138 -1.267462 14.226082 0.976982 -0.134410 0.165653 0.546000 0.605800
fight_hair.tga
7 1.148957 2.207710 13.116012 0.558495 0.829485 0.006114 0.126000 0.410100
7 1.913981 1.184802 13.378930 0.926448 0.373844 -0.043984 0.255100 0.462300
7 1.631415 1.232445 11.546806 0.948710 0.314791 0.029250 0.256400 0.190500
fight_hair.tga
7 1.631415 1.232445 11.546806 0.948710 0.314791 0.029250 0.256400 0.190500
7 1.156341 2.130400 11.432134 0.605450 0.792006 0.078469 0.145500 0.164500
7 1.148957 2.207710 13.116012 0.558495 0.829485 0.006114 0.126000 0.410100
fight_hair.tga
7 1.156341 2.130400 11.432134 0.605450 0.792006 0.078469 0.145500 0.164500
7 1.631415 1.232445 11.546806 0.948710 0.314791 0.029250 0.256400 0.190500
7 1.728332 1.337558 10.823392 0.931325 0.324324 0.165672 0.250300 0.081200
fight_hair.tga
7 1.728332 1.337558 10.823392 0.931325 0.324324 0.165672 0.250300 0.081200
7 1.230957 2.230960 10.714450 0.573683 0.798785 0.181192 0.140900 0.056300
7 1.156341 2.130400 11.432134 0.605450 0.792006 0.078469 0.145500 0.164500
end
