version 1
nodes
0 "Bip01" -1
1 "Bip01 Footsteps" 0
2 "Bip01 Pelvis" 0
3 "Bip01 L Thigh" 2
4 "Bip01 L Calf" 3
5 "Bip01 L Foot" 4
6 "Bip01 L Toe0" 5
7 "Bip01 L Toe01" 6
8 "Bip01 L Toe02" 7
9 "Null 9" -1
10 "Bip01 R Thigh" 2
11 "Bip01 R Calf" 10
12 "Bip01 R Foot" 11
13 "Bip01 R Toe0" 12
14 "Bip01 R Toe01" 13
15 "Bip01 R Toe02" 14
16 "Null 16" -1
17 "Bip01 Spine" 2
18 "Bip01 Spine1" 17
19 "Bip01 Neck" 18
20 "Bip01 Head" 19
21 "Null 21" -1
22 "Bip01 Ponytail1" 20
23 "Bip01 Ponytail11" 22
24 "Null 24" -1
25 "Bip01 R Clavicle" 19
26 "Bip01 R UpperArm" 25
27 "Bip01 R Forearm" 26
28 "Bip01 R Hand" 27
29 "Bip01 R Finger0" 28
30 "Bip01 R Finger01" 29
31 "Bip01 R Finger02" 30
32 "Null 32" -1
33 "knife_gdf" 28
34 "Bip01 L Clavicle" 19
35 "Bip01 L UpperArm" 34
36 "Bip01 L Forearm" 35
37 "Bip01 L Hand" 36
38 "Bip01 L Finger0" 37
39 "Bip01 L Finger01" 38
40 "Bip01 L Finger02" 39
41 "Null 41" -1
42 "hand_bofdgne01" 37
43 "Bone01" 17
44 "Bone02" 43
45 "Bone03" 44
46 "Bone04" 45
47 "Bone05" 17
48 "Bone06" 47
49 "Bone07" 48
50 "Bone08" 49
end
skeleton
time 0
0 0.000000 0.000000 109.950928 0.000000 0.000000 -1.570795
1 0.000000 0.000000 -109.958237 0.000000 0.000000 1.570795
2 0.000000 0.000000 0.000000 -1.570795 -1.570796 0.000000
3 -0.000014 0.000019 10.281536 -0.000390 3.134374 -0.054220
4 49.430481 -0.000001 -0.000000 -0.000000 0.000000 -0.184469
5 49.430470 0.000001 -0.000001 -0.177782 0.007228 0.130249
6 11.591198 14.908230 -0.000001 -0.000000 0.000000 1.570796
7 4.161459 0.000000 -0.000000 0.000000 0.000000 0.000000
8 4.161458 0.000000 0.000000 0.000000 0.000000 0.000000
9 0.000000 0.000000 0.000000 0.000000 0.000000 0.000000
10 0.000014 -0.000009 -10.281536 0.000393 -3.134377 -0.054220
11 49.430481 -0.000000 0.000001 0.000000 0.000000 -0.184469
12 49.430470 0.000001 -0.000001 0.177782 -0.007228 0.130249
13 11.591198 14.908229 -0.000000 0.000000 -0.000000 1.570796
14 4.161460 0.000000 -0.000000 0.000000 0.000000 0.000000
15 4.161461 0.000000 -0.000001 0.000000 0.000000 0.000000
16 0.000000 0.000000 0.000000 0.000000 0.000000 0.000000
17 3.600449 -0.015647 0.000005 -0.000004 -0.000001 0.121450
18 19.795528 -0.019838 -0.000000 -0.000000 0.000001 -0.290921
19 26.010168 -0.004039 -0.000000 0.000000 -0.000000 0.162959
20 5.140759 0.000000 -0.000000 0.000000 0.000000 -0.019741
21 0.000000 0.000000 0.000000 0.000000 0.000000 0.000000
22 6.888295 -6.881610 -0.000019 -0.000005 0.000001 -2.749229
23 15.458310 -0.012898 -0.000000 -0.000000 0.000001 -0.219299
24 0.000000 0.000000 0.000000 0.000000 0.000000 0.000000
25 -0.000002 0.004110 -6.477368 -0.000006 1.103516 2.977832
26 13.400165 0.000001 -0.000003 -0.218897 -0.822522 0.235628
27 37.630432 0.000000 0.000002 -0.000000 0.000000 -0.142156
28 27.473593 0.000000 -0.000001 1.569921 -0.127025 0.000000
29 10.423896 -1.809568 -0.029783 0.029134 -0.000515 0.628942
30 3.624248 -0.000001 -0.000000 0.000000 0.000000 0.104940
31 3.624243 -0.000000 -0.000000 0.000000 0.000000 0.000000
32 0.000000 0.000000 0.000000 0.000000 0.000000 0.000000
33 9.026136 3.666777 0.258435 -1.374362 -0.037857 1.754420
34 -0.000002 0.004077 6.477368 -0.000006 -1.103517 2.977843
35 13.400165 0.000001 0.000003 0.218897 0.822522 0.235628
36 37.630432 0.000000 -0.000002 0.000000 -0.000000 -0.142156
37 27.473595 0.000000 0.000003 -1.569921 0.127025 -0.000000
38 10.423900 -1.809564 0.029783 -0.029134 0.000515 0.628942
39 3.624247 -0.000003 0.000000 0.000000 0.000000 0.104940
40 3.624245 0.000000 0.000000 0.000000 0.000000 0.000000
41 0.000000 0.000000 0.000000 0.000000 0.000000 0.000000
42 9.000605 3.769936 0.531383 1.767230 -0.037854 -1.387172
43 15.155044 10.590149 0.000024 3.140796 -1.570796 0.000000
44 0.000000 -0.606424 -3.234264 -0.111458 0.000000 -0.000000
45 0.000001 -3.638543 -20.011986 -0.131769 -0.000000 0.000000
46 0.000001 -0.606424 -26.480518 0.000000 0.000000 0.000000
47 16.351952 -9.422812 -0.000022 3.140796 -1.570796 0.000000
48 0.000000 -0.000000 -2.627835 -0.203230 -0.000000 0.000000
49 0.000000 5.457817 -16.979877 0.101452 -0.000000 0.000000
50 0.000001 2.627835 -27.895493 0.000000 0.000000 0.000000
end
triangles
Skinclass106.jpg
20 8.653400 1.888899 166.055603 0.998226 0.059302 0.005400 0.511800 0.265300
20 8.476900 3.974599 175.210297 0.999642 0.021301 0.016201 0.507100 0.348900
20 6.984200 2.478099 175.354202 0.024100 -0.976096 0.215999 0.493300 0.347900
Skinclass106.jpg
20 6.984200 2.478099 175.354202 0.024100 -0.976096 0.215999 0.493300 0.347900
20 7.211901 0.536299 166.535904 -0.011800 -0.976936 0.213208 0.498400 0.266800
20 8.653400 1.888899 166.055603 0.998226 0.059302 0.005400 0.511800 0.265300
Skinclass106.jpg
20 7.267300 3.231199 165.479706 0.006500 0.973098 -0.230299 0.525100 0.264200
20 6.984200 5.425599 174.817093 0.028199 0.973277 -0.227895 0.520900 0.350400
20 8.476900 3.974599 175.210297 0.999642 0.021301 0.016201 0.507100 0.348900
Skinclass106.jpg
20 8.476900 3.974599 175.210297 0.999642 0.021301 0.016201 0.507100 0.348900
20 8.653400 1.888899 166.055603 0.998226 0.059302 0.005400 0.511800 0.265300
20 7.267300 3.231199 165.479706 0.006500 0.973098 -0.230299 0.525100 0.264200
Skinclass106.jpg
20 5.825100 1.876599 165.962799 -0.996520 0.065301 -0.051801 0.511800 0.265300
20 5.491600 3.929099 174.960999 -0.999142 0.014501 -0.038802 0.507100 0.348900
20 6.984200 5.425599 174.817093 0.028199 0.973277 -0.227895 0.520900 0.350400
Skinclass106.jpg
20 6.984200 5.425599 174.817093 0.028199 0.973277 -0.227895 0.520900 0.350400
20 7.267300 3.231199 165.479706 0.006500 0.973098 -0.230299 0.525100 0.264200
20 5.825100 1.876599 165.962799 -0.996520 0.065301 -0.051801 0.511800 0.265300
Skinclass106.jpg
20 7.211901 0.536299 166.535904 -0.011800 -0.976936 0.213208 0.498400 0.266800
20 6.984200 2.478099 175.354202 0.024100 -0.976096 0.215999 0.493300 0.347900
20 5.491600 3.929099 174.960999 -0.999142 0.014501 -0.038802 0.507100 0.348900
Skinclass106.jpg
20 5.491600 3.929099 174.960999 -0.999142 0.014501 -0.038802 0.507100 0.348900
20 5.825100 1.876599 165.962799 -0.996520 0.065301 -0.051801 0.511800 0.265300
20 7.211901 0.536299 166.535904 -0.011800 -0.976936 0.213208 0.498400 0.266800
Skinclass106.jpg
18 8.645400 -3.880400 157.701202 0.998552 0.042798 -0.032598 0.494200 0.174900
20 8.653400 1.888899 166.055603 0.996135 0.072003 -0.050302 0.511800 0.265300
20 7.211901 0.536299 166.535904 -0.022900 -0.842385 0.538390 0.498400 0.266800
Skinclass106.jpg
20 7.211901 0.536299 166.535904 -0.022900 -0.842385 0.538390 0.498400 0.266800
18 7.541000 -4.709701 158.313904 -0.070699 -0.841192 0.536095 0.484900 0.178500
18 8.645400 -3.880400 157.701202 0.998552 0.042798 -0.032598 0.494200 0.174900
Skinclass106.jpg
18 7.616900 -3.210600 156.789505 -0.032101 0.802113 -0.596309 0.503400 0.171600
20 7.267300 3.231199 165.479706 0.020000 0.803914 -0.594410 0.525100 0.264200
20 8.653400 1.888899 166.055603 0.996135 0.072003 -0.050302 0.511800 0.265300
Skinclass106.jpg
20 8.653400 1.888899 166.055603 0.996135 0.072003 -0.050302 0.511800 0.265300
18 8.645400 -3.880400 157.701202 0.998552 0.042798 -0.032598 0.494200 0.174900
18 7.616900 -3.210600 156.789505 -0.032101 0.802113 -0.596309 0.503400 0.171600
Skinclass106.jpg
18 6.512501 -4.039900 157.402298 -0.991641 0.053302 -0.117505 0.494200 0.174900
20 5.825100 1.876599 165.962799 -0.989332 0.068802 -0.128404 0.511800 0.265300
20 7.267300 3.231199 165.479706 0.020000 0.803914 -0.594410 0.525100 0.264200
Skinclass106.jpg
20 7.267300 3.231199 165.479706 0.020000 0.803914 -0.594410 0.525100 0.264200
18 7.616900 -3.210600 156.789505 -0.032101 0.802113 -0.596309 0.503400 0.171600
18 6.512501 -4.039900 157.402298 -0.991641 0.053302 -0.117505 0.494200 0.174900
Skinclass106.jpg
18 7.541000 -4.709701 158.313904 -0.070699 -0.841192 0.536095 0.484900 0.178500
20 7.211901 0.536299 166.535904 -0.022900 -0.842385 0.538390 0.498400 0.266800
20 5.825100 1.876599 165.962799 -0.989332 0.068802 -0.128404 0.511800 0.265300
Skinclass106.jpg
20 5.825100 1.876599 165.962799 -0.989332 0.068802 -0.128404 0.511800 0.265300
18 6.512501 -4.039900 157.402298 -0.991641 0.053302 -0.117505 0.494200 0.174900
18 7.541000 -4.709701 158.313904 -0.070699 -0.841192 0.536095 0.484900 0.178500
Skinclass106.jpg
18 10.958300 -9.544400 152.700302 0.922161 0.009700 0.386684 0.473300 0.104200
18 8.645400 -3.880400 157.701202 0.952481 0.198896 0.230695 0.494200 0.174900
18 7.541000 -4.709701 158.313904 -0.120200 -0.712500 0.691300 0.484900 0.178500
Skinclass106.jpg
18 7.541000 -4.709701 158.313904 -0.120200 -0.712500 0.691300 0.484900 0.178500
18 10.141301 -10.336599 152.831802 -0.155610 -0.733946 0.661142 0.466600 0.107500
18 10.958300 -9.544400 152.700302 0.922161 0.009700 0.386684 0.473300 0.104200
Skinclass106.jpg
18 10.281900 -8.959499 152.014999 0.183103 0.667212 -0.722012 0.480100 0.101200
18 7.616900 -3.210600 156.789505 -0.025400 0.644002 -0.764602 0.503400 0.171600
18 8.645400 -3.880400 157.701202 0.952481 0.198896 0.230695 0.494200 0.174900
Skinclass106.jpg
18 8.645400 -3.880400 157.701202 0.952481 0.198896 0.230695 0.494200 0.174900
18 10.958300 -9.544400 152.700302 0.922161 0.009700 0.386684 0.473300 0.104200
18 10.281900 -8.959499 152.014999 0.183103 0.667212 -0.722012 0.480100 0.101200
Skinclass106.jpg
18 9.464901 -9.751800 152.146393 -0.927094 -0.228799 -0.296898 0.473300 0.104200
18 6.512501 -4.039900 157.402298 -0.936101 -0.213400 -0.279600 0.494200 0.174900
18 7.616900 -3.210600 156.789505 -0.025400 0.644002 -0.764602 0.503400 0.171600
Skinclass106.jpg
18 7.616900 -3.210600 156.789505 -0.025400 0.644002 -0.764602 0.503400 0.171600
18 10.281900 -8.959499 152.014999 0.183103 0.667212 -0.722012 0.480100 0.101200
18 9.464901 -9.751800 152.146393 -0.927094 -0.228799 -0.296898 0.473300 0.104200
Skinclass106.jpg
18 10.141301 -10.336599 152.831802 -0.155610 -0.733946 0.661142 0.466600 0.107500
18 7.541000 -4.709701 158.313904 -0.120200 -0.712500 0.691300 0.484900 0.178500
18 6.512501 -4.039900 157.402298 -0.936101 -0.213400 -0.279600 0.494200 0.174900
Skinclass106.jpg
18 6.512501 -4.039900 157.402298 -0.936101 -0.213400 -0.279600 0.494200 0.174900
18 9.464901 -9.751800 152.146393 -0.927094 -0.228799 -0.296898 0.473300 0.104200
18 10.141301 -10.336599 152.831802 -0.155610 -0.733946 0.661142 0.466600 0.107500
Skinclass106.jpg
18 10.958300 -9.544400 152.700302 0.633416 0.275207 0.723219 0.781400 0.297500
18 10.141301 -10.336599 152.831802 -0.220101 -0.717102 0.661302 0.774600 0.300500
18 11.101700 -11.828099 151.534195 -0.056098 -0.874164 0.482380 0.762400 0.284800
Skinclass106.jpg
18 11.101700 -11.828099 151.534195 -0.056098 -0.874164 0.482380 0.762400 0.284800
18 12.648501 -10.132900 151.485992 0.853166 0.191592 0.485181 0.776400 0.279500
18 10.958300 -9.544400 152.700302 0.633416 0.275207 0.723219 0.781400 0.297500
Skinclass106.jpg
18 10.281900 -8.959499 152.014999 -0.169905 0.981231 -0.091203 0.788300 0.294700
18 10.958300 -9.544400 152.700302 0.633416 0.275207 0.723219 0.781400 0.297500
18 12.648501 -10.132900 151.485992 0.853166 0.191592 0.485181 0.776400 0.279500
Skinclass106.jpg
18 12.648501 -10.132900 151.485992 0.853166 0.191592 0.485181 0.776400 0.279500
18 11.308100 -8.978900 150.008896 0.008500 0.935396 -0.353499 0.790500 0.274500
18 10.281900 -8.959499 152.014999 -0.169905 0.981231 -0.091203 0.788300 0.294700
Skinclass106.jpg
18 9.464901 -9.751800 152.146393 -0.992026 -0.057402 -0.112203 0.781400 0.297500
18 10.281900 -8.959499 152.014999 -0.169905 0.981231 -0.091203 0.788300 0.294700
18 11.308100 -8.978900 150.008896 0.008500 0.935396 -0.353499 0.790500 0.274500
Skinclass106.jpg
18 11.308100 -8.978900 150.008896 0.008500 0.935396 -0.353499 0.790500 0.274500
18 9.790001 -10.680600 150.087601 -0.922199 -0.135500 -0.362200 0.776400 0.279500
18 9.464901 -9.751800 152.146393 -0.992026 -0.057402 -0.112203 0.781400 0.297500
Skinclass106.jpg
18 9.464901 -9.751800 152.146393 -0.992026 -0.057402 -0.112203 0.781400 0.297500
18 9.790001 -10.680600 150.087601 -0.922199 -0.135500 -0.362200 0.776400 0.279500
18 11.101700 -11.828099 151.534195 -0.056098 -0.874164 0.482380 0.762400 0.284800
Skinclass106.jpg
18 11.101700 -11.828099 151.534195 -0.056098 -0.874164 0.482380 0.762400 0.284800
18 10.141301 -10.336599 152.831802 -0.220101 -0.717102 0.661302 0.774600 0.300500
18 9.464901 -9.751800 152.146393 -0.992026 -0.057402 -0.112203 0.781400 0.297500
Skinclass106.jpg
18 11.101700 -11.828099 151.534195 -0.056098 -0.874164 0.482380 0.762400 0.284800
18 14.386901 -13.349599 144.401306 0.412923 -0.384021 -0.825846 0.757400 0.211700
18 12.648501 -10.132900 151.485992 0.853166 0.191592 0.485181 0.776400 0.279500
Skinclass106.jpg
18 12.648501 -10.132900 151.485992 0.853166 0.191592 0.485181 0.776400 0.279500
18 14.386901 -13.349599 144.401306 0.412923 -0.384021 -0.825846 0.757400 0.211700
18 11.308100 -8.978900 150.008896 0.008500 0.935396 -0.353499 0.790500 0.274500
Skinclass106.jpg
18 11.308100 -8.978900 150.008896 0.008500 0.935396 -0.353499 0.790500 0.274500
18 14.386901 -13.349599 144.401306 0.412923 -0.384021 -0.825846 0.757400 0.211700
18 9.790001 -10.680600 150.087601 -0.922199 -0.135500 -0.362200 0.776400 0.279500
Skinclass106.jpg
18 9.790001 -10.680600 150.087601 -0.922199 -0.135500 -0.362200 0.776400 0.279500
18 14.386901 -13.349599 144.401306 0.412923 -0.384021 -0.825846 0.757400 0.211700
18 11.101700 -11.828099 151.534195 -0.056098 -0.874164 0.482380 0.762400 0.284800
Skinclass106.jpg
20 -8.653400 1.888898 166.055603 -0.998226 0.059301 0.005400 0.511800 0.265300
20 -7.211900 0.536298 166.535904 0.011801 -0.976936 0.213208 0.498400 0.266800
20 -6.984200 2.478098 175.354202 -0.024100 -0.976096 0.215999 0.493300 0.347900
Skinclass106.jpg
20 -6.984200 2.478098 175.354202 -0.024100 -0.976096 0.215999 0.493300 0.347900
20 -8.476900 3.974597 175.210297 -0.999642 0.021301 0.016201 0.507100 0.348900
20 -8.653400 1.888898 166.055603 -0.998226 0.059301 0.005400 0.511800 0.265300
Skinclass106.jpg
20 -7.267300 3.231198 165.479706 -0.006500 0.973098 -0.230300 0.525100 0.264200
20 -8.653400 1.888898 166.055603 -0.998226 0.059301 0.005400 0.511800 0.265300
20 -8.476900 3.974597 175.210297 -0.999642 0.021301 0.016201 0.507100 0.348900
Skinclass106.jpg
20 -8.476900 3.974597 175.210297 -0.999642 0.021301 0.016201 0.507100 0.348900
20 -6.984200 5.425598 174.817093 -0.028199 0.973277 -0.227895 0.520900 0.350400
20 -7.267300 3.231198 165.479706 -0.006500 0.973098 -0.230300 0.525100 0.264200
Skinclass106.jpg
20 -5.825100 1.876598 165.962799 0.996520 0.065301 -0.051801 0.511800 0.265300
20 -7.267300 3.231198 165.479706 -0.006500 0.973098 -0.230300 0.525100 0.264200
20 -6.984200 5.425598 174.817093 -0.028199 0.973277 -0.227895 0.520900 0.350400
Skinclass106.jpg
20 -6.984200 5.425598 174.817093 -0.028199 0.973277 -0.227895 0.520900 0.350400
20 -5.491600 3.929098 174.960999 0.999142 0.014501 -0.038802 0.507100 0.348900
20 -5.825100 1.876598 165.962799 0.996520 0.065301 -0.051801 0.511800 0.265300
Skinclass106.jpg
20 -7.211900 0.536298 166.535904 0.011801 -0.976936 0.213208 0.498400 0.266800
20 -5.825100 1.876598 165.962799 0.996520 0.065301 -0.051801 0.511800 0.265300
20 -5.491600 3.929098 174.960999 0.999142 0.014501 -0.038802 0.507100 0.348900
Skinclass106.jpg
20 -5.491600 3.929098 174.960999 0.999142 0.014501 -0.038802 0.507100 0.348900
20 -6.984200 2.478098 175.354202 -0.024100 -0.976096 0.215999 0.493300 0.347900
20 -7.211900 0.536298 166.535904 0.011801 -0.976936 0.213208 0.498400 0.266800
Skinclass106.jpg
18 -8.645400 -3.880402 157.701202 -0.998552 0.042798 -0.032598 0.494200 0.174900
18 -7.540999 -4.709702 158.313904 0.070699 -0.841192 0.536095 0.484900 0.178500
20 -7.211900 0.536298 166.535904 0.022900 -0.842385 0.538390 0.498400 0.266800
Skinclass106.jpg
20 -7.211900 0.536298 166.535904 0.022900 -0.842385 0.538390 0.498400 0.266800
20 -8.653400 1.888898 166.055603 -0.996135 0.072002 -0.050302 0.511800 0.265300
18 -8.645400 -3.880402 157.701202 -0.998552 0.042798 -0.032598 0.494200 0.174900
Skinclass106.jpg
18 -7.616899 -3.210602 156.789505 0.032100 0.802113 -0.596309 0.503400 0.171600
18 -8.645400 -3.880402 157.701202 -0.998552 0.042798 -0.032598 0.494200 0.174900
20 -8.653400 1.888898 166.055603 -0.996135 0.072002 -0.050302 0.511800 0.265300
Skinclass106.jpg
20 -8.653400 1.888898 166.055603 -0.996135 0.072002 -0.050302 0.511800 0.265300
20 -7.267300 3.231198 165.479706 -0.020000 0.803913 -0.594410 0.525100 0.264200
18 -7.616899 -3.210602 156.789505 0.032100 0.802113 -0.596309 0.503400 0.171600
Skinclass106.jpg
18 -6.512499 -4.039902 157.402298 0.991641 0.053302 -0.117505 0.494200 0.174900
18 -7.616899 -3.210602 156.789505 0.032100 0.802113 -0.596309 0.503400 0.171600
20 -7.267300 3.231198 165.479706 -0.020000 0.803913 -0.594410 0.525100 0.264200
Skinclass106.jpg
20 -7.267300 3.231198 165.479706 -0.020000 0.803913 -0.594410 0.525100 0.264200
20 -5.825100 1.876598 165.962799 0.989332 0.068802 -0.128404 0.511800 0.265300
18 -6.512499 -4.039902 157.402298 0.991641 0.053302 -0.117505 0.494200 0.174900
Skinclass106.jpg
18 -7.540999 -4.709702 158.313904 0.070699 -0.841192 0.536095 0.484900 0.178500
18 -6.512499 -4.039902 157.402298 0.991641 0.053302 -0.117505 0.494200 0.174900
20 -5.825100 1.876598 165.962799 0.989332 0.068802 -0.128404 0.511800 0.265300
Skinclass106.jpg
20 -5.825100 1.876598 165.962799 0.989332 0.068802 -0.128404 0.511800 0.265300
20 -7.211900 0.536298 166.535904 0.022900 -0.842385 0.538390 0.498400 0.266800
18 -7.540999 -4.709702 158.313904 0.070699 -0.841192 0.536095 0.484900 0.178500
Skinclass106.jpg
18 -10.958300 -9.544401 152.700302 -0.922161 0.009699 0.386684 0.473300 0.104200
18 -10.141299 -10.336601 152.831802 0.155600 -0.733898 0.661198 0.466600 0.107500
18 -7.540999 -4.709702 158.313904 0.120200 -0.712500 0.691300 0.484900 0.178500
Skinclass106.jpg
18 -7.540999 -4.709702 158.313904 0.120200 -0.712500 0.691300 0.484900 0.178500
18 -8.645400 -3.880402 157.701202 -0.952481 0.198896 0.230695 0.494200 0.174900
18 -10.958300 -9.544401 152.700302 -0.922161 0.009699 0.386684 0.473300 0.104200
Skinclass106.jpg
18 -10.281900 -8.959502 152.014999 -0.183103 0.667212 -0.722012 0.480100 0.101200
18 -10.958300 -9.544401 152.700302 -0.922161 0.009699 0.386684 0.473300 0.104200
18 -8.645400 -3.880402 157.701202 -0.952481 0.198896 0.230695 0.494200 0.174900
Skinclass106.jpg
18 -8.645400 -3.880402 157.701202 -0.952481 0.198896 0.230695 0.494200 0.174900
18 -7.616899 -3.210602 156.789505 0.025400 0.644002 -0.764602 0.503400 0.171600
18 -10.281900 -8.959502 152.014999 -0.183103 0.667212 -0.722012 0.480100 0.101200
Skinclass106.jpg
18 -9.464899 -9.751801 152.146393 0.927094 -0.228798 -0.296898 0.473300 0.104200
18 -10.281900 -8.959502 152.014999 -0.183103 0.667212 -0.722012 0.480100 0.101200
18 -7.616899 -3.210602 156.789505 0.025400 0.644002 -0.764602 0.503400 0.171600
Skinclass106.jpg
18 -7.616899 -3.210602 156.789505 0.025400 0.644002 -0.764602 0.503400 0.171600
18 -6.512499 -4.039902 157.402298 0.936101 -0.213400 -0.279600 0.494200 0.174900
18 -9.464899 -9.751801 152.146393 0.927094 -0.228798 -0.296898 0.473300 0.104200
Skinclass106.jpg
18 -10.141299 -10.336601 152.831802 0.155600 -0.733898 0.661198 0.466600 0.107500
18 -9.464899 -9.751801 152.146393 0.927094 -0.228798 -0.296898 0.473300 0.104200
18 -6.512499 -4.039902 157.402298 0.936101 -0.213400 -0.279600 0.494200 0.174900
Skinclass106.jpg
18 -6.512499 -4.039902 157.402298 0.936101 -0.213400 -0.279600 0.494200 0.174900
18 -7.540999 -4.709702 158.313904 0.120200 -0.712500 0.691300 0.484900 0.178500
18 -10.141299 -10.336601 152.831802 0.155600 -0.733898 0.661198 0.466600 0.107500
Skinclass106.jpg
18 -10.958300 -9.544401 152.700302 -0.633416 0.275207 0.723218 0.781400 0.297500
18 -12.648499 -10.132902 151.485992 -0.853166 0.191592 0.485181 0.776400 0.279500
18 -11.101700 -11.828101 151.534195 0.056098 -0.874164 0.482380 0.762400 0.284800
Skinclass106.jpg
18 -11.101700 -11.828101 151.534195 0.056098 -0.874164 0.482380 0.762400 0.284800
18 -10.141299 -10.336601 152.831802 0.220101 -0.717102 0.661302 0.774600 0.300500
18 -10.958300 -9.544401 152.700302 -0.633416 0.275207 0.723218 0.781400 0.297500
Skinclass106.jpg
18 -10.281900 -8.959502 152.014999 0.169905 0.981231 -0.091203 0.788300 0.294700
18 -11.308100 -8.978901 150.008896 -0.008500 0.935396 -0.353499 0.790500 0.274500
18 -12.648499 -10.132902 151.485992 -0.853166 0.191592 0.485181 0.776400 0.279500
Skinclass106.jpg
18 -12.648499 -10.132902 151.485992 -0.853166 0.191592 0.485181 0.776400 0.279500
18 -10.958300 -9.544401 152.700302 -0.633416 0.275207 0.723218 0.781400 0.297500
18 -10.281900 -8.959502 152.014999 0.169905 0.981231 -0.091203 0.788300 0.294700
Skinclass106.jpg
18 -9.464899 -9.751801 152.146393 0.992026 -0.057401 -0.112203 0.781400 0.297500
18 -9.789999 -10.680602 150.087601 0.922199 -0.135500 -0.362200 0.776400 0.279500
18 -11.308100 -8.978901 150.008896 -0.008500 0.935396 -0.353499 0.790500 0.274500
Skinclass106.jpg
18 -11.308100 -8.978901 150.008896 -0.008500 0.935396 -0.353499 0.790500 0.274500
18 -10.281900 -8.959502 152.014999 0.169905 0.981231 -0.091203 0.788300 0.294700
18 -9.464899 -9.751801 152.146393 0.992026 -0.057401 -0.112203 0.781400 0.297500
Skinclass106.jpg
18 -9.464899 -9.751801 152.146393 0.992026 -0.057401 -0.112203 0.781400 0.297500
18 -10.141299 -10.336601 152.831802 0.220101 -0.717102 0.661302 0.774600 0.300500
18 -11.101700 -11.828101 151.534195 0.056098 -0.874164 0.482380 0.762400 0.284800
Skinclass106.jpg
18 -11.101700 -11.828101 151.534195 0.056098 -0.874164 0.482380 0.762400 0.284800
18 -9.789999 -10.680602 150.087601 0.922199 -0.135500 -0.362200 0.776400 0.279500
18 -9.464899 -9.751801 152.146393 0.992026 -0.057401 -0.112203 0.781400 0.297500
Skinclass106.jpg
18 -11.101700 -11.828101 151.534195 0.056098 -0.874164 0.482380 0.762400 0.284800
18 -12.648499 -10.132902 151.485992 -0.853166 0.191592 0.485181 0.776400 0.279500
18 -14.386899 -13.349601 144.401306 -0.412923 -0.384021 -0.825846 0.757400 0.211700
Skinclass106.jpg
18 -12.648499 -10.132902 151.485992 -0.853166 0.191592 0.485181 0.776400 0.279500
18 -11.308100 -8.978901 150.008896 -0.008500 0.935396 -0.353499 0.790500 0.274500
18 -14.386899 -13.349601 144.401306 -0.412923 -0.384021 -0.825846 0.757400 0.211700
Skinclass106.jpg
18 -11.308100 -8.978901 150.008896 -0.008500 0.935396 -0.353499 0.790500 0.274500
18 -9.789999 -10.680602 150.087601 0.922199 -0.135500 -0.362200 0.776400 0.279500
18 -14.386899 -13.349601 144.401306 -0.412923 -0.384021 -0.825846 0.757400 0.211700
Skinclass106.jpg
18 -9.789999 -10.680602 150.087601 0.922199 -0.135500 -0.362200 0.776400 0.279500
18 -11.101700 -11.828101 151.534195 0.056098 -0.874164 0.482380 0.762400 0.284800
18 -14.386899 -13.349601 144.401306 -0.412923 -0.384021 -0.825846 0.757400 0.211700
Skinclass106.jpg
20 0.000000 -2.455602 188.982101 0.013499 -0.461078 0.887257 0.861600 0.995900
20 2.539201 -6.341301 185.480103 0.378981 -0.756162 0.533473 0.810200 0.969900
20 5.657701 -4.478801 184.770706 0.640195 -0.619195 0.454696 0.816600 0.937900
Skinclass106.jpg
20 5.657701 -4.478801 184.770706 0.640195 -0.619195 0.454696 0.816600 0.937900
20 5.584400 -1.209101 187.763702 0.543669 -0.418776 0.727359 0.849900 0.936500
20 0.000000 -2.455602 188.982101 0.013499 -0.461078 0.887257 0.861600 0.995900
Skinclass106.jpg
20 2.565901 -7.111401 181.690994 0.360105 -0.927813 0.097401 0.774600 0.956100
20 1.380901 -7.414900 178.909897 0.308388 -0.908566 -0.281789 0.746900 0.952400
20 3.172000 -6.825400 179.389603 0.427604 -0.859508 -0.280003 0.762100 0.939700
Skinclass106.jpg
20 8.211600 2.127299 179.119400 0.954249 -0.298815 -0.010901 0.814300 0.869900
20 8.216900 3.207299 179.284195 0.905525 0.309709 0.290008 0.824000 0.860500
20 8.463600 2.449199 181.705597 0.999815 -0.003100 0.019000 0.831000 0.878400
Skinclass106.jpg
20 8.463600 2.449199 181.705597 0.999815 -0.003100 0.019000 0.831000 0.878400
20 8.115500 0.385599 180.605698 0.983869 -0.167395 -0.063098 0.815200 0.885000
20 8.211600 2.127299 179.119400 0.954249 -0.298815 -0.010901 0.814300 0.869900
Skinclass106.jpg
20 2.565901 -7.111401 181.690994 0.360105 -0.927813 0.097401 0.774600 0.956100
20 2.539201 -6.341301 185.480103 0.378981 -0.756162 0.533473 0.810200 0.969900
20 0.005901 -6.945302 185.665695 0.000700 -0.848997 0.528398 0.806200 0.996100
Skinclass106.jpg
20 0.005901 -6.945302 185.665695 0.000700 -0.848997 0.528398 0.806200 0.996100
20 -0.025499 -7.886701 181.228897 -0.001500 -0.997643 0.068603 0.759400 0.979700
20 2.565901 -7.111401 181.690994 0.360105 -0.927813 0.097401 0.774600 0.956100
Skinclass106.jpg
20 0.588701 -7.701801 175.744705 0.664698 -0.681797 0.305499 0.716200 0.934000
20 0.720501 -6.964401 177.762405 0.439671 -0.882442 -0.167289 0.732800 0.946700
20 0.000001 -7.264902 177.849197 0.000000 -0.994650 -0.103305 0.727900 0.954100
Skinclass106.jpg
20 0.000001 -7.264902 177.849197 0.000000 -0.994650 -0.103305 0.727900 0.954100
20 0.000001 -7.966602 175.822403 0.000000 -0.888490 0.458895 0.712100 0.940000
20 0.588701 -7.701801 175.744705 0.664698 -0.681797 0.305499 0.716200 0.934000
Skinclass106.jpg
20 1.380301 -7.166300 171.201294 0.467282 -0.878366 -0.100596 0.696800 0.888800
20 1.404001 -7.036700 172.537003 0.623071 -0.777664 -0.083796 0.703600 0.900400
20 0.000001 -7.640400 172.193207 0.000000 -0.876608 -0.481205 0.687300 0.905100
Skinclass106.jpg
20 0.000001 -7.640400 172.193207 0.000000 -0.876608 -0.481205 0.687300 0.905100
20 0.000001 -7.673702 170.987396 0.000000 -0.988087 -0.153898 0.681900 0.894400
20 1.380301 -7.166300 171.201294 0.467282 -0.878366 -0.100596 0.696800 0.888800
Skinclass106.jpg
20 0.720501 -6.964401 177.762405 0.439671 -0.882442 -0.167289 0.732800 0.946700
20 1.380901 -7.414900 178.909897 0.308388 -0.908566 -0.281789 0.746900 0.952400
20 0.000001 -7.679401 178.693695 0.000500 -0.956509 -0.291703 0.736800 0.964100
Skinclass106.jpg
20 0.000001 -7.679401 178.693695 0.000500 -0.956509 -0.291703 0.736800 0.964100
20 0.000001 -7.264902 177.849197 0.000000 -0.994650 -0.103305 0.727900 0.954100
20 0.720501 -6.964401 177.762405 0.439671 -0.882442 -0.167289 0.732800 0.946700
Skinclass106.jpg
20 1.380901 -7.414900 178.909897 0.308388 -0.908566 -0.281789 0.746900 0.952400
20 0.720501 -6.964401 177.762405 0.439671 -0.882442 -0.167289 0.732800 0.946700
20 1.783700 -6.346802 177.560196 0.376803 -0.906408 -0.190902 0.740800 0.935000
Skinclass106.jpg
20 3.172000 -6.825400 179.389603 0.427604 -0.859508 -0.280003 0.762100 0.939700
20 1.380901 -7.414900 178.909897 0.308388 -0.908566 -0.281789 0.746900 0.952400
20 1.783700 -6.346802 177.560196 0.376803 -0.906408 -0.190902 0.740800 0.935000
Skinclass106.jpg
20 1.783700 -6.346802 177.560196 0.376803 -0.906408 -0.190902 0.740800 0.935000
20 3.210201 -6.247800 178.762100 0.447507 -0.683311 -0.576909 0.756700 0.930700
20 3.172000 -6.825400 179.389603 0.427604 -0.859508 -0.280003 0.762100 0.939700
Skinclass106.jpg
20 5.735501 -4.369801 177.366394 0.723996 -0.678696 -0.123299 0.768200 0.900300
20 6.391100 -4.580801 179.226303 0.874150 -0.434224 -0.217512 0.782300 0.908500
20 5.447001 -5.651801 179.459503 0.560330 -0.800543 -0.212511 0.776800 0.919300
Skinclass106.jpg
20 5.447001 -5.651801 179.459503 0.560330 -0.800543 -0.212511 0.776800 0.919300
20 5.023201 -5.304201 178.574707 0.403681 -0.829261 -0.386482 0.767400 0.917600
20 5.735501 -4.369801 177.366394 0.723996 -0.678696 -0.123299 0.768200 0.900300
Skinclass106.jpg
20 0.720501 -6.964401 177.762405 0.439671 -0.882442 -0.167289 0.732800 0.946700
20 0.588701 -7.701801 175.744705 0.664698 -0.681797 0.305499 0.716200 0.934000
20 1.382000 -6.672701 175.333694 0.593308 -0.798410 0.102601 0.721800 0.922400
Skinclass106.jpg
20 1.382000 -6.672701 175.333694 0.593308 -0.798410 0.102601 0.721800 0.922400
20 1.783700 -6.346802 177.560196 0.376803 -0.906408 -0.190902 0.740800 0.935000
20 0.720501 -6.964401 177.762405 0.439671 -0.882442 -0.167289 0.732800 0.946700
Skinclass106.jpg
20 0.674601 -8.908102 173.978699 0.668169 -0.727666 0.155093 0.700900 0.923100
20 0.565901 -8.786802 172.956299 0.521617 -0.638121 -0.566319 0.695100 0.916100
20 1.404001 -7.036700 172.537003 0.623071 -0.777664 -0.083796 0.703600 0.900400
Skinclass106.jpg
20 1.404001 -7.036700 172.537003 0.623071 -0.777664 -0.083796 0.703600 0.900400
20 1.669101 -6.735201 173.275208 0.655598 -0.750998 0.078700 0.711500 0.904700
20 0.674601 -8.908102 173.978699 0.668169 -0.727666 0.155093 0.700900 0.923100
Skinclass106.jpg
20 1.404001 -7.036700 172.537003 0.623071 -0.777664 -0.083796 0.703600 0.900400
20 0.565901 -8.786802 172.956299 0.521617 -0.638121 -0.566319 0.695100 0.916100
20 0.000001 -8.991400 172.936905 0.000000 -0.819776 -0.572684 0.689500 0.918900
Skinclass106.jpg
20 0.000001 -8.991400 172.936905 0.000000 -0.819776 -0.572684 0.689500 0.918900
20 0.000001 -7.640400 172.193207 0.000000 -0.876608 -0.481205 0.687300 0.905100
20 1.404001 -7.036700 172.537003 0.623071 -0.777664 -0.083796 0.703600 0.900400
Skinclass106.jpg
20 2.982200 -6.156002 174.922104 0.429583 -0.902565 0.028899 0.731300 0.906100
20 5.858700 -4.469801 174.274796 0.751552 -0.651959 -0.100594 0.753000 0.879300
20 5.735501 -4.369801 177.366394 0.723996 -0.678696 -0.123299 0.768200 0.900300
Skinclass106.jpg
20 5.735501 -4.369801 177.366394 0.723996 -0.678696 -0.123299 0.768200 0.900300
20 3.157901 -5.986102 176.726303 0.400603 -0.915707 -0.031600 0.743400 0.917300
20 2.982200 -6.156002 174.922104 0.429583 -0.902565 0.028899 0.731300 0.906100
Skinclass106.jpg
20 1.380901 -7.414900 178.909897 0.308388 -0.908566 -0.281789 0.746900 0.952400
20 2.565901 -7.111401 181.690994 0.360105 -0.927813 0.097401 0.774600 0.956100
20 -0.025499 -7.886701 181.228897 -0.001500 -0.997643 0.068603 0.759400 0.979700
Skinclass106.jpg
20 -0.025499 -7.886701 181.228897 -0.001500 -0.997643 0.068603 0.759400 0.979700
20 0.000001 -7.679401 178.693695 0.000500 -0.956509 -0.291703 0.736800 0.964100
20 1.380901 -7.414900 178.909897 0.308388 -0.908566 -0.281789 0.746900 0.952400
Skinclass106.jpg
20 6.391100 -4.580801 179.226303 0.874150 -0.434224 -0.217512 0.782300 0.908500
20 7.106300 -3.253801 180.902603 0.899003 -0.434601 -0.054000 0.800300 0.907300
20 5.623501 -5.506602 181.628906 0.660790 -0.742789 0.107798 0.792300 0.928100
Skinclass106.jpg
20 5.623501 -5.506602 181.628906 0.660790 -0.742789 0.107798 0.792300 0.928100
20 5.447001 -5.651801 179.459503 0.560330 -0.800543 -0.212511 0.776800 0.919300
20 6.391100 -4.580801 179.226303 0.874150 -0.434224 -0.217512 0.782300 0.908500
Skinclass106.jpg
20 0.674601 -8.908102 173.978699 0.668169 -0.727666 0.155093 0.700900 0.923100
20 0.000001 -9.167902 174.089005 0.000000 -0.970225 0.242206 0.696000 0.928800
20 0.000001 -8.991400 172.936905 0.000000 -0.819776 -0.572684 0.689500 0.918900
Skinclass106.jpg
20 0.000001 -8.991400 172.936905 0.000000 -0.819776 -0.572684 0.689500 0.918900
20 0.565901 -8.786802 172.956299 0.521617 -0.638121 -0.566319 0.695100 0.916100
20 0.674601 -8.908102 173.978699 0.668169 -0.727666 0.155093 0.700900 0.923100
Skinclass106.jpg
20 0.588701 -7.701801 175.744705 0.664698 -0.681797 0.305499 0.716200 0.934000
20 0.674601 -8.908102 173.978699 0.668169 -0.727666 0.155093 0.700900 0.923100
20 1.669101 -6.735201 173.275208 0.655598 -0.750998 0.078700 0.711500 0.904700
Skinclass106.jpg
20 1.669101 -6.735201 173.275208 0.655598 -0.750998 0.078700 0.711500 0.904700
20 1.382000 -6.672701 175.333694 0.593308 -0.798410 0.102601 0.721800 0.922400
20 0.588701 -7.701801 175.744705 0.664698 -0.681797 0.305499 0.716200 0.934000
Skinclass106.jpg
20 0.588701 -7.701801 175.744705 0.664698 -0.681797 0.305499 0.716200 0.934000
20 0.000001 -7.966602 175.822403 0.000000 -0.888490 0.458895 0.712100 0.940000
20 0.000001 -9.167902 174.089005 0.000000 -0.970225 0.242206 0.696000 0.928800
Skinclass106.jpg
20 0.000001 -9.167902 174.089005 0.000000 -0.970225 0.242206 0.696000 0.928800
20 0.674601 -8.908102 173.978699 0.668169 -0.727666 0.155093 0.700900 0.923100
20 0.588701 -7.701801 175.744705 0.664698 -0.681797 0.305499 0.716200 0.934000
Skinclass106.jpg
20 5.447001 -5.651801 179.459503 0.560330 -0.800543 -0.212511 0.776800 0.919300
20 3.172000 -6.825400 179.389603 0.427604 -0.859508 -0.280003 0.762100 0.939700
20 3.210201 -6.247800 178.762100 0.447507 -0.683311 -0.576909 0.756700 0.930700
Skinclass106.jpg
20 3.210201 -6.247800 178.762100 0.447507 -0.683311 -0.576909 0.756700 0.930700
20 5.023201 -5.304201 178.574707 0.403681 -0.829261 -0.386482 0.767400 0.917600
20 5.447001 -5.651801 179.459503 0.560330 -0.800543 -0.212511 0.776800 0.919300
Skinclass106.jpg
20 1.382000 -6.672701 175.333694 0.593308 -0.798410 0.102601 0.721800 0.922400
20 2.982200 -6.156002 174.922104 0.429583 -0.902565 0.028899 0.731300 0.906100
20 3.157901 -5.986102 176.726303 0.400603 -0.915707 -0.031600 0.743400 0.917300
Skinclass106.jpg
20 3.157901 -5.986102 176.726303 0.400603 -0.915707 -0.031600 0.743400 0.917300
20 1.783700 -6.346802 177.560196 0.376803 -0.906408 -0.190902 0.740800 0.935000
20 1.382000 -6.672701 175.333694 0.593308 -0.798410 0.102601 0.721800 0.922400
Skinclass106.jpg
20 2.565901 -7.111401 181.690994 0.360105 -0.927813 0.097401 0.774600 0.956100
20 3.172000 -6.825400 179.389603 0.427604 -0.859508 -0.280003 0.762100 0.939700
20 5.447001 -5.651801 179.459503 0.560330 -0.800543 -0.212511 0.776800 0.919300
Skinclass106.jpg
20 5.447001 -5.651801 179.459503 0.560330 -0.800543 -0.212511 0.776800 0.919300
20 5.623501 -5.506602 181.628906 0.660790 -0.742789 0.107798 0.792300 0.928100
20 2.565901 -7.111401 181.690994 0.360105 -0.927813 0.097401 0.774600 0.956100
Skinclass106.jpg
20 1.256001 -6.550601 168.744705 0.343106 -0.894215 -0.287505 0.687100 0.868100
20 1.380301 -7.166300 171.201294 0.467282 -0.878366 -0.100596 0.696800 0.888800
20 0.000001 -7.673702 170.987396 0.000000 -0.988087 -0.153898 0.681900 0.894400
Skinclass106.jpg
20 0.000001 -7.673702 170.987396 0.000000 -0.988087 -0.153898 0.681900 0.894400
20 0.000001 -6.740301 168.954605 0.000000 -0.946430 -0.322910 0.674700 0.875000
20 1.256001 -6.550601 168.744705 0.343106 -0.894215 -0.287505 0.687100 0.868100
Skinclass106.jpg
20 5.584400 -1.209101 187.763702 0.543669 -0.418776 0.727359 0.849900 0.936500
20 5.657701 -4.478801 184.770706 0.640195 -0.619195 0.454696 0.816600 0.937900
20 7.957201 -1.747401 183.167297 0.931614 -0.337005 0.136102 0.820200 0.910100
Skinclass106.jpg
20 7.957201 -1.747401 183.167297 0.931614 -0.337005 0.136102 0.820200 0.910100
20 7.996200 0.450399 185.367996 0.912734 -0.180307 0.366614 0.841400 0.909300
20 5.584400 -1.209101 187.763702 0.543669 -0.418776 0.727359 0.849900 0.936500
Skinclass106.jpg
20 4.116100 -5.246001 170.768204 0.687227 -0.683627 -0.245710 0.722900 0.864500
20 5.858700 -4.469801 174.274796 0.751552 -0.651959 -0.100594 0.753000 0.879300
20 2.982200 -6.156002 174.922104 0.429583 -0.902565 0.028899 0.731300 0.906100
Skinclass106.jpg
20 2.982200 -6.156002 174.922104 0.429583 -0.902565 0.028899 0.731300 0.906100
20 2.407501 -6.546602 171.844406 0.532867 -0.845248 -0.040098 0.710100 0.888000
20 4.116100 -5.246001 170.768204 0.687227 -0.683627 -0.245710 0.722900 0.864500
Skinclass106.jpg
20 1.382000 -6.672701 175.333694 0.593308 -0.798410 0.102601 0.721800 0.922400
20 1.669101 -6.735201 173.275208 0.655598 -0.750998 0.078700 0.711500 0.904700
20 2.407501 -6.546602 171.844406 0.532867 -0.845248 -0.040098 0.710100 0.888000
Skinclass106.jpg
20 2.407501 -6.546602 171.844406 0.532867 -0.845248 -0.040098 0.710100 0.888000
20 2.982200 -6.156002 174.922104 0.429583 -0.902565 0.028899 0.731300 0.906100
20 1.382000 -6.672701 175.333694 0.593308 -0.798410 0.102601 0.721800 0.922400
Skinclass106.jpg
20 0.000001 -5.863001 166.200806 0.000000 -0.427304 -0.904108 0.668600 0.846600
20 0.000000 -2.130501 166.252396 0.000000 -0.640420 -0.768025 0.677400 0.817600
20 1.211100 -5.230801 166.512894 0.561989 -0.212496 -0.799384 0.683400 0.844100
Skinclass106.jpg
20 0.000000 -2.130501 166.252396 0.000000 -0.640420 -0.768025 0.677400 0.817600
20 2.118900 -0.914801 167.206696 0.807312 -0.384106 -0.448007 0.705800 0.810200
20 2.379600 -2.887202 167.190399 0.588590 0.008500 -0.808387 0.702400 0.827300
Skinclass106.jpg
20 2.379600 -2.887202 167.190399 0.588590 0.008500 -0.808387 0.702400 0.827300
20 1.211100 -5.230801 166.512894 0.561989 -0.212496 -0.799384 0.683400 0.844100
20 0.000000 -2.130501 166.252396 0.000000 -0.640420 -0.768025 0.677400 0.817600
Skinclass106.jpg
20 0.000001 -5.863001 166.200806 0.000000 -0.427304 -0.904108 0.668600 0.846600
20 1.211100 -5.230801 166.512894 0.561989 -0.212496 -0.799384 0.683400 0.844100
20 1.270900 -6.020702 167.075806 0.550780 -0.664176 -0.505482 0.682800 0.852200
Skinclass106.jpg
20 1.270900 -6.020702 167.075806 0.550780 -0.664176 -0.505482 0.682800 0.852200
20 0.000001 -6.664200 167.086304 0.000000 -0.938011 -0.346604 0.669200 0.858300
20 0.000001 -5.863001 166.200806 0.000000 -0.427304 -0.904108 0.668600 0.846600
Skinclass106.jpg
20 0.000001 -6.740301 168.954605 0.000000 -0.946430 -0.322910 0.674700 0.875000
20 0.000001 -6.664200 167.086304 0.000000 -0.938011 -0.346604 0.669200 0.858300
20 1.270900 -6.020702 167.075806 0.550780 -0.664176 -0.505482 0.682800 0.852200
Skinclass106.jpg
20 1.270900 -6.020702 167.075806 0.550780 -0.664176 -0.505482 0.682800 0.852200
20 1.256001 -6.550601 168.744705 0.343106 -0.894215 -0.287505 0.687100 0.868100
20 0.000001 -6.740301 168.954605 0.000000 -0.946430 -0.322910 0.674700 0.875000
Skinclass106.jpg
20 1.256001 -6.550601 168.744705 0.343106 -0.894215 -0.287505 0.687100 0.868100
20 4.116100 -5.246001 170.768204 0.687227 -0.683627 -0.245710 0.722900 0.864500
20 2.407501 -6.546602 171.844406 0.532867 -0.845248 -0.040098 0.710100 0.888000
Skinclass106.jpg
20 2.407501 -6.546602 171.844406 0.532867 -0.845248 -0.040098 0.710100 0.888000
20 1.380301 -7.166300 171.201294 0.467282 -0.878366 -0.100596 0.696800 0.888800
20 1.256001 -6.550601 168.744705 0.343106 -0.894215 -0.287505 0.687100 0.868100
Skinclass106.jpg
20 1.270900 -6.020702 167.075806 0.550780 -0.664176 -0.505482 0.682800 0.852200
20 3.639900 -4.323401 168.590103 0.734790 -0.345695 -0.583592 0.713700 0.846000
20 4.116100 -5.246001 170.768204 0.687227 -0.683627 -0.245710 0.722900 0.864500
Skinclass106.jpg
20 4.116100 -5.246001 170.768204 0.687227 -0.683627 -0.245710 0.722900 0.864500
20 1.256001 -6.550601 168.744705 0.343106 -0.894215 -0.287505 0.687100 0.868100
20 1.270900 -6.020702 167.075806 0.550780 -0.664176 -0.505482 0.682800 0.852200
Skinclass106.jpg
20 8.115500 0.385599 180.605698 0.983869 -0.167395 -0.063098 0.815200 0.885000
20 7.957201 -1.747401 183.167297 0.931614 -0.337005 0.136102 0.820200 0.910100
20 7.106300 -3.253801 180.902603 0.899003 -0.434601 -0.054000 0.800300 0.907300
Skinclass106.jpg
20 7.106300 -3.253801 180.902603 0.899003 -0.434601 -0.054000 0.800300 0.907300
20 7.675701 -1.381401 178.812302 0.953622 -0.289507 -0.082402 0.796400 0.886700
20 8.115500 0.385599 180.605698 0.983869 -0.167395 -0.063098 0.815200 0.885000
Skinclass106.jpg
20 7.106300 -3.253801 180.902603 0.899003 -0.434601 -0.054000 0.800300 0.907300
20 6.391100 -4.580801 179.226303 0.874150 -0.434224 -0.217512 0.782300 0.908500
20 5.735501 -4.369801 177.366394 0.723996 -0.678696 -0.123299 0.768200 0.900300
Skinclass106.jpg
20 5.735501 -4.369801 177.366394 0.723996 -0.678696 -0.123299 0.768200 0.900300
20 7.675701 -1.381401 178.812302 0.953622 -0.289507 -0.082402 0.796400 0.886700
20 7.106300 -3.253801 180.902603 0.899003 -0.434601 -0.054000 0.800300 0.907300
Skinclass106.jpg
20 0.000000 -2.455602 188.982101 0.013499 -0.461078 0.887257 0.861600 0.995900
20 0.005901 -6.945302 185.665695 0.000700 -0.848997 0.528398 0.806200 0.996100
20 2.539201 -6.341301 185.480103 0.378981 -0.756162 0.533473 0.810200 0.969900
Skinclass106.jpg
20 8.115500 0.385599 180.605698 0.983869 -0.167395 -0.063098 0.815200 0.885000
20 8.463600 2.449199 181.705597 0.999815 -0.003100 0.019000 0.831000 0.878400
20 7.996200 0.450399 185.367996 0.912734 -0.180307 0.366614 0.841400 0.909300
Skinclass106.jpg
20 7.996200 0.450399 185.367996 0.912734 -0.180307 0.366614 0.841400 0.909300
20 7.957201 -1.747401 183.167297 0.931614 -0.337005 0.136102 0.820200 0.910100
20 8.115500 0.385599 180.605698 0.983869 -0.167395 -0.063098 0.815200 0.885000
Skinclass106.jpg
20 5.612801 -2.455902 170.445496 0.849290 -0.117898 -0.514594 0.741900 0.843000
20 4.116100 -5.246001 170.768204 0.687227 -0.683627 -0.245710 0.722900 0.864500
20 3.639900 -4.323401 168.590103 0.734790 -0.345695 -0.583592 0.713700 0.846000
Skinclass106.jpg
20 5.612801 -2.455902 170.445496 0.849290 -0.117898 -0.514594 0.741900 0.843000
20 3.639900 -4.323401 168.590103 0.734790 -0.345695 -0.583592 0.713700 0.846000
20 2.379600 -2.887202 167.190399 0.588590 0.008500 -0.808387 0.702400 0.827300
Skinclass106.jpg
20 2.379600 -2.887202 167.190399 0.588590 0.008500 -0.808387 0.702400 0.827300
20 4.368200 1.208099 170.194702 0.875504 0.134201 -0.464202 0.750700 0.806800
20 5.612801 -2.455902 170.445496 0.849290 -0.117898 -0.514594 0.741900 0.843000
Skinclass106.jpg
20 5.623501 -5.506602 181.628906 0.660790 -0.742789 0.107798 0.792300 0.928100
20 7.106300 -3.253801 180.902603 0.899003 -0.434601 -0.054000 0.800300 0.907300
20 7.957201 -1.747401 183.167297 0.931614 -0.337005 0.136102 0.820200 0.910100
Skinclass106.jpg
20 7.957201 -1.747401 183.167297 0.931614 -0.337005 0.136102 0.820200 0.910100
20 5.657701 -4.478801 184.770706 0.640195 -0.619195 0.454696 0.816600 0.937900
20 5.623501 -5.506602 181.628906 0.660790 -0.742789 0.107798 0.792300 0.928100
Skinclass106.jpg
20 2.539201 -6.341301 185.480103 0.378981 -0.756162 0.533473 0.810200 0.969900
20 2.565901 -7.111401 181.690994 0.360105 -0.927813 0.097401 0.774600 0.956100
20 5.623501 -5.506602 181.628906 0.660790 -0.742789 0.107798 0.792300 0.928100
Skinclass106.jpg
20 5.623501 -5.506602 181.628906 0.660790 -0.742789 0.107798 0.792300 0.928100
20 5.657701 -4.478801 184.770706 0.640195 -0.619195 0.454696 0.816600 0.937900
20 2.539201 -6.341301 185.480103 0.378981 -0.756162 0.533473 0.810200 0.969900
Skinclass106.jpg
20 4.368200 1.208099 170.194702 0.875504 0.134201 -0.464202 0.750700 0.806800
20 6.582900 2.392499 173.308197 0.815700 0.122300 -0.565400 0.782300 0.828900
20 7.202000 -1.028401 173.707504 0.940272 -0.123096 -0.317390 0.770300 0.854500
Skinclass106.jpg
20 7.202000 -1.028401 173.707504 0.940272 -0.123096 -0.317390 0.770300 0.854500
20 5.612801 -2.455902 170.445496 0.849290 -0.117898 -0.514594 0.741900 0.843000
20 4.368200 1.208099 170.194702 0.875504 0.134201 -0.464202 0.750700 0.806800
Skinclass106.jpg
20 2.379600 -2.887202 167.190399 0.588590 0.008500 -0.808387 0.702400 0.827300
20 3.639900 -4.323401 168.590103 0.734790 -0.345695 -0.583592 0.713700 0.846000
20 1.270900 -6.020702 167.075806 0.550780 -0.664176 -0.505482 0.682800 0.852200
Skinclass106.jpg
20 1.270900 -6.020702 167.075806 0.550780 -0.664176 -0.505482 0.682800 0.852200
20 1.211100 -5.230801 166.512894 0.561989 -0.212496 -0.799384 0.683400 0.844100
20 2.379600 -2.887202 167.190399 0.588590 0.008500 -0.808387 0.702400 0.827300
Skinclass106.jpg
20 1.380301 -7.166300 171.201294 0.467282 -0.878366 -0.100596 0.696800 0.888800
20 2.407501 -6.546602 171.844406 0.532867 -0.845248 -0.040098 0.710100 0.888000
20 1.404001 -7.036700 172.537003 0.623071 -0.777664 -0.083796 0.703600 0.900400
Skinclass106.jpg
20 2.407501 -6.546602 171.844406 0.532867 -0.845248 -0.040098 0.710100 0.888000
20 1.669101 -6.735201 173.275208 0.655598 -0.750998 0.078700 0.711500 0.904700
20 1.404001 -7.036700 172.537003 0.623071 -0.777664 -0.083796 0.703600 0.900400
Skinclass106.jpg
20 2.118900 -0.914801 167.206696 0.807312 -0.384106 -0.448007 0.705800 0.810200
20 4.368200 1.208099 170.194702 0.875504 0.134201 -0.464202 0.750700 0.806800
20 2.379600 -2.887202 167.190399 0.588590 0.008500 -0.808387 0.702400 0.827300
Skinclass106.jpg
20 5.858700 -4.469801 174.274796 0.751552 -0.651959 -0.100594 0.753000 0.879300
20 4.116100 -5.246001 170.768204 0.687227 -0.683627 -0.245710 0.722900 0.864500
20 5.612801 -2.455902 170.445496 0.849290 -0.117898 -0.514594 0.741900 0.843000
Skinclass106.jpg
20 5.612801 -2.455902 170.445496 0.849290 -0.117898 -0.514594 0.741900 0.843000
20 7.202000 -1.028401 173.707504 0.940272 -0.123096 -0.317390 0.770300 0.854500
20 5.858700 -4.469801 174.274796 0.751552 -0.651959 -0.100594 0.753000 0.879300
Skinclass106.jpg
20 5.858700 -4.469801 174.274796 0.751552 -0.651959 -0.100594 0.753000 0.879300
20 7.202000 -1.028401 173.707504 0.940272 -0.123096 -0.317390 0.770300 0.854500
20 7.675701 -1.381401 178.812302 0.953622 -0.289507 -0.082402 0.796400 0.886700
Skinclass106.jpg
20 7.675701 -1.381401 178.812302 0.953622 -0.289507 -0.082402 0.796400 0.886700
20 5.735501 -4.369801 177.366394 0.723996 -0.678696 -0.123299 0.768200 0.900300
20 5.858700 -4.469801 174.274796 0.751552 -0.651959 -0.100594 0.753000 0.879300
Skinclass106.jpg
20 3.210201 -6.247800 178.762100 0.447507 -0.683311 -0.576909 0.756700 0.930700
20 1.783700 -6.346802 177.560196 0.376803 -0.906408 -0.190902 0.740800 0.935000
20 3.210201 -6.247800 178.762100 0.350007 -0.927919 -0.128303 0.756300 0.930000
Skinclass106.jpg
20 5.023201 -5.304201 178.574707 0.403681 -0.829261 -0.386482 0.767400 0.917600
20 3.210201 -6.247800 178.762100 0.350007 -0.927919 -0.128303 0.756300 0.930000
20 3.157901 -5.986102 176.726303 0.400603 -0.915707 -0.031600 0.743400 0.917300
Skinclass106.jpg
20 3.157901 -5.986102 176.726303 0.400603 -0.915707 -0.031600 0.743400 0.917300
20 5.735501 -4.369801 177.366394 0.723996 -0.678696 -0.123299 0.768200 0.900300
20 5.023201 -5.304201 178.574707 0.403681 -0.829261 -0.386482 0.767400 0.917600
Skinclass106.jpg
20 5.023201 -5.304201 178.574707 0.403681 -0.829261 -0.386482 0.767400 0.917600
20 3.210201 -6.247800 178.762100 0.447507 -0.683311 -0.576909 0.756700 0.930700
20 3.210201 -6.247800 178.762100 0.350007 -0.927919 -0.128303 0.756300 0.930000
Skinclass106.jpg
20 3.157901 -5.986102 176.726303 0.400603 -0.915707 -0.031600 0.743400 0.917300
20 3.210201 -6.247800 178.762100 0.350007 -0.927919 -0.128303 0.756300 0.930000
20 1.783700 -6.346802 177.560196 0.376803 -0.906408 -0.190902 0.740800 0.935000
Skinclass106.jpg
20 2.118900 -0.914801 167.206696 0.807312 -0.384106 -0.448007 0.705800 0.810200
18 3.666500 -0.380101 159.089096 0.401105 -0.718509 0.568207 0.673800 0.746900
18 4.807800 3.672999 162.449295 0.862712 -0.013800 0.505507 0.713000 0.747000
Skinclass106.jpg
18 4.807800 3.672999 162.449295 0.862712 -0.013800 0.505507 0.713000 0.747000
20 4.368200 1.208099 170.194702 0.875504 0.134201 -0.464202 0.750700 0.806800
20 2.118900 -0.914801 167.206696 0.807312 -0.384106 -0.448007 0.705800 0.810200
Skinclass106.jpg
20 4.368200 1.208099 170.194702 0.875504 0.134201 -0.464202 0.750700 0.806800
18 4.807800 3.672999 162.449295 0.862712 -0.013800 0.505507 0.713000 0.747000
18 3.570400 5.587298 162.833893 0.650524 0.573321 0.498118 0.727000 0.735000
Skinclass106.jpg
18 3.570400 5.587298 162.833893 0.650524 0.573321 0.498118 0.727000 0.735000
20 2.652600 4.811499 170.501007 0.698099 0.609699 -0.375399 0.781000 0.774900
20 4.368200 1.208099 170.194702 0.875504 0.134201 -0.464202 0.750700 0.806800
Skinclass106.jpg
18 3.570400 5.587298 162.833893 0.650524 0.573321 0.498118 0.938000 0.754400
18 8.743400 1.943098 159.396301 0.424197 -0.360098 0.830895 0.866000 0.747400
18 8.766099 6.705999 159.414505 0.520814 0.149804 0.840423 0.884000 0.706400
Skinclass106.jpg
18 3.570400 5.587298 162.833893 0.650524 0.573321 0.498118 0.938000 0.754400
18 8.766099 6.705999 159.414505 0.520814 0.149804 0.840423 0.884000 0.706400
18 -0.000001 8.607897 162.145905 -0.000000 0.707607 0.706607 0.983500 0.740900
Skinclass106.jpg
18 -0.000001 8.607897 162.145905 -0.000000 0.707607 0.706607 0.983500 0.740900
18 -0.000001 8.447796 162.332199 -0.000000 0.867516 0.497409 0.983200 0.743400
18 3.570400 5.587298 162.833893 0.650524 0.573321 0.498118 0.938000 0.754400
Skinclass106.jpg
18 3.570400 5.587298 162.833893 0.650524 0.573321 0.498118 0.727000 0.735000
18 -0.000001 8.447796 162.332199 -0.000000 0.867516 0.497409 0.752200 0.696800
20 -0.000001 6.890498 170.439804 -0.000000 0.973497 -0.228699 0.802600 0.744900
Skinclass106.jpg
20 -0.000001 6.890498 170.439804 -0.000000 0.973497 -0.228699 0.802600 0.744900
20 2.652600 4.811499 170.501007 0.698099 0.609699 -0.375399 0.781000 0.774900
18 3.570400 5.587298 162.833893 0.650524 0.573321 0.498118 0.727000 0.735000
Skinclass106.jpg
20 4.368200 1.208099 170.194702 0.875504 0.134201 -0.464202 0.750700 0.806800
20 5.669300 5.158599 172.689407 0.728977 0.327190 -0.601281 0.794300 0.808300
20 6.582900 2.392499 173.308197 0.815700 0.122300 -0.565400 0.782300 0.828900
Skinclass106.jpg
20 4.368200 1.208099 170.194702 0.875504 0.134201 -0.464202 0.750700 0.806800
20 2.652600 4.811499 170.501007 0.698099 0.609699 -0.375399 0.781000 0.774900
20 3.840699 7.238099 172.492203 0.421509 0.575612 -0.700715 0.808800 0.786400
Skinclass106.jpg
20 3.840699 7.238099 172.492203 0.421509 0.575612 -0.700715 0.808800 0.786400
20 5.669300 5.158599 172.689407 0.728977 0.327190 -0.601281 0.794300 0.808300
20 4.368200 1.208099 170.194702 0.875504 0.134201 -0.464202 0.750700 0.806800
Skinclass106.jpg
20 -0.000001 8.170098 172.357300 -0.000000 0.716346 -0.697745 0.824000 0.745400
20 3.840699 7.238099 172.492203 0.421509 0.575612 -0.700715 0.808800 0.786400
20 2.652600 4.811499 170.501007 0.698099 0.609699 -0.375399 0.781000 0.774900
Skinclass106.jpg
20 -0.000001 8.170098 172.357300 -0.000000 0.716346 -0.697745 0.824000 0.745400
20 2.652600 4.811499 170.501007 0.698099 0.609699 -0.375399 0.781000 0.774900
20 -0.000001 6.890498 170.439804 -0.000000 0.973497 -0.228699 0.802600 0.744900
Skinclass106.jpg
20 -0.000001 8.170098 172.357300 -0.000000 0.716346 -0.697745 0.824000 0.745400
20 -0.000001 6.890498 170.439804 -0.000000 0.973497 -0.228699 0.802600 0.744900
20 -0.000001 7.989997 172.079193 1.000000 0.000000 -0.000000 0.821000 0.745200
Skinclass106.jpg
20 7.119599 6.709599 177.165497 0.883980 0.376192 -0.277594 0.831800 0.828100
20 7.792099 3.923299 176.280899 0.541675 0.781065 -0.310686 0.814800 0.834500
20 6.582900 2.392499 173.308197 0.815700 0.122300 -0.565400 0.782300 0.828900
Skinclass106.jpg
20 6.582900 2.392499 173.308197 0.815700 0.122300 -0.565400 0.782300 0.828900
20 5.669300 5.158599 172.689407 0.728977 0.327190 -0.601281 0.794300 0.808300
20 7.119599 6.709599 177.165497 0.883980 0.376192 -0.277594 0.831800 0.828100
Skinclass106.jpg
20 5.159400 9.913198 176.642395 0.605576 0.693172 -0.390884 0.849200 0.805700
20 7.119599 6.709599 177.165497 0.883980 0.376192 -0.277594 0.831800 0.828100
20 5.669300 5.158599 172.689407 0.728977 0.327190 -0.601281 0.794300 0.808300
Skinclass106.jpg
20 5.669300 5.158599 172.689407 0.728977 0.327190 -0.601281 0.794300 0.808300
20 3.840699 7.238099 172.492203 0.421509 0.575612 -0.700715 0.808800 0.786400
20 5.159400 9.913198 176.642395 0.605576 0.693172 -0.390884 0.849200 0.805700
Skinclass106.jpg
20 -0.000001 11.661097 176.031296 -0.000000 0.876608 -0.481205 0.876500 0.755800
20 5.159400 9.913198 176.642395 0.605576 0.693172 -0.390884 0.849200 0.805700
20 3.840699 7.238099 172.492203 0.421509 0.575612 -0.700715 0.808800 0.786400
Skinclass106.jpg
20 3.840699 7.238099 172.492203 0.421509 0.575612 -0.700715 0.808800 0.786400
20 -0.000001 8.170098 172.357300 -0.000000 0.716346 -0.697745 0.824000 0.745400
20 -0.000001 11.661097 176.031296 -0.000000 0.876608 -0.481205 0.876500 0.755800
Skinclass106.jpg
20 7.785500 7.192698 182.019196 0.939238 0.343114 0.010200 0.858700 0.857200
20 8.216900 3.207299 179.284195 0.905525 0.309709 0.290008 0.824000 0.860500
20 7.792099 3.923299 176.280899 0.541675 0.781065 -0.310686 0.814800 0.834500
Skinclass106.jpg
20 7.792099 3.923299 176.280899 0.541675 0.781065 -0.310686 0.814800 0.834500
20 7.119599 6.709599 177.165497 0.883980 0.376192 -0.277594 0.831800 0.828100
20 7.785500 7.192698 182.019196 0.939238 0.343114 0.010200 0.858700 0.857200
Skinclass106.jpg
20 7.119599 6.709599 177.165497 0.883980 0.376192 -0.277594 0.831800 0.828100
20 5.159400 9.913198 176.642395 0.605576 0.693172 -0.390884 0.849200 0.805700
20 5.447599 11.353998 181.573303 0.625613 0.779716 -0.025501 0.883900 0.831400
Skinclass106.jpg
20 5.447599 11.353998 181.573303 0.625613 0.779716 -0.025501 0.883900 0.831400
20 7.785500 7.192698 182.019196 0.939238 0.343114 0.010200 0.858700 0.857200
20 7.119599 6.709599 177.165497 0.883980 0.376192 -0.277594 0.831800 0.828100
Skinclass106.jpg
20 -0.000001 13.234196 180.913300 -0.000000 0.997512 -0.070501 0.926700 0.790600
20 5.447599 11.353998 181.573303 0.625613 0.779716 -0.025501 0.883900 0.831400
20 5.159400 9.913198 176.642395 0.605576 0.693172 -0.390884 0.849200 0.805700
Skinclass106.jpg
20 5.159400 9.913198 176.642395 0.605576 0.693172 -0.390884 0.849200 0.805700
20 -0.000001 11.661097 176.031296 -0.000000 0.876608 -0.481205 0.876500 0.755800
20 -0.000001 13.234196 180.913300 -0.000000 0.997512 -0.070501 0.926700 0.790600
Skinclass106.jpg
20 8.463600 2.449199 181.705597 0.999815 -0.003100 0.019000 0.831000 0.878400
20 7.785500 7.192698 182.019196 0.939238 0.343114 0.010200 0.858700 0.857200
20 7.498700 6.077299 186.313293 0.873836 0.249010 0.417617 0.872600 0.885500
Skinclass106.jpg
20 7.498700 6.077299 186.313293 0.873836 0.249010 0.417617 0.872600 0.885500
20 7.996200 0.450399 185.367996 0.912734 -0.180307 0.366614 0.841400 0.909300
20 8.463600 2.449199 181.705597 0.999815 -0.003100 0.019000 0.831000 0.878400
Skinclass106.jpg
20 7.785500 7.192698 182.019196 0.939238 0.343114 0.010200 0.858700 0.857200
20 5.447599 11.353998 181.573303 0.625613 0.779716 -0.025501 0.883900 0.831400
20 5.120999 10.409998 186.331802 0.588313 0.673315 0.447810 0.904100 0.866000
Skinclass106.jpg
20 5.120999 10.409998 186.331802 0.588313 0.673315 0.447810 0.904100 0.866000
20 7.498700 6.077299 186.313293 0.873836 0.249010 0.417617 0.872600 0.885500
20 7.785500 7.192698 182.019196 0.939238 0.343114 0.010200 0.858700 0.857200
Skinclass106.jpg
20 -0.000001 12.080496 186.735199 -0.000000 0.882674 0.469986 0.957600 0.852700
20 5.120999 10.409998 186.331802 0.588313 0.673315 0.447810 0.904100 0.866000
20 5.447599 11.353998 181.573303 0.625613 0.779716 -0.025501 0.883900 0.831400
Skinclass106.jpg
20 5.447599 11.353998 181.573303 0.625613 0.779716 -0.025501 0.883900 0.831400
20 -0.000001 13.234196 180.913300 -0.000000 0.997512 -0.070501 0.926700 0.790600
20 -0.000001 12.080496 186.735199 -0.000000 0.882674 0.469986 0.957600 0.852700
Skinclass106.jpg
20 7.996200 0.450399 185.367996 0.912734 -0.180307 0.366614 0.841400 0.909300
20 7.498700 6.077299 186.313293 0.873836 0.249010 0.417617 0.872600 0.885500
20 5.131500 3.830398 189.698700 0.518103 0.013900 0.855205 0.886900 0.919600
Skinclass106.jpg
20 5.131500 3.830398 189.698700 0.518103 0.013900 0.855205 0.886900 0.919600
20 5.584400 -1.209101 187.763702 0.543669 -0.418776 0.727359 0.849900 0.936500
20 7.996200 0.450399 185.367996 0.912734 -0.180307 0.366614 0.841400 0.909300
Skinclass106.jpg
20 3.206999 8.186998 189.147095 0.390685 0.406985 0.825669 0.921000 0.898300
20 5.131500 3.830398 189.698700 0.518103 0.013900 0.855205 0.886900 0.919600
20 7.498700 6.077299 186.313293 0.873836 0.249010 0.417617 0.872600 0.885500
Skinclass106.jpg
20 7.498700 6.077299 186.313293 0.873836 0.249010 0.417617 0.872600 0.885500
20 5.120999 10.409998 186.331802 0.588313 0.673315 0.447810 0.904100 0.866000
20 3.206999 8.186998 189.147095 0.390685 0.406985 0.825669 0.921000 0.898300
Skinclass106.jpg
20 -0.000001 8.803497 189.904404 -0.000000 0.449492 0.893284 0.955300 0.908000
20 3.206999 8.186998 189.147095 0.390685 0.406985 0.825669 0.921000 0.898300
20 5.120999 10.409998 186.331802 0.588313 0.673315 0.447810 0.904100 0.866000
Skinclass106.jpg
20 5.120999 10.409998 186.331802 0.588313 0.673315 0.447810 0.904100 0.866000
20 -0.000001 12.080496 186.735199 -0.000000 0.882674 0.469986 0.957600 0.852700
20 -0.000001 8.803497 189.904404 -0.000000 0.449492 0.893284 0.955300 0.908000
Skinclass106.jpg
20 5.584400 -1.209101 187.763702 0.543669 -0.418776 0.727359 0.849900 0.936500
20 5.131500 3.830398 189.698700 0.518103 0.013900 0.855205 0.886900 0.919600
20 -0.000000 2.938298 190.795700 0.000000 -0.099395 0.995048 0.920000 0.963300
Skinclass106.jpg
20 -0.000000 2.938298 190.795700 0.000000 -0.099395 0.995048 0.920000 0.963300
20 0.000000 -2.455602 188.982101 0.013499 -0.461078 0.887257 0.861600 0.995900
20 5.584400 -1.209101 187.763702 0.543669 -0.418776 0.727359 0.849900 0.936500
Skinclass106.jpg
20 3.206999 8.186998 189.147095 0.390685 0.406985 0.825669 0.921000 0.898300
20 -0.000001 8.803497 189.904404 -0.000000 0.449492 0.893284 0.955300 0.908000
20 -0.000000 2.938298 190.795700 0.000000 -0.099395 0.995048 0.920000 0.963300
Skinclass106.jpg
20 -0.000000 2.938298 190.795700 0.000000 -0.099395 0.995048 0.920000 0.963300
20 5.131500 3.830398 189.698700 0.518103 0.013900 0.855205 0.886900 0.919600
20 3.206999 8.186998 189.147095 0.390685 0.406985 0.825669 0.921000 0.898300
Skinclass106.jpg
20 7.796200 2.628599 176.133102 0.822110 -0.555006 -0.126901 0.793900 0.853000
20 8.211600 2.127299 179.119400 0.954249 -0.298815 -0.010901 0.814300 0.869900
20 8.115500 0.385599 180.605698 0.983869 -0.167395 -0.063098 0.815200 0.885000
Skinclass106.jpg
20 8.115500 0.385599 180.605698 0.983869 -0.167395 -0.063098 0.815200 0.885000
20 7.675701 -1.381401 178.812302 0.953622 -0.289507 -0.082402 0.796400 0.886700
20 7.796200 2.628599 176.133102 0.822110 -0.555006 -0.126901 0.793900 0.853000
Skinclass106.jpg
20 8.376500 2.589699 173.406494 0.497594 -0.215597 -0.840189 0.792000 0.835600
20 9.363300 3.687199 175.216095 0.845807 0.306003 -0.437004 0.806200 0.845000
20 7.796200 2.628599 176.133102 0.822110 -0.555006 -0.126901 0.793900 0.853000
Skinclass106.jpg
20 7.796200 2.628599 176.133102 0.822110 -0.555006 -0.126901 0.793900 0.853000
20 6.582900 2.392499 173.308197 0.815700 0.122300 -0.565400 0.782300 0.828900
20 8.376500 2.589699 173.406494 0.497594 -0.215597 -0.840189 0.792000 0.835600
Skinclass106.jpg
20 9.363300 3.687199 175.216095 0.845807 0.306003 -0.437004 0.806200 0.845000
20 8.376500 2.589699 173.406494 0.497594 -0.215597 -0.840189 0.792000 0.835600
20 6.582900 2.392499 173.308197 0.815700 0.122300 -0.565400 0.782300 0.828900
Skinclass106.jpg
20 6.582900 2.392499 173.308197 0.815700 0.122300 -0.565400 0.782300 0.828900
20 7.792099 3.923299 176.280899 0.541675 0.781065 -0.310686 0.814800 0.834500
20 9.363300 3.687199 175.216095 0.845807 0.306003 -0.437004 0.806200 0.845000
Skinclass106.jpg
20 7.792099 3.923299 176.280899 0.541675 0.781065 -0.310686 0.814800 0.834500
20 9.915000 3.895399 177.541595 0.913634 0.397315 0.086103 0.815100 0.854800
20 9.363300 3.687199 175.216095 0.845807 0.306003 -0.437004 0.806200 0.845000
Skinclass106.jpg
20 8.216900 3.207299 179.284195 0.905525 0.309709 0.290008 0.824000 0.860500
20 8.211600 2.127299 179.119400 0.954249 -0.298815 -0.010901 0.814300 0.869900
20 9.464000 3.404999 178.969894 0.751690 0.263497 0.604592 0.818100 0.859000
Skinclass106.jpg
20 8.211600 2.127299 179.119400 0.954249 -0.298815 -0.010901 0.814300 0.869900
20 7.796200 2.628599 176.133102 0.822110 -0.555006 -0.126901 0.793900 0.853000
20 9.915000 3.895399 177.541595 0.913634 0.397315 0.086103 0.815100 0.854800
Skinclass106.jpg
20 9.915000 3.895399 177.541595 0.913634 0.397315 0.086103 0.815100 0.854800
20 9.464000 3.404999 178.969894 0.751690 0.263497 0.604592 0.818100 0.859000
20 8.211600 2.127299 179.119400 0.954249 -0.298815 -0.010901 0.814300 0.869900
Skinclass106.jpg
18 3.666500 -0.380101 159.089096 0.401105 -0.718509 0.568207 0.673800 0.746900
20 2.118900 -0.914801 167.206696 0.807312 -0.384106 -0.448007 0.705800 0.810200
20 0.000000 -2.130501 166.252396 0.000000 -0.640420 -0.768025 0.677400 0.817600
Skinclass106.jpg
20 0.000000 -2.130501 166.252396 0.000000 -0.640420 -0.768025 0.677400 0.817600
18 0.000000 -1.510401 159.256897 0.000000 -0.923791 0.382896 0.642500 0.772100
18 3.666500 -0.380101 159.089096 0.401105 -0.718509 0.568207 0.673800 0.746900
Skinclass106.jpg
20 7.202000 -1.028401 173.707504 0.940272 -0.123096 -0.317390 0.770300 0.854500
20 6.582900 2.392499 173.308197 0.815700 0.122300 -0.565400 0.782300 0.828900
20 7.796200 2.628599 176.133102 0.822110 -0.555006 -0.126901 0.793900 0.853000
Skinclass106.jpg
20 7.796200 2.628599 176.133102 0.822110 -0.555006 -0.126901 0.793900 0.853000
20 7.675701 -1.381401 178.812302 0.953622 -0.289507 -0.082402 0.796400 0.886700
20 7.202000 -1.028401 173.707504 0.940272 -0.123096 -0.317390 0.770300 0.854500
Skinclass106.jpg
20 7.792099 3.923299 176.280899 0.541675 0.781065 -0.310686 0.814800 0.834500
20 8.216900 3.207299 179.284195 0.905525 0.309709 0.290008 0.824000 0.860500
20 9.464000 3.404999 178.969894 0.751690 0.263497 0.604592 0.818100 0.859000
Skinclass106.jpg
20 9.464000 3.404999 178.969894 0.751690 0.263497 0.604592 0.818100 0.859000
20 9.915000 3.895399 177.541595 0.913634 0.397315 0.086103 0.815100 0.854800
20 7.792099 3.923299 176.280899 0.541675 0.781065 -0.310686 0.814800 0.834500
Skinclass106.jpg
20 7.796200 2.628599 176.133102 0.822110 -0.555006 -0.126901 0.793900 0.853000
20 9.363300 3.687199 175.216095 0.845807 0.306003 -0.437004 0.806200 0.845000
20 9.915000 3.895399 177.541595 0.913634 0.397315 0.086103 0.815100 0.854800
Skinclass106.jpg
20 7.785500 7.192698 182.019196 0.939238 0.343114 0.010200 0.858700 0.857200
20 8.463600 2.449199 181.705597 0.999815 -0.003100 0.019000 0.831000 0.878400
20 8.216900 3.207299 179.284195 0.905525 0.309709 0.290008 0.824000 0.860500
Skinclass106.jpg
18 3.570400 5.587298 162.833893 0.650524 0.573321 0.498118 0.938000 0.754400
18 4.807800 3.672999 162.449295 0.862712 -0.013800 0.505507 0.918100 0.763600
18 8.743400 1.943098 159.396301 0.424197 -0.360098 0.830895 0.866000 0.747400
Skinclass106.jpg
18 8.743400 1.943098 159.396301 0.424197 -0.360098 0.830895 0.628900 0.782200
18 4.807800 3.672999 162.449295 0.862712 -0.013800 0.505507 0.613600 0.841300
18 3.666500 -0.380101 159.089096 0.401105 -0.718509 0.568207 0.572600 0.807100
Skinclass106.jpg
18 3.120100 -4.390601 156.207504 0.064103 -0.692736 0.718337 0.538100 0.772200
18 3.666500 -0.380101 159.089096 0.401105 -0.718509 0.568207 0.572600 0.807100
18 0.000000 -1.510401 159.256897 0.000000 -0.923791 0.382896 0.536300 0.828100
Skinclass106.jpg
18 0.000000 -1.510401 159.256897 0.000000 -0.923791 0.382896 0.536300 0.828100
18 0.000000 -4.526201 155.414902 0.000000 -0.786582 0.617486 0.506800 0.790700
18 3.120100 -4.390601 156.207504 0.064103 -0.692736 0.718337 0.538100 0.772200
Skinclass106.jpg
20 0.000000 -2.455602 188.982101 0.013499 -0.461078 0.887257 0.861600 0.995900
20 -5.584300 -1.209103 187.763702 -0.554594 -0.371496 0.744592 0.849900 0.936500
20 -5.651800 -5.212302 185.050201 -0.604306 -0.680807 0.413904 0.816600 0.937900
Skinclass106.jpg
20 -5.651800 -5.212302 185.050201 -0.604306 -0.680807 0.413904 0.816600 0.937900
20 -2.527499 -6.341302 185.480103 -0.312403 -0.796808 0.517205 0.810200 0.969900
20 0.000000 -2.455602 188.982101 0.013499 -0.461078 0.887257 0.861600 0.995900
Skinclass106.jpg
20 -2.616799 -7.111403 181.690994 -0.363617 -0.926442 0.097404 0.402400 0.067100
20 -3.171999 -6.825401 179.389603 -0.427093 -0.858286 -0.284495 0.416300 0.051900
20 -1.380900 -7.414901 178.909897 -0.308385 -0.907757 -0.284387 0.401300 0.039100
Skinclass106.jpg
20 -8.211600 2.127297 179.119400 -0.954249 -0.298815 -0.010901 0.814300 0.869900
20 -8.115500 0.385597 180.605698 -0.983869 -0.167395 -0.063098 0.815200 0.885000
20 -8.463600 2.449197 181.705597 -0.999815 -0.003100 0.019000 0.831000 0.878400
Skinclass106.jpg
20 -8.463600 2.449197 181.705597 -0.999815 -0.003100 0.019000 0.831000 0.878400
20 -8.216900 3.207297 179.284195 -0.905525 0.309709 0.290008 0.824000 0.860500
20 -8.211600 2.127297 179.119400 -0.954249 -0.298815 -0.010901 0.814300 0.869900
Skinclass106.jpg
20 -2.616799 -7.111403 181.690994 -0.363617 -0.926442 0.097404 0.402400 0.067100
20 -0.025499 -7.886701 181.228897 -0.001500 -0.997643 0.068603 0.376500 0.056100
20 0.005901 -6.945302 185.665695 0.000700 -0.848997 0.528398 0.368400 0.105000
Skinclass106.jpg
20 0.005901 -6.945302 185.665695 0.000700 -0.848997 0.528398 0.368400 0.105000
20 -2.527499 -6.341302 185.480103 -0.312403 -0.796808 0.517205 0.394800 0.104400
20 -2.616799 -7.111403 181.690994 -0.363617 -0.926442 0.097404 0.402400 0.067100
Skinclass106.jpg
20 -0.588599 -7.701800 175.744705 -0.664697 -0.681798 0.305499 0.716200 0.934000
20 0.000001 -7.966602 175.822403 0.000000 -0.888490 0.458895 0.712100 0.940000
20 0.000001 -7.264902 177.849197 0.000000 -0.994650 -0.103305 0.727900 0.954100
Skinclass106.jpg
20 0.000001 -7.264902 177.849197 0.000000 -0.994650 -0.103305 0.727900 0.954100
20 -0.720499 -6.964401 177.762405 -0.439671 -0.882442 -0.167289 0.732800 0.946700
20 -0.588599 -7.701800 175.744705 -0.664697 -0.681798 0.305499 0.716200 0.934000
Skinclass106.jpg
20 -1.380299 -7.166301 171.201401 -0.467282 -0.878367 -0.100596 0.696800 0.888800
20 0.000001 -7.673702 170.987396 0.000000 -0.988087 -0.153898 0.681900 0.894400
20 0.000001 -7.640400 172.193207 0.000000 -0.876608 -0.481205 0.687300 0.905100
Skinclass106.jpg
20 0.000001 -7.640400 172.193207 0.000000 -0.876608 -0.481205 0.687300 0.905100
20 -1.403999 -7.036701 172.537003 -0.623071 -0.777664 -0.083796 0.703600 0.900400
20 -1.380299 -7.166301 171.201401 -0.467282 -0.878367 -0.100596 0.696800 0.888800
Skinclass106.jpg
20 -0.720499 -6.964401 177.762405 -0.439671 -0.882442 -0.167289 0.732800 0.946700
20 0.000001 -7.264902 177.849197 0.000000 -0.994650 -0.103305 0.727900 0.954100
20 0.000001 -7.679401 178.693695 0.000500 -0.956509 -0.291703 0.736800 0.964100
Skinclass106.jpg
20 0.000001 -7.679401 178.693695 0.000500 -0.956509 -0.291703 0.736800 0.964100
20 -1.380900 -7.414901 178.909897 -0.308385 -0.907757 -0.284387 0.746900 0.952400
20 -0.720499 -6.964401 177.762405 -0.439671 -0.882442 -0.167289 0.732800 0.946700
Skinclass106.jpg
20 -1.380900 -7.414901 178.909897 -0.308385 -0.907757 -0.284387 0.746900 0.952400
20 -1.783700 -6.346801 177.560196 -0.376803 -0.906408 -0.190902 0.740800 0.935000
20 -0.720499 -6.964401 177.762405 -0.439671 -0.882442 -0.167289 0.732800 0.946700
Skinclass106.jpg
20 -3.171999 -6.825401 179.389603 -0.427093 -0.858286 -0.284495 0.762100 0.939700
20 -3.210200 -6.247802 178.762100 -0.425415 -0.798029 -0.426816 0.756700 0.930700
20 -1.783700 -6.346801 177.560196 -0.376803 -0.906408 -0.190902 0.740800 0.935000
Skinclass106.jpg
20 -1.783700 -6.346801 177.560196 -0.376803 -0.906408 -0.190902 0.740800 0.935000
20 -1.380900 -7.414901 178.909897 -0.308385 -0.907757 -0.284387 0.746900 0.952400
20 -3.171999 -6.825401 179.389603 -0.427093 -0.858286 -0.284495 0.762100 0.939700
Skinclass106.jpg
20 -5.735499 -4.369802 177.366394 -0.723995 -0.678696 -0.123299 0.768200 0.900300
20 -5.023200 -5.304202 178.574707 -0.403681 -0.829261 -0.386482 0.767400 0.917600
20 -5.447000 -5.651803 179.459503 -0.561208 -0.799611 -0.213703 0.776800 0.919300
Skinclass106.jpg
20 -5.447000 -5.651803 179.459503 -0.561208 -0.799611 -0.213703 0.776800 0.919300
20 -6.391099 -4.580802 179.226303 -0.874150 -0.434225 -0.217512 0.782300 0.908500
20 -5.735499 -4.369802 177.366394 -0.723995 -0.678696 -0.123299 0.768200 0.900300
Skinclass106.jpg
20 -0.720499 -6.964401 177.762405 -0.439671 -0.882442 -0.167289 0.732800 0.946700
20 -1.783700 -6.346801 177.560196 -0.376803 -0.906408 -0.190902 0.740800 0.935000
20 -1.381999 -6.672701 175.333694 -0.593308 -0.798410 0.102601 0.721800 0.922400
Skinclass106.jpg
20 -1.381999 -6.672701 175.333694 -0.593308 -0.798410 0.102601 0.721800 0.922400
20 -0.588599 -7.701800 175.744705 -0.664697 -0.681798 0.305499 0.716200 0.934000
20 -0.720499 -6.964401 177.762405 -0.439671 -0.882442 -0.167289 0.732800 0.946700
Skinclass106.jpg
20 -0.674599 -8.908100 173.978699 -0.668168 -0.727666 0.155093 0.700900 0.923100
20 -1.669100 -6.735200 173.275208 -0.655598 -0.750998 0.078700 0.711500 0.904700
20 -1.403999 -7.036701 172.537003 -0.623071 -0.777664 -0.083796 0.703600 0.900400
Skinclass106.jpg
20 -1.403999 -7.036701 172.537003 -0.623071 -0.777664 -0.083796 0.703600 0.900400
20 -0.565899 -8.786802 172.956299 -0.521617 -0.638121 -0.566319 0.695100 0.916100
20 -0.674599 -8.908100 173.978699 -0.668168 -0.727666 0.155093 0.700900 0.923100
Skinclass106.jpg
20 -1.403999 -7.036701 172.537003 -0.623071 -0.777664 -0.083796 0.703600 0.900400
20 0.000001 -7.640400 172.193207 0.000000 -0.876608 -0.481205 0.687300 0.905100
20 0.000001 -8.991400 172.936905 0.000000 -0.819776 -0.572684 0.689500 0.918900
Skinclass106.jpg
20 0.000001 -8.991400 172.936905 0.000000 -0.819776 -0.572684 0.689500 0.918900
20 -0.565899 -8.786802 172.956299 -0.521617 -0.638121 -0.566319 0.695100 0.916100
20 -1.403999 -7.036701 172.537003 -0.623071 -0.777664 -0.083796 0.703600 0.900400
Skinclass106.jpg
20 -2.982199 -6.156002 174.922104 -0.429583 -0.902565 0.028899 0.731300 0.906100
20 -3.157900 -5.986102 176.726303 -0.400603 -0.915707 -0.031600 0.743400 0.917300
20 -5.735499 -4.369802 177.366394 -0.723995 -0.678696 -0.123299 0.768200 0.900300
Skinclass106.jpg
20 -5.735499 -4.369802 177.366394 -0.723995 -0.678696 -0.123299 0.768200 0.900300
20 -5.858699 -4.469802 174.274796 -0.751552 -0.651959 -0.100594 0.753000 0.879300
20 -2.982199 -6.156002 174.922104 -0.429583 -0.902565 0.028899 0.731300 0.906100
Skinclass106.jpg
20 -1.380900 -7.414901 178.909897 -0.308385 -0.907757 -0.284387 0.401300 0.039100
20 0.000001 -7.679401 178.693695 0.000500 -0.956509 -0.291703 0.388000 0.031100
20 -0.025499 -7.886701 181.228897 -0.001500 -0.997643 0.068603 0.376500 0.056100
Skinclass106.jpg
20 -0.025499 -7.886701 181.228897 -0.001500 -0.997643 0.068603 0.376500 0.056100
20 -2.616799 -7.111403 181.690994 -0.363617 -0.926442 0.097404 0.402400 0.067100
20 -1.380900 -7.414901 178.909897 -0.308385 -0.907757 -0.284387 0.401300 0.039100
Skinclass106.jpg
20 -6.391099 -4.580802 179.226303 -0.874150 -0.434225 -0.217512 0.450500 0.066500
20 -5.447000 -5.651803 179.459503 -0.561208 -0.799611 -0.213703 0.439000 0.062900
20 -5.623499 -5.506602 181.628906 -0.658991 -0.749690 0.060799 0.432900 0.079700
Skinclass106.jpg
20 -5.623499 -5.506602 181.628906 -0.658991 -0.749690 0.060799 0.432900 0.079700
20 -7.106299 -3.253802 180.902603 -0.899003 -0.434601 -0.054000 0.454800 0.084000
20 -6.391099 -4.580802 179.226303 -0.874150 -0.434225 -0.217512 0.450500 0.066500
Skinclass106.jpg
20 -0.674599 -8.908100 173.978699 -0.668168 -0.727666 0.155093 0.700900 0.923100
20 -0.565899 -8.786802 172.956299 -0.521617 -0.638121 -0.566319 0.695100 0.916100
20 0.000001 -8.991400 172.936905 0.000000 -0.819776 -0.572684 0.689500 0.918900
Skinclass106.jpg
20 0.000001 -8.991400 172.936905 0.000000 -0.819776 -0.572684 0.689500 0.918900
20 0.000001 -9.167902 174.089005 0.000000 -0.970225 0.242206 0.696000 0.928800
20 -0.674599 -8.908100 173.978699 -0.668168 -0.727666 0.155093 0.700900 0.923100
Skinclass106.jpg
20 -0.588599 -7.701800 175.744705 -0.664697 -0.681798 0.305499 0.716200 0.934000
20 -1.381999 -6.672701 175.333694 -0.593308 -0.798410 0.102601 0.721800 0.922400
20 -1.669100 -6.735200 173.275208 -0.655598 -0.750998 0.078700 0.711500 0.904700
Skinclass106.jpg
20 -1.669100 -6.735200 173.275208 -0.655598 -0.750998 0.078700 0.711500 0.904700
20 -0.674599 -8.908100 173.978699 -0.668168 -0.727666 0.155093 0.700900 0.923100
20 -0.588599 -7.701800 175.744705 -0.664697 -0.681798 0.305499 0.716200 0.934000
Skinclass106.jpg
20 -0.588599 -7.701800 175.744705 -0.664697 -0.681798 0.305499 0.716200 0.934000
20 -0.674599 -8.908100 173.978699 -0.668168 -0.727666 0.155093 0.700900 0.923100
20 0.000001 -9.167902 174.089005 0.000000 -0.970225 0.242206 0.696000 0.928800
Skinclass106.jpg
20 0.000001 -9.167902 174.089005 0.000000 -0.970225 0.242206 0.696000 0.928800
20 0.000001 -7.966602 175.822403 0.000000 -0.888490 0.458895 0.712100 0.940000
20 -0.588599 -7.701800 175.744705 -0.664697 -0.681798 0.305499 0.716200 0.934000
Skinclass106.jpg
20 -5.447000 -5.651803 179.459503 -0.561208 -0.799611 -0.213703 0.776800 0.919300
20 -5.023200 -5.304202 178.574707 -0.403681 -0.829261 -0.386482 0.767400 0.917600
20 -3.210200 -6.247802 178.762100 -0.425415 -0.798029 -0.426816 0.756700 0.930700
Skinclass106.jpg
20 -3.210200 -6.247802 178.762100 -0.425415 -0.798029 -0.426816 0.756700 0.930700
20 -3.171999 -6.825401 179.389603 -0.427093 -0.858286 -0.284495 0.762100 0.939700
20 -5.447000 -5.651803 179.459503 -0.561208 -0.799611 -0.213703 0.776800 0.919300
Skinclass106.jpg
20 -1.381999 -6.672701 175.333694 -0.593308 -0.798410 0.102601 0.721800 0.922400
20 -1.783700 -6.346801 177.560196 -0.376803 -0.906408 -0.190902 0.740800 0.935000
20 -3.157900 -5.986102 176.726303 -0.400603 -0.915707 -0.031600 0.743400 0.917300
Skinclass106.jpg
20 -3.157900 -5.986102 176.726303 -0.400603 -0.915707 -0.031600 0.743400 0.917300
20 -2.982199 -6.156002 174.922104 -0.429583 -0.902565 0.028899 0.731300 0.906100
20 -1.381999 -6.672701 175.333694 -0.593308 -0.798410 0.102601 0.721800 0.922400
Skinclass106.jpg
20 -2.616799 -7.111403 181.690994 -0.363617 -0.926442 0.097404 0.402400 0.067100
20 -5.623499 -5.506602 181.628906 -0.658991 -0.749690 0.060799 0.432900 0.079700
20 -5.447000 -5.651803 179.459503 -0.561208 -0.799611 -0.213703 0.439000 0.062900
Skinclass106.jpg
20 -5.447000 -5.651803 179.459503 -0.561208 -0.799611 -0.213703 0.439000 0.062900
20 -3.171999 -6.825401 179.389603 -0.427093 -0.858286 -0.284495 0.416300 0.051900
20 -2.616799 -7.111403 181.690994 -0.363617 -0.926442 0.097404 0.402400 0.067100
Skinclass106.jpg
20 -1.256000 -6.550602 168.744705 -0.343106 -0.894215 -0.287505 0.687100 0.868100
20 0.000001 -6.740301 168.954605 0.000000 -0.946430 -0.322910 0.674700 0.875000
20 0.000001 -7.673702 170.987396 0.000000 -0.988087 -0.153898 0.681900 0.894400
Skinclass106.jpg
20 0.000001 -7.673702 170.987396 0.000000 -0.988087 -0.153898 0.681900 0.894400
20 -1.380299 -7.166301 171.201401 -0.467282 -0.878367 -0.100596 0.696800 0.888800
20 -1.256000 -6.550602 168.744705 -0.343106 -0.894215 -0.287505 0.687100 0.868100
Skinclass106.jpg
20 -5.584300 -1.209103 187.763702 -0.554594 -0.371496 0.744592 0.849900 0.936500
20 -7.996200 0.450397 185.367996 -0.912734 -0.180307 0.366614 0.841400 0.909300
20 -7.957200 -1.747402 183.167297 -0.941227 -0.315009 0.121904 0.820200 0.910100
Skinclass106.jpg
20 -7.957200 -1.747402 183.167297 -0.941227 -0.315009 0.121904 0.820200 0.910100
20 -5.651800 -5.212302 185.050201 -0.604306 -0.680807 0.413904 0.816600 0.937900
20 -5.584300 -1.209103 187.763702 -0.554594 -0.371496 0.744592 0.849900 0.936500
Skinclass106.jpg
20 -4.116099 -5.246001 170.768204 -0.687227 -0.683627 -0.245710 0.722900 0.864500
20 -2.407500 -6.546603 171.844406 -0.532867 -0.845248 -0.040098 0.710100 0.888000
20 -2.982199 -6.156002 174.922104 -0.429583 -0.902565 0.028899 0.731300 0.906100
Skinclass106.jpg
20 -2.982199 -6.156002 174.922104 -0.429583 -0.902565 0.028899 0.731300 0.906100
20 -5.858699 -4.469802 174.274796 -0.751552 -0.651959 -0.100594 0.753000 0.879300
20 -4.116099 -5.246001 170.768204 -0.687227 -0.683627 -0.245710 0.722900 0.864500
Skinclass106.jpg
20 -1.381999 -6.672701 175.333694 -0.593308 -0.798410 0.102601 0.721800 0.922400
20 -2.982199 -6.156002 174.922104 -0.429583 -0.902565 0.028899 0.731300 0.906100
20 -2.407500 -6.546603 171.844406 -0.532867 -0.845248 -0.040098 0.710100 0.888000
Skinclass106.jpg
20 -2.407500 -6.546603 171.844406 -0.532867 -0.845248 -0.040098 0.710100 0.888000
20 -1.669100 -6.735200 173.275208 -0.655598 -0.750998 0.078700 0.711500 0.904700
20 -1.381999 -6.672701 175.333694 -0.593308 -0.798410 0.102601 0.721800 0.922400
Skinclass106.jpg
20 0.000001 -5.863001 166.200806 0.000000 -0.427304 -0.904108 0.668600 0.846600
20 -1.211100 -5.230802 166.513000 -0.561989 -0.212496 -0.799384 0.683300 0.844100
20 0.000000 -2.130501 166.252396 0.000000 -0.640420 -0.768025 0.677400 0.817600
Skinclass106.jpg
20 0.000000 -2.130501 166.252396 0.000000 -0.640420 -0.768025 0.677400 0.817600
20 -1.211100 -5.230802 166.513000 -0.561989 -0.212496 -0.799384 0.683300 0.844100
20 -2.379600 -2.887202 167.190399 -0.588590 0.008500 -0.808387 0.702700 0.827200
Skinclass106.jpg
20 -2.379600 -2.887202 167.190399 -0.588590 0.008500 -0.808387 0.702700 0.827200
20 -2.118900 -0.914801 167.206696 -0.807312 -0.384106 -0.448007 0.705800 0.810600
20 0.000000 -2.130501 166.252396 0.000000 -0.640420 -0.768025 0.677400 0.817600
Skinclass106.jpg
20 0.000001 -5.863001 166.200806 0.000000 -0.427304 -0.904108 0.668600 0.846600
20 0.000001 -6.664200 167.086304 0.000000 -0.938011 -0.346604 0.669200 0.858300
20 -1.270900 -6.020702 167.075806 -0.550780 -0.664176 -0.505482 0.682900 0.852100
Skinclass106.jpg
20 -1.270900 -6.020702 167.075806 -0.550780 -0.664176 -0.505482 0.682900 0.852100
20 -1.211100 -5.230802 166.513000 -0.561989 -0.212496 -0.799384 0.683300 0.844100
20 0.000001 -5.863001 166.200806 0.000000 -0.427304 -0.904108 0.668600 0.846600
Skinclass106.jpg
20 0.000001 -6.740301 168.954605 0.000000 -0.946430 -0.322910 0.674700 0.875000
20 -1.256000 -6.550602 168.744705 -0.343106 -0.894215 -0.287505 0.687100 0.868100
20 -1.270900 -6.020702 167.075806 -0.550780 -0.664176 -0.505482 0.682900 0.852100
Skinclass106.jpg
20 -1.270900 -6.020702 167.075806 -0.550780 -0.664176 -0.505482 0.682900 0.852100
20 0.000001 -6.664200 167.086304 0.000000 -0.938011 -0.346604 0.669200 0.858300
20 0.000001 -6.740301 168.954605 0.000000 -0.946430 -0.322910 0.674700 0.875000
Skinclass106.jpg
20 -1.256000 -6.550602 168.744705 -0.343106 -0.894215 -0.287505 0.687100 0.868100
20 -1.380299 -7.166301 171.201401 -0.467282 -0.878367 -0.100596 0.696800 0.888800
20 -2.407500 -6.546603 171.844406 -0.532867 -0.845248 -0.040098 0.710100 0.888000
Skinclass106.jpg
20 -2.407500 -6.546603 171.844406 -0.532867 -0.845248 -0.040098 0.710100 0.888000
20 -4.116099 -5.246001 170.768204 -0.687227 -0.683627 -0.245710 0.722900 0.864500
20 -1.256000 -6.550602 168.744705 -0.343106 -0.894215 -0.287505 0.687100 0.868100
Skinclass106.jpg
20 -1.270900 -6.020702 167.075806 -0.550780 -0.664176 -0.505482 0.682900 0.852100
20 -1.256000 -6.550602 168.744705 -0.343106 -0.894215 -0.287505 0.687100 0.868100
20 -4.116099 -5.246001 170.768204 -0.687227 -0.683627 -0.245710 0.722900 0.864500
Skinclass106.jpg
20 -4.116099 -5.246001 170.768204 -0.687227 -0.683627 -0.245710 0.722900 0.864500
20 -3.639900 -4.323402 168.590103 -0.734790 -0.345695 -0.583592 0.713700 0.846000
20 -1.270900 -6.020702 167.075806 -0.550780 -0.664176 -0.505482 0.682900 0.852100
Skinclass106.jpg
20 -8.115500 0.385597 180.605698 -0.983869 -0.167395 -0.063098 0.479400 0.094800
20 -7.675700 -1.381402 178.812302 -0.953622 -0.289507 -0.082402 0.474500 0.076700
20 -7.106299 -3.253802 180.902603 -0.899003 -0.434601 -0.054000 0.454800 0.084000
Skinclass106.jpg
20 -7.106299 -3.253802 180.902603 -0.899003 -0.434601 -0.054000 0.454800 0.084000
20 -7.957200 -1.747402 183.167297 -0.941227 -0.315009 0.121904 0.455500 0.104100
20 -8.115500 0.385597 180.605698 -0.983869 -0.167395 -0.063098 0.479400 0.094800
Skinclass106.jpg
20 -7.106299 -3.253802 180.902603 -0.899003 -0.434601 -0.054000 0.800300 0.907300
20 -7.675700 -1.381402 178.812302 -0.953622 -0.289507 -0.082402 0.796400 0.886700
20 -5.735499 -4.369802 177.366394 -0.723995 -0.678696 -0.123299 0.768200 0.900300
Skinclass106.jpg
20 -5.735499 -4.369802 177.366394 -0.723995 -0.678696 -0.123299 0.768200 0.900300
20 -6.391099 -4.580802 179.226303 -0.874150 -0.434225 -0.217512 0.782300 0.908500
20 -7.106299 -3.253802 180.902603 -0.899003 -0.434601 -0.054000 0.800300 0.907300
Skinclass106.jpg
20 0.000000 -2.455602 188.982101 0.013499 -0.461078 0.887257 0.861600 0.995900
20 -2.527499 -6.341302 185.480103 -0.312403 -0.796808 0.517205 0.810200 0.969900
20 0.005901 -6.945302 185.665695 0.000700 -0.848997 0.528398 0.806200 0.996100
Skinclass106.jpg
20 -8.115500 0.385597 180.605698 -0.983869 -0.167395 -0.063098 0.815200 0.885000
20 -7.957200 -1.747402 183.167297 -0.941227 -0.315009 0.121904 0.820200 0.910100
20 -7.996200 0.450397 185.367996 -0.912734 -0.180307 0.366614 0.841400 0.909300
Skinclass106.jpg
20 -7.996200 0.450397 185.367996 -0.912734 -0.180307 0.366614 0.841400 0.909300
20 -8.463600 2.449197 181.705597 -0.999815 -0.003100 0.019000 0.831000 0.878400
20 -8.115500 0.385597 180.605698 -0.983869 -0.167395 -0.063098 0.815200 0.885000
Skinclass106.jpg
20 -5.612800 -2.455902 170.445496 -0.849290 -0.117899 -0.514594 0.741900 0.843000
20 -3.639900 -4.323402 168.590103 -0.734790 -0.345695 -0.583592 0.713700 0.846000
20 -4.116099 -5.246001 170.768204 -0.687227 -0.683627 -0.245710 0.722900 0.864500
Skinclass106.jpg
20 -5.612800 -2.455902 170.445496 -0.849290 -0.117899 -0.514594 0.741900 0.843000
20 -4.368200 1.208098 170.194702 -0.875504 0.134200 -0.464202 0.750700 0.806800
20 -2.379600 -2.887202 167.190399 -0.588590 0.008500 -0.808387 0.702700 0.827200
Skinclass106.jpg
20 -2.379600 -2.887202 167.190399 -0.588590 0.008500 -0.808387 0.702700 0.827200
20 -3.639900 -4.323402 168.590103 -0.734790 -0.345695 -0.583592 0.713700 0.846000
20 -5.612800 -2.455902 170.445496 -0.849290 -0.117899 -0.514594 0.741900 0.843000
Skinclass106.jpg
20 -5.623499 -5.506602 181.628906 -0.658991 -0.749690 0.060799 0.432900 0.079700
20 -5.651800 -5.212302 185.050201 -0.604306 -0.680807 0.413904 0.427500 0.105300
20 -7.957200 -1.747402 183.167297 -0.941227 -0.315009 0.121904 0.455500 0.104100
Skinclass106.jpg
20 -7.957200 -1.747402 183.167297 -0.941227 -0.315009 0.121904 0.455500 0.104100
20 -7.106299 -3.253802 180.902603 -0.899003 -0.434601 -0.054000 0.454800 0.084000
20 -5.623499 -5.506602 181.628906 -0.658991 -0.749690 0.060799 0.432900 0.079700
Skinclass106.jpg
20 -2.527499 -6.341302 185.480103 -0.312403 -0.796808 0.517205 0.394800 0.104400
20 -5.651800 -5.212302 185.050201 -0.604306 -0.680807 0.413904 0.427500 0.105300
20 -5.623499 -5.506602 181.628906 -0.658991 -0.749690 0.060799 0.432900 0.079700
Skinclass106.jpg
20 -5.623499 -5.506602 181.628906 -0.658991 -0.749690 0.060799 0.432900 0.079700
20 -2.616799 -7.111403 181.690994 -0.363617 -0.926442 0.097404 0.402400 0.067100
20 -2.527499 -6.341302 185.480103 -0.312403 -0.796808 0.517205 0.394800 0.104400
Skinclass106.jpg
20 -4.368200 1.208098 170.194702 -0.875504 0.134200 -0.464202 0.750700 0.806800
20 -5.612800 -2.455902 170.445496 -0.849290 -0.117899 -0.514594 0.741900 0.843000
20 -7.202000 -1.028402 173.707504 -0.940272 -0.123096 -0.317390 0.770300 0.854500
Skinclass106.jpg
20 -7.202000 -1.028402 173.707504 -0.940272 -0.123096 -0.317390 0.770300 0.854500
20 -6.582900 2.392498 173.308197 -0.815700 0.122300 -0.565400 0.782300 0.828900
20 -4.368200 1.208098 170.194702 -0.875504 0.134200 -0.464202 0.750700 0.806800
Skinclass106.jpg
20 -2.379600 -2.887202 167.190399 -0.588590 0.008500 -0.808387 0.702700 0.827200
20 -1.211100 -5.230802 166.513000 -0.561989 -0.212496 -0.799384 0.683300 0.844100
20 -1.270900 -6.020702 167.075806 -0.550780 -0.664176 -0.505482 0.682900 0.852100
Skinclass106.jpg
20 -1.270900 -6.020702 167.075806 -0.550780 -0.664176 -0.505482 0.682900 0.852100
20 -3.639900 -4.323402 168.590103 -0.734790 -0.345695 -0.583592 0.713700 0.846000
20 -2.379600 -2.887202 167.190399 -0.588590 0.008500 -0.808387 0.702700 0.827200
Skinclass106.jpg
20 -1.380299 -7.166301 171.201401 -0.467282 -0.878367 -0.100596 0.696800 0.888800
20 -1.403999 -7.036701 172.537003 -0.623071 -0.777664 -0.083796 0.703600 0.900400
20 -2.407500 -6.546603 171.844406 -0.532867 -0.845248 -0.040098 0.710100 0.888000
Skinclass106.jpg
20 -2.407500 -6.546603 171.844406 -0.532867 -0.845248 -0.040098 0.710100 0.888000
20 -1.403999 -7.036701 172.537003 -0.623071 -0.777664 -0.083796 0.703600 0.900400
20 -1.669100 -6.735200 173.275208 -0.655598 -0.750998 0.078700 0.711500 0.904700
Skinclass106.jpg
20 -2.118900 -0.914801 167.206696 -0.807312 -0.384106 -0.448007 0.705800 0.810600
20 -2.379600 -2.887202 167.190399 -0.588590 0.008500 -0.808387 0.702700 0.827200
20 -4.368200 1.208098 170.194702 -0.875504 0.134200 -0.464202 0.750700 0.806800
Skinclass106.jpg
20 -5.858699 -4.469802 174.274796 -0.751552 -0.651959 -0.100594 0.753000 0.879300
20 -7.202000 -1.028402 173.707504 -0.940272 -0.123096 -0.317390 0.770300 0.854500
20 -5.612800 -2.455902 170.445496 -0.849290 -0.117899 -0.514594 0.741900 0.843000
Skinclass106.jpg
20 -5.612800 -2.455902 170.445496 -0.849290 -0.117899 -0.514594 0.741900 0.843000
20 -4.116099 -5.246001 170.768204 -0.687227 -0.683627 -0.245710 0.722900 0.864500
20 -5.858699 -4.469802 174.274796 -0.751552 -0.651959 -0.100594 0.753000 0.879300
Skinclass106.jpg
20 -5.858699 -4.469802 174.274796 -0.751552 -0.651959 -0.100594 0.753000 0.879300
20 -5.735499 -4.369802 177.366394 -0.723995 -0.678696 -0.123299 0.768200 0.900300
20 -7.675700 -1.381402 178.812302 -0.953622 -0.289507 -0.082402 0.796400 0.886700
Skinclass106.jpg
20 -7.675700 -1.381402 178.812302 -0.953622 -0.289507 -0.082402 0.796400 0.886700
20 -7.202000 -1.028402 173.707504 -0.940272 -0.123096 -0.317390 0.770300 0.854500
20 -5.858699 -4.469802 174.274796 -0.751552 -0.651959 -0.100594 0.753000 0.879300
Skinclass106.jpg
20 -5.023200 -5.304202 178.574707 -0.403681 -0.829261 -0.386482 0.767400 0.917600
20 -5.735499 -4.369802 177.366394 -0.723995 -0.678696 -0.123299 0.768200 0.900300
20 -3.157900 -5.986102 176.726303 -0.400603 -0.915707 -0.031600 0.743400 0.917300
Skinclass106.jpg
20 -3.157900 -5.986102 176.726303 -0.400603 -0.915707 -0.031600 0.743400 0.917300
20 -3.210200 -6.247802 178.762100 -0.425415 -0.798029 -0.426816 0.756700 0.930700
20 -5.023200 -5.304202 178.574707 -0.403681 -0.829261 -0.386482 0.767400 0.917600
Skinclass106.jpg
20 -3.157900 -5.986102 176.726303 -0.400603 -0.915707 -0.031600 0.743400 0.917300
20 -1.783700 -6.346801 177.560196 -0.376803 -0.906408 -0.190902 0.740800 0.935000
20 -3.210200 -6.247802 178.762100 -0.425415 -0.798029 -0.426816 0.756700 0.930700
Skinclass106.jpg
20 -2.118900 -0.914801 167.206696 -0.807312 -0.384106 -0.448007 0.705800 0.810600
20 -4.368200 1.208098 170.194702 -0.875504 0.134200 -0.464202 0.750700 0.806800
18 -4.807800 3.672998 162.449295 -0.862712 -0.013800 0.505507 0.713000 0.747000
Skinclass106.jpg
18 -4.807800 3.672998 162.449295 -0.862712 -0.013800 0.505507 0.713000 0.747000
18 -3.666500 -0.380102 159.089096 -0.401105 -0.718509 0.568207 0.673800 0.746900
20 -2.118900 -0.914801 167.206696 -0.807312 -0.384106 -0.448007 0.705800 0.810600
Skinclass106.jpg
20 -4.368200 1.208098 170.194702 -0.875504 0.134200 -0.464202 0.750700 0.806800
20 -2.652601 4.811498 170.501007 -0.698099 0.609699 -0.375399 0.781000 0.774900
18 -3.570400 5.587297 162.833893 -0.650524 0.573321 0.498118 0.727000 0.735000
Skinclass106.jpg
18 -3.570400 5.587297 162.833893 -0.650524 0.573321 0.498118 0.727000 0.735000
18 -4.807800 3.672998 162.449295 -0.862712 -0.013800 0.505507 0.713000 0.747000
20 -4.368200 1.208098 170.194702 -0.875504 0.134200 -0.464202 0.750700 0.806800
Skinclass106.jpg
18 -3.570400 5.587297 162.833893 -0.650524 0.573321 0.498118 0.938000 0.754400
18 -8.766101 6.705997 159.414505 -0.520814 0.149804 0.840423 0.884000 0.706400
18 -8.743400 1.943097 159.396301 -0.424197 -0.360098 0.830895 0.866000 0.747400
Skinclass106.jpg
18 -3.570400 5.587297 162.833893 -0.650524 0.573321 0.498118 0.938000 0.754400
18 -0.000001 8.447796 162.332199 -0.000000 0.867516 0.497409 0.983200 0.743400
18 -0.000001 8.607897 162.145905 -0.000000 0.707607 0.706607 0.983500 0.740900
Skinclass106.jpg
18 -0.000001 8.607897 162.145905 -0.000000 0.707607 0.706607 0.983500 0.740900
18 -8.766101 6.705997 159.414505 -0.520814 0.149804 0.840423 0.884000 0.706400
18 -3.570400 5.587297 162.833893 -0.650524 0.573321 0.498118 0.938000 0.754400
Skinclass106.jpg
18 -8.743400 1.943097 159.396301 -0.424197 -0.360098 0.830895 0.628900 0.782200
18 -3.120100 -4.390602 156.207504 -0.064103 -0.692736 0.718337 0.538000 0.772100
18 -3.666500 -0.380102 159.089096 -0.401105 -0.718509 0.568207 0.572600 0.807100
Skinclass106.jpg
18 -3.570400 5.587297 162.833893 -0.650524 0.573321 0.498118 0.727000 0.735000
20 -2.652601 4.811498 170.501007 -0.698099 0.609699 -0.375399 0.781000 0.774900
20 -0.000001 6.890498 170.439804 -0.000000 0.973497 -0.228699 0.802600 0.744900
Skinclass106.jpg
20 -0.000001 6.890498 170.439804 -0.000000 0.973497 -0.228699 0.802600 0.744900
18 -0.000001 8.447796 162.332199 -0.000000 0.867516 0.497409 0.752200 0.696800
18 -3.570400 5.587297 162.833893 -0.650524 0.573321 0.498118 0.727000 0.735000
Skinclass106.jpg
20 -4.368200 1.208098 170.194702 -0.875504 0.134200 -0.464202 0.750700 0.806800
20 -6.582900 2.392498 173.308197 -0.815700 0.122300 -0.565400 0.782300 0.828900
20 -5.669300 5.158598 172.689407 -0.728977 0.327190 -0.601281 0.794300 0.808300
Skinclass106.jpg
20 -4.368200 1.208098 170.194702 -0.875504 0.134200 -0.464202 0.750700 0.806800
20 -5.669300 5.158598 172.689407 -0.728977 0.327190 -0.601281 0.794300 0.808300
20 -3.840701 7.238098 172.492203 -0.421509 0.575612 -0.700715 0.808800 0.786400
Skinclass106.jpg
20 -3.840701 7.238098 172.492203 -0.421509 0.575612 -0.700715 0.808800 0.786400
20 -2.652601 4.811498 170.501007 -0.698099 0.609699 -0.375399 0.781000 0.774900
20 -4.368200 1.208098 170.194702 -0.875504 0.134200 -0.464202 0.750700 0.806800
Skinclass106.jpg
20 -0.000001 8.170098 172.357300 -0.000000 0.716346 -0.697745 0.824000 0.745400
20 -0.000001 7.989997 172.079193 1.000000 0.000000 -0.000000 0.821000 0.745200
20 -0.000001 6.890498 170.439804 -0.000000 0.973497 -0.228699 0.802600 0.744900
Skinclass106.jpg
20 -0.000001 8.170098 172.357300 -0.000000 0.716346 -0.697745 0.824000 0.745400
20 -0.000001 6.890498 170.439804 -0.000000 0.973497 -0.228699 0.802600 0.744900
20 -2.652601 4.811498 170.501007 -0.698099 0.609699 -0.375399 0.781000 0.774900
Skinclass106.jpg
20 -0.000001 8.170098 172.357300 -0.000000 0.716346 -0.697745 0.824000 0.745400
20 -2.652601 4.811498 170.501007 -0.698099 0.609699 -0.375399 0.781000 0.774900
20 -3.840701 7.238098 172.492203 -0.421509 0.575612 -0.700715 0.808800 0.786400
Skinclass106.jpg
20 -7.119600 6.709598 177.165497 -0.883981 0.376192 -0.277594 0.831800 0.828100
20 -5.669300 5.158598 172.689407 -0.728977 0.327190 -0.601281 0.794300 0.808300
20 -6.582900 2.392498 173.308197 -0.815700 0.122300 -0.565400 0.782300 0.828900
Skinclass106.jpg
20 -6.582900 2.392498 173.308197 -0.815700 0.122300 -0.565400 0.782300 0.828900
20 -7.792100 3.923297 176.280899 -0.541676 0.781065 -0.310686 0.814800 0.834500
20 -7.119600 6.709598 177.165497 -0.883981 0.376192 -0.277594 0.831800 0.828100
Skinclass106.jpg
20 -5.159400 9.913198 176.642395 -0.605576 0.693172 -0.390884 0.849200 0.805700
20 -3.840701 7.238098 172.492203 -0.421509 0.575612 -0.700715 0.808800 0.786400
20 -5.669300 5.158598 172.689407 -0.728977 0.327190 -0.601281 0.794300 0.808300
Skinclass106.jpg
20 -5.669300 5.158598 172.689407 -0.728977 0.327190 -0.601281 0.794300 0.808300
20 -7.119600 6.709598 177.165497 -0.883981 0.376192 -0.277594 0.831800 0.828100
20 -5.159400 9.913198 176.642395 -0.605576 0.693172 -0.390884 0.849200 0.805700
Skinclass106.jpg
20 -0.000001 11.661097 176.031296 -0.000000 0.876608 -0.481205 0.876500 0.755800
20 -0.000001 8.170098 172.357300 -0.000000 0.716346 -0.697745 0.824000 0.745400
20 -3.840701 7.238098 172.492203 -0.421509 0.575612 -0.700715 0.808800 0.786400
Skinclass106.jpg
20 -3.840701 7.238098 172.492203 -0.421509 0.575612 -0.700715 0.808800 0.786400
20 -5.159400 9.913198 176.642395 -0.605576 0.693172 -0.390884 0.849200 0.805700
20 -0.000001 11.661097 176.031296 -0.000000 0.876608 -0.481205 0.876500 0.755800
Skinclass106.jpg
20 -7.785501 7.192698 182.019196 -0.939238 0.343114 0.010200 0.858700 0.857200
20 -7.119600 6.709598 177.165497 -0.883981 0.376192 -0.277594 0.831800 0.828100
20 -7.792100 3.923297 176.280899 -0.541676 0.781065 -0.310686 0.814800 0.834500
Skinclass106.jpg
20 -7.792100 3.923297 176.280899 -0.541676 0.781065 -0.310686 0.814800 0.834500
20 -8.216900 3.207297 179.284195 -0.905525 0.309709 0.290008 0.824000 0.860500
20 -7.785501 7.192698 182.019196 -0.939238 0.343114 0.010200 0.858700 0.857200
Skinclass106.jpg
20 -7.119600 6.709598 177.165497 -0.883981 0.376192 -0.277594 0.831800 0.828100
20 -7.785501 7.192698 182.019196 -0.939238 0.343114 0.010200 0.858700 0.857200
20 -5.447600 11.353998 181.573303 -0.625613 0.779716 -0.025501 0.883900 0.831400
Skinclass106.jpg
20 -5.447600 11.353998 181.573303 -0.625613 0.779716 -0.025501 0.883900 0.831400
20 -5.159400 9.913198 176.642395 -0.605576 0.693172 -0.390884 0.849200 0.805700
20 -7.119600 6.709598 177.165497 -0.883981 0.376192 -0.277594 0.831800 0.828100
Skinclass106.jpg
20 -0.000001 13.234196 180.913300 -0.000000 0.997512 -0.070501 0.926700 0.790600
20 -0.000001 11.661097 176.031296 -0.000000 0.876608 -0.481205 0.876500 0.755800
20 -5.159400 9.913198 176.642395 -0.605576 0.693172 -0.390884 0.849200 0.805700
Skinclass106.jpg
20 -5.159400 9.913198 176.642395 -0.605576 0.693172 -0.390884 0.849200 0.805700
20 -5.447600 11.353998 181.573303 -0.625613 0.779716 -0.025501 0.883900 0.831400
20 -0.000001 13.234196 180.913300 -0.000000 0.997512 -0.070501 0.926700 0.790600
Skinclass106.jpg
20 -8.463600 2.449197 181.705597 -0.999815 -0.003100 0.019000 0.831000 0.878400
20 -7.996200 0.450397 185.367996 -0.912734 -0.180307 0.366614 0.841400 0.909300
20 -7.498700 6.077297 186.313293 -0.873836 0.249010 0.417617 0.872600 0.885500
Skinclass106.jpg
20 -7.498700 6.077297 186.313293 -0.873836 0.249010 0.417617 0.872600 0.885500
20 -7.785501 7.192698 182.019196 -0.939238 0.343114 0.010200 0.858700 0.857200
20 -8.463600 2.449197 181.705597 -0.999815 -0.003100 0.019000 0.831000 0.878400
Skinclass106.jpg
20 -7.785501 7.192698 182.019196 -0.939238 0.343114 0.010200 0.858700 0.857200
20 -7.498700 6.077297 186.313293 -0.873836 0.249010 0.417617 0.872600 0.885500
20 -5.121000 10.409996 186.331802 -0.588313 0.673315 0.447810 0.904100 0.866000
Skinclass106.jpg
20 -5.121000 10.409996 186.331802 -0.588313 0.673315 0.447810 0.904100 0.866000
20 -5.447600 11.353998 181.573303 -0.625613 0.779716 -0.025501 0.883900 0.831400
20 -7.785501 7.192698 182.019196 -0.939238 0.343114 0.010200 0.858700 0.857200
Skinclass106.jpg
20 -0.000001 12.080496 186.735199 -0.000000 0.882674 0.469986 0.957600 0.852700
20 -0.000001 13.234196 180.913300 -0.000000 0.997512 -0.070501 0.926700 0.790600
20 -5.447600 11.353998 181.573303 -0.625613 0.779716 -0.025501 0.883900 0.831400
Skinclass106.jpg
20 -5.447600 11.353998 181.573303 -0.625613 0.779716 -0.025501 0.883900 0.831400
20 -5.121000 10.409996 186.331802 -0.588313 0.673315 0.447810 0.904100 0.866000
20 -0.000001 12.080496 186.735199 -0.000000 0.882674 0.469986 0.957600 0.852700
Skinclass106.jpg
20 -7.996200 0.450397 185.367996 -0.912734 -0.180307 0.366614 0.841400 0.909300
20 -5.584300 -1.209103 187.763702 -0.554594 -0.371496 0.744592 0.849900 0.936500
20 -5.131500 3.830397 189.698700 -0.518103 0.013900 0.855205 0.886900 0.919600
Skinclass106.jpg
20 -5.131500 3.830397 189.698700 -0.518103 0.013900 0.855205 0.886900 0.919600
20 -7.498700 6.077297 186.313293 -0.873836 0.249010 0.417617 0.872600 0.885500
20 -7.996200 0.450397 185.367996 -0.912734 -0.180307 0.366614 0.841400 0.909300
Skinclass106.jpg
20 -3.207001 8.186997 189.147095 -0.390685 0.406985 0.825669 0.921000 0.898300
20 -5.121000 10.409996 186.331802 -0.588313 0.673315 0.447810 0.904100 0.866000
20 -7.498700 6.077297 186.313293 -0.873836 0.249010 0.417617 0.872600 0.885500
Skinclass106.jpg
20 -7.498700 6.077297 186.313293 -0.873836 0.249010 0.417617 0.872600 0.885500
20 -5.131500 3.830397 189.698700 -0.518103 0.013900 0.855205 0.886900 0.919600
20 -3.207001 8.186997 189.147095 -0.390685 0.406985 0.825669 0.921000 0.898300
Skinclass106.jpg
20 -0.000001 8.803497 189.904404 -0.000000 0.449492 0.893284 0.955300 0.908000
20 -0.000001 12.080496 186.735199 -0.000000 0.882674 0.469986 0.957600 0.852700
20 -5.121000 10.409996 186.331802 -0.588313 0.673315 0.447810 0.904100 0.866000
Skinclass106.jpg
20 -5.121000 10.409996 186.331802 -0.588313 0.673315 0.447810 0.904100 0.866000
20 -3.207001 8.186997 189.147095 -0.390685 0.406985 0.825669 0.921000 0.898300
20 -0.000001 8.803497 189.904404 -0.000000 0.449492 0.893284 0.955300 0.908000
Skinclass106.jpg
20 -5.584300 -1.209103 187.763702 -0.554594 -0.371496 0.744592 0.849900 0.936500
20 0.000000 -2.455602 188.982101 0.013499 -0.461078 0.887257 0.861600 0.995900
20 -0.000000 2.938298 190.795700 0.000000 -0.099395 0.995048 0.920000 0.963300
Skinclass106.jpg
20 -0.000000 2.938298 190.795700 0.000000 -0.099395 0.995048 0.920000 0.963300
20 -5.131500 3.830397 189.698700 -0.518103 0.013900 0.855205 0.886900 0.919600
20 -5.584300 -1.209103 187.763702 -0.554594 -0.371496 0.744592 0.849900 0.936500
Skinclass106.jpg
20 -3.207001 8.186997 189.147095 -0.390685 0.406985 0.825669 0.921000 0.898300
20 -5.131500 3.830397 189.698700 -0.518103 0.013900 0.855205 0.886900 0.919600
20 -0.000000 2.938298 190.795700 0.000000 -0.099395 0.995048 0.920000 0.963300
Skinclass106.jpg
20 -0.000000 2.938298 190.795700 0.000000 -0.099395 0.995048 0.920000 0.963300
20 -0.000001 8.803497 189.904404 -0.000000 0.449492 0.893284 0.955300 0.908000
20 -3.207001 8.186997 189.147095 -0.390685 0.406985 0.825669 0.921000 0.898300
Skinclass106.jpg
20 -7.796200 2.628597 176.133102 -0.822109 -0.555006 -0.126901 0.793900 0.853000
20 -7.675700 -1.381402 178.812302 -0.953622 -0.289507 -0.082402 0.796400 0.886700
20 -8.115500 0.385597 180.605698 -0.983869 -0.167395 -0.063098 0.815200 0.885000
Skinclass106.jpg
20 -8.115500 0.385597 180.605698 -0.983869 -0.167395 -0.063098 0.815200 0.885000
20 -8.211600 2.127297 179.119400 -0.954249 -0.298815 -0.010901 0.814300 0.869900
20 -7.796200 2.628597 176.133102 -0.822109 -0.555006 -0.126901 0.793900 0.853000
Skinclass106.jpg
20 -8.376500 2.589698 173.406494 -0.497594 -0.215597 -0.840189 0.792000 0.835600
20 -6.582900 2.392498 173.308197 -0.815700 0.122300 -0.565400 0.782300 0.828900
20 -7.796200 2.628597 176.133102 -0.822109 -0.555006 -0.126901 0.793900 0.853000
Skinclass106.jpg
20 -7.796200 2.628597 176.133102 -0.822109 -0.555006 -0.126901 0.793900 0.853000
20 -9.363300 3.687197 175.216095 -0.845807 0.306003 -0.437004 0.806200 0.845000
20 -8.376500 2.589698 173.406494 -0.497594 -0.215597 -0.840189 0.792000 0.835600
Skinclass106.jpg
20 -9.363300 3.687197 175.216095 -0.845807 0.306003 -0.437004 0.806200 0.845000
20 -7.792100 3.923297 176.280899 -0.541676 0.781065 -0.310686 0.814800 0.834500
20 -6.582900 2.392498 173.308197 -0.815700 0.122300 -0.565400 0.782300 0.828900
Skinclass106.jpg
20 -6.582900 2.392498 173.308197 -0.815700 0.122300 -0.565400 0.782300 0.828900
20 -8.376500 2.589698 173.406494 -0.497594 -0.215597 -0.840189 0.792000 0.835600
20 -9.363300 3.687197 175.216095 -0.845807 0.306003 -0.437004 0.806200 0.845000
Skinclass106.jpg
20 -7.792100 3.923297 176.280899 -0.541676 0.781065 -0.310686 0.814800 0.834500
20 -9.363300 3.687197 175.216095 -0.845807 0.306003 -0.437004 0.806200 0.845000
20 -9.915000 3.895397 177.541595 -0.913634 0.397315 0.086103 0.815100 0.854800
Skinclass106.jpg
20 -8.216900 3.207297 179.284195 -0.905525 0.309709 0.290008 0.824000 0.860500
20 -9.464000 3.404997 178.969894 -0.751690 0.263496 0.604592 0.818100 0.859000
20 -8.211600 2.127297 179.119400 -0.954249 -0.298815 -0.010901 0.814300 0.869900
Skinclass106.jpg
20 -8.211600 2.127297 179.119400 -0.954249 -0.298815 -0.010901 0.814300 0.869900
20 -9.464000 3.404997 178.969894 -0.751690 0.263496 0.604592 0.818100 0.859000
20 -9.915000 3.895397 177.541595 -0.913634 0.397315 0.086103 0.815100 0.854800
Skinclass106.jpg
20 -9.915000 3.895397 177.541595 -0.913634 0.397315 0.086103 0.815100 0.854800
20 -7.796200 2.628597 176.133102 -0.822109 -0.555006 -0.126901 0.793900 0.853000
20 -8.211600 2.127297 179.119400 -0.954249 -0.298815 -0.010901 0.814300 0.869900
Skinclass106.jpg
18 -3.666500 -0.380102 159.089096 -0.401105 -0.718509 0.568207 0.673800 0.746900
18 0.000000 -1.510401 159.256897 0.000000 -0.923791 0.382896 0.642500 0.772100
20 0.000000 -2.130501 166.252396 0.000000 -0.640420 -0.768025 0.677400 0.817600
Skinclass106.jpg
20 0.000000 -2.130501 166.252396 0.000000 -0.640420 -0.768025 0.677400 0.817600
20 -2.118900 -0.914801 167.206696 -0.807312 -0.384106 -0.448007 0.705800 0.810600
18 -3.666500 -0.380102 159.089096 -0.401105 -0.718509 0.568207 0.673800 0.746900
Skinclass106.jpg
20 -7.202000 -1.028402 173.707504 -0.940272 -0.123096 -0.317390 0.770300 0.854500
20 -7.675700 -1.381402 178.812302 -0.953622 -0.289507 -0.082402 0.796400 0.886700
20 -7.796200 2.628597 176.133102 -0.822109 -0.555006 -0.126901 0.793900 0.853000
Skinclass106.jpg
20 -7.796200 2.628597 176.133102 -0.822109 -0.555006 -0.126901 0.793900 0.853000
20 -6.582900 2.392498 173.308197 -0.815700 0.122300 -0.565400 0.782300 0.828900
20 -7.202000 -1.028402 173.707504 -0.940272 -0.123096 -0.317390 0.770300 0.854500
Skinclass106.jpg
20 -7.792100 3.923297 176.280899 -0.541676 0.781065 -0.310686 0.814800 0.834500
20 -9.915000 3.895397 177.541595 -0.913634 0.397315 0.086103 0.815100 0.854800
20 -9.464000 3.404997 178.969894 -0.751690 0.263496 0.604592 0.818100 0.859000
Skinclass106.jpg
20 -9.464000 3.404997 178.969894 -0.751690 0.263496 0.604592 0.818100 0.859000
20 -8.216900 3.207297 179.284195 -0.905525 0.309709 0.290008 0.824000 0.860500
20 -7.792100 3.923297 176.280899 -0.541676 0.781065 -0.310686 0.814800 0.834500
Skinclass106.jpg
20 -7.796200 2.628597 176.133102 -0.822109 -0.555006 -0.126901 0.793900 0.853000
20 -9.915000 3.895397 177.541595 -0.913634 0.397315 0.086103 0.815100 0.854800
20 -9.363300 3.687197 175.216095 -0.845807 0.306003 -0.437004 0.806200 0.845000
Skinclass106.jpg
20 -7.785501 7.192698 182.019196 -0.939238 0.343114 0.010200 0.858700 0.857200
20 -8.216900 3.207297 179.284195 -0.905525 0.309709 0.290008 0.824000 0.860500
20 -8.463600 2.449197 181.705597 -0.999815 -0.003100 0.019000 0.831000 0.878400
Skinclass106.jpg
18 -3.570400 5.587297 162.833893 -0.650524 0.573321 0.498118 0.938000 0.754400
18 -8.743400 1.943097 159.396301 -0.424197 -0.360098 0.830895 0.866000 0.747400
18 -4.807800 3.672998 162.449295 -0.862712 -0.013800 0.505507 0.918100 0.763600
Skinclass106.jpg
18 -8.743400 1.943097 159.396301 -0.424197 -0.360098 0.830895 0.628900 0.782200
18 -3.666500 -0.380102 159.089096 -0.401105 -0.718509 0.568207 0.572600 0.807100
18 -4.807800 3.672998 162.449295 -0.862712 -0.013800 0.505507 0.613600 0.841300
Skinclass106.jpg
18 -3.120100 -4.390602 156.207504 -0.064103 -0.692736 0.718337 0.538000 0.772100
18 0.000000 -4.526201 155.414902 0.000000 -0.786582 0.617486 0.506800 0.790700
18 0.000000 -1.510401 159.256897 0.000000 -0.923791 0.382896 0.536300 0.828100
Skinclass106.jpg
18 0.000000 -1.510401 159.256897 0.000000 -0.923791 0.382896 0.536300 0.828100
18 -3.666500 -0.380102 159.089096 -0.401105 -0.718509 0.568207 0.572600 0.807100
18 -3.120100 -4.390602 156.207504 -0.064103 -0.692736 0.718337 0.538000 0.772100
Skinclass106.jpg
20 8.461201 -2.656601 180.303802 0.930378 -0.358891 0.074798 0.745000 0.573600
20 7.957201 -1.747401 183.167206 0.919698 -0.305199 0.246999 0.734900 0.599200
20 5.657701 -4.478801 184.770706 0.771992 -0.586394 0.245297 0.761400 0.620700
Skinclass106.jpg
20 5.657701 -4.478801 184.770706 0.771992 -0.586394 0.245297 0.761400 0.620700
20 6.568901 -4.466801 181.036804 0.703534 -0.707235 0.069703 0.762500 0.583900
20 8.461201 -2.656601 180.303802 0.930378 -0.358891 0.074798 0.745000 0.573600
Skinclass106.jpg
20 8.336700 -0.100301 178.115997 0.992756 0.100396 0.065997 0.725800 0.550400
20 8.115500 0.385599 180.605698 0.997256 0.029499 0.067897 0.718900 0.572700
20 7.957201 -1.747401 183.167206 0.919698 -0.305199 0.246999 0.734900 0.599200
Skinclass106.jpg
20 7.957201 -1.747401 183.167206 0.919698 -0.305199 0.246999 0.734900 0.599200
20 8.461201 -2.656601 180.303802 0.930378 -0.358891 0.074798 0.745000 0.573600
20 8.336700 -0.100301 178.115997 0.992756 0.100396 0.065997 0.725800 0.550400
Skinclass106.jpg
20 8.205700 2.340999 175.976105 0.994099 0.104500 0.029100 0.707900 0.528300
20 8.211600 2.127299 179.119400 0.998168 -0.060198 -0.006000 0.706500 0.557000
20 8.115500 0.385599 180.605698 0.997256 0.029499 0.067897 0.718900 0.572700
Skinclass106.jpg
20 8.115500 0.385599 180.605698 0.997256 0.029499 0.067897 0.718900 0.572700
20 8.336700 -0.100301 178.115997 0.992756 0.100396 0.065997 0.725800 0.550400
20 8.205700 2.340999 175.976105 0.994099 0.104500 0.029100 0.707900 0.528300
Skinclass106.jpg
20 8.461201 -2.656601 180.303802 0.930378 -0.358891 0.074798 0.745000 0.573600
20 6.568901 -4.466801 181.036804 0.703534 -0.707235 0.069703 0.762500 0.583900
20 6.692300 -3.118101 172.500793 0.695099 -0.718699 -0.017600 0.764500 0.504600
Skinclass106.jpg
20 6.692300 -3.118101 172.500793 0.695099 -0.718699 -0.017600 0.764500 0.504600
20 8.757700 -1.100001 171.976593 0.968720 -0.243605 -0.047301 0.742200 0.496300
20 8.461201 -2.656601 180.303802 0.930378 -0.358891 0.074798 0.745000 0.573600
Skinclass106.jpg
20 8.336700 -0.100301 178.115997 0.992756 0.100396 0.065997 0.725800 0.550400
20 8.461201 -2.656601 180.303802 0.930378 -0.358891 0.074798 0.745000 0.573600
20 8.757700 -1.100001 171.976593 0.968720 -0.243605 -0.047301 0.742200 0.496300
Skinclass106.jpg
20 8.205700 2.340999 175.976105 0.994099 0.104500 0.029100 0.707900 0.528300
20 8.336700 -0.100301 178.115997 0.992756 0.100396 0.065997 0.725800 0.550400
20 8.757700 -1.100001 171.976593 0.968720 -0.243605 -0.047301 0.742200 0.496300
Skinclass106.jpg
20 8.757700 -1.100001 171.976593 0.968720 -0.243605 -0.047301 0.742200 0.496300
20 8.141500 1.683899 171.363800 0.980286 0.174597 -0.092499 0.719600 0.487000
20 8.205700 2.340999 175.976105 0.994099 0.104500 0.029100 0.707900 0.528300
Skinclass106.jpg
20 8.757700 -1.100001 171.976593 0.968720 -0.243605 -0.047301 0.742200 0.496300
20 6.692300 -3.118101 172.500793 0.695099 -0.718699 -0.017600 0.764500 0.504600
20 6.280401 -4.648500 164.245102 0.704602 -0.700402 0.113900 0.785600 0.431200
Skinclass106.jpg
20 6.280401 -4.648500 164.245102 0.704602 -0.700402 0.113900 0.785600 0.431200
20 7.748600 -3.232300 163.884399 0.916993 -0.398797 -0.009200 0.767500 0.425600
20 8.757700 -1.100001 171.976593 0.968720 -0.243605 -0.047301 0.742200 0.496300
Skinclass106.jpg
20 8.141500 1.683899 171.363800 0.980286 0.174597 -0.092499 0.719600 0.487000
20 8.757700 -1.100001 171.976593 0.968720 -0.243605 -0.047301 0.742200 0.496300
20 7.748600 -3.232300 163.884399 0.916993 -0.398797 -0.009200 0.767500 0.425600
Skinclass106.jpg
20 7.748600 -3.232300 163.884399 0.916993 -0.398797 -0.009200 0.767500 0.425600
20 7.888401 -1.352500 163.392807 0.991810 -0.106101 -0.071101 0.752800 0.418400
20 8.141500 1.683899 171.363800 0.980286 0.174597 -0.092499 0.719600 0.487000
Skinclass106.jpg
20 7.748600 -3.232300 163.884399 0.916993 -0.398797 -0.009200 0.767500 0.425600
20 6.280401 -4.648500 164.245102 0.704602 -0.700402 0.113900 0.785600 0.431200
20 4.599601 -8.101999 154.752502 0.588783 -0.779778 0.212794 0.826000 0.348300
Skinclass106.jpg
20 4.599601 -8.101999 154.752502 0.588783 -0.779778 0.212794 0.826000 0.348300
20 5.654301 -7.148900 155.554504 0.573683 -0.785477 0.232193 0.810400 0.353900
20 7.748600 -3.232300 163.884399 0.916993 -0.398797 -0.009200 0.767500 0.425600
Skinclass106.jpg
20 7.888401 -1.352500 163.392807 0.991810 -0.106101 -0.071101 0.752800 0.418400
20 7.748600 -3.232300 163.884399 0.916993 -0.398797 -0.009200 0.767500 0.425600
20 5.654301 -7.148900 155.554504 0.573683 -0.785477 0.232193 0.810400 0.353900
Skinclass106.jpg
20 5.654301 -7.148900 155.554504 0.573683 -0.785477 0.232193 0.810400 0.353900
20 6.629801 -5.380901 157.978699 -0.068697 -0.792666 0.605774 0.789300 0.373900
20 7.888401 -1.352500 163.392807 0.991810 -0.106101 -0.071101 0.752800 0.418400
Skinclass106.jpg
20 -8.539399 -2.656603 180.303802 -0.938477 -0.339492 0.063298 0.745000 0.573600
20 -6.568900 -4.466803 181.036804 -0.670825 -0.741128 -0.026901 0.762500 0.583900
20 -5.651800 -5.212302 185.050201 -0.803591 -0.565994 0.184098 0.761400 0.620700
Skinclass106.jpg
20 -5.651800 -5.212302 185.050201 -0.803591 -0.565994 0.184098 0.761400 0.620700
20 -7.957200 -1.747402 183.167297 -0.943741 -0.214109 0.252011 0.734900 0.599200
20 -8.539399 -2.656603 180.303802 -0.938477 -0.339492 0.063298 0.745000 0.573600
Skinclass106.jpg
20 -8.336800 -0.100302 178.115997 -0.988225 0.130303 0.080202 0.725800 0.550400
20 -8.539399 -2.656603 180.303802 -0.938477 -0.339492 0.063298 0.745000 0.573600
20 -7.957200 -1.747402 183.167297 -0.943741 -0.214109 0.252011 0.734900 0.599200
Skinclass106.jpg
20 -7.957200 -1.747402 183.167297 -0.943741 -0.214109 0.252011 0.734900 0.599200
20 -8.004500 0.385598 180.605698 -0.992223 0.083402 0.092402 0.718900 0.572700
20 -8.336800 -0.100302 178.115997 -0.988225 0.130303 0.080202 0.725800 0.550400
Skinclass106.jpg
20 -8.205700 2.340998 175.976105 -0.994190 0.101999 0.034400 0.707900 0.528300
20 -8.336800 -0.100302 178.115997 -0.988225 0.130303 0.080202 0.725800 0.550400
20 -8.004500 0.385598 180.605698 -0.992223 0.083402 0.092402 0.718900 0.572700
Skinclass106.jpg
20 -8.004500 0.385598 180.605698 -0.992223 0.083402 0.092402 0.718900 0.572700
20 -8.211600 2.127297 179.119400 -0.991861 -0.126895 -0.010500 0.706500 0.557000
20 -8.205700 2.340998 175.976105 -0.994190 0.101999 0.034400 0.707900 0.528300
Skinclass106.jpg
20 -8.539399 -2.656603 180.303802 -0.938477 -0.339492 0.063298 0.745000 0.573600
20 -8.757700 -1.100002 171.976593 -0.970027 -0.238507 -0.046501 0.742200 0.496300
20 -6.692299 -3.118102 172.500793 -0.694605 -0.719306 -0.011100 0.764500 0.504600
Skinclass106.jpg
20 -6.692299 -3.118102 172.500793 -0.694605 -0.719306 -0.011100 0.764500 0.504600
20 -6.568900 -4.466803 181.036804 -0.670825 -0.741128 -0.026901 0.762500 0.583900
20 -8.539399 -2.656603 180.303802 -0.938477 -0.339492 0.063298 0.745000 0.573600
Skinclass106.jpg
20 -8.336800 -0.100302 178.115997 -0.988225 0.130303 0.080202 0.725800 0.550400
20 -8.757700 -1.100002 171.976593 -0.970027 -0.238507 -0.046501 0.742200 0.496300
20 -8.539399 -2.656603 180.303802 -0.938477 -0.339492 0.063298 0.745000 0.573600
Skinclass106.jpg
20 -8.205700 2.340998 175.976105 -0.994190 0.101999 0.034400 0.707900 0.528300
20 -8.141500 1.683898 171.363800 -0.980162 0.174493 -0.093996 0.719600 0.487000
20 -8.757700 -1.100002 171.976593 -0.970027 -0.238507 -0.046501 0.742200 0.496300
Skinclass106.jpg
20 -8.757700 -1.100002 171.976593 -0.970027 -0.238507 -0.046501 0.742200 0.496300
20 -8.336800 -0.100302 178.115997 -0.988225 0.130303 0.080202 0.725800 0.550400
20 -8.205700 2.340998 175.976105 -0.994190 0.101999 0.034400 0.707900 0.528300
Skinclass106.jpg
20 -8.757700 -1.100002 171.976593 -0.970027 -0.238507 -0.046501 0.742200 0.496300
20 -7.748600 -3.472302 163.884399 -0.912372 -0.409087 -0.015000 0.767500 0.425600
20 -6.280399 -4.888502 164.245102 -0.703638 -0.704138 0.095305 0.785600 0.431200
Skinclass106.jpg
20 -6.280399 -4.888502 164.245102 -0.703638 -0.704138 0.095305 0.785600 0.431200
20 -6.692299 -3.118102 172.500793 -0.694605 -0.719306 -0.011100 0.764500 0.504600
20 -8.757700 -1.100002 171.976593 -0.970027 -0.238507 -0.046501 0.742200 0.496300
Skinclass106.jpg
20 -8.141500 1.683898 171.363800 -0.980162 0.174493 -0.093996 0.719600 0.487000
20 -7.888400 -1.592502 163.392807 -0.991144 -0.107105 -0.078503 0.752800 0.418400
20 -7.748600 -3.472302 163.884399 -0.912372 -0.409087 -0.015000 0.767500 0.425600
Skinclass106.jpg
20 -7.748600 -3.472302 163.884399 -0.912372 -0.409087 -0.015000 0.767500 0.425600
20 -8.757700 -1.100002 171.976593 -0.970027 -0.238507 -0.046501 0.742200 0.496300
20 -8.141500 1.683898 171.363800 -0.980162 0.174493 -0.093996 0.719600 0.487000
Skinclass106.jpg
20 -7.748600 -3.472302 163.884399 -0.912372 -0.409087 -0.015000 0.767500 0.425600
20 -5.654299 -6.616401 155.554504 -0.641579 -0.755875 0.130496 0.810400 0.353900
20 -4.599599 -7.569501 154.752502 -0.627789 -0.767787 0.127998 0.826000 0.348300
Skinclass106.jpg
20 -4.599599 -7.569501 154.752502 -0.627789 -0.767787 0.127998 0.826000 0.348300
20 -6.280399 -4.888502 164.245102 -0.703638 -0.704138 0.095305 0.785600 0.431200
20 -7.748600 -3.472302 163.884399 -0.912372 -0.409087 -0.015000 0.767500 0.425600
Skinclass106.jpg
20 -7.888400 -1.592502 163.392807 -0.991144 -0.107105 -0.078503 0.752800 0.418400
20 -6.629799 -4.848402 157.978699 -0.569333 -0.756244 0.322419 0.789300 0.373900
20 -5.654299 -6.616401 155.554504 -0.641579 -0.755875 0.130496 0.810400 0.353900
Skinclass106.jpg
20 -5.654299 -6.616401 155.554504 -0.641579 -0.755875 0.130496 0.810400 0.353900
20 -7.748600 -3.472302 163.884399 -0.912372 -0.409087 -0.015000 0.767500 0.425600
20 -7.888400 -1.592502 163.392807 -0.991144 -0.107105 -0.078503 0.752800 0.418400
Skinclass106.jpg
20 8.461201 -2.656601 180.303802 -0.930378 0.358891 -0.074798 0.745000 0.573600
20 6.568901 -4.466801 181.036804 -0.703534 0.707235 -0.069703 0.762500 0.583900
20 5.657701 -4.478801 184.770706 -0.771992 0.586394 -0.245297 0.761400 0.620700
Skinclass106.jpg
20 5.657701 -4.478801 184.770706 -0.771992 0.586394 -0.245297 0.761400 0.620700
20 7.957201 -1.747401 183.167206 -0.919698 0.305199 -0.246999 0.734900 0.599200
20 8.461201 -2.656601 180.303802 -0.930378 0.358891 -0.074798 0.745000 0.573600
Skinclass106.jpg
20 8.336700 -0.100301 178.115997 -0.992756 -0.100396 -0.065997 0.725800 0.550400
20 8.461201 -2.656601 180.303802 -0.930378 0.358891 -0.074798 0.745000 0.573600
20 7.957201 -1.747401 183.167206 -0.919698 0.305199 -0.246999 0.734900 0.599200
Skinclass106.jpg
20 7.957201 -1.747401 183.167206 -0.919698 0.305199 -0.246999 0.734900 0.599200
20 8.115500 0.385599 180.605698 -0.997256 -0.029499 -0.067897 0.718900 0.572700
20 8.336700 -0.100301 178.115997 -0.992756 -0.100396 -0.065997 0.725800 0.550400
Skinclass106.jpg
20 8.205700 2.340999 175.976105 -0.994099 -0.104500 -0.029100 0.707900 0.528300
20 8.336700 -0.100301 178.115997 -0.992756 -0.100396 -0.065997 0.725800 0.550400
20 8.115500 0.385599 180.605698 -0.997256 -0.029499 -0.067897 0.718900 0.572700
Skinclass106.jpg
20 8.115500 0.385599 180.605698 -0.997256 -0.029499 -0.067897 0.718900 0.572700
20 8.211600 2.127299 179.119400 -0.998168 0.060198 0.006000 0.706500 0.557000
20 8.205700 2.340999 175.976105 -0.994099 -0.104500 -0.029100 0.707900 0.528300
Skinclass106.jpg
20 8.461201 -2.656601 180.303802 -0.930378 0.358891 -0.074798 0.745000 0.573600
20 8.757700 -1.100001 171.976593 -0.968720 0.243605 0.047301 0.742200 0.496300
20 6.692300 -3.118101 172.500793 -0.695099 0.718699 0.017600 0.764500 0.504600
Skinclass106.jpg
20 6.692300 -3.118101 172.500793 -0.695099 0.718699 0.017600 0.764500 0.504600
20 6.568901 -4.466801 181.036804 -0.703534 0.707235 -0.069703 0.762500 0.583900
20 8.461201 -2.656601 180.303802 -0.930378 0.358891 -0.074798 0.745000 0.573600
Skinclass106.jpg
20 8.336700 -0.100301 178.115997 -0.992756 -0.100396 -0.065997 0.725800 0.550400
20 8.757700 -1.100001 171.976593 -0.968720 0.243605 0.047301 0.742200 0.496300
20 8.461201 -2.656601 180.303802 -0.930378 0.358891 -0.074798 0.745000 0.573600
Skinclass106.jpg
20 8.205700 2.340999 175.976105 -0.994099 -0.104500 -0.029100 0.707900 0.528300
20 8.141500 1.683899 171.363800 -0.980286 -0.174597 0.092499 0.719600 0.487000
20 8.757700 -1.100001 171.976593 -0.968720 0.243605 0.047301 0.742200 0.496300
Skinclass106.jpg
20 8.757700 -1.100001 171.976593 -0.968720 0.243605 0.047301 0.742200 0.496300
20 8.336700 -0.100301 178.115997 -0.992756 -0.100396 -0.065997 0.725800 0.550400
20 8.205700 2.340999 175.976105 -0.994099 -0.104500 -0.029100 0.707900 0.528300
Skinclass106.jpg
20 8.757700 -1.100001 171.976593 -0.968720 0.243605 0.047301 0.742200 0.496300
20 7.748600 -3.232300 163.884399 -0.916993 0.398797 0.009200 0.767500 0.425600
20 6.280401 -4.648500 164.245102 -0.704602 0.700402 -0.113900 0.785600 0.431200
Skinclass106.jpg
20 6.280401 -4.648500 164.245102 -0.704602 0.700402 -0.113900 0.785600 0.431200
20 6.692300 -3.118101 172.500793 -0.695099 0.718699 0.017600 0.764500 0.504600
20 8.757700 -1.100001 171.976593 -0.968720 0.243605 0.047301 0.742200 0.496300
Skinclass106.jpg
20 8.141500 1.683899 171.363800 -0.980286 -0.174597 0.092499 0.719600 0.487000
20 7.888401 -1.352500 163.392807 -0.991810 0.106101 0.071101 0.752800 0.418400
20 7.748600 -3.232300 163.884399 -0.916993 0.398797 0.009200 0.767500 0.425600
Skinclass106.jpg
20 7.748600 -3.232300 163.884399 -0.916993 0.398797 0.009200 0.767500 0.425600
20 8.757700 -1.100001 171.976593 -0.968720 0.243605 0.047301 0.742200 0.496300
20 8.141500 1.683899 171.363800 -0.980286 -0.174597 0.092499 0.719600 0.487000
Skinclass106.jpg
20 7.748600 -3.232300 163.884399 -0.916993 0.398797 0.009200 0.767500 0.425600
20 5.654301 -7.148900 155.554504 -0.573683 0.785477 -0.232193 0.810400 0.353900
20 4.599601 -8.101999 154.752502 -0.588783 0.779778 -0.212794 0.826000 0.348300
Skinclass106.jpg
20 4.599601 -8.101999 154.752502 -0.588783 0.779778 -0.212794 0.826000 0.348300
20 6.280401 -4.648500 164.245102 -0.704602 0.700402 -0.113900 0.785600 0.431200
20 7.748600 -3.232300 163.884399 -0.916993 0.398797 0.009200 0.767500 0.425600
Skinclass106.jpg
20 7.888401 -1.352500 163.392807 -0.991810 0.106101 0.071101 0.752800 0.418400
20 6.629801 -5.380901 157.978699 0.068697 0.792666 -0.605774 0.789300 0.373900
20 5.654301 -7.148900 155.554504 -0.573683 0.785477 -0.232193 0.810400 0.353900
Skinclass106.jpg
20 5.654301 -7.148900 155.554504 -0.573683 0.785477 -0.232193 0.810400 0.353900
20 7.748600 -3.232300 163.884399 -0.916993 0.398797 0.009200 0.767500 0.425600
20 7.888401 -1.352500 163.392807 -0.991810 0.106101 0.071101 0.752800 0.418400
Skinclass106.jpg
20 -8.539399 -2.656603 180.303802 0.938477 0.339492 -0.063298 0.745000 0.573600
20 -7.957200 -1.747402 183.167297 0.943741 0.214109 -0.252011 0.734900 0.599200
20 -5.651800 -5.212302 185.050201 0.803591 0.565994 -0.184098 0.761400 0.620700
Skinclass106.jpg
20 -5.651800 -5.212302 185.050201 0.803591 0.565994 -0.184098 0.761400 0.620700
20 -6.568900 -4.466803 181.036804 0.670825 0.741128 0.026901 0.762500 0.583900
20 -8.539399 -2.656603 180.303802 0.938477 0.339492 -0.063298 0.745000 0.573600
Skinclass106.jpg
20 -8.336800 -0.100302 178.115997 0.988225 -0.130303 -0.080202 0.725800 0.550400
20 -8.004500 0.385598 180.605698 0.992223 -0.083402 -0.092402 0.718900 0.572700
20 -7.957200 -1.747402 183.167297 0.943741 0.214109 -0.252011 0.734900 0.599200
Skinclass106.jpg
20 -7.957200 -1.747402 183.167297 0.943741 0.214109 -0.252011 0.734900 0.599200
20 -8.539399 -2.656603 180.303802 0.938477 0.339492 -0.063298 0.745000 0.573600
20 -8.336800 -0.100302 178.115997 0.988225 -0.130303 -0.080202 0.725800 0.550400
Skinclass106.jpg
20 -8.205700 2.340998 175.976105 0.994190 -0.101999 -0.034400 0.707900 0.528300
20 -8.211600 2.127297 179.119400 0.991861 0.126895 0.010500 0.706500 0.557000
20 -8.004500 0.385598 180.605698 0.992223 -0.083402 -0.092402 0.718900 0.572700
Skinclass106.jpg
20 -8.004500 0.385598 180.605698 0.992223 -0.083402 -0.092402 0.718900 0.572700
20 -8.336800 -0.100302 178.115997 0.988225 -0.130303 -0.080202 0.725800 0.550400
20 -8.205700 2.340998 175.976105 0.994190 -0.101999 -0.034400 0.707900 0.528300
Skinclass106.jpg
20 -8.539399 -2.656603 180.303802 0.938477 0.339492 -0.063298 0.745000 0.573600
20 -6.568900 -4.466803 181.036804 0.670825 0.741128 0.026901 0.762500 0.583900
20 -6.692299 -3.118102 172.500793 0.694605 0.719306 0.011100 0.764500 0.504600
Skinclass106.jpg
20 -6.692299 -3.118102 172.500793 0.694605 0.719306 0.011100 0.764500 0.504600
20 -8.757700 -1.100002 171.976593 0.970027 0.238507 0.046501 0.742200 0.496300
20 -8.539399 -2.656603 180.303802 0.938477 0.339492 -0.063298 0.745000 0.573600
Skinclass106.jpg
20 -8.336800 -0.100302 178.115997 0.988225 -0.130303 -0.080202 0.725800 0.550400
20 -8.539399 -2.656603 180.303802 0.938477 0.339492 -0.063298 0.745000 0.573600
20 -8.757700 -1.100002 171.976593 0.970027 0.238507 0.046501 0.742200 0.496300
Skinclass106.jpg
20 -8.205700 2.340998 175.976105 0.994190 -0.101999 -0.034400 0.707900 0.528300
20 -8.336800 -0.100302 178.115997 0.988225 -0.130303 -0.080202 0.725800 0.550400
20 -8.757700 -1.100002 171.976593 0.970027 0.238507 0.046501 0.742200 0.496300
Skinclass106.jpg
20 -8.757700 -1.100002 171.976593 0.970027 0.238507 0.046501 0.742200 0.496300
20 -8.141500 1.683898 171.363800 0.980162 -0.174493 0.093996 0.719600 0.487000
20 -8.205700 2.340998 175.976105 0.994190 -0.101999 -0.034400 0.707900 0.528300
Skinclass106.jpg
20 -8.757700 -1.100002 171.976593 0.970027 0.238507 0.046501 0.742200 0.496300
20 -6.692299 -3.118102 172.500793 0.694605 0.719306 0.011100 0.764500 0.504600
20 -6.280399 -4.888502 164.245102 0.703638 0.704138 -0.095305 0.785600 0.431200
Skinclass106.jpg
20 -6.280399 -4.888502 164.245102 0.703638 0.704138 -0.095305 0.785600 0.431200
20 -7.748600 -3.472302 163.884399 0.912372 0.409087 0.015000 0.767500 0.425600
20 -8.757700 -1.100002 171.976593 0.970027 0.238507 0.046501 0.742200 0.496300
Skinclass106.jpg
20 -8.141500 1.683898 171.363800 0.980162 -0.174493 0.093996 0.719600 0.487000
20 -8.757700 -1.100002 171.976593 0.970027 0.238507 0.046501 0.742200 0.496300
20 -7.748600 -3.472302 163.884399 0.912372 0.409087 0.015000 0.767500 0.425600
Skinclass106.jpg
20 -7.748600 -3.472302 163.884399 0.912372 0.409087 0.015000 0.767500 0.425600
20 -7.888400 -1.592502 163.392807 0.991144 0.107105 0.078503 0.752800 0.418400
20 -8.141500 1.683898 171.363800 0.980162 -0.174493 0.093996 0.719600 0.487000
Skinclass106.jpg
20 -7.748600 -3.472302 163.884399 0.912372 0.409087 0.015000 0.767500 0.425600
20 -6.280399 -4.888502 164.245102 0.703638 0.704138 -0.095305 0.785600 0.431200
20 -4.599599 -7.569501 154.752502 0.627789 0.767787 -0.127998 0.826000 0.348300
Skinclass106.jpg
20 -4.599599 -7.569501 154.752502 0.627789 0.767787 -0.127998 0.826000 0.348300
20 -5.654299 -6.616401 155.554504 0.641579 0.755875 -0.130496 0.810400 0.353900
20 -7.748600 -3.472302 163.884399 0.912372 0.409087 0.015000 0.767500 0.425600
Skinclass106.jpg
20 -7.888400 -1.592502 163.392807 0.991144 0.107105 0.078503 0.752800 0.418400
20 -7.748600 -3.472302 163.884399 0.912372 0.409087 0.015000 0.767500 0.425600
20 -5.654299 -6.616401 155.554504 0.641579 0.755875 -0.130496 0.810400 0.353900
Skinclass106.jpg
20 -5.654299 -6.616401 155.554504 0.641579 0.755875 -0.130496 0.810400 0.353900
20 -6.629799 -4.848402 157.978699 0.569333 0.756244 -0.322419 0.789300 0.373900
20 -7.888400 -1.592502 163.392807 0.991144 0.107105 0.078503 0.752800 0.418400
Skinclass106.jpg
18 8.743400 1.943098 159.396301 0.424197 -0.360098 0.830895 0.628900 0.782200
18 3.666500 -0.380101 159.089096 0.401105 -0.718509 0.568207 0.572600 0.807100
18 3.120100 -4.390601 156.207504 0.064103 -0.692736 0.718337 0.538100 0.772200
Skinclass106_hair.tga
23 -0.000002 17.717396 135.262497 -0.000000 0.998317 -0.058001 0.941600 0.372800
23 5.854999 17.134897 135.513397 0.379015 0.924837 -0.032001 0.595100 0.374100
23 5.221899 13.116696 115.686096 0.307007 0.935121 -0.176904 0.594200 0.107900
Skinclass106_hair.tga
23 5.221899 13.116696 115.686096 0.307007 0.935121 -0.176904 0.594200 0.107900
23 -0.000001 13.995296 113.662308 -0.000000 0.985479 -0.169796 0.939400 0.080500
23 -0.000002 17.717396 135.262497 -0.000000 0.998317 -0.058001 0.941600 0.372800
Skinclass106_hair.tga
23 5.854999 17.134897 135.513397 0.379015 0.924837 -0.032001 0.595100 0.374100
23 9.362599 14.290998 135.297607 0.706287 0.707887 -0.007400 0.334500 0.369100
23 8.904200 11.723297 120.287308 0.568389 0.803584 -0.176597 0.335800 0.167700
Skinclass106_hair.tga
23 8.904200 11.723297 120.287308 0.568389 0.803584 -0.176597 0.335800 0.167700
23 5.221899 13.116696 115.686096 0.307007 0.935121 -0.176904 0.594200 0.107900
23 5.854999 17.134897 135.513397 0.379015 0.924837 -0.032001 0.595100 0.374100
Skinclass106_hair.tga
23 8.904200 11.723297 120.287308 0.568389 0.803584 -0.176597 0.335800 0.167700
23 9.362599 14.290998 135.297607 0.706287 0.707887 -0.007400 0.334500 0.369100
23 11.325200 11.845398 134.950104 0.784011 0.620709 -0.006900 0.165800 0.363300
Skinclass106_hair.tga
20 -0.000001 13.234196 180.913300 -0.000000 0.999401 0.034600 0.823600 0.981600
20 5.447599 11.353998 181.573303 0.676030 0.736833 -0.007800 0.458400 0.989000
20 4.946099 11.795998 172.415894 0.661413 0.745415 0.083002 0.497400 0.866700
Skinclass106_hair.tga
20 4.946099 11.795998 172.415894 0.661413 0.745415 0.083002 0.497400 0.866700
20 -0.000001 13.608698 172.625397 -0.000000 0.994462 0.105096 0.833800 0.872400
20 -0.000001 13.234196 180.913300 -0.000000 0.999401 0.034600 0.823600 0.981600
Skinclass106_hair.tga
20 5.447599 11.353998 181.573303 0.676030 0.736833 -0.007800 0.458400 0.989000
20 7.785500 7.192698 182.019196 0.935831 0.348711 -0.051202 0.215500 0.996100
20 6.947000 7.837699 171.096695 0.929871 0.360489 0.073398 0.266900 0.850800
Skinclass106_hair.tga
20 6.947000 7.837699 171.096695 0.929871 0.360489 0.073398 0.266900 0.850800
20 4.946099 11.795998 172.415894 0.661413 0.745415 0.083002 0.497400 0.866700
20 5.447599 11.353998 181.573303 0.676030 0.736833 -0.007800 0.458400 0.989000
Skinclass106_hair.tga
20 6.947000 7.837699 171.096695 0.929871 0.360489 0.073398 0.266900 0.850800
20 7.785500 7.192698 182.019196 0.935831 0.348711 -0.051202 0.215500 0.996100
20 8.216900 3.207299 179.284195 0.980898 0.189200 -0.045200 0.031100 0.959800
Skinclass106_hair.tga
20 8.216900 3.207299 179.284195 0.980898 0.189200 -0.045200 0.031100 0.959800
20 8.216900 4.410499 169.720901 0.940349 0.324117 0.103405 0.087400 0.835000
20 6.947000 7.837699 171.096695 0.929871 0.360489 0.073398 0.266900 0.850800
Skinclass106_hair.tga
20 -0.000001 13.608698 172.625397 -0.000000 0.994462 0.105096 0.833800 0.872400
20 4.946099 11.795998 172.415894 0.661413 0.745415 0.083002 0.497400 0.866700
22 4.835699 14.606597 156.498306 0.458888 0.878377 0.133697 0.585200 0.653100
Skinclass106_hair.tga
22 4.835699 14.606597 156.498306 0.458888 0.878377 0.133697 0.585200 0.653100
22 -0.000001 15.791597 156.944794 -0.000000 0.991357 0.131194 0.904500 0.663700
20 -0.000001 13.608698 172.625397 -0.000000 0.994462 0.105096 0.833800 0.872400
Skinclass106_hair.tga
20 4.946099 11.795998 172.415894 0.661413 0.745415 0.083002 0.497400 0.866700
20 6.947000 7.837699 171.096695 0.929871 0.360489 0.073398 0.266900 0.850800
22 8.004599 12.146597 154.872299 0.773718 0.613614 0.157604 0.359900 0.630600
Skinclass106_hair.tga
22 8.004599 12.146597 154.872299 0.773718 0.613614 0.157604 0.359900 0.630600
22 4.835699 14.606597 156.498306 0.458888 0.878377 0.133697 0.585200 0.653100
20 4.946099 11.795998 172.415894 0.661413 0.745415 0.083002 0.497400 0.866700
Skinclass106_hair.tga
22 8.004599 12.146597 154.872299 0.773718 0.613614 0.157604 0.359900 0.630600
20 6.947000 7.837699 171.096695 0.929871 0.360489 0.073398 0.266900 0.850800
20 8.216900 4.410499 169.720901 0.940349 0.324117 0.103405 0.087400 0.835000
Skinclass106_hair.tga
20 8.216900 4.410499 169.720901 0.940349 0.324117 0.103405 0.087400 0.835000
22 9.888199 9.257298 153.679092 0.856320 0.485311 0.176604 0.179000 0.615700
22 8.004599 12.146597 154.872299 0.773718 0.613614 0.157604 0.359900 0.630600
Skinclass106_hair.tga
22 -0.000001 15.791597 156.944794 -0.000000 0.991357 0.131194 0.904500 0.663700
22 4.835699 14.606597 156.498306 0.458888 0.878377 0.133697 0.585200 0.653100
23 5.854999 17.134897 135.513397 0.379015 0.924837 -0.032001 0.595100 0.374100
Skinclass106_hair.tga
23 5.854999 17.134897 135.513397 0.379015 0.924837 -0.032001 0.595100 0.374100
23 -0.000002 17.717396 135.262497 -0.000000 0.998317 -0.058001 0.941600 0.372800
22 -0.000001 15.791597 156.944794 -0.000000 0.991357 0.131194 0.904500 0.663700
Skinclass106_hair.tga
22 4.835699 14.606597 156.498306 0.458888 0.878377 0.133697 0.585200 0.653100
22 8.004599 12.146597 154.872299 0.773718 0.613614 0.157604 0.359900 0.630600
23 9.362599 14.290998 135.297607 0.706287 0.707887 -0.007400 0.334500 0.369100
Skinclass106_hair.tga
23 9.362599 14.290998 135.297607 0.706287 0.707887 -0.007400 0.334500 0.369100
23 5.854999 17.134897 135.513397 0.379015 0.924837 -0.032001 0.595100 0.374100
22 4.835699 14.606597 156.498306 0.458888 0.878377 0.133697 0.585200 0.653100
Skinclass106_hair.tga
22 8.004599 12.146597 154.872299 0.773718 0.613614 0.157604 0.359900 0.630600
22 9.888199 9.257298 153.679092 0.856320 0.485311 0.176604 0.179000 0.615700
23 11.325200 11.845398 134.950104 0.784011 0.620709 -0.006900 0.165800 0.363300
Skinclass106_hair.tga
23 11.325200 11.845398 134.950104 0.784011 0.620709 -0.006900 0.165800 0.363300
23 9.362599 14.290998 135.297607 0.706287 0.707887 -0.007400 0.334500 0.369100
22 8.004599 12.146597 154.872299 0.773718 0.613614 0.157604 0.359900 0.630600
Skinclass106_hair.tga
23 -0.000002 17.717396 135.262497 -0.000000 0.998317 -0.058001 0.941600 0.372800
23 -0.000001 13.995296 113.662308 -0.000000 0.985479 -0.169796 0.939400 0.080500
23 -5.221901 13.116695 115.686203 -0.307007 0.935121 -0.176904 0.594200 0.107900
Skinclass106_hair.tga
23 -5.221901 13.116695 115.686203 -0.307007 0.935121 -0.176904 0.594200 0.107900
23 -5.855001 17.134895 135.513397 -0.379015 0.924837 -0.032001 0.595100 0.374100
23 -0.000002 17.717396 135.262497 -0.000000 0.998317 -0.058001 0.941600 0.372800
Skinclass106_hair.tga
23 -5.855001 17.134895 135.513397 -0.379015 0.924837 -0.032001 0.595100 0.374100
23 -5.221901 13.116695 115.686203 -0.307007 0.935121 -0.176904 0.594200 0.107900
23 -8.904200 11.723295 120.287308 -0.568389 0.803584 -0.176597 0.335800 0.167700
Skinclass106_hair.tga
23 -8.904200 11.723295 120.287308 -0.568389 0.803584 -0.176597 0.335800 0.167700
23 -9.362601 14.290997 135.297607 -0.706287 0.707887 -0.007400 0.334500 0.369100
23 -5.855001 17.134895 135.513397 -0.379015 0.924837 -0.032001 0.595100 0.374100
Skinclass106_hair.tga
23 -8.904200 11.723295 120.287308 -0.568389 0.803584 -0.176597 0.335800 0.167700
23 -11.325200 11.845396 134.950104 -0.784011 0.620709 -0.006900 0.165800 0.363300
23 -9.362601 14.290997 135.297607 -0.706287 0.707887 -0.007400 0.334500 0.369100
Skinclass106_hair.tga
20 -0.000001 13.234196 180.913300 -0.000000 0.999401 0.034600 0.823600 0.981600
20 -0.000001 13.608698 172.625397 -0.000000 0.994462 0.105096 0.833800 0.872400
20 -4.946101 11.795996 172.415894 -0.661413 0.745415 0.083002 0.497400 0.866700
Skinclass106_hair.tga
20 -4.946101 11.795996 172.415894 -0.661413 0.745415 0.083002 0.497400 0.866700
20 -5.447600 11.353998 181.573303 -0.676030 0.736833 -0.007800 0.458400 0.989000
20 -0.000001 13.234196 180.913300 -0.000000 0.999401 0.034600 0.823600 0.981600
Skinclass106_hair.tga
20 -5.447600 11.353998 181.573303 -0.676030 0.736833 -0.007800 0.458400 0.989000
20 -4.946101 11.795996 172.415894 -0.661413 0.745415 0.083002 0.497400 0.866700
20 -6.947001 7.837698 171.096695 -0.929871 0.360489 0.073398 0.266900 0.850800
Skinclass106_hair.tga
20 -6.947001 7.837698 171.096695 -0.929871 0.360489 0.073398 0.266900 0.850800
20 -7.785501 7.192698 182.019196 -0.935831 0.348711 -0.051202 0.215500 0.996100
20 -5.447600 11.353998 181.573303 -0.676030 0.736833 -0.007800 0.458400 0.989000
Skinclass106_hair.tga
20 -6.947001 7.837698 171.096695 -0.929871 0.360489 0.073398 0.266900 0.850800
20 -8.216900 4.410498 169.720901 -0.940349 0.324117 0.103405 0.087400 0.835000
20 -8.216900 3.207297 179.284195 -0.980898 0.189199 -0.045200 0.031100 0.959800
Skinclass106_hair.tga
20 -8.216900 3.207297 179.284195 -0.980898 0.189199 -0.045200 0.031100 0.959800
20 -7.785501 7.192698 182.019196 -0.935831 0.348711 -0.051202 0.215500 0.996100
20 -6.947001 7.837698 171.096695 -0.929871 0.360489 0.073398 0.266900 0.850800
Skinclass106_hair.tga
20 -0.000001 13.608698 172.625397 -0.000000 0.994462 0.105096 0.833800 0.872400
22 -0.000001 15.791597 156.944794 -0.000000 0.991357 0.131194 0.904500 0.663700
22 -4.835701 14.606596 156.498306 -0.458888 0.878377 0.133697 0.585200 0.653100
Skinclass106_hair.tga
22 -4.835701 14.606596 156.498306 -0.458888 0.878377 0.133697 0.585200 0.653100
20 -4.946101 11.795996 172.415894 -0.661413 0.745415 0.083002 0.497400 0.866700
20 -0.000001 13.608698 172.625397 -0.000000 0.994462 0.105096 0.833800 0.872400
Skinclass106_hair.tga
20 -4.946101 11.795996 172.415894 -0.661413 0.745415 0.083002 0.497400 0.866700
22 -4.835701 14.606596 156.498306 -0.458888 0.878377 0.133697 0.585200 0.653100
22 -8.004601 12.146596 154.872299 -0.773718 0.613614 0.157604 0.359900 0.630600
Skinclass106_hair.tga
22 -8.004601 12.146596 154.872299 -0.773718 0.613614 0.157604 0.359900 0.630600
20 -6.947001 7.837698 171.096695 -0.929871 0.360489 0.073398 0.266900 0.850800
20 -4.946101 11.795996 172.415894 -0.661413 0.745415 0.083002 0.497400 0.866700
Skinclass106_hair.tga
22 -8.004601 12.146596 154.872299 -0.773718 0.613614 0.157604 0.359900 0.630600
22 -9.888201 9.257297 153.679092 -0.856320 0.485311 0.176604 0.179000 0.615700
20 -8.216900 4.410498 169.720901 -0.940349 0.324117 0.103405 0.087400 0.835000
Skinclass106_hair.tga
20 -8.216900 4.410498 169.720901 -0.940349 0.324117 0.103405 0.087400 0.835000
20 -6.947001 7.837698 171.096695 -0.929871 0.360489 0.073398 0.266900 0.850800
22 -8.004601 12.146596 154.872299 -0.773718 0.613614 0.157604 0.359900 0.630600
Skinclass106_hair.tga
22 -0.000001 15.791597 156.944794 -0.000000 0.991357 0.131194 0.904500 0.663700
23 -0.000002 17.717396 135.262497 -0.000000 0.998317 -0.058001 0.941600 0.372800
23 -5.855001 17.134895 135.513397 -0.379015 0.924837 -0.032001 0.595100 0.374100
Skinclass106_hair.tga
23 -5.855001 17.134895 135.513397 -0.379015 0.924837 -0.032001 0.595100 0.374100
22 -4.835701 14.606596 156.498306 -0.458888 0.878377 0.133697 0.585200 0.653100
22 -0.000001 15.791597 156.944794 -0.000000 0.991357 0.131194 0.904500 0.663700
Skinclass106_hair.tga
22 -4.835701 14.606596 156.498306 -0.458888 0.878377 0.133697 0.585200 0.653100
23 -5.855001 17.134895 135.513397 -0.379015 0.924837 -0.032001 0.595100 0.374100
23 -9.362601 14.290997 135.297607 -0.706287 0.707887 -0.007400 0.334500 0.369100
Skinclass106_hair.tga
23 -9.362601 14.290997 135.297607 -0.706287 0.707887 -0.007400 0.334500 0.369100
22 -8.004601 12.146596 154.872299 -0.773718 0.613614 0.157604 0.359900 0.630600
22 -4.835701 14.606596 156.498306 -0.458888 0.878377 0.133697 0.585200 0.653100
Skinclass106_hair.tga
22 -8.004601 12.146596 154.872299 -0.773718 0.613614 0.157604 0.359900 0.630600
23 -9.362601 14.290997 135.297607 -0.706287 0.707887 -0.007400 0.334500 0.369100
23 -11.325200 11.845396 134.950104 -0.784011 0.620709 -0.006900 0.165800 0.363300
Skinclass106_hair.tga
23 -11.325200 11.845396 134.950104 -0.784011 0.620709 -0.006900 0.165800 0.363300
22 -9.888201 9.257297 153.679092 -0.856320 0.485311 0.176604 0.179000 0.615700
22 -8.004601 12.146596 154.872299 -0.773718 0.613614 0.157604 0.359900 0.630600
end
