version 1
nodes
0 "Bip01" -1
1 "Bip01 Footsteps" 0
2 "Bip01 Pelvis" 0
3 "Bip01 L Leg" 2
4 "Bip01 L Leg1" 3
5 "Bip01 L Foot" 4
6 "Bip01 L Toe0" 5
7 "Bip01 L Toe01" 6
8 "Bip01 L Toe02" 7
9 "Null 9" -1
10 "Bip01 R Leg" 2
11 "Bip01 R Leg1" 10
12 "Bip01 R Foot" 11
13 "Bip01 R Toe0" 12
14 "Bip01 R Toe01" 13
15 "Bip01 R Toe02" 14
16 "Null 16" -1
17 "Bip01 Spine" 2
18 "Bip01 Spine1" 17
19 "Bip01 Neck" 18
20 "Bip01 Head" 19
21 "Null 21" -1
22 "Bip01 Ponytail1" 20
23 "Bip01 Ponytail11" 22
24 "Null 24" -1
25 "Bip01 R Arm" 19
26 "Bip01 R Arm1" 25
27 "Bip01 R Arm2" 26
28 "Bip01 R Hand" 27
29 "Bip01 R Finger0" 28
30 "Bip01 R Finger01" 29
31 "Bip01 R Finger02" 30
32 "Null 32" -1
33 "knife_gdf" 28
34 "Bip01 L Arm" 19
35 "Bip01 L Arm1" 34
36 "Bip01 L Arm2" 35
37 "Bip01 L Hand" 36
38 "Bip01 L Finger0" 37
39 "Bip01 L Finger01" 38
40 "Bip01 L Finger02" 39
41 "Null 41" -1
42 "hand_bofdgne01" 37
43 "Bone01" 17
44 "Bone02" 43
45 "Bone03" 44
46 "Bone04" 45
47 "Bone05" 17
48 "Bone06" 47
49 "Bone07" 48
50 "Bone08" 49
51 "Mesh05" 2
52 "Null 52" -1
53 "Null 53" -1
54 "Null 54" -1
55 "Null 55" -1
56 "Mesh01" 2
57 "Mesh02" 2
58 "Mesh04" 2
59 "gfh" 2
60 "Mesh03" 2
61 "Null 61" -1
62 "Null 62" -1
63 "Null 63" -1
64 "Null 64" -1
end
skeleton
time 0
0 0.000000 0.000000 109.950928 -0.000000 -0.000000 -1.570795
1 0.000000 0.000000 -109.958252 0.000000 -0.000000 1.570795
2 -0.000001 0.000000 0.000000 -1.570795 -1.570796 0.000000
3 -0.000015 0.000019 10.281422 -3.137271 -0.052179 3.058934
4 49.482208 -0.004437 -2.000368 -0.017771 0.067477 -0.340228
5 50.774872 0.392519 3.221074 0.004667 -0.079210 0.224301
6 11.591197 14.908227 0.000000 0.000000 -0.000000 1.570796
7 4.161462 0.000000 0.000000 0.000000 -0.000000 0.000000
8 4.161460 0.000000 0.000000 0.000000 -0.000000 0.000000
9 0.000000 0.000000 0.000000 0.000000 0.000000 0.000000
10 0.000015 -0.000009 -10.281496 3.136361 0.052100 3.058910
11 49.499947 -0.006799 1.994822 0.015034 -0.085594 -0.340463
12 50.795216 0.419726 -3.879525 0.005722 0.117377 0.241066
13 11.591197 14.908227 0.000000 0.000000 -0.000000 1.570796
14 4.161462 0.000000 0.000000 0.000000 -0.000000 0.000000
15 4.161458 0.000000 0.000000 0.000000 -0.000000 0.000000
16 0.000000 0.000000 0.000000 0.000000 0.000000 0.000000
17 3.598549 -0.015762 0.000005 -0.000004 -0.000001 -0.156284
18 19.799709 -0.020856 -0.000090 0.000001 0.000003 0.209440
19 26.009638 -0.004092 0.000000 0.000000 -0.000000 0.030000
20 5.140771 0.000000 0.000000 0.000000 -0.000000 -0.030798
21 0.000000 0.000000 0.000000 0.000000 0.000000 0.000000
22 6.888316 -6.881610 -0.000019 -0.000005 0.000001 -2.749229
23 15.458327 -0.012906 0.000001 0.000000 0.000001 -0.219299
24 0.000000 0.000000 0.000000 0.000000 0.000000 0.000000
25 0.000000 0.004110 -6.477368 -0.000014 1.370796 3.110783
26 13.361727 0.000944 -0.001251 0.111138 -1.076561 -0.103053
27 37.629372 -0.000275 -0.000710 0.098446 0.017266 -0.359202
28 27.473604 0.000000 0.000002 1.569921 -0.000000 0.000000
29 10.474735 -1.899005 0.151306 0.263842 -0.014309 0.663620
30 3.624243 -0.000003 0.000000 0.000000 -0.000000 0.000000
31 3.624247 0.000004 0.000000 0.000000 -0.000000 0.000000
32 0.000000 0.000000 0.000000 0.000000 0.000000 0.000000
33 9.026132 3.666774 0.258445 -1.374363 -0.037857 1.754420
34 0.000000 0.004077 6.477368 -0.000013 -1.370796 3.110809
35 13.400260 -0.000030 -0.000534 -0.114343 1.093679 -0.107639
36 37.633888 0.000597 0.003139 -0.092716 -0.016537 -0.360955
37 27.473597 0.000000 0.000002 -1.569921 -0.000000 0.000000
38 10.564649 -1.981075 -0.067623 -0.124312 -0.014114 0.309273
39 3.624243 -0.000004 0.000000 0.000000 -0.000000 0.000000
40 3.624246 0.000004 0.000000 0.000000 -0.000000 0.000000
41 0.000000 0.000000 0.000000 0.000000 0.000000 0.000000
42 9.000599 3.769938 0.531382 1.767230 -0.037854 -1.387172
43 15.155036 10.590137 0.000024 3.140796 -1.570796 0.000000
44 0.000000 -0.606424 -3.234268 -0.033670 -0.000000 0.000000
45 0.000000 -3.638543 -20.011986 -0.212235 -0.000000 0.000000
46 0.000000 -0.606422 -26.480511 0.000000 -0.000000 0.000000
47 16.351946 -9.422812 -0.000022 3.140796 -1.570796 0.000000
48 0.000000 0.000000 -2.627838 -0.012848 -0.000000 0.000000
49 0.000000 5.457818 -16.979870 0.248210 -0.000000 0.000000
50 0.000000 2.627840 -27.895494 0.000000 -0.000000 0.000000
51 24.752438 -5.954237 1.875078 -1.570796 -1.570796 0.000000
52 0.000000 0.000000 0.000000 0.000000 0.000000 0.000000
53 0.000000 0.000000 0.000000 0.000000 0.000000 0.000000
54 0.000000 0.000000 0.000000 0.000000 0.000000 0.000000
55 0.000000 0.000000 0.000000 0.000000 0.000000 0.000000
56 24.752445 -5.954239 1.875079 -1.570796 -1.570796 0.000000
57 25.578556 -5.954239 1.875080 -1.570796 -1.570796 0.000000
58 25.578556 -5.954239 1.875080 -1.570796 -1.570796 0.000000
59 25.578556 -5.954239 1.875080 -1.570796 -1.570796 0.000000
60 53.346634 -0.994263 -0.080033 -1.570794 -1.047200 -1.570799
61 0.000000 0.000000 0.000000 0.000000 0.000000 0.000000
62 0.000000 0.000000 0.000000 0.000000 0.000000 0.000000
63 0.000000 0.000000 0.000000 0.000000 0.000000 0.000000
64 0.000000 0.000000 0.000000 0.000000 0.000000 0.000000
end
triangles
KMUA2_tex_sm004.jpg
20 15.339555 36.647060 200.217041 -0.790992 0.575983 -0.206339 0.320500 0.988400
20 14.108963 26.091366 189.473953 0.970270 0.219077 -0.102869 0.301200 0.928700
20 8.683739 14.235555 182.779938 -0.934256 0.355401 -0.029241 0.223300 0.902800
KMUA2_tex_sm004.jpg
20 14.108963 26.091366 189.473953 0.970270 0.219077 -0.102869 0.301200 0.928700
20 13.290806 23.262623 180.162735 -0.492999 0.869367 -0.033950 0.274300 0.829600
20 8.683739 14.235555 182.779938 -0.934256 0.355401 -0.029241 0.223300 0.902800
KMUA2_tex_sm004.jpg
20 8.777339 13.933952 173.343689 -0.904176 0.406082 -0.132528 0.215600 0.811300
20 8.683739 14.235555 182.779938 -0.934256 0.355401 -0.029241 0.223300 0.902800
20 13.290806 23.262623 180.162735 -0.492999 0.869367 -0.033950 0.274300 0.829600
KMUA2_tex_sm004.jpg
20 13.290806 23.262623 180.162735 -0.492999 0.869367 -0.033950 0.274300 0.829600
20 14.701663 26.060095 169.450882 0.008703 0.473740 -0.880622 0.274300 0.739100
20 8.777339 13.933952 173.343689 -0.904176 0.406082 -0.132528 0.215600 0.811300
KMUA2_tex_sm004.jpg
20 8.860500 8.858849 168.795670 0.735295 -0.018569 -0.677492 0.141500 0.820000
20 8.777339 13.933952 173.343689 -0.904176 0.406082 -0.132528 0.215600 0.811300
20 14.701663 26.060095 169.450882 0.008703 0.473740 -0.880622 0.274300 0.739100
KMUA2_tex_sm004.jpg
20 14.701663 26.060095 169.450882 0.008703 0.473740 -0.880622 0.274300 0.739100
20 12.427649 3.485627 176.283676 0.906572 -0.372739 -0.197970 0.145300 0.874800
20 8.860500 8.858849 168.795670 0.735295 -0.018569 -0.677492 0.141500 0.820000
KMUA2_tex_sm004.jpg
20 13.290806 23.262623 180.162735 -0.492999 0.869367 -0.033950 0.274300 0.829600
20 12.427649 3.485627 176.283676 0.906572 -0.372739 -0.197970 0.145300 0.874800
20 14.701663 26.060095 169.450882 0.008703 0.473740 -0.880622 0.274300 0.739100
KMUA2_tex_sm004.jpg
20 12.427649 3.485627 176.283676 0.906572 -0.372739 -0.197970 0.145300 0.874800
20 13.290806 23.262623 180.162735 -0.492999 0.869367 -0.033950 0.274300 0.829600
20 14.108963 26.091366 189.473953 0.970270 0.219077 -0.102869 0.301200 0.928700
KMUA2_tex_sm004.jpg
20 8.870926 0.552870 174.553711 0.803885 -0.489368 -0.338066 0.124100 0.873900
20 8.860500 8.858849 168.795670 0.735295 -0.018569 -0.677492 0.141500 0.820000
20 12.427649 3.485627 176.283676 0.906572 -0.372739 -0.197970 0.145300 0.874800
KMUA2_tex_sm004.jpg
20 8.860500 8.858849 168.795670 0.735295 -0.018569 -0.677492 0.141500 0.820000
20 8.870926 0.552870 174.553711 0.803885 -0.489368 -0.338066 0.124100 0.873900
20 7.740826 -2.036596 172.373138 0.995435 -0.093844 0.017416 0.107800 0.871000
KMUA2_tex_sm004.jpg
20 7.740826 -2.036596 172.373138 0.995435 -0.093844 0.017416 0.107800 0.871000
20 8.985251 -1.904925 164.753525 0.912655 0.039645 -0.406804 0.092400 0.843100
20 8.860500 8.858849 168.795670 0.735295 -0.018569 -0.677492 0.141500 0.820000
KMUA2_tex_sm004.jpg
20 8.985251 -1.904925 164.753525 0.912655 0.039645 -0.406804 0.092400 0.843100
20 7.740826 -2.036596 172.373138 0.995435 -0.093844 0.017416 0.107800 0.871000
20 7.834415 -10.578341 169.627579 0.961379 0.164056 0.220987 0.067400 0.875800
KMUA2_tex_sm004.jpg
20 7.834415 -10.578341 169.627579 0.961379 0.164056 0.220987 0.067400 0.875800
20 7.865575 -11.060229 166.726074 0.854583 -0.368444 -0.365974 0.062500 0.862300
20 8.985251 -1.904925 164.753525 0.912655 0.039645 -0.406804 0.092400 0.843100
KMUA2_tex_sm004.jpg
20 7.834415 -10.578341 169.627579 0.961379 0.164056 0.220987 0.067400 0.875800
20 7.851750 -12.439923 169.957047 0.872246 -0.488651 0.020159 0.060600 0.876800
20 7.865575 -11.060229 166.726074 0.854583 -0.368444 -0.365974 0.062500 0.862300
KMUA2_tex_sm004.jpg
20 7.851750 -12.439923 169.957047 0.872246 -0.488651 0.020159 0.060600 0.876800
20 7.834415 -10.578341 169.627579 0.961379 0.164056 0.220987 0.067400 0.875800
20 7.525892 -11.604427 171.090546 -0.065300 0.862617 0.501625 0.062500 0.883500
KMUA2_tex_sm004.jpg
20 3.466445 -14.169747 167.304993 0.036900 -0.977294 0.208649 0.038500 0.869100
20 7.865575 -11.060229 166.726074 0.854583 -0.368444 -0.365974 0.062500 0.862300
20 7.851750 -12.439923 169.957047 0.872246 -0.488651 0.020159 0.060600 0.876800
KMUA2_tex_sm004.jpg
20 3.466445 -14.169747 167.304993 0.036900 -0.977294 0.208649 0.038500 0.869100
20 7.525892 -11.604427 171.090546 -0.065300 0.862617 0.501625 0.062500 0.883500
20 7.834415 -10.578341 169.627579 0.961379 0.164056 0.220987 0.067400 0.875800
KMUA2_tex_sm004.jpg
20 3.837395 -3.017678 161.047684 0.416286 0.079709 -0.905733 0.075100 0.825800
20 8.985251 -1.904925 164.753525 0.912655 0.039645 -0.406804 0.092400 0.843100
20 7.865575 -11.060229 166.726074 0.854583 -0.368444 -0.365974 0.062500 0.862300
KMUA2_tex_sm004.jpg
20 8.985251 -1.904925 164.753525 0.912655 0.039645 -0.406804 0.092400 0.843100
20 3.837395 -3.017678 161.047684 0.416286 0.079709 -0.905733 0.075100 0.825800
20 4.225685 5.049105 164.601059 0.234203 0.313491 -0.920256 0.111600 0.812300
KMUA2_tex_sm004.jpg
20 4.225685 5.049105 164.601059 0.234203 0.313491 -0.920256 0.111600 0.812300
20 8.860500 8.858849 168.795670 0.735295 -0.018569 -0.677492 0.141500 0.820000
20 8.985251 -1.904925 164.753525 0.912655 0.039645 -0.406804 0.092400 0.843100
KMUA2_tex_sm004.jpg
20 4.225685 5.049105 164.601059 0.234203 0.313491 -0.920256 0.111600 0.812300
20 4.152833 12.211052 166.316803 0.298192 0.225245 -0.927549 0.143400 0.800700
20 8.860500 8.858849 168.795670 0.735295 -0.018569 -0.677492 0.141500 0.820000
KMUA2_tex_sm004.jpg
20 3.466445 -14.169747 167.304993 0.036900 -0.977294 0.208649 0.038500 0.869100
20 3.511535 -14.828380 163.370316 0.355816 -0.710641 -0.606946 0.042300 0.849800
20 7.865575 -11.060229 166.726074 0.854583 -0.368444 -0.365974 0.062500 0.862300
KMUA2_tex_sm004.jpg
20 7.865575 -11.060229 166.726074 0.854583 -0.368444 -0.365974 0.062500 0.862300
20 3.511535 -14.828380 163.370316 0.355816 -0.710641 -0.606946 0.042300 0.849800
20 3.674467 -8.921276 161.442978 0.330897 -0.162976 -0.929487 0.058700 0.837300
KMUA2_tex_sm004.jpg
20 7.865575 -11.060229 166.726074 0.854583 -0.368444 -0.365974 0.062500 0.862300
20 3.674467 -8.921276 161.442978 0.330897 -0.162976 -0.929487 0.058700 0.837300
20 3.837395 -3.017678 161.047684 0.416286 0.079709 -0.905733 0.075100 0.825800
KMUA2_tex_sm004.jpg
20 12.427649 3.485627 176.283676 0.906572 -0.372739 -0.197970 0.145300 0.874800
20 8.829339 0.185419 178.925125 0.746810 -0.575670 -0.332985 0.127000 0.895100
20 8.870926 0.552870 174.553711 0.803885 -0.489368 -0.338066 0.124100 0.873900
KMUA2_tex_sm004.jpg
20 8.829339 0.185419 178.925125 0.746810 -0.575670 -0.332985 0.127000 0.895100
20 12.427649 3.485627 176.283676 0.906572 -0.372739 -0.197970 0.145300 0.874800
20 12.375643 3.017674 181.989441 0.940684 -0.316787 0.121488 0.154900 0.910500
KMUA2_tex_sm004.jpg
20 12.375643 3.017674 181.989441 0.940684 -0.316787 0.121488 0.154900 0.910500
20 7.771987 -13.185235 177.930145 0.961030 0.028131 -0.275010 0.061600 0.932600
20 8.829339 0.185419 178.925125 0.746810 -0.575670 -0.332985 0.127000 0.895100
KMUA2_tex_sm004.jpg
20 7.771987 -13.185235 177.930145 0.961030 0.028131 -0.275010 0.061600 0.932600
20 12.375643 3.017674 181.989441 0.940684 -0.316787 0.121488 0.154900 0.910500
20 8.836252 -6.217385 183.365799 0.785293 -0.286904 0.548635 0.110700 0.941300
KMUA2_tex_sm004.jpg
20 8.728732 2.677984 187.168564 0.683364 -0.276136 0.675842 0.170300 0.946100
20 8.836252 -6.217385 183.365799 0.785293 -0.286904 0.548635 0.110700 0.941300
20 12.375643 3.017674 181.989441 0.940684 -0.316787 0.121488 0.154900 0.910500
KMUA2_tex_sm004.jpg
20 8.836252 -6.217385 183.365799 0.785293 -0.286904 0.548635 0.110700 0.941300
20 8.728732 2.677984 187.168564 0.683364 -0.276136 0.675842 0.170300 0.946100
20 4.045417 -1.249694 189.331696 0.241595 -0.325978 0.913986 0.147200 0.972100
KMUA2_tex_sm004.jpg
20 8.836252 -6.217385 183.365799 0.785293 -0.286904 0.548635 0.110700 0.941300
20 7.574390 -17.150982 181.143707 0.813103 -0.494366 0.307353 0.055800 0.955700
20 7.771987 -13.185235 177.930145 0.961030 0.028131 -0.275010 0.061600 0.932600
KMUA2_tex_sm004.jpg
20 7.453040 -17.102386 176.155228 0.840579 -0.497106 -0.215204 0.040400 0.937400
20 7.771987 -13.185235 177.930145 0.961030 0.028131 -0.275010 0.061600 0.932600
20 7.574390 -17.150982 181.143707 0.813103 -0.494366 0.307353 0.055800 0.955700
KMUA2_tex_sm004.jpg
20 7.771987 -13.185235 177.930145 0.961030 0.028131 -0.275010 0.061600 0.932600
20 7.453040 -17.102386 176.155228 0.840579 -0.497106 -0.215204 0.040400 0.937400
20 7.078679 -14.807532 175.524277 -0.330414 0.868470 -0.369575 0.048100 0.926800
KMUA2_tex_sm004.jpg
20 4.541126 -18.523783 177.226120 0.041299 -0.988078 -0.148312 0.031700 0.951800
20 7.453040 -17.102386 176.155228 0.840579 -0.497106 -0.215204 0.040400 0.937400
20 7.574390 -17.150982 181.143707 0.813103 -0.494366 0.307353 0.055800 0.955700
KMUA2_tex_sm004.jpg
20 7.078679 -14.807532 175.524277 -0.330414 0.868470 -0.369575 0.048100 0.926800
20 4.541126 -18.523783 177.226120 0.041299 -0.988078 -0.148312 0.031700 0.951800
20 7.771987 -13.185235 177.930145 0.961030 0.028131 -0.275010 0.061600 0.932600
KMUA2_tex_sm004.jpg
20 7.453040 -17.102386 176.155228 0.840579 -0.497106 -0.215204 0.040400 0.937400
20 4.541126 -18.523783 177.226120 0.041299 -0.988078 -0.148312 0.031700 0.951800
20 5.057676 -18.142405 175.084152 -0.703614 -0.594671 -0.388964 0.029800 0.939300
KMUA2_tex_sm004.jpg
20 4.541126 -18.523783 177.226120 0.041299 -0.988078 -0.148312 0.031700 0.951800
20 7.078679 -14.807532 175.524277 -0.330414 0.868470 -0.369575 0.048100 0.926800
20 5.057676 -18.142405 175.084152 -0.703614 -0.594671 -0.388964 0.029800 0.939300
KMUA2_tex_sm004.jpg
20 4.541126 -18.523783 177.226120 0.041299 -0.988078 -0.148312 0.031700 0.951800
20 7.574390 -17.150982 181.143707 0.813103 -0.494366 0.307353 0.055800 0.955700
20 3.549714 -19.321106 183.310242 0.369595 -0.781009 0.503412 0.049100 0.976900
KMUA2_tex_sm004.jpg
20 3.549714 -19.321106 183.310242 0.369595 -0.781009 0.503412 0.049100 0.976900
20 -0.000098 -21.064743 178.041000 -0.000101 -0.988768 0.149456 0.018300 0.978800
20 4.541126 -18.523783 177.226120 0.041299 -0.988078 -0.148312 0.031700 0.951800
KMUA2_tex_sm004.jpg
20 7.574390 -17.150982 181.143707 0.813103 -0.494366 0.307353 0.055800 0.955700
20 8.836252 -6.217385 183.365799 0.785293 -0.286904 0.548635 0.110700 0.941300
20 4.114758 -7.454906 185.941376 0.272103 -0.305872 0.912361 0.109700 0.972100
KMUA2_tex_sm004.jpg
20 4.114758 -7.454906 185.941376 0.272103 -0.305872 0.912361 0.109700 0.972100
20 3.549714 -19.321106 183.310242 0.369595 -0.781009 0.503412 0.049100 0.976900
20 7.574390 -17.150982 181.143707 0.813103 -0.494366 0.307353 0.055800 0.955700
KMUA2_tex_sm004.jpg
20 8.836252 -6.217385 183.365799 0.785293 -0.286904 0.548635 0.110700 0.941300
20 4.045417 -1.249694 189.331696 0.241595 -0.325978 0.913986 0.147200 0.972100
20 4.114758 -7.454906 185.941376 0.272103 -0.305872 0.912361 0.109700 0.972100
KMUA2_tex_sm004.jpg
20 4.114758 -7.454906 185.941376 0.272103 -0.305872 0.912361 0.109700 0.972100
20 -0.000098 -19.345335 183.279068 -0.000003 -0.521010 0.853551 0.046200 0.993200
20 3.549714 -19.321106 183.310242 0.369595 -0.781009 0.503412 0.049100 0.976900
KMUA2_tex_sm004.jpg
20 -0.000098 -21.064743 178.041000 -0.000101 -0.988768 0.149456 0.018300 0.978800
20 3.549714 -19.321106 183.310242 0.369595 -0.781009 0.503412 0.049100 0.976900
20 -0.000098 -19.345335 183.279068 -0.000003 -0.521010 0.853551 0.046200 0.993200
KMUA2_tex_sm004.jpg
20 -0.000098 -19.345335 183.279068 -0.000003 -0.521010 0.853551 0.046200 0.993200
20 4.114758 -7.454906 185.941376 0.272103 -0.305872 0.912361 0.109700 0.972100
20 -0.000099 -7.486165 185.903275 -0.000003 -0.395102 0.918638 0.108700 0.995100
KMUA2_tex_sm004.jpg
20 4.045417 -1.249694 189.331696 0.241595 -0.325978 0.913986 0.147200 0.972100
20 -0.000099 -7.486165 185.903275 -0.000003 -0.395102 0.918638 0.108700 0.995100
20 4.114758 -7.454906 185.941376 0.272103 -0.305872 0.912361 0.109700 0.972100
KMUA2_tex_sm004.jpg
20 -0.000099 -7.486165 185.903275 -0.000003 -0.395102 0.918638 0.108700 0.995100
20 4.045417 -1.249694 189.331696 0.241595 -0.325978 0.913986 0.147200 0.972100
20 -0.000100 -1.277454 189.293716 0.001597 -0.299438 0.954115 0.148200 0.995100
KMUA2_tex_sm004.jpg
20 -4.114957 -7.454907 185.941376 -0.272108 -0.305872 0.912359 0.109700 0.972100
20 -0.000098 -19.345335 183.279068 -0.000003 -0.521010 0.853551 0.046200 0.993200
20 -0.000099 -7.486165 185.903275 -0.000003 -0.395102 0.918638 0.108700 0.995100
KMUA2_tex_sm004.jpg
20 -0.000098 -19.345335 183.279068 -0.000003 -0.521010 0.853551 0.046200 0.993200
20 -4.114957 -7.454907 185.941376 -0.272108 -0.305872 0.912359 0.109700 0.972100
20 -3.549910 -19.321106 183.310242 -0.369618 -0.781046 0.503338 0.049100 0.976900
KMUA2_tex_sm004.jpg
20 -0.000098 -21.064743 178.041000 -0.000101 -0.988768 0.149456 0.018300 0.978800
20 -0.000098 -19.345335 183.279068 -0.000003 -0.521010 0.853551 0.046200 0.993200
20 -3.549910 -19.321106 183.310242 -0.369618 -0.781046 0.503338 0.049100 0.976900
KMUA2_tex_sm004.jpg
20 -3.549910 -19.321106 183.310242 -0.369618 -0.781046 0.503338 0.049100 0.976900
20 -4.537917 -18.523785 177.226120 -0.041500 -0.987964 -0.149010 0.031700 0.951800
20 -0.000098 -21.064743 178.041000 -0.000101 -0.988768 0.149456 0.018300 0.978800
KMUA2_tex_sm004.jpg
20 -4.537917 -18.523785 177.226120 -0.041500 -0.987964 -0.149010 0.031700 0.951800
20 -3.549910 -19.321106 183.310242 -0.369618 -0.781046 0.503338 0.049100 0.976900
20 -7.574596 -17.150986 181.143707 -0.813082 -0.494540 0.307129 0.055800 0.955700
KMUA2_tex_sm004.jpg
20 -4.114957 -7.454907 185.941376 -0.272108 -0.305872 0.912359 0.109700 0.972100
20 -7.574596 -17.150986 181.143707 -0.813082 -0.494540 0.307129 0.055800 0.955700
20 -3.549910 -19.321106 183.310242 -0.369618 -0.781046 0.503338 0.049100 0.976900
KMUA2_tex_sm004.jpg
20 -7.449836 -17.102386 176.148193 -0.840392 -0.497413 -0.215227 0.040400 0.936400
20 -4.537917 -18.523785 177.226120 -0.041500 -0.987964 -0.149010 0.031700 0.951800
20 -7.574596 -17.150986 181.143707 -0.813082 -0.494540 0.307129 0.055800 0.955700
KMUA2_tex_sm004.jpg
20 -7.772183 -13.185237 177.930145 -0.961004 0.027937 -0.275119 0.061600 0.932600
20 -7.449836 -17.102386 176.148193 -0.840392 -0.497413 -0.215227 0.040400 0.936400
20 -7.574596 -17.150986 181.143707 -0.813082 -0.494540 0.307129 0.055800 0.955700
KMUA2_tex_sm004.jpg
20 -7.449836 -17.102386 176.148193 -0.840392 -0.497413 -0.215227 0.040400 0.936400
20 -7.772183 -13.185237 177.930145 -0.961004 0.027937 -0.275119 0.061600 0.932600
20 -7.078878 -14.807534 175.524277 0.330109 0.868288 -0.370275 0.048100 0.926800
KMUA2_tex_sm004.jpg
20 -4.537917 -18.523785 177.226120 -0.041500 -0.987964 -0.149010 0.031700 0.951800
20 -7.078878 -14.807534 175.524277 0.330109 0.868288 -0.370275 0.048100 0.926800
20 -7.772183 -13.185237 177.930145 -0.961004 0.027937 -0.275119 0.061600 0.932600
KMUA2_tex_sm004.jpg
20 -4.537917 -18.523785 177.226120 -0.041500 -0.987964 -0.149010 0.031700 0.951800
20 -7.449836 -17.102386 176.148193 -0.840392 -0.497413 -0.215227 0.040400 0.936400
20 -5.057879 -18.142406 175.084152 0.703432 -0.594560 -0.389464 0.029800 0.939300
KMUA2_tex_sm004.jpg
20 -7.078878 -14.807534 175.524277 0.330109 0.868288 -0.370275 0.048100 0.926800
20 -4.537917 -18.523785 177.226120 -0.041500 -0.987964 -0.149010 0.031700 0.951800
20 -5.057879 -18.142406 175.084152 0.703432 -0.594560 -0.389464 0.029800 0.939300
KMUA2_tex_sm004.jpg
20 -7.574596 -17.150986 181.143707 -0.813082 -0.494540 0.307129 0.055800 0.955700
20 -4.114957 -7.454907 185.941376 -0.272108 -0.305872 0.912359 0.109700 0.972100
20 -8.836447 -6.217386 183.365799 -0.785296 -0.286904 0.548631 0.110700 0.941300
KMUA2_tex_sm004.jpg
20 -8.836447 -6.217386 183.365799 -0.785296 -0.286904 0.548631 0.110700 0.941300
20 -7.772183 -13.185237 177.930145 -0.961004 0.027937 -0.275119 0.061600 0.932600
20 -7.574596 -17.150986 181.143707 -0.813082 -0.494540 0.307129 0.055800 0.955700
KMUA2_tex_sm004.jpg
20 -8.836447 -6.217386 183.365799 -0.785296 -0.286904 0.548631 0.110700 0.941300
20 -4.114957 -7.454907 185.941376 -0.272108 -0.305872 0.912359 0.109700 0.972100
20 -4.045617 -1.249694 189.331696 -0.283195 -0.349806 0.892993 0.147200 0.972100
KMUA2_tex_sm004.jpg
20 -4.045617 -1.249694 189.331696 -0.283195 -0.349806 0.892993 0.147200 0.972100
20 -0.000099 -7.486165 185.903275 -0.000003 -0.395102 0.918638 0.108700 0.995100
20 -0.000100 -1.277454 189.293716 0.001597 -0.299438 0.954115 0.148200 0.995100
KMUA2_tex_sm004.jpg
20 -0.000099 -7.486165 185.903275 -0.000003 -0.395102 0.918638 0.108700 0.995100
20 -4.045617 -1.249694 189.331696 -0.283195 -0.349806 0.892993 0.147200 0.972100
20 -4.114957 -7.454907 185.941376 -0.272108 -0.305872 0.912359 0.109700 0.972100
KMUA2_tex_sm004.jpg
20 -7.772183 -13.185237 177.930145 -0.961004 0.027937 -0.275119 0.061600 0.932600
20 -8.836447 -6.217386 183.365799 -0.785296 -0.286904 0.548631 0.110700 0.941300
20 -12.375839 3.017672 181.989441 -0.940685 -0.316786 0.121483 0.154900 0.910500
KMUA2_tex_sm004.jpg
20 -8.729033 2.677982 187.168564 -0.683368 -0.276136 0.675838 0.170300 0.946100
20 -12.375839 3.017672 181.989441 -0.940685 -0.316786 0.121483 0.154900 0.910500
20 -8.836447 -6.217386 183.365799 -0.785296 -0.286904 0.548631 0.110700 0.941300
KMUA2_tex_sm004.jpg
20 -8.836447 -6.217386 183.365799 -0.785296 -0.286904 0.548631 0.110700 0.941300
20 -4.045617 -1.249694 189.331696 -0.283195 -0.349806 0.892993 0.147200 0.972100
20 -8.729033 2.677982 187.168564 -0.683368 -0.276136 0.675838 0.170300 0.946100
KMUA2_tex_sm004.jpg
20 -12.375839 3.017672 181.989441 -0.940685 -0.316786 0.121483 0.154900 0.910500
20 -8.829532 0.185417 178.925125 -0.746809 -0.575669 -0.332989 0.127000 0.895100
20 -7.772183 -13.185237 177.930145 -0.961004 0.027937 -0.275119 0.061600 0.932600
KMUA2_tex_sm004.jpg
20 -8.829532 0.185417 178.925125 -0.746809 -0.575669 -0.332989 0.127000 0.895100
20 -12.375839 3.017672 181.989441 -0.940685 -0.316786 0.121483 0.154900 0.910500
20 -12.427855 3.485625 176.283676 -0.906572 -0.372738 -0.197975 0.145300 0.874800
KMUA2_tex_sm004.jpg
20 -12.427855 3.485625 176.283676 -0.906572 -0.372738 -0.197975 0.145300 0.874800
20 -8.871124 0.552868 174.553711 -0.803883 -0.489367 -0.338070 0.124100 0.873900
20 -8.829532 0.185417 178.925125 -0.746809 -0.575669 -0.332989 0.127000 0.895100
KMUA2_tex_sm004.jpg
20 -8.871124 0.552868 174.553711 -0.803883 -0.489367 -0.338070 0.124100 0.873900
20 -12.427855 3.485625 176.283676 -0.906572 -0.372738 -0.197975 0.145300 0.874800
20 -8.860701 8.858848 168.795670 -0.735292 -0.018568 -0.677496 0.141500 0.820000
KMUA2_tex_sm004.jpg
20 -8.860701 8.858848 168.795670 -0.735292 -0.018568 -0.677496 0.141500 0.820000
20 -7.741029 -2.036598 172.373138 -0.995433 -0.093848 0.017511 0.107800 0.871000
20 -8.871124 0.552868 174.553711 -0.803883 -0.489367 -0.338070 0.124100 0.873900
KMUA2_tex_sm004.jpg
20 -7.741029 -2.036598 172.373138 -0.995433 -0.093848 0.017511 0.107800 0.871000
20 -8.860701 8.858848 168.795670 -0.735292 -0.018568 -0.677496 0.141500 0.820000
20 -8.985555 -1.904926 164.753525 -0.912652 0.039646 -0.406809 0.092400 0.843100
KMUA2_tex_sm004.jpg
20 -8.985555 -1.904926 164.753525 -0.912652 0.039646 -0.406809 0.092400 0.843100
20 -7.834617 -10.578343 169.627579 -0.961381 0.164057 0.220982 0.067400 0.875800
20 -7.741029 -2.036598 172.373138 -0.995433 -0.093848 0.017511 0.107800 0.871000
KMUA2_tex_sm004.jpg
20 -7.834617 -10.578343 169.627579 -0.961381 0.164057 0.220982 0.067400 0.875800
20 -8.985555 -1.904926 164.753525 -0.912652 0.039646 -0.406809 0.092400 0.843100
20 -7.865779 -11.060231 166.726074 -0.854581 -0.368443 -0.365979 0.062500 0.862300
KMUA2_tex_sm004.jpg
20 -7.851953 -12.439926 169.957047 -0.872247 -0.488650 0.020154 0.060600 0.876800
20 -7.834617 -10.578343 169.627579 -0.961381 0.164057 0.220982 0.067400 0.875800
20 -7.865779 -11.060231 166.726074 -0.854581 -0.368443 -0.365979 0.062500 0.862300
KMUA2_tex_sm004.jpg
20 -7.834617 -10.578343 169.627579 -0.961381 0.164057 0.220982 0.067400 0.875800
20 -7.851953 -12.439926 169.957047 -0.872247 -0.488650 0.020154 0.060600 0.876800
20 -7.526091 -11.604428 171.090546 0.065298 0.862617 0.501626 0.062500 0.883500
KMUA2_tex_sm004.jpg
20 -3.837596 -3.017679 161.047684 -0.416281 0.079709 -0.905735 0.075100 0.825800
20 -7.865779 -11.060231 166.726074 -0.854581 -0.368443 -0.365979 0.062500 0.862300
20 -8.985555 -1.904926 164.753525 -0.912652 0.039646 -0.406809 0.092400 0.843100
KMUA2_tex_sm004.jpg
20 -7.865779 -11.060231 166.726074 -0.854581 -0.368443 -0.365979 0.062500 0.862300
20 -3.837596 -3.017679 161.047684 -0.416281 0.079709 -0.905735 0.075100 0.825800
20 -3.674663 -8.921277 161.442978 -0.330892 -0.162975 -0.929489 0.058700 0.837300
KMUA2_tex_sm004.jpg
20 -8.985555 -1.904926 164.753525 -0.912652 0.039646 -0.406809 0.092400 0.843100
20 -4.225885 5.049105 164.601059 -0.234198 0.313492 -0.920258 0.111600 0.812300
20 -3.837596 -3.017679 161.047684 -0.416281 0.079709 -0.905735 0.075100 0.825800
KMUA2_tex_sm004.jpg
20 -4.225885 5.049105 164.601059 -0.234198 0.313492 -0.920258 0.111600 0.812300
20 -8.985555 -1.904926 164.753525 -0.912652 0.039646 -0.406809 0.092400 0.843100
20 -8.860701 8.858848 168.795670 -0.735292 -0.018568 -0.677496 0.141500 0.820000
KMUA2_tex_sm004.jpg
20 -4.225885 5.049105 164.601059 -0.234198 0.313492 -0.920258 0.111600 0.812300
20 -8.860701 8.858848 168.795670 -0.735292 -0.018568 -0.677496 0.141500 0.820000
20 -4.153140 12.211051 166.316803 -0.298187 0.225245 -0.927550 0.143400 0.800700
KMUA2_tex_sm004.jpg
20 -0.000101 12.179888 166.278885 0.000003 0.233115 -0.972449 0.135700 0.782400
20 -4.225885 5.049105 164.601059 -0.234198 0.313492 -0.920258 0.111600 0.812300
20 -4.153140 12.211051 166.316803 -0.298187 0.225245 -0.927550 0.143400 0.800700
KMUA2_tex_sm004.jpg
20 -4.225885 5.049105 164.601059 -0.234198 0.313492 -0.920258 0.111600 0.812300
20 -0.000101 12.179888 166.278885 0.000003 0.233115 -0.972449 0.135700 0.782400
20 -0.000100 5.021347 164.562943 0.000003 0.319321 -0.947647 0.103900 0.794000
KMUA2_tex_sm004.jpg
20 -0.000101 12.179888 166.278885 0.000003 0.233115 -0.972449 0.135700 0.782400
20 4.225685 5.049105 164.601059 0.234203 0.313491 -0.920256 0.111600 0.812300
20 -0.000100 5.021347 164.562943 0.000003 0.319321 -0.947647 0.103900 0.794000
KMUA2_tex_sm004.jpg
20 4.225685 5.049105 164.601059 0.234203 0.313491 -0.920256 0.111600 0.812300
20 -0.000101 12.179888 166.278885 0.000003 0.233115 -0.972449 0.135700 0.782400
20 4.152833 12.211052 166.316803 0.298192 0.225245 -0.927549 0.143400 0.800700
KMUA2_tex_sm004.jpg
20 4.225685 5.049105 164.601059 0.234203 0.313491 -0.920256 0.111600 0.812300
20 -0.000100 -3.041929 161.013092 0.000003 0.172888 -0.984941 0.065400 0.810400
20 -0.000100 5.021347 164.562943 0.000003 0.319321 -0.947647 0.103900 0.794000
KMUA2_tex_sm004.jpg
20 -0.000100 -3.041929 161.013092 0.000003 0.172888 -0.984941 0.065400 0.810400
20 -4.225885 5.049105 164.601059 -0.234198 0.313492 -0.920258 0.111600 0.812300
20 -0.000100 5.021347 164.562943 0.000003 0.319321 -0.947647 0.103900 0.794000
KMUA2_tex_sm004.jpg
20 -4.225885 5.049105 164.601059 -0.234198 0.313492 -0.920258 0.111600 0.812300
20 -0.000100 -3.041929 161.013092 0.000003 0.172888 -0.984941 0.065400 0.810400
20 -3.837596 -3.017679 161.047684 -0.416281 0.079709 -0.905735 0.075100 0.825800
KMUA2_tex_sm004.jpg
20 -0.000100 -3.041929 161.013092 0.000003 0.172888 -0.984941 0.065400 0.810400
20 -3.674663 -8.921277 161.442978 -0.330892 -0.162975 -0.929489 0.058700 0.837300
20 -3.837596 -3.017679 161.047684 -0.416281 0.079709 -0.905735 0.075100 0.825800
KMUA2_tex_sm004.jpg
20 -0.000100 -3.041929 161.013092 0.000003 0.172888 -0.984941 0.065400 0.810400
20 4.225685 5.049105 164.601059 0.234203 0.313491 -0.920256 0.111600 0.812300
20 3.837395 -3.017678 161.047684 0.416286 0.079709 -0.905733 0.075100 0.825800
KMUA2_tex_sm004.jpg
20 -7.526091 -11.604428 171.090546 0.065298 0.862617 0.501626 0.062500 0.883500
20 -3.466743 -14.169748 167.304993 -0.036902 -0.977294 0.208649 0.038500 0.869100
20 -7.834617 -10.578343 169.627579 -0.961381 0.164057 0.220982 0.067400 0.875800
KMUA2_tex_sm004.jpg
20 -3.466743 -14.169748 167.304993 -0.036902 -0.977294 0.208649 0.038500 0.869100
20 -7.851953 -12.439926 169.957047 -0.872247 -0.488650 0.020154 0.060600 0.876800
20 -7.865779 -11.060231 166.726074 -0.854581 -0.368443 -0.365979 0.062500 0.862300
KMUA2_tex_sm004.jpg
20 -3.466743 -14.169748 167.304993 -0.036902 -0.977294 0.208649 0.038500 0.869100
20 -5.342152 -13.618520 170.244614 0.630088 -0.544797 0.553339 0.048100 0.880600
20 -7.851953 -12.439926 169.957047 -0.872247 -0.488650 0.020154 0.060600 0.876800
KMUA2_tex_sm004.jpg
20 -3.466743 -14.169748 167.304993 -0.036902 -0.977294 0.208649 0.038500 0.869100
20 -7.526091 -11.604428 171.090546 0.065298 0.862617 0.501626 0.062500 0.883500
20 -5.342152 -13.618520 170.244614 0.630088 -0.544797 0.553339 0.048100 0.880600
KMUA2_tex_sm004.jpg
20 -3.466743 -14.169748 167.304993 -0.036902 -0.977294 0.208649 0.038500 0.869100
20 -7.865779 -11.060231 166.726074 -0.854581 -0.368443 -0.365979 0.062500 0.862300
20 -3.511733 -14.828382 163.370316 -0.355814 -0.710641 -0.606948 0.042300 0.849800
KMUA2_tex_sm004.jpg
20 -7.865779 -11.060231 166.726074 -0.854581 -0.368443 -0.365979 0.062500 0.862300
20 -3.674663 -8.921277 161.442978 -0.330892 -0.162975 -0.929489 0.058700 0.837300
20 -3.511733 -14.828382 163.370316 -0.355814 -0.710641 -0.606948 0.042300 0.849800
KMUA2_tex_sm004.jpg
20 -0.000099 -8.945524 161.411758 0.000002 -0.230885 -0.972981 0.047100 0.824800
20 -3.511733 -14.828382 163.370316 -0.355814 -0.710641 -0.606948 0.042300 0.849800
20 -3.674663 -8.921277 161.442978 -0.330892 -0.162975 -0.929489 0.058700 0.837300
KMUA2_tex_sm004.jpg
20 -3.674663 -8.921277 161.442978 -0.330892 -0.162975 -0.929489 0.058700 0.837300
20 -0.000100 -3.041929 161.013092 0.000003 0.172888 -0.984941 0.065400 0.810400
20 -0.000099 -8.945524 161.411758 0.000002 -0.230885 -0.972981 0.047100 0.824800
KMUA2_tex_sm004.jpg
20 -3.511733 -14.828382 163.370316 -0.355814 -0.710641 -0.606948 0.042300 0.849800
20 -0.000099 -8.945524 161.411758 0.000002 -0.230885 -0.972981 0.047100 0.824800
20 -0.000099 -14.852626 163.339157 0.000000 -0.964971 -0.262356 0.028900 0.839200
KMUA2_tex_sm004.jpg
20 -0.000099 -14.852626 163.339157 0.000000 -0.964971 -0.262356 0.028900 0.839200
20 -3.466743 -14.169748 167.304993 -0.036902 -0.977294 0.208649 0.038500 0.869100
20 -3.511733 -14.828382 163.370316 -0.355814 -0.710641 -0.606948 0.042300 0.849800
KMUA2_tex_sm004.jpg
20 -0.000099 -8.945524 161.411758 0.000002 -0.230885 -0.972981 0.047100 0.824800
20 3.511535 -14.828380 163.370316 0.355816 -0.710641 -0.606946 0.042300 0.849800
20 -0.000099 -14.852626 163.339157 0.000000 -0.964971 -0.262356 0.028900 0.839200
KMUA2_tex_sm004.jpg
20 3.511535 -14.828380 163.370316 0.355816 -0.710641 -0.606946 0.042300 0.849800
20 -0.000099 -8.945524 161.411758 0.000002 -0.230885 -0.972981 0.047100 0.824800
20 3.674467 -8.921276 161.442978 0.330897 -0.162976 -0.929487 0.058700 0.837300
KMUA2_tex_sm004.jpg
20 3.674467 -8.921276 161.442978 0.330897 -0.162976 -0.929487 0.058700 0.837300
20 -0.000100 -3.041929 161.013092 0.000003 0.172888 -0.984941 0.065400 0.810400
20 3.837395 -3.017678 161.047684 0.416286 0.079709 -0.905733 0.075100 0.825800
KMUA2_tex_sm004.jpg
20 -0.000100 -3.041929 161.013092 0.000003 0.172888 -0.984941 0.065400 0.810400
20 3.674467 -8.921276 161.442978 0.330897 -0.162976 -0.929487 0.058700 0.837300
20 -0.000099 -8.945524 161.411758 0.000002 -0.230885 -0.972981 0.047100 0.824800
KMUA2_tex_sm004.jpg
20 -0.000099 -14.193988 167.277252 -0.000001 -0.986308 0.164914 0.021200 0.861400
20 -3.466743 -14.169748 167.304993 -0.036902 -0.977294 0.208649 0.038500 0.869100
20 -0.000099 -14.852626 163.339157 0.000000 -0.964971 -0.262356 0.028900 0.839200
KMUA2_tex_sm004.jpg
20 -0.000099 -14.193988 167.277252 -0.000001 -0.986308 0.164914 0.021200 0.861400
20 -0.000099 -14.852626 163.339157 0.000000 -0.964971 -0.262356 0.028900 0.839200
20 3.466445 -14.169747 167.304993 0.036900 -0.977294 0.208649 0.038500 0.869100
KMUA2_tex_sm004.jpg
20 3.466445 -14.169747 167.304993 0.036900 -0.977294 0.208649 0.038500 0.869100
20 -0.000099 -14.852626 163.339157 0.000000 -0.964971 -0.262356 0.028900 0.839200
20 3.511535 -14.828380 163.370316 0.355816 -0.710641 -0.606946 0.042300 0.849800
KMUA2_tex_sm004.jpg
20 7.525892 -11.604427 171.090546 -0.065300 0.862617 0.501625 0.062500 0.883500
20 3.466445 -14.169747 167.304993 0.036900 -0.977294 0.208649 0.038500 0.869100
20 5.341955 -13.618521 170.244614 -0.630032 -0.544831 0.553371 0.048100 0.880600
KMUA2_tex_sm004.jpg
20 7.525892 -11.604427 171.090546 -0.065300 0.862617 0.501625 0.062500 0.883500
20 5.341955 -13.618521 170.244614 -0.630032 -0.544831 0.553371 0.048100 0.880600
20 7.213855 -12.432918 173.187775 0.838871 -0.104201 0.534263 0.057700 0.891200
KMUA2_tex_sm004.jpg
20 7.851750 -12.439923 169.957047 0.872246 -0.488651 0.020159 0.060600 0.876800
20 7.525892 -11.604427 171.090546 -0.065300 0.862617 0.501625 0.062500 0.883500
20 7.213855 -12.432918 173.187775 0.838871 -0.104201 0.534263 0.057700 0.891200
KMUA2_tex_sm004.jpg
20 5.341955 -13.618521 170.244614 -0.630032 -0.544831 0.553371 0.048100 0.880600
20 7.851750 -12.439923 169.957047 0.872246 -0.488651 0.020159 0.060600 0.876800
20 7.213855 -12.432918 173.187775 0.838871 -0.104201 0.534263 0.057700 0.891200
KMUA2_tex_sm004.jpg
20 3.466445 -14.169747 167.304993 0.036900 -0.977294 0.208649 0.038500 0.869100
20 7.851750 -12.439923 169.957047 0.872246 -0.488651 0.020159 0.060600 0.876800
20 5.341955 -13.618521 170.244614 -0.630032 -0.544831 0.553371 0.048100 0.880600
KMUA2_tex_sm004.jpg
20 -7.851953 -12.439926 169.957047 -0.872247 -0.488650 0.020154 0.060600 0.876800
20 -5.342152 -13.618520 170.244614 0.630088 -0.544797 0.553339 0.048100 0.880600
20 -7.214055 -12.432918 173.187775 -0.838874 -0.104200 0.534259 0.057700 0.891200
KMUA2_tex_sm004.jpg
20 -7.526091 -11.604428 171.090546 0.065298 0.862617 0.501626 0.062500 0.883500
20 -7.851953 -12.439926 169.957047 -0.872247 -0.488650 0.020154 0.060600 0.876800
20 -7.214055 -12.432918 173.187775 -0.838874 -0.104200 0.534259 0.057700 0.891200
KMUA2_tex_sm004.jpg
20 -5.342152 -13.618520 170.244614 0.630088 -0.544797 0.553339 0.048100 0.880600
20 -7.526091 -11.604428 171.090546 0.065298 0.862617 0.501626 0.062500 0.883500
20 -7.214055 -12.432918 173.187775 -0.838874 -0.104200 0.534259 0.057700 0.891200
KMUA2_tex_sm004.jpg
20 8.683739 14.235555 182.779938 -0.934256 0.355401 -0.029241 0.223300 0.902800
20 8.728732 2.677984 187.168564 -0.972483 0.079344 0.219046 0.215600 0.959500
20 11.207365 15.414151 193.557526 -0.971125 0.100518 0.216360 0.255000 0.970100
KMUA2_tex_sm004.jpg
20 8.683739 14.235555 182.779938 -0.934256 0.355401 -0.029241 0.223300 0.902800
20 11.207365 15.414151 193.557526 -0.971125 0.100518 0.216360 0.255000 0.970100
20 15.339555 36.647060 200.217041 -0.790992 0.575983 -0.206339 0.320500 0.988400
KMUA2_tex_sm004.jpg
20 15.339555 36.647060 200.217041 -0.790992 0.575983 -0.206339 0.320500 0.988400
20 11.207365 15.414151 193.557526 0.915442 -0.267323 0.300839 0.226200 0.962400
20 14.108963 26.091366 189.473953 0.970270 0.219077 -0.102869 0.301200 0.928700
KMUA2_tex_sm004.jpg
20 14.108963 26.091366 189.473953 0.970270 0.219077 -0.102869 0.301200 0.928700
20 11.207365 15.414151 193.557526 0.915442 -0.267323 0.300839 0.226200 0.962400
20 12.375643 3.017674 181.989441 0.940684 -0.316787 0.121488 0.154900 0.910500
KMUA2_tex_sm004.jpg
20 14.108963 26.091366 189.473953 0.970270 0.219077 -0.102869 0.301200 0.928700
20 12.375643 3.017674 181.989441 0.940684 -0.316787 0.121488 0.154900 0.910500
20 12.427649 3.485627 176.283676 0.906572 -0.372739 -0.197970 0.145300 0.874800
KMUA2_tex_sm004.jpg
20 12.375643 3.017674 181.989441 0.940684 -0.316787 0.121488 0.154900 0.910500
20 11.207365 15.414151 193.557526 0.915442 -0.267323 0.300839 0.226200 0.962400
20 8.728732 2.677984 187.168564 0.683364 -0.276136 0.675842 0.170300 0.946100
KMUA2_tex_sm004.jpg
20 4.045417 -1.249694 189.331696 0.241595 -0.325978 0.913986 0.147200 0.972100
20 8.728732 2.677984 187.168564 0.683364 -0.276136 0.675842 0.170300 0.946100
20 3.976075 4.958917 190.423676 0.261311 -0.164409 0.951150 0.184800 0.972100
KMUA2_tex_sm004.jpg
20 -0.000100 4.927753 190.385452 -0.002703 -0.173279 0.984869 0.186700 0.995100
20 4.045417 -1.249694 189.331696 0.241595 -0.325978 0.913986 0.147200 0.972100
20 3.976075 4.958917 190.423676 0.261311 -0.164409 0.951150 0.184800 0.972100
KMUA2_tex_sm004.jpg
20 4.045417 -1.249694 189.331696 0.241595 -0.325978 0.913986 0.147200 0.972100
20 -0.000100 4.927753 190.385452 -0.002703 -0.173279 0.984869 0.186700 0.995100
20 -0.000100 -1.277454 189.293716 0.001597 -0.299438 0.954115 0.148200 0.995100
KMUA2_tex_sm004.jpg
20 -3.976278 4.958916 190.423676 -0.170695 -0.168830 0.970752 0.184800 0.972100
20 -0.000100 -1.277454 189.293716 0.001597 -0.299438 0.954115 0.148200 0.995100
20 -0.000100 4.927753 190.385452 -0.002703 -0.173279 0.984869 0.186700 0.995100
KMUA2_tex_sm004.jpg
20 -0.000100 -1.277454 189.293716 0.001597 -0.299438 0.954115 0.148200 0.995100
20 -3.976278 4.958916 190.423676 -0.170695 -0.168830 0.970752 0.184800 0.972100
20 -4.045617 -1.249694 189.331696 -0.283195 -0.349806 0.892993 0.147200 0.972100
KMUA2_tex_sm004.jpg
20 -8.729033 2.677982 187.168564 -0.683368 -0.276136 0.675838 0.170300 0.946100
20 -4.045617 -1.249694 189.331696 -0.283195 -0.349806 0.892993 0.147200 0.972100
20 -3.976278 4.958916 190.423676 -0.170695 -0.168830 0.970752 0.184800 0.972100
KMUA2_tex_sm004.jpg
20 -11.207561 15.414150 193.557526 -0.915444 -0.267322 0.300834 0.226200 0.962400
20 -12.375839 3.017672 181.989441 -0.940685 -0.316786 0.121483 0.154900 0.910500
20 -8.729033 2.677982 187.168564 -0.683368 -0.276136 0.675838 0.170300 0.946100
KMUA2_tex_sm004.jpg
20 -11.207561 15.414150 193.557526 -0.915444 -0.267322 0.300834 0.226200 0.962400
20 -14.109161 26.091366 189.473953 -0.970269 0.219078 -0.102875 0.301200 0.928700
20 -12.375839 3.017672 181.989441 -0.940685 -0.316786 0.121483 0.154900 0.910500
KMUA2_tex_sm004.jpg
20 -15.339767 36.647057 200.217041 0.790993 0.575982 -0.206335 0.320500 0.988400
20 -14.109161 26.091366 189.473953 -0.970269 0.219078 -0.102875 0.301200 0.928700
20 -11.207561 15.414150 193.557526 -0.915444 -0.267322 0.300834 0.226200 0.962400
KMUA2_tex_sm004.jpg
20 -15.339767 36.647057 200.217041 0.790993 0.575982 -0.206335 0.320500 0.988400
20 -8.683947 14.235552 182.779938 0.934257 0.355400 -0.029236 0.223300 0.902800
20 -14.109161 26.091366 189.473953 -0.970269 0.219078 -0.102875 0.301200 0.928700
KMUA2_tex_sm004.jpg
20 -8.683947 14.235552 182.779938 0.934257 0.355400 -0.029236 0.223300 0.902800
20 -15.339767 36.647057 200.217041 0.790993 0.575982 -0.206335 0.320500 0.988400
20 -11.207561 15.414150 193.557526 0.971124 0.100517 0.216365 0.255000 0.970100
KMUA2_tex_sm004.jpg
20 -14.109161 26.091366 189.473953 -0.970269 0.219078 -0.102875 0.301200 0.928700
20 -8.683947 14.235552 182.779938 0.934257 0.355400 -0.029236 0.223300 0.902800
20 -13.291000 23.262619 180.162735 0.493000 0.869367 -0.033947 0.274300 0.829600
KMUA2_tex_sm004.jpg
20 -8.777539 13.933952 173.343689 0.904177 0.406081 -0.132523 0.215600 0.811300
20 -13.291000 23.262619 180.162735 0.493000 0.869367 -0.033947 0.274300 0.829600
20 -8.683947 14.235552 182.779938 0.934257 0.355400 -0.029236 0.223300 0.902800
KMUA2_tex_sm004.jpg
20 -13.291000 23.262619 180.162735 0.493000 0.869367 -0.033947 0.274300 0.829600
20 -8.777539 13.933952 173.343689 0.904177 0.406081 -0.132523 0.215600 0.811300
20 -14.701971 26.060095 169.450882 -0.008697 0.473740 -0.880622 0.274300 0.739100
KMUA2_tex_sm004.jpg
20 -8.860701 8.858848 168.795670 -0.735292 -0.018568 -0.677496 0.141500 0.820000
20 -14.701971 26.060095 169.450882 -0.008697 0.473740 -0.880622 0.274300 0.739100
20 -8.777539 13.933952 173.343689 0.904177 0.406081 -0.132523 0.215600 0.811300
KMUA2_tex_sm004.jpg
20 -14.701971 26.060095 169.450882 -0.008697 0.473740 -0.880622 0.274300 0.739100
20 -8.860701 8.858848 168.795670 -0.735292 -0.018568 -0.677496 0.141500 0.820000
20 -12.427855 3.485625 176.283676 -0.906572 -0.372738 -0.197975 0.145300 0.874800
KMUA2_tex_sm004.jpg
20 -13.291000 23.262619 180.162735 0.493000 0.869367 -0.033947 0.274300 0.829600
20 -14.701971 26.060095 169.450882 -0.008697 0.473740 -0.880622 0.274300 0.739100
20 -12.427855 3.485625 176.283676 -0.906572 -0.372738 -0.197975 0.145300 0.874800
KMUA2_tex_sm004.jpg
20 -14.109161 26.091366 189.473953 -0.970269 0.219078 -0.102875 0.301200 0.928700
20 -12.427855 3.485625 176.283676 -0.906572 -0.372738 -0.197975 0.145300 0.874800
20 -12.375839 3.017672 181.989441 -0.940685 -0.316786 0.121483 0.154900 0.910500
KMUA2_tex_sm004.jpg
20 -12.427855 3.485625 176.283676 -0.906572 -0.372738 -0.197975 0.145300 0.874800
20 -14.109161 26.091366 189.473953 -0.970269 0.219078 -0.102875 0.301200 0.928700
20 -13.291000 23.262619 180.162735 0.493000 0.869367 -0.033947 0.274300 0.829600
KMUA2_tex_sm004.jpg
20 -8.683947 14.235552 182.779938 0.934257 0.355400 -0.029236 0.223300 0.902800
20 -11.207561 15.414150 193.557526 0.971124 0.100517 0.216365 0.255000 0.970100
20 -8.729033 2.677982 187.168564 0.972482 0.079343 0.219051 0.215600 0.959500
KMUA2_tex_sm004.jpg
20 4.055838 16.135233 173.229431 0.211109 0.946672 -0.243401 0.352200 0.860400
20 8.777339 13.933952 173.343689 0.480795 0.834259 -0.269904 0.316600 0.862300
20 4.152833 12.211052 166.316803 0.273697 0.805127 -0.526175 0.350300 0.916200
KMUA2_tex_sm004.jpg
20 8.777339 13.933952 173.343689 0.480795 0.834259 -0.269904 0.316600 0.862300
20 8.860500 8.858849 168.795670 0.656013 0.509641 -0.556699 0.305100 0.911400
20 4.152833 12.211052 166.316803 0.273697 0.805127 -0.526175 0.350300 0.916200
KMUA2_tex_sm004.jpg
20 4.152833 12.211052 166.316803 0.273697 0.805127 -0.526175 0.350300 0.916200
20 -0.000101 16.104073 173.191208 0.000001 0.968203 -0.250167 0.381100 0.862300
20 4.055838 16.135233 173.229431 0.211109 0.946672 -0.243401 0.352200 0.860400
KMUA2_tex_sm004.jpg
20 -0.000101 16.104073 173.191208 0.000001 0.968203 -0.250167 0.381100 0.862300
20 3.962248 16.031214 182.991364 0.160896 0.947029 0.277938 0.352200 0.790100
20 4.055838 16.135233 173.229431 0.211109 0.946672 -0.243401 0.352200 0.860400
KMUA2_tex_sm004.jpg
20 3.962248 16.031214 182.991364 0.160896 0.947029 0.277938 0.352200 0.790100
20 8.777339 13.933952 173.343689 0.480795 0.834259 -0.269904 0.316600 0.862300
20 4.055838 16.135233 173.229431 0.211109 0.946672 -0.243401 0.352200 0.860400
KMUA2_tex_sm004.jpg
20 8.683739 14.235555 182.779938 0.509605 0.727677 0.459118 0.317600 0.791100
20 8.777339 13.933952 173.343689 0.480795 0.834259 -0.269904 0.316600 0.862300
20 3.962248 16.031214 182.991364 0.160896 0.947029 0.277938 0.352200 0.790100
KMUA2_tex_sm004.jpg
20 8.683739 14.235555 182.779938 0.509605 0.727677 0.459118 0.317600 0.791100
20 3.962248 16.031214 182.991364 0.160896 0.947029 0.277938 0.352200 0.790100
20 3.941407 11.625261 188.693802 0.292407 0.460071 0.838352 0.353200 0.747800
KMUA2_tex_sm004.jpg
20 3.941407 11.625261 188.693802 0.292407 0.460071 0.838352 0.353200 0.747800
20 8.728732 2.677984 187.168564 0.657675 0.229556 0.717473 0.303200 0.700600
20 8.683739 14.235555 182.779938 0.509605 0.727677 0.459118 0.317600 0.791100
KMUA2_tex_sm004.jpg
20 3.941407 11.625261 188.693802 0.292407 0.460071 0.838352 0.353200 0.747800
20 3.976075 4.958917 190.423676 0.321181 0.239462 0.916243 0.350300 0.700600
20 8.728732 2.677984 187.168564 0.657675 0.229556 0.717473 0.303200 0.700600
KMUA2_tex_sm004.jpg
20 3.941407 11.625261 188.693802 0.292407 0.460071 0.838352 0.353200 0.747800
20 -0.000100 4.927753 190.385452 -0.000002 0.251086 0.967965 0.381100 0.698700
20 3.976075 4.958917 190.423676 0.321181 0.239462 0.916243 0.350300 0.700600
KMUA2_tex_sm004.jpg
20 -0.000100 4.927753 190.385452 -0.000002 0.251086 0.967965 0.381100 0.698700
20 3.941407 11.625261 188.693802 0.292407 0.460071 0.838352 0.353200 0.747800
20 -0.000101 11.597506 188.655716 -0.000002 0.641951 0.766746 0.381100 0.747800
KMUA2_tex_sm004.jpg
20 3.962248 16.031214 182.991364 0.160896 0.947029 0.277938 0.352200 0.790100
20 -0.000101 11.597506 188.655716 -0.000002 0.641951 0.766746 0.381100 0.747800
20 3.941407 11.625261 188.693802 0.292407 0.460071 0.838352 0.353200 0.747800
KMUA2_tex_sm004.jpg
20 -0.000101 11.597506 188.655716 -0.000002 0.641951 0.766746 0.381100 0.747800
20 3.962248 16.031214 182.991364 0.160896 0.947029 0.277938 0.352200 0.790100
20 -0.000101 16.000057 182.953110 -0.000000 0.944718 0.327886 0.381100 0.790100
KMUA2_tex_sm004.jpg
20 3.962248 16.031214 182.991364 0.160896 0.947029 0.277938 0.352200 0.790100
20 -0.000101 16.104073 173.191208 0.000001 0.968203 -0.250167 0.381100 0.862300
20 -0.000101 16.000057 182.953110 -0.000000 0.944718 0.327886 0.381100 0.790100
KMUA2_tex_sm004.jpg
20 -0.000101 16.104073 173.191208 0.000001 0.968203 -0.250167 0.381100 0.862300
20 4.152833 12.211052 166.316803 0.273697 0.805127 -0.526175 0.350300 0.916200
20 -0.000101 12.179888 166.278885 0.000002 0.869646 -0.493676 0.381100 0.916200
KMUA2_tex_sm004.jpg
20 -3.938199 11.625260 188.693802 -0.292305 0.460161 0.838337 0.353200 0.747800
20 -0.000100 4.927753 190.385452 -0.000002 0.251086 0.967965 0.381100 0.698700
20 -0.000101 11.597506 188.655716 -0.000002 0.641951 0.766746 0.381100 0.747800
KMUA2_tex_sm004.jpg
20 -0.000100 4.927753 190.385452 -0.000002 0.251086 0.967965 0.381100 0.698700
20 -3.938199 11.625260 188.693802 -0.292305 0.460161 0.838337 0.353200 0.747800
20 -3.976278 4.958916 190.423676 -0.321206 0.239582 0.916203 0.350300 0.700600
KMUA2_tex_sm004.jpg
20 -3.938199 11.625260 188.693802 -0.292305 0.460161 0.838337 0.353200 0.747800
20 -8.729033 2.677982 187.168564 -0.657530 0.229775 0.717536 0.303200 0.700600
20 -3.976278 4.958916 190.423676 -0.321206 0.239582 0.916203 0.350300 0.700600
KMUA2_tex_sm004.jpg
20 -3.938199 11.625260 188.693802 -0.292305 0.460161 0.838337 0.353200 0.747800
20 -8.683947 14.235552 182.779938 -0.509489 0.727643 0.459299 0.317600 0.791100
20 -8.729033 2.677982 187.168564 -0.657530 0.229775 0.717536 0.303200 0.700600
KMUA2_tex_sm004.jpg
20 -8.683947 14.235552 182.779938 -0.509489 0.727643 0.459299 0.317600 0.791100
20 -3.938199 11.625260 188.693802 -0.292305 0.460161 0.838337 0.353200 0.747800
20 -3.962452 16.031212 182.991364 -0.160893 0.947002 0.278031 0.352200 0.790100
KMUA2_tex_sm004.jpg
20 -0.000101 11.597506 188.655716 -0.000002 0.641951 0.766746 0.381100 0.747800
20 -3.962452 16.031212 182.991364 -0.160893 0.947002 0.278031 0.352200 0.790100
20 -3.938199 11.625260 188.693802 -0.292305 0.460161 0.838337 0.353200 0.747800
KMUA2_tex_sm004.jpg
20 -3.962452 16.031212 182.991364 -0.160893 0.947002 0.278031 0.352200 0.790100
20 -0.000101 11.597506 188.655716 -0.000002 0.641951 0.766746 0.381100 0.747800
20 -0.000101 16.000057 182.953110 -0.000000 0.944718 0.327886 0.381100 0.790100
KMUA2_tex_sm004.jpg
20 -0.000101 16.104073 173.191208 0.000001 0.968203 -0.250167 0.381100 0.862300
20 -3.962452 16.031212 182.991364 -0.160893 0.947002 0.278031 0.352200 0.790100
20 -0.000101 16.000057 182.953110 -0.000000 0.944718 0.327886 0.381100 0.790100
KMUA2_tex_sm004.jpg
20 -8.683947 14.235552 182.779938 -0.509489 0.727643 0.459299 0.317600 0.791100
20 -3.962452 16.031212 182.991364 -0.160893 0.947002 0.278031 0.352200 0.790100
20 -8.777539 13.933952 173.343689 -0.480808 0.834280 -0.269816 0.316600 0.862300
KMUA2_tex_sm004.jpg
20 -3.962452 16.031212 182.991364 -0.160893 0.947002 0.278031 0.352200 0.790100
20 -0.000101 16.104073 173.191208 0.000001 0.968203 -0.250167 0.381100 0.862300
20 -4.056039 16.135231 173.229431 -0.211107 0.946673 -0.243402 0.352200 0.860400
KMUA2_tex_sm004.jpg
20 -8.777539 13.933952 173.343689 -0.480808 0.834280 -0.269816 0.316600 0.862300
20 -3.962452 16.031212 182.991364 -0.160893 0.947002 0.278031 0.352200 0.790100
20 -4.056039 16.135231 173.229431 -0.211107 0.946673 -0.243402 0.352200 0.860400
KMUA2_tex_sm004.jpg
20 -4.056039 16.135231 173.229431 -0.211107 0.946673 -0.243402 0.352200 0.860400
20 -4.153140 12.211051 166.316803 -0.273694 0.805128 -0.526176 0.350300 0.916200
20 -8.777539 13.933952 173.343689 -0.480808 0.834280 -0.269816 0.316600 0.862300
KMUA2_tex_sm004.jpg
20 -8.777539 13.933952 173.343689 -0.480808 0.834280 -0.269816 0.316600 0.862300
20 -4.153140 12.211051 166.316803 -0.273694 0.805128 -0.526176 0.350300 0.916200
20 -8.860701 8.858848 168.795670 -0.656009 0.509641 -0.556703 0.305100 0.911400
KMUA2_tex_sm004.jpg
20 -0.000101 16.104073 173.191208 0.000001 0.968203 -0.250167 0.381100 0.862300
20 -4.153140 12.211051 166.316803 -0.273694 0.805128 -0.526176 0.350300 0.916200
20 -4.056039 16.135231 173.229431 -0.211107 0.946673 -0.243402 0.352200 0.860400
KMUA2_tex_sm004.jpg
20 -4.153140 12.211051 166.316803 -0.273694 0.805128 -0.526176 0.350300 0.916200
20 -0.000101 16.104073 173.191208 0.000001 0.968203 -0.250167 0.381100 0.862300
20 -0.000101 12.179888 166.278885 0.000002 0.869646 -0.493676 0.381100 0.916200
KMUA2_tex_sm004.jpg
20 4.541126 -18.523783 177.226120 -0.220098 0.194196 -0.955952 0.373400 0.671800
20 -0.000098 -21.064743 178.041000 0.000103 0.155906 -0.987772 0.385000 0.647700
20 -0.000099 -14.762532 179.035843 0.000003 0.122905 -0.992418 0.352200 0.647700
KMUA2_tex_sm004.jpg
20 -0.000099 -14.762532 179.035843 0.000003 0.122905 -0.992418 0.352200 0.647700
20 7.771987 -13.185235 177.930145 -0.171098 0.161884 -0.971864 0.346500 0.687200
20 4.541126 -18.523783 177.226120 -0.220098 0.194196 -0.955952 0.373400 0.671800
KMUA2_tex_sm004.jpg
20 8.829339 0.185419 178.925125 -0.033198 -0.397767 -0.916886 0.282000 0.692900
20 7.771987 -13.185235 177.930145 -0.171098 0.161884 -0.971864 0.346500 0.687200
20 -0.000099 -14.762532 179.035843 0.000003 0.122905 -0.992418 0.352200 0.647700
KMUA2_tex_sm004.jpg
20 -0.000099 -14.762532 179.035843 0.000003 0.122905 -0.992418 0.352200 0.647700
20 -0.000100 -0.812910 179.157196 0.000001 -0.860854 -0.508852 0.291600 0.647700
20 8.829339 0.185419 178.925125 -0.033198 -0.397767 -0.916886 0.282000 0.692900
KMUA2_tex_sm004.jpg
20 8.870926 0.552870 174.553711 0.008598 -0.922355 0.386247 0.259800 0.692900
20 8.829339 0.185419 178.925125 -0.033198 -0.397767 -0.916886 0.282000 0.692900
20 -0.000100 -0.812910 179.157196 0.000001 -0.860854 -0.508852 0.291600 0.647700
KMUA2_tex_sm004.jpg
20 -0.000100 -0.812910 179.157196 0.000001 -0.860854 -0.508852 0.291600 0.647700
20 -0.000100 -0.310283 173.225891 -0.000002 -0.850861 0.525390 0.253100 0.647700
20 8.870926 0.552870 174.553711 0.008598 -0.922355 0.386247 0.259800 0.692900
KMUA2_tex_sm004.jpg
20 8.870926 0.552870 174.553711 0.008598 -0.922355 0.386247 0.259800 0.692900
20 -0.000100 -0.310283 173.225891 -0.000002 -0.850861 0.525390 0.253100 0.647700
20 3.754227 -3.787251 170.314133 -0.113900 -0.503598 0.856397 0.230000 0.666000
KMUA2_tex_sm004.jpg
20 3.754227 -3.787251 170.314133 -0.113900 -0.503598 0.856397 0.230000 0.666000
20 7.740826 -2.036596 172.373138 -0.251795 -0.390370 0.885557 0.242500 0.687200
20 8.870926 0.552870 174.553711 0.008598 -0.922355 0.386247 0.259800 0.692900
KMUA2_tex_sm004.jpg
20 7.740826 -2.036596 172.373138 -0.251795 -0.390370 0.885557 0.242500 0.687200
20 3.754227 -3.787251 170.314133 -0.113900 -0.503598 0.856397 0.230000 0.666000
20 3.466445 -14.169747 167.304993 -0.154803 -0.279968 0.947446 0.175200 0.666000
KMUA2_tex_sm004.jpg
20 3.466445 -14.169747 167.304993 -0.154803 -0.279968 0.947446 0.175200 0.666000
20 7.834415 -10.578341 169.627579 -0.244510 -0.299188 0.922335 0.196300 0.688100
20 7.740826 -2.036596 172.373138 -0.251795 -0.390370 0.885557 0.242500 0.687200
KMUA2_tex_sm004.jpg
20 -0.000100 -3.815007 170.279358 -0.000003 -0.407740 0.913098 0.224200 0.647700
20 3.466445 -14.169747 167.304993 -0.154803 -0.279968 0.947446 0.175200 0.666000
20 3.754227 -3.787251 170.314133 -0.113900 -0.503598 0.856397 0.230000 0.666000
KMUA2_tex_sm004.jpg
20 -0.000100 -0.310283 173.225891 -0.000002 -0.850861 0.525390 0.253100 0.647700
20 -0.000100 -3.815007 170.279358 -0.000003 -0.407740 0.913098 0.224200 0.647700
20 3.754227 -3.787251 170.314133 -0.113900 -0.503598 0.856397 0.230000 0.666000
KMUA2_tex_sm004.jpg
20 3.466445 -14.169747 167.304993 -0.154803 -0.279968 0.947446 0.175200 0.666000
20 -0.000100 -3.815007 170.279358 -0.000003 -0.407740 0.913098 0.224200 0.647700
20 -0.000099 -14.193988 167.277252 -0.000003 -0.277865 0.960620 0.179000 0.647700
KMUA2_tex_sm004.jpg
20 -4.537917 -18.523785 177.226120 0.220196 0.194289 -0.955911 0.373400 0.671800
20 -0.000099 -14.762532 179.035843 0.000003 0.122905 -0.992418 0.352200 0.647700
20 -0.000098 -21.064743 178.041000 0.000103 0.155906 -0.987772 0.385000 0.647700
KMUA2_tex_sm004.jpg
20 -0.000099 -14.762532 179.035843 0.000003 0.122905 -0.992418 0.352200 0.647700
20 -4.537917 -18.523785 177.226120 0.220196 0.194289 -0.955911 0.373400 0.671800
20 -7.772183 -13.185237 177.930145 0.171103 0.161884 -0.971863 0.346500 0.687200
KMUA2_tex_sm004.jpg
20 -0.000100 -0.812910 179.157196 0.000001 -0.860854 -0.508852 0.291600 0.647700
20 -8.871124 0.552868 174.553711 -0.008601 -0.922355 0.386247 0.259800 0.692900
20 -0.000100 -0.310283 173.225891 -0.000002 -0.850861 0.525390 0.253100 0.647700
KMUA2_tex_sm004.jpg
20 -8.871124 0.552868 174.553711 -0.008601 -0.922355 0.386247 0.259800 0.692900
20 -3.751019 -3.787251 170.314133 0.113796 -0.503604 0.856407 0.230000 0.666000
20 -0.000100 -0.310283 173.225891 -0.000002 -0.850861 0.525390 0.253100 0.647700
KMUA2_tex_sm004.jpg
20 -0.000100 -0.310283 173.225891 -0.000002 -0.850861 0.525390 0.253100 0.647700
20 -3.751019 -3.787251 170.314133 0.113796 -0.503604 0.856407 0.230000 0.666000
20 -0.000100 -3.815007 170.279358 -0.000003 -0.407740 0.913098 0.224200 0.647700
KMUA2_tex_sm004.jpg
20 -3.751019 -3.787251 170.314133 0.113796 -0.503604 0.856407 0.230000 0.666000
20 -8.871124 0.552868 174.553711 -0.008601 -0.922355 0.386247 0.259800 0.692900
20 -7.741029 -2.036598 172.373138 0.251594 -0.390476 0.885567 0.242500 0.687200
KMUA2_tex_sm004.jpg
20 -7.741029 -2.036598 172.373138 0.251594 -0.390476 0.885567 0.242500 0.687200
20 -3.466743 -14.169748 167.304993 0.154797 -0.279968 0.947447 0.175200 0.666000
20 -3.751019 -3.787251 170.314133 0.113796 -0.503604 0.856407 0.230000 0.666000
KMUA2_tex_sm004.jpg
20 -3.466743 -14.169748 167.304993 0.154797 -0.279968 0.947447 0.175200 0.666000
20 -0.000100 -3.815007 170.279358 -0.000003 -0.407740 0.913098 0.224200 0.647700
20 -3.751019 -3.787251 170.314133 0.113796 -0.503604 0.856407 0.230000 0.666000
KMUA2_tex_sm004.jpg
20 -0.000100 -3.815007 170.279358 -0.000003 -0.407740 0.913098 0.224200 0.647700
20 -3.466743 -14.169748 167.304993 0.154797 -0.279968 0.947447 0.175200 0.666000
20 -0.000099 -14.193988 167.277252 -0.000003 -0.277865 0.960620 0.179000 0.647700
KMUA2_tex_sm004.jpg
20 -3.466743 -14.169748 167.304993 0.154797 -0.279968 0.947447 0.175200 0.666000
20 -7.741029 -2.036598 172.373138 0.251594 -0.390476 0.885567 0.242500 0.687200
20 -7.834617 -10.578343 169.627579 0.244505 -0.299188 0.922336 0.196300 0.688100
KMUA2_tex_sm004.jpg
20 -8.871124 0.552868 174.553711 -0.008601 -0.922355 0.386247 0.259800 0.692900
20 -0.000100 -0.812910 179.157196 0.000001 -0.860854 -0.508852 0.291600 0.647700
20 -8.829532 0.185417 178.925125 0.033203 -0.397767 -0.916886 0.282000 0.692900
KMUA2_tex_sm004.jpg
20 -8.829532 0.185417 178.925125 0.033203 -0.397767 -0.916886 0.282000 0.692900
20 -0.000099 -14.762532 179.035843 0.000003 0.122905 -0.992418 0.352200 0.647700
20 -7.772183 -13.185237 177.930145 0.171103 0.161884 -0.971863 0.346500 0.687200
KMUA2_tex_sm004.jpg
20 -0.000099 -14.762532 179.035843 0.000003 0.122905 -0.992418 0.352200 0.647700
20 -8.829532 0.185417 178.925125 0.033203 -0.397767 -0.916886 0.282000 0.692900
20 -0.000100 -0.812910 179.157196 0.000001 -0.860854 -0.508852 0.291600 0.647700
KMUA2_tex_sm004.jpg
20 7.078679 -14.807532 175.524277 -0.330414 0.868470 -0.369575 0.048100 0.926800
20 7.453040 -17.102386 176.155228 0.840579 -0.497106 -0.215204 0.040400 0.937400
20 5.917320 -15.885631 171.513428 0.713412 -0.239263 -0.658632 0.026900 0.919100
KMUA2_tex_sm004.jpg
20 7.453040 -17.102386 176.155228 0.840579 -0.497106 -0.215204 0.040400 0.937400
20 5.057676 -18.142405 175.084152 -0.703614 -0.594671 -0.388964 0.029800 0.939300
20 5.917320 -15.885631 171.513428 0.713412 -0.239263 -0.658632 0.026900 0.919100
KMUA2_tex_sm004.jpg
20 5.057676 -18.142405 175.084152 -0.703614 -0.594671 -0.388964 0.029800 0.939300
20 7.078679 -14.807532 175.524277 -0.330414 0.868470 -0.369575 0.048100 0.926800
20 5.917320 -15.885631 171.513428 0.713412 -0.239263 -0.658632 0.026900 0.919100
KMUA2_tex_sm004.jpg
20 -7.449836 -17.102386 176.148193 -0.840392 -0.497413 -0.215227 0.040400 0.936400
20 -7.078878 -14.807534 175.524277 0.330109 0.868288 -0.370275 0.048100 0.926800
20 -5.917623 -15.885629 171.513428 -0.713194 -0.239856 -0.658653 0.026900 0.919100
KMUA2_tex_sm004.jpg
20 -5.057879 -18.142406 175.084152 0.703432 -0.594560 -0.389464 0.029800 0.939300
20 -7.449836 -17.102386 176.148193 -0.840392 -0.497413 -0.215227 0.040400 0.936400
20 -5.917623 -15.885629 171.513428 -0.713194 -0.239856 -0.658653 0.026900 0.919100
KMUA2_tex_sm004.jpg
20 -7.078878 -14.807534 175.524277 0.330109 0.868288 -0.370275 0.048100 0.926800
20 -5.057879 -18.142406 175.084152 0.703432 -0.594560 -0.389464 0.029800 0.939300
20 -5.917623 -15.885629 171.513428 -0.713194 -0.239856 -0.658653 0.026900 0.919100
K_nude01.jpg
18 -0.000001 12.046259 160.690231 0.000000 0.987346 0.158581 0.143400 0.626400
18 -0.000001 11.752359 162.265030 0.000000 0.991110 0.133045 0.147200 0.629900
18 5.476099 9.511859 162.979630 0.609494 0.771999 0.180372 0.150600 0.600100
K_nude01.jpg
18 5.476099 9.511859 162.979630 0.609494 0.771999 0.180372 0.150600 0.600100
18 6.466857 8.713737 161.817993 0.880402 0.412559 0.233853 0.143400 0.592300
18 -0.000001 12.046259 160.690231 0.000000 0.987346 0.158581 0.143400 0.626400
K_nude01.jpg
18 6.161345 3.118226 160.156021 0.182103 -0.532681 0.826493 0.143400 0.550400
18 5.118972 1.887277 161.041458 0.567576 -0.605191 0.558212 0.146700 0.555600
18 0.000000 -0.907029 158.333725 -0.000001 -0.961061 0.276335 0.148700 0.534100
K_nude01.jpg
18 0.000000 -0.907029 158.333725 -0.000001 -0.961061 0.276335 0.148700 0.534100
18 0.000000 -1.318332 156.983643 -0.000001 -0.956608 0.291377 0.143500 0.534600
18 6.161345 3.118226 160.156021 0.182103 -0.532681 0.826493 0.143400 0.550400
K_nude01.jpg
20 6.184298 5.083858 170.526627 0.967033 0.227687 -0.114042 0.175500 0.583300
18 6.481997 7.050059 163.958435 0.990243 0.106479 0.089891 0.152300 0.587000
18 5.476099 9.511859 162.979630 0.609494 0.771999 0.180372 0.150600 0.600100
K_nude01.jpg
18 5.476099 9.511859 162.979630 0.609494 0.771999 0.180372 0.150600 0.600100
20 4.172599 9.758559 168.568939 0.654789 0.755701 -0.012966 0.167600 0.608300
20 6.184298 5.083858 170.526627 0.967033 0.227687 -0.114042 0.175500 0.583300
K_nude01.jpg
20 3.396698 -5.514042 180.936935 0.488683 -0.848306 0.203877 0.048500 0.613800
20 3.732701 -6.584742 175.027039 0.499895 -0.822882 -0.270131 0.049900 0.591900
20 5.688999 -4.767541 175.630127 0.822592 -0.562666 -0.082157 0.071400 0.592400
K_nude01.jpg
20 5.688999 -4.767541 175.630127 0.822592 -0.562666 -0.082157 0.071400 0.592400
20 5.290401 -3.536041 180.688034 0.826095 -0.535601 0.175211 0.074000 0.612600
20 3.396698 -5.514042 180.936935 0.488683 -0.848306 0.203877 0.048500 0.613800
K_nude01.jpg
20 0.000001 -6.396642 180.144836 -0.000001 -0.983929 0.178560 0.003400 0.607300
20 0.000001 -7.280541 174.293427 -0.000000 -0.996978 -0.077682 0.002800 0.582600
20 1.423699 -7.091642 174.410629 0.249211 -0.955633 -0.157032 0.014700 0.583200
K_nude01.jpg
20 0.000001 -7.280541 174.293427 -0.000000 -0.996978 -0.077682 0.002800 0.582600
20 0.000001 -6.991642 173.252136 -0.000001 -0.998474 0.055223 0.002800 0.574500
20 0.943002 -6.812241 173.255234 0.623091 -0.766085 -0.157705 0.009300 0.574500
K_nude01.jpg
20 0.943002 -6.812241 173.255234 0.623091 -0.766085 -0.157705 0.009300 0.574500
20 1.423699 -7.091642 174.410629 0.249211 -0.955633 -0.157032 0.014700 0.583200
20 0.000001 -7.280541 174.293427 -0.000000 -0.996978 -0.077682 0.002800 0.582600
K_nude01.jpg
20 0.000001 -6.991642 173.252136 -0.000001 -0.998474 0.055223 0.002800 0.574500
20 0.000001 -8.458542 169.867233 -0.000001 -0.997862 0.065364 0.002700 0.558200
20 0.795602 -8.174142 169.820938 0.649485 -0.760338 -0.007401 0.011300 0.558000
K_nude01.jpg
20 0.795602 -8.174142 169.820938 0.649485 -0.760338 -0.007401 0.011300 0.558000
20 0.943002 -6.812241 173.255234 0.623091 -0.766085 -0.157705 0.009300 0.574500
20 0.000001 -6.991642 173.252136 -0.000001 -0.998474 0.055223 0.002800 0.574500
K_nude01.jpg
20 3.833900 -5.717742 171.245438 0.320194 -0.946586 -0.038091 0.062800 0.564300
20 2.803700 -5.439741 168.065338 0.523791 -0.835010 -0.168527 0.040000 0.543500
20 3.924999 -4.121242 166.843140 0.768780 -0.536070 -0.348722 0.057600 0.532200
K_nude01.jpg
20 3.924999 -4.121242 166.843140 0.768780 -0.536070 -0.348722 0.057600 0.532200
20 5.447701 -3.949142 170.728531 0.833725 -0.509585 -0.212664 0.074400 0.560900
20 3.833900 -5.717742 171.245438 0.320194 -0.946586 -0.038091 0.062800 0.564300
K_nude01.jpg
20 0.654100 -8.039242 169.248932 0.506596 -0.564459 -0.651726 0.010000 0.555300
20 0.795602 -8.174142 169.820938 0.649485 -0.760338 -0.007401 0.011300 0.558000
20 0.000001 -8.458542 169.867233 -0.000001 -0.997862 0.065364 0.002700 0.558200
K_nude01.jpg
20 0.000001 -8.458542 169.867233 -0.000001 -0.997862 0.065364 0.002700 0.558200
20 0.000001 -8.263542 169.184525 0.000001 -0.726517 -0.687149 0.002700 0.554700
20 0.654100 -8.039242 169.248932 0.506596 -0.564459 -0.651726 0.010000 0.555300
K_nude01.jpg
20 1.786202 -6.079042 169.647232 0.774733 -0.632251 0.006825 0.028400 0.555900
20 1.447701 -6.152042 169.180038 0.575703 -0.756847 -0.309433 0.025400 0.550900
20 2.803700 -5.439741 168.065338 0.523791 -0.835010 -0.168527 0.040000 0.543500
K_nude01.jpg
20 2.803700 -5.439741 168.065338 0.523791 -0.835010 -0.168527 0.040000 0.543500
20 1.404499 -5.329441 173.283035 0.569713 -0.766675 -0.296033 0.025000 0.575500
20 1.786202 -6.079042 169.647232 0.774733 -0.632251 0.006825 0.028400 0.555900
K_nude01.jpg
20 2.803700 -5.439741 168.065338 0.523791 -0.835010 -0.168527 0.040000 0.543500
20 3.833900 -5.717742 171.245438 0.320194 -0.946586 -0.038091 0.062800 0.564300
20 1.404499 -5.329441 173.283035 0.569713 -0.766675 -0.296033 0.025000 0.575500
K_nude01.jpg
20 0.000001 -6.647541 168.791534 0.000001 -0.812602 -0.582819 0.002700 0.548600
20 0.000001 -6.767141 167.515335 0.000001 -0.932030 -0.362380 0.002700 0.540400
20 1.156898 -6.442640 167.817429 0.389897 -0.901498 -0.187835 0.014100 0.541800
K_nude01.jpg
20 1.156898 -6.442640 167.817429 0.389897 -0.901498 -0.187835 0.014100 0.541800
20 2.803700 -5.439741 168.065338 0.523791 -0.835010 -0.168527 0.040000 0.543500
20 1.447701 -6.152042 169.180038 0.575703 -0.756847 -0.309433 0.025400 0.550900
K_nude01.jpg
20 1.447701 -6.152042 169.180038 0.575703 -0.756847 -0.309433 0.025400 0.550900
20 0.000001 -6.647541 168.791534 0.000001 -0.812602 -0.582819 0.002700 0.548600
20 1.156898 -6.442640 167.817429 0.389897 -0.901498 -0.187835 0.014100 0.541800
K_nude01.jpg
20 1.629800 -6.670141 173.913528 0.519390 -0.541430 -0.661126 0.022000 0.580000
20 0.943002 -6.812241 173.255234 0.623091 -0.766085 -0.157705 0.009300 0.574500
20 1.404499 -5.329441 173.283035 0.569713 -0.766675 -0.296033 0.025000 0.575500
K_nude01.jpg
20 0.000001 -6.767141 167.515335 0.000001 -0.932030 -0.362380 0.002700 0.540400
20 0.000001 -6.215140 167.029037 0.000001 -0.914486 -0.404617 0.002700 0.535600
20 1.258400 -5.898041 167.115738 0.361995 -0.869837 -0.335176 0.015100 0.536100
K_nude01.jpg
20 1.258400 -5.898041 167.115738 0.361995 -0.869837 -0.335176 0.015100 0.536100
20 1.156898 -6.442640 167.817429 0.389897 -0.901498 -0.187835 0.014100 0.541800
20 0.000001 -6.767141 167.515335 0.000001 -0.932030 -0.362380 0.002700 0.540400
K_nude01.jpg
20 1.156898 -6.442640 167.817429 0.389897 -0.901498 -0.187835 0.014100 0.541800
20 1.258400 -5.898041 167.115738 0.361995 -0.869837 -0.335176 0.015100 0.536100
20 3.134301 -4.658641 166.407837 0.588204 -0.741646 -0.322456 0.042600 0.532500
K_nude01.jpg
20 3.134301 -4.658641 166.407837 0.588204 -0.741646 -0.322456 0.042600 0.532500
20 2.803700 -5.439741 168.065338 0.523791 -0.835010 -0.168527 0.040000 0.543500
20 1.156898 -6.442640 167.817429 0.389897 -0.901498 -0.187835 0.014100 0.541800
K_nude01.jpg
20 3.134301 -4.658641 166.407837 0.588204 -0.741646 -0.322456 0.042600 0.532500
20 3.924999 -4.121242 166.843140 0.768780 -0.536070 -0.348722 0.057600 0.532200
20 2.803700 -5.439741 168.065338 0.523791 -0.835010 -0.168527 0.040000 0.543500
K_nude01.jpg
20 1.258400 -5.898041 167.115738 0.361995 -0.869837 -0.335176 0.015100 0.536100
20 1.220798 -5.948442 165.956238 0.341810 -0.827660 -0.445135 0.015300 0.530800
20 3.134301 -4.658641 166.407837 0.588204 -0.741646 -0.322456 0.042600 0.532500
K_nude01.jpg
20 0.000001 -6.215140 167.029037 0.000001 -0.914486 -0.404617 0.002700 0.535600
20 0.000001 -6.255342 165.976135 0.000001 -0.890687 -0.454618 0.002700 0.530600
20 1.220798 -5.948442 165.956238 0.341810 -0.827660 -0.445135 0.015300 0.530800
K_nude01.jpg
20 1.220798 -5.948442 165.956238 0.341810 -0.827660 -0.445135 0.015300 0.530800
20 1.258400 -5.898041 167.115738 0.361995 -0.869837 -0.335176 0.015100 0.536100
20 0.000001 -6.215140 167.029037 0.000001 -0.914486 -0.404617 0.002700 0.535600
K_nude01.jpg
20 0.000000 -5.448442 165.526932 0.000001 -0.851611 -0.524174 0.002700 0.523600
20 1.068501 -5.169742 165.464325 0.249614 -0.853031 -0.458292 0.014100 0.523600
20 1.220798 -5.948442 165.956238 0.341810 -0.827660 -0.445135 0.015300 0.530800
K_nude01.jpg
20 1.220798 -5.948442 165.956238 0.341810 -0.827660 -0.445135 0.015300 0.530800
20 0.000001 -6.255342 165.976135 0.000001 -0.890687 -0.454618 0.002700 0.530600
20 0.000000 -5.448442 165.526932 0.000001 -0.851611 -0.524174 0.002700 0.523600
K_nude01.jpg
20 3.134301 -4.658641 166.407837 0.588204 -0.741646 -0.322456 0.042600 0.532500
20 2.085099 -4.755542 165.410233 0.520100 -0.790105 -0.324392 0.035800 0.523800
20 2.636299 -3.989541 164.331635 0.805399 -0.523354 -0.278268 0.048700 0.520600
K_nude01.jpg
20 2.636299 -3.989541 164.331635 0.805399 -0.523354 -0.278268 0.048700 0.520600
20 3.924999 -4.121242 166.843140 0.768780 -0.536070 -0.348722 0.057600 0.532200
20 3.134301 -4.658641 166.407837 0.588204 -0.741646 -0.322456 0.042600 0.532500
K_nude01.jpg
20 5.945301 -0.263141 168.042435 0.910328 -0.285098 -0.300038 0.102900 0.543600
20 6.842400 1.408559 169.466431 0.924741 -0.201177 -0.323082 0.135000 0.561400
20 7.425399 2.176559 175.913528 0.948308 -0.317056 0.013729 0.136100 0.617600
K_nude01.jpg
20 7.425399 2.176559 175.913528 0.948308 -0.317056 0.013729 0.136100 0.617600
20 6.402598 -2.173740 172.019135 0.954518 -0.263462 -0.139579 0.088800 0.569500
20 5.945301 -0.263141 168.042435 0.910328 -0.285098 -0.300038 0.102900 0.543600
K_nude01.jpg
20 5.728100 0.764259 166.796036 0.893491 -0.099213 -0.437985 0.114700 0.533000
20 6.842400 1.408559 169.466431 0.924741 -0.201177 -0.323082 0.135000 0.561400
20 5.945301 -0.263141 168.042435 0.910328 -0.285098 -0.300038 0.102900 0.543600
K_nude01.jpg
20 6.296100 2.558660 169.316833 0.846635 0.214686 -0.486949 0.138600 0.548400
20 6.842400 1.408559 169.466431 0.924741 -0.201177 -0.323082 0.135000 0.561400
20 5.728100 0.764259 166.796036 0.893491 -0.099213 -0.437985 0.114700 0.533000
K_nude01.jpg
20 5.728100 0.764259 166.796036 0.893491 -0.099213 -0.437985 0.114700 0.533000
20 5.539000 2.084259 166.415436 0.941122 -0.215886 -0.260158 0.118800 0.523600
20 6.296100 2.558660 169.316833 0.846635 0.214686 -0.486949 0.138600 0.548400
K_nude01.jpg
20 2.085099 -4.755542 165.410233 0.520100 -0.790105 -0.324392 0.035800 0.523800
20 3.134301 -4.658641 166.407837 0.588204 -0.741646 -0.322456 0.042600 0.532500
20 1.220798 -5.948442 165.956238 0.341810 -0.827660 -0.445135 0.015300 0.530800
K_nude01.jpg
20 1.220798 -5.948442 165.956238 0.341810 -0.827660 -0.445135 0.015300 0.530800
20 1.068501 -5.169742 165.464325 0.249614 -0.853031 -0.458292 0.014100 0.523600
20 2.085099 -4.755542 165.410233 0.520100 -0.790105 -0.324392 0.035800 0.523800
K_nude01.jpg
20 5.945301 -0.263141 168.042435 0.910328 -0.285098 -0.300038 0.102900 0.543600
20 2.636299 -3.989541 164.331635 0.805399 -0.523354 -0.278268 0.048700 0.520600
20 2.656399 -3.076541 163.089035 0.661796 -0.060174 -0.747265 0.048500 0.511800
K_nude01.jpg
20 2.656399 -3.076541 163.089035 0.661796 -0.060174 -0.747265 0.048500 0.511800
20 5.728100 0.764259 166.796036 0.893491 -0.099213 -0.437985 0.114700 0.533000
20 5.945301 -0.263141 168.042435 0.910328 -0.285098 -0.300038 0.102900 0.543600
K_nude01.jpg
20 1.805902 -5.097741 163.569733 0.533808 -0.787349 -0.308431 0.023000 0.514900
20 1.675900 -4.132641 162.495438 0.378909 -0.254794 -0.889668 0.025100 0.505700
20 2.656399 -3.076541 163.089035 0.661796 -0.060174 -0.747265 0.048500 0.511800
K_nude01.jpg
20 2.656399 -3.076541 163.089035 0.661796 -0.060174 -0.747265 0.048500 0.511800
20 2.636299 -3.989541 164.331635 0.805399 -0.523354 -0.278268 0.048700 0.520600
20 1.805902 -5.097741 163.569733 0.533808 -0.787349 -0.308431 0.023000 0.514900
K_nude01.jpg
20 5.539000 2.084259 166.415436 0.941122 -0.215886 -0.260158 0.118800 0.523600
20 5.728100 0.764259 166.796036 0.893491 -0.099213 -0.437985 0.114700 0.533000
20 2.656399 -3.076541 163.089035 0.661796 -0.060174 -0.747265 0.048500 0.511800
K_nude01.jpg
20 2.656399 -3.076541 163.089035 0.661796 -0.060174 -0.747265 0.048500 0.511800
20 3.804901 0.479759 164.895828 0.684320 -0.340121 -0.644999 0.088800 0.512900
20 5.539000 2.084259 166.415436 0.941122 -0.215886 -0.260158 0.118800 0.523600
K_nude01.jpg
20 5.627899 -3.922441 174.371033 0.832068 -0.529091 -0.166510 0.071300 0.583700
20 6.218899 -2.923340 173.187332 0.912078 -0.408795 -0.031635 0.086800 0.579100
20 6.558102 -1.946442 174.893738 0.955312 -0.295560 -0.004772 0.087400 0.590900
K_nude01.jpg
20 3.615102 -5.589942 174.249527 0.481908 -0.719527 -0.500046 0.049000 0.583100
20 4.844601 -4.555640 173.914337 0.602721 -0.789110 -0.118461 0.060800 0.580900
20 5.688999 -4.767541 175.630127 0.822592 -0.562666 -0.082157 0.071400 0.592400
K_nude01.jpg
20 5.688999 -4.767541 175.630127 0.822592 -0.562666 -0.082157 0.071400 0.592400
20 3.732701 -6.584742 175.027039 0.499895 -0.822882 -0.270131 0.049900 0.591900
20 3.615102 -5.589942 174.249527 0.481908 -0.719527 -0.500046 0.049000 0.583100
K_nude01.jpg
20 5.688999 -4.767541 175.630127 0.822592 -0.562666 -0.082157 0.071400 0.592400
20 5.627899 -3.922441 174.371033 0.832068 -0.529091 -0.166510 0.071300 0.583700
20 6.558102 -1.946442 174.893738 0.955312 -0.295560 -0.004772 0.087400 0.590900
K_nude01.jpg
20 0.000000 -0.966241 163.105835 0.000002 -0.531302 -0.847182 0.002700 0.489000
20 1.675900 -4.132641 162.495438 0.378909 -0.254794 -0.889668 0.025100 0.505700
20 0.000000 -4.565641 162.474930 0.000002 -0.389642 -0.920966 0.002700 0.503300
K_nude01.jpg
20 5.217598 -4.553041 171.950836 0.740512 -0.671436 -0.028576 0.067200 0.568600
20 6.218899 -2.923340 173.187332 0.912078 -0.408795 -0.031635 0.086800 0.579100
20 5.627899 -3.922441 174.371033 0.832068 -0.529091 -0.166510 0.071300 0.583700
K_nude01.jpg
20 5.627899 -3.922441 174.371033 0.832068 -0.529091 -0.166510 0.071300 0.583700
20 4.844601 -4.555640 173.914337 0.602721 -0.789110 -0.118461 0.060800 0.580900
20 5.217598 -4.553041 171.950836 0.740512 -0.671436 -0.028576 0.067200 0.568600
K_nude01.jpg
20 3.924999 -4.121242 166.843140 0.768780 -0.536070 -0.348722 0.057600 0.532200
20 5.945301 -0.263141 168.042435 0.910328 -0.285098 -0.300038 0.102900 0.543600
20 5.447701 -3.949142 170.728531 0.833725 -0.509585 -0.212664 0.074400 0.560900
K_nude01.jpg
20 6.402598 -2.173740 172.019135 0.954518 -0.263462 -0.139579 0.088800 0.569500
20 5.447701 -3.949142 170.728531 0.833725 -0.509585 -0.212664 0.074400 0.560900
20 5.945301 -0.263141 168.042435 0.910328 -0.285098 -0.300038 0.102900 0.543600
K_nude01.jpg
20 2.085099 -4.755542 165.410233 0.520100 -0.790105 -0.324392 0.035800 0.523800
20 1.068501 -5.169742 165.464325 0.249614 -0.853031 -0.458292 0.014100 0.523600
20 1.805902 -5.097741 163.569733 0.533808 -0.787349 -0.308431 0.023000 0.514900
K_nude01.jpg
20 1.805902 -5.097741 163.569733 0.533808 -0.787349 -0.308431 0.023000 0.514900
20 2.636299 -3.989541 164.331635 0.805399 -0.523354 -0.278268 0.048700 0.520600
20 2.085099 -4.755542 165.410233 0.520100 -0.790105 -0.324392 0.035800 0.523800
K_nude01.jpg
20 1.805902 -5.097741 163.569733 0.533808 -0.787349 -0.308431 0.023000 0.514900
20 1.068501 -5.169742 165.464325 0.249614 -0.853031 -0.458292 0.014100 0.523600
20 0.000000 -5.448442 165.526932 0.000001 -0.851611 -0.524174 0.002700 0.523600
K_nude01.jpg
20 0.000000 -5.448442 165.526932 0.000001 -0.851611 -0.524174 0.002700 0.523600
20 0.000000 -5.584742 163.624939 0.000000 -0.954911 -0.296892 0.002700 0.514100
20 1.805902 -5.097741 163.569733 0.533808 -0.787349 -0.308431 0.023000 0.514900
K_nude01.jpg
20 0.795602 -8.174142 169.820938 0.649485 -0.760338 -0.007401 0.011300 0.558000
20 1.786202 -6.079042 169.647232 0.774733 -0.632251 0.006825 0.028400 0.555900
20 1.404499 -5.329441 173.283035 0.569713 -0.766675 -0.296033 0.025000 0.575500
K_nude01.jpg
20 1.404499 -5.329441 173.283035 0.569713 -0.766675 -0.296033 0.025000 0.575500
20 0.943002 -6.812241 173.255234 0.623091 -0.766085 -0.157705 0.009300 0.574500
20 0.795602 -8.174142 169.820938 0.649485 -0.760338 -0.007401 0.011300 0.558000
K_nude01.jpg
20 0.654100 -8.039242 169.248932 0.506596 -0.564459 -0.651726 0.010000 0.555300
20 1.447701 -6.152042 169.180038 0.575703 -0.756847 -0.309433 0.025400 0.550900
20 1.786202 -6.079042 169.647232 0.774733 -0.632251 0.006825 0.028400 0.555900
K_nude01.jpg
20 1.786202 -6.079042 169.647232 0.774733 -0.632251 0.006825 0.028400 0.555900
20 0.795602 -8.174142 169.820938 0.649485 -0.760338 -0.007401 0.011300 0.558000
20 0.654100 -8.039242 169.248932 0.506596 -0.564459 -0.651726 0.010000 0.555300
K_nude01.jpg
20 0.000000 -4.565641 162.474930 0.000002 -0.389642 -0.920966 0.002700 0.503300
20 1.675900 -4.132641 162.495438 0.378909 -0.254794 -0.889668 0.025100 0.505700
20 1.805902 -5.097741 163.569733 0.533808 -0.787349 -0.308431 0.023000 0.514900
K_nude01.jpg
20 1.805902 -5.097741 163.569733 0.533808 -0.787349 -0.308431 0.023000 0.514900
20 0.000000 -5.584742 163.624939 0.000000 -0.954911 -0.296892 0.002700 0.514100
20 0.000000 -4.565641 162.474930 0.000002 -0.389642 -0.920966 0.002700 0.503300
K_nude01.jpg
20 0.000001 -8.263542 169.184525 0.000001 -0.726517 -0.687149 0.002700 0.554700
20 0.000001 -6.647541 168.791534 0.000001 -0.812602 -0.582819 0.002700 0.548600
20 0.654100 -8.039242 169.248932 0.506596 -0.564459 -0.651726 0.010000 0.555300
K_nude01.jpg
20 0.000001 -6.647541 168.791534 0.000001 -0.812602 -0.582819 0.002700 0.548600
20 1.447701 -6.152042 169.180038 0.575703 -0.756847 -0.309433 0.025400 0.550900
20 0.654100 -8.039242 169.248932 0.506596 -0.564459 -0.651726 0.010000 0.555300
K_nude01.jpg
20 4.844601 -4.555640 173.914337 0.602721 -0.789110 -0.118461 0.060800 0.580900
20 5.627899 -3.922441 174.371033 0.832068 -0.529091 -0.166510 0.071300 0.583700
20 5.688999 -4.767541 175.630127 0.822592 -0.562666 -0.082157 0.071400 0.592400
K_nude01.jpg
20 3.642200 -5.397342 173.188538 0.322704 -0.946498 -0.002136 0.050800 0.576600
20 1.404499 -5.329441 173.283035 0.569713 -0.766675 -0.296033 0.025000 0.575500
20 3.833900 -5.717742 171.245438 0.320194 -0.946586 -0.038091 0.062800 0.564300
K_nude01.jpg
20 3.732701 -6.584742 175.027039 0.499895 -0.822882 -0.270131 0.049900 0.591900
20 3.396698 -5.514042 180.936935 0.488683 -0.848306 0.203877 0.048500 0.613800
20 0.000001 -6.396642 180.144836 -0.000001 -0.983929 0.178560 0.003400 0.607300
K_nude01.jpg
20 0.000001 -6.396642 180.144836 -0.000001 -0.983929 0.178560 0.003400 0.607300
20 1.423699 -7.091642 174.410629 0.249211 -0.955633 -0.157032 0.014700 0.583200
20 3.732701 -6.584742 175.027039 0.499895 -0.822882 -0.270131 0.049900 0.591900
K_nude01.jpg
20 0.943002 -6.812241 173.255234 0.623091 -0.766085 -0.157705 0.009300 0.574500
20 1.629800 -6.670141 173.913528 0.519390 -0.541430 -0.661126 0.022000 0.580000
20 1.423699 -7.091642 174.410629 0.249211 -0.955633 -0.157032 0.014700 0.583200
K_nude01.jpg
20 6.558102 -1.946442 174.893738 0.955312 -0.295560 -0.004772 0.087400 0.590900
20 7.536499 0.732359 177.311325 0.958711 -0.270239 -0.088562 0.127500 0.619800
20 5.290401 -3.536041 180.688034 0.826095 -0.535601 0.175211 0.074000 0.612600
K_nude01.jpg
20 5.290401 -3.536041 180.688034 0.826095 -0.535601 0.175211 0.074000 0.612600
20 5.688999 -4.767541 175.630127 0.822592 -0.562666 -0.082157 0.071400 0.592400
20 6.558102 -1.946442 174.893738 0.955312 -0.295560 -0.004772 0.087400 0.590900
K_nude01.jpg
20 5.217598 -4.553041 171.950836 0.740512 -0.671436 -0.028576 0.067200 0.568600
20 4.844601 -4.555640 173.914337 0.602721 -0.789110 -0.118461 0.060800 0.580900
20 3.642200 -5.397342 173.188538 0.322704 -0.946498 -0.002136 0.050800 0.576600
K_nude01.jpg
20 3.642200 -5.397342 173.188538 0.322704 -0.946498 -0.002136 0.050800 0.576600
20 3.833900 -5.717742 171.245438 0.320194 -0.946586 -0.038091 0.062800 0.564300
20 5.217598 -4.553041 171.950836 0.740512 -0.671436 -0.028576 0.067200 0.568600
K_nude01.jpg
20 1.404499 -5.329441 173.283035 0.569713 -0.766675 -0.296033 0.025000 0.575500
20 2.198799 -5.755840 174.013733 0.235198 -0.504400 -0.830820 0.030600 0.580600
20 1.629800 -6.670141 173.913528 0.519390 -0.541430 -0.661126 0.022000 0.580000
K_nude01.jpg
20 1.629800 -6.670141 173.913528 0.519390 -0.541430 -0.661126 0.022000 0.580000
20 2.198799 -5.755840 174.013733 0.235198 -0.504400 -0.830820 0.030600 0.580600
20 3.615102 -5.589942 174.249527 0.481908 -0.719527 -0.500046 0.049000 0.583100
K_nude01.jpg
20 3.615102 -5.589942 174.249527 0.481908 -0.719527 -0.500046 0.049000 0.583100
20 3.732701 -6.584742 175.027039 0.499895 -0.822882 -0.270131 0.049900 0.591900
20 1.629800 -6.670141 173.913528 0.519390 -0.541430 -0.661126 0.022000 0.580000
K_nude01.jpg
20 1.629800 -6.670141 173.913528 0.519390 -0.541430 -0.661126 0.022000 0.580000
20 3.732701 -6.584742 175.027039 0.499895 -0.822882 -0.270131 0.049900 0.591900
20 1.423699 -7.091642 174.410629 0.249211 -0.955633 -0.157032 0.014700 0.583200
K_nude01.jpg
20 7.233699 4.814360 174.340332 0.542198 0.806363 -0.236220 0.188500 0.583200
20 6.296100 2.558660 169.316833 0.846635 0.214686 -0.486949 0.172300 0.571800
20 6.184298 5.083858 170.526627 0.967033 0.227687 -0.114042 0.175500 0.583300
K_nude01.jpg
20 6.969319 4.643459 175.640030 0.378789 0.733876 0.563867 0.140000 0.539800
20 7.425399 2.176559 175.913528 0.948308 -0.317056 0.013729 0.141600 0.508500
20 9.149498 4.713559 175.452530 0.771424 0.300467 0.560914 0.137700 0.532700
K_nude01.jpg
20 9.375599 5.287359 173.520325 0.761207 0.612235 -0.213852 0.134000 0.532900
20 8.188201 3.849659 170.267227 0.607201 0.545004 -0.578167 0.125300 0.519800
20 6.296100 2.558660 169.316833 0.846635 0.214686 -0.486949 0.120800 0.521100
K_nude01.jpg
20 6.296100 2.558660 169.316833 0.846635 0.214686 -0.486949 0.120800 0.521100
20 7.233699 4.814360 174.340332 0.542198 0.806363 -0.236220 0.134000 0.540100
20 9.375599 5.287359 173.520325 0.761207 0.612235 -0.213852 0.134000 0.532900
K_nude01.jpg
20 6.969319 4.643459 175.640030 0.378789 0.733876 0.563867 0.140000 0.539800
20 9.149498 4.713559 175.452530 0.771424 0.300467 0.560914 0.137700 0.532700
20 9.375599 5.287359 173.520325 0.761207 0.612235 -0.213852 0.134000 0.532900
K_nude01.jpg
20 9.375599 5.287359 173.520325 0.761207 0.612235 -0.213852 0.134000 0.532900
20 7.233699 4.814360 174.340332 0.542198 0.806363 -0.236220 0.134000 0.540100
20 6.969319 4.643459 175.640030 0.378789 0.733876 0.563867 0.140000 0.539800
K_nude01.jpg
20 6.296100 2.558660 169.316833 0.846635 0.214686 -0.486949 0.120800 0.521100
20 8.188201 3.849659 170.267227 0.607201 0.545004 -0.578167 0.125300 0.519800
20 6.842400 1.408559 169.466431 0.924741 -0.201177 -0.323082 0.125100 0.506800
K_nude01.jpg
20 9.375599 5.287359 173.520325 0.761207 0.612235 -0.213852 0.134000 0.532900
20 9.149498 4.713559 175.452530 0.771424 0.300467 0.560914 0.137700 0.532700
20 7.425399 2.176559 175.913528 0.948308 -0.317056 0.013729 0.141600 0.508500
K_nude01.jpg
20 7.425399 2.176559 175.913528 0.948308 -0.317056 0.013729 0.141600 0.508500
20 8.188201 3.849659 170.267227 0.607201 0.545004 -0.578167 0.125300 0.519800
20 9.375599 5.287359 173.520325 0.761207 0.612235 -0.213852 0.134000 0.532900
K_nude01.jpg
20 8.188201 3.849659 170.267227 0.607201 0.545004 -0.578167 0.125300 0.519800
20 7.425399 2.176559 175.913528 0.948308 -0.317056 0.013729 0.141600 0.508500
20 6.842400 1.408559 169.466431 0.924741 -0.201177 -0.323082 0.125100 0.506800
K_nude01.jpg
20 2.656399 -3.076541 163.089035 0.661796 -0.060174 -0.747265 0.048500 0.511800
20 1.675900 -4.132641 162.495438 0.378909 -0.254794 -0.889668 0.025100 0.505700
20 0.000000 -0.966241 163.105835 0.000002 -0.531302 -0.847182 0.002700 0.489000
K_nude01.jpg
20 0.000000 -0.966241 163.105835 0.000002 -0.531302 -0.847182 0.002700 0.489000
20 3.804901 0.479759 164.895828 0.684320 -0.340121 -0.644999 0.088800 0.512900
20 2.656399 -3.076541 163.089035 0.661796 -0.060174 -0.747265 0.048500 0.511800
K_nude01.jpg
20 6.558102 -1.946442 174.893738 0.955312 -0.295560 -0.004772 0.087400 0.590900
20 6.218899 -2.923340 173.187332 0.912078 -0.408795 -0.031635 0.086800 0.579100
20 6.402598 -2.173740 172.019135 0.954518 -0.263462 -0.139579 0.088800 0.569500
K_nude01.jpg
20 6.558102 -1.946442 174.893738 0.955312 -0.295560 -0.004772 0.087400 0.590900
20 6.402598 -2.173740 172.019135 0.954518 -0.263462 -0.139579 0.088800 0.569500
20 7.425399 2.176559 175.913528 0.948308 -0.317056 0.013729 0.136100 0.617600
K_nude01.jpg
20 6.558102 -1.946442 174.893738 0.955312 -0.295560 -0.004772 0.087400 0.590900
20 7.425399 2.176559 175.913528 0.948308 -0.317056 0.013729 0.136100 0.617600
20 7.536499 0.732359 177.311325 0.958711 -0.270239 -0.088562 0.127500 0.619800
K_nude01.jpg
20 4.172599 9.758559 168.568939 0.654789 0.755701 -0.012966 0.167600 0.608300
20 -0.000001 11.209659 167.832733 0.000000 1.000000 0.001037 0.166400 0.627000
20 -0.000001 12.007358 174.561035 0.000001 0.979778 -0.200089 0.196100 0.627000
K_nude01.jpg
20 -0.000001 12.007358 174.561035 0.000001 0.979778 -0.200089 0.196100 0.627000
20 3.383098 11.474758 174.735229 0.419986 0.886783 -0.192946 0.196100 0.615300
20 4.172599 9.758559 168.568939 0.654789 0.755701 -0.012966 0.167600 0.608300
K_nude01.jpg
20 4.172599 9.758559 168.568939 0.654789 0.755701 -0.012966 0.167600 0.608300
20 3.383098 11.474758 174.735229 0.419986 0.886783 -0.192946 0.196100 0.615300
20 5.984397 9.100959 175.235825 0.851910 0.486425 -0.194009 0.196000 0.599700
K_nude01.jpg
20 6.184298 5.083858 170.526627 0.967033 0.227687 -0.114042 0.175500 0.583300
20 4.172599 9.758559 168.568939 0.654789 0.755701 -0.012966 0.167600 0.608300
20 5.984397 9.100959 175.235825 0.851910 0.486425 -0.194009 0.196000 0.599700
K_nude01.jpg
20 5.984397 9.100959 175.235825 0.851910 0.486425 -0.194009 0.196000 0.599700
20 7.233699 4.814360 174.340332 0.542198 0.806363 -0.236220 0.188500 0.583200
20 6.184298 5.083858 170.526627 0.967033 0.227687 -0.114042 0.175500 0.583300
K_nude01.jpg
20 7.233699 4.814360 174.340332 0.542198 0.806363 -0.236220 0.188500 0.583200
20 5.984397 9.100959 175.235825 0.851910 0.486425 -0.194009 0.196000 0.599700
20 6.969319 4.643459 175.640030 0.378789 0.733876 0.563867 0.196000 0.581400
K_nude01.jpg
20 3.642200 -5.397342 173.188538 0.322704 -0.946498 -0.002136 0.050800 0.576600
20 3.615102 -5.589942 174.249527 0.481908 -0.719527 -0.500046 0.049000 0.583100
20 2.198799 -5.755840 174.013733 0.235198 -0.504400 -0.830820 0.030600 0.580600
K_nude01.jpg
20 2.198799 -5.755840 174.013733 0.235198 -0.504400 -0.830820 0.030600 0.580600
20 1.404499 -5.329441 173.283035 0.569713 -0.766675 -0.296033 0.025000 0.575500
20 3.642200 -5.397342 173.188538 0.322704 -0.946498 -0.002136 0.050800 0.576600
K_nude01.jpg
20 3.642200 -5.397342 173.188538 0.322704 -0.946498 -0.002136 0.050800 0.576600
20 4.844601 -4.555640 173.914337 0.602721 -0.789110 -0.118461 0.060800 0.580900
20 3.615102 -5.589942 174.249527 0.481908 -0.719527 -0.500046 0.049000 0.583100
K_nude01.jpg
18 6.466857 8.713737 161.817993 0.880402 0.412559 0.233853 0.143400 0.592300
18 6.481997 7.050059 163.958435 0.990243 0.106479 0.089891 0.152300 0.587000
18 5.118972 1.887277 161.041458 0.567576 -0.605191 0.558212 0.146700 0.555600
K_nude01.jpg
18 5.118972 1.887277 161.041458 0.567576 -0.605191 0.558212 0.146700 0.555600
18 6.161345 3.118226 160.156021 0.182103 -0.532681 0.826493 0.143400 0.550400
18 6.466857 8.713737 161.817993 0.880402 0.412559 0.233853 0.143400 0.592300
K_nude01.jpg
18 -0.000001 11.752359 162.265030 0.000000 0.991110 0.133045 0.147200 0.629900
20 -0.000001 11.209659 167.832733 0.000000 1.000000 0.001037 0.166400 0.627000
20 4.172599 9.758559 168.568939 0.654789 0.755701 -0.012966 0.167600 0.608300
K_nude01.jpg
20 4.172599 9.758559 168.568939 0.654789 0.755701 -0.012966 0.167600 0.608300
18 5.476099 9.511859 162.979630 0.609494 0.771999 0.180372 0.150600 0.600100
18 -0.000001 11.752359 162.265030 0.000000 0.991110 0.133045 0.147200 0.629900
K_nude01.jpg
18 5.118972 1.887277 161.041458 0.567576 -0.605191 0.558212 0.146700 0.555600
20 5.539000 2.084259 166.415436 0.941122 -0.215886 -0.260158 0.165400 0.568200
20 3.804901 0.479759 164.895828 0.684320 -0.340121 -0.644999 0.165400 0.558000
K_nude01.jpg
20 3.804901 0.479759 164.895828 0.684320 -0.340121 -0.644999 0.165400 0.558000
20 0.000000 -0.966241 163.105835 0.000002 -0.531302 -0.847182 0.165400 0.540400
18 5.118972 1.887277 161.041458 0.567576 -0.605191 0.558212 0.146700 0.555600
K_nude01.jpg
18 5.118972 1.887277 161.041458 0.567576 -0.605191 0.558212 0.146700 0.555600
20 0.000000 -0.966241 163.105835 0.000002 -0.531302 -0.847182 0.165400 0.540400
18 0.000000 -0.907029 158.333725 -0.000001 -0.961061 0.276335 0.148700 0.534100
K_nude01.jpg
18 6.481997 7.050059 163.958435 0.990243 0.106479 0.089891 0.152300 0.587000
18 6.466857 8.713737 161.817993 0.880402 0.412559 0.233853 0.143400 0.592300
18 5.476099 9.511859 162.979630 0.609494 0.771999 0.180372 0.150600 0.600100
K_nude01.jpg
18 6.481997 7.050059 163.958435 0.990243 0.106479 0.089891 0.152300 0.587000
20 6.184298 5.083858 170.526627 0.967033 0.227687 -0.114042 0.175500 0.583300
20 6.296100 2.558660 169.316833 0.846635 0.214686 -0.486949 0.172300 0.571800
K_nude01.jpg
20 6.296100 2.558660 169.316833 0.846635 0.214686 -0.486949 0.172300 0.571800
20 5.539000 2.084259 166.415436 0.941122 -0.215886 -0.260158 0.165400 0.568200
18 6.481997 7.050059 163.958435 0.990243 0.106479 0.089891 0.152300 0.587000
K_nude01.jpg
18 6.481997 7.050059 163.958435 0.990243 0.106479 0.089891 0.152300 0.587000
20 5.539000 2.084259 166.415436 0.941122 -0.215886 -0.260158 0.165400 0.568200
18 5.118972 1.887277 161.041458 0.567576 -0.605191 0.558212 0.146700 0.555600
K_nude01.jpg
20 5.447701 -3.949142 170.728531 0.833725 -0.509585 -0.212664 0.074400 0.560900
20 5.217598 -4.553041 171.950836 0.740512 -0.671436 -0.028576 0.067200 0.568600
20 3.833900 -5.717742 171.245438 0.320194 -0.946586 -0.038091 0.062800 0.564300
K_nude01.jpg
20 6.402598 -2.173740 172.019135 0.954518 -0.263462 -0.139579 0.088800 0.569500
20 6.218899 -2.923340 173.187332 0.912078 -0.408795 -0.031635 0.086800 0.579100
20 5.217598 -4.553041 171.950836 0.740512 -0.671436 -0.028576 0.067200 0.568600
K_nude01.jpg
20 5.217598 -4.553041 171.950836 0.740512 -0.671436 -0.028576 0.067200 0.568600
20 5.447701 -3.949142 170.728531 0.833725 -0.509585 -0.212664 0.074400 0.560900
20 6.402598 -2.173740 172.019135 0.954518 -0.263462 -0.139579 0.088800 0.569500
K_nude01.jpg
20 3.924999 -4.121242 166.843140 0.768780 -0.536070 -0.348722 0.057600 0.532200
20 2.636299 -3.989541 164.331635 0.805399 -0.523354 -0.278268 0.048700 0.520600
20 5.945301 -0.263141 168.042435 0.910328 -0.285098 -0.300038 0.102900 0.543600
K_nude01.jpg
18 -0.000001 12.046259 160.690231 0.000000 0.987346 0.158581 0.143400 0.626400
18 -6.466859 8.713737 161.817993 -0.880403 0.412560 0.233848 0.143400 0.592300
18 -5.476102 9.511858 162.979630 -0.609494 0.772000 0.180369 0.150600 0.600100
K_nude01.jpg
18 -5.476102 9.511858 162.979630 -0.609494 0.772000 0.180369 0.150600 0.600100
18 -0.000001 11.752359 162.265030 0.000000 0.991110 0.133045 0.147200 0.629900
18 -0.000001 12.046259 160.690231 0.000000 0.987346 0.158581 0.143400 0.626400
K_nude01.jpg
18 -6.161346 3.118225 160.156021 -0.182108 -0.532680 0.826492 0.143400 0.550400
18 0.000000 -1.318332 156.983643 -0.000001 -0.956608 0.291377 0.143500 0.534600
18 0.000000 -0.907029 158.333725 -0.000001 -0.961061 0.276335 0.148700 0.534100
K_nude01.jpg
18 0.000000 -0.907029 158.333725 -0.000001 -0.961061 0.276335 0.148700 0.534100
18 -5.118974 1.887276 161.041458 -0.567580 -0.605191 0.558209 0.146700 0.555600
18 -6.161346 3.118225 160.156021 -0.182108 -0.532680 0.826492 0.143400 0.550400
K_nude01.jpg
20 -6.184300 5.083858 170.526627 -0.967032 0.227688 -0.114047 0.175500 0.583300
20 -4.172601 9.758558 168.568939 -0.654788 0.755701 -0.012969 0.167600 0.608300
18 -5.476102 9.511858 162.979630 -0.609494 0.772000 0.180369 0.150600 0.600100
K_nude01.jpg
18 -5.476102 9.511858 162.979630 -0.609494 0.772000 0.180369 0.150600 0.600100
18 -6.481999 7.050057 163.958435 -0.990244 0.106480 0.089885 0.152300 0.587000
20 -6.184300 5.083858 170.526627 -0.967032 0.227688 -0.114047 0.175500 0.583300
K_nude01.jpg
20 -3.396698 -5.514042 180.936935 -0.488685 -0.848305 0.203875 0.048500 0.613800
20 -5.290401 -3.536042 180.688034 -0.826096 -0.535600 0.175206 0.074000 0.612600
20 -5.689000 -4.767542 175.630127 -0.822592 -0.562665 -0.082161 0.071400 0.592400
K_nude01.jpg
20 -5.689000 -4.767542 175.630127 -0.822592 -0.562665 -0.082161 0.071400 0.592400
20 -3.732699 -6.584742 175.027039 -0.499894 -0.822881 -0.270134 0.049900 0.591900
20 -3.396698 -5.514042 180.936935 -0.488685 -0.848305 0.203875 0.048500 0.613800
K_nude01.jpg
20 0.000001 -6.396642 180.144836 -0.000001 -0.983929 0.178560 0.003400 0.607300
20 -1.423697 -7.091642 174.410629 -0.249211 -0.955633 -0.157033 0.014700 0.583200
20 0.000001 -7.280541 174.293427 -0.000000 -0.996978 -0.077682 0.002800 0.582600
K_nude01.jpg
20 0.000001 -7.280541 174.293427 -0.000000 -0.996978 -0.077682 0.002800 0.582600
20 -1.423697 -7.091642 174.410629 -0.249211 -0.955633 -0.157033 0.014700 0.583200
20 -0.943000 -6.812242 173.255234 -0.623091 -0.766085 -0.157709 0.009300 0.574500
K_nude01.jpg
20 -0.943000 -6.812242 173.255234 -0.623091 -0.766085 -0.157709 0.009300 0.574500
20 0.000001 -6.991642 173.252136 -0.000001 -0.998474 0.055223 0.002800 0.574500
20 0.000001 -7.280541 174.293427 -0.000000 -0.996978 -0.077682 0.002800 0.582600
K_nude01.jpg
20 0.000001 -6.991642 173.252136 -0.000001 -0.998474 0.055223 0.002800 0.574500
20 -0.943000 -6.812242 173.255234 -0.623091 -0.766085 -0.157709 0.009300 0.574500
20 -0.795600 -8.174142 169.820938 -0.649486 -0.760338 -0.007404 0.011300 0.558000
K_nude01.jpg
20 -0.795600 -8.174142 169.820938 -0.649486 -0.760338 -0.007404 0.011300 0.558000
20 0.000001 -8.458542 169.867233 -0.000001 -0.997862 0.065364 0.002700 0.558200
20 0.000001 -6.991642 173.252136 -0.000001 -0.998474 0.055223 0.002800 0.574500
K_nude01.jpg
20 -3.924999 -4.121243 166.843140 -0.768778 -0.536069 -0.348726 0.057600 0.532200
20 -2.803698 -5.439742 168.065338 -0.523791 -0.835009 -0.168530 0.040000 0.543500
20 -3.833899 -5.717743 171.245438 -0.320194 -0.946586 -0.038092 0.062800 0.564300
K_nude01.jpg
20 -3.833899 -5.717743 171.245438 -0.320194 -0.946586 -0.038092 0.062800 0.564300
20 -5.447701 -3.949142 170.728531 -0.833725 -0.509584 -0.212668 0.074400 0.560900
20 -3.924999 -4.121243 166.843140 -0.768778 -0.536069 -0.348726 0.057600 0.532200
K_nude01.jpg
20 -0.654098 -8.039242 169.248932 -0.506593 -0.564459 -0.651728 0.010000 0.555300
20 0.000001 -8.263542 169.184525 0.000001 -0.726517 -0.687149 0.002700 0.554700
20 0.000001 -8.458542 169.867233 -0.000001 -0.997862 0.065364 0.002700 0.558200
K_nude01.jpg
20 0.000001 -8.458542 169.867233 -0.000001 -0.997862 0.065364 0.002700 0.558200
20 -0.795600 -8.174142 169.820938 -0.649486 -0.760338 -0.007404 0.011300 0.558000
20 -0.654098 -8.039242 169.248932 -0.506593 -0.564459 -0.651728 0.010000 0.555300
K_nude01.jpg
20 -1.786200 -6.079042 169.647232 -0.774734 -0.632251 0.006820 0.028400 0.555900
20 -1.404499 -5.329442 173.283035 -0.569712 -0.766675 -0.296036 0.025000 0.575500
20 -2.803698 -5.439742 168.065338 -0.523791 -0.835009 -0.168530 0.040000 0.543500
K_nude01.jpg
20 -2.803698 -5.439742 168.065338 -0.523791 -0.835009 -0.168530 0.040000 0.543500
20 -1.447701 -6.152042 169.180038 -0.575702 -0.756846 -0.309436 0.025400 0.550900
20 -1.786200 -6.079042 169.647232 -0.774734 -0.632251 0.006820 0.028400 0.555900
K_nude01.jpg
20 -2.803698 -5.439742 168.065338 -0.523791 -0.835009 -0.168530 0.040000 0.543500
20 -1.404499 -5.329442 173.283035 -0.569712 -0.766675 -0.296036 0.025000 0.575500
20 -3.833899 -5.717743 171.245438 -0.320194 -0.946586 -0.038092 0.062800 0.564300
K_nude01.jpg
20 0.000001 -6.647541 168.791534 0.000001 -0.812602 -0.582819 0.002700 0.548600
20 -1.156898 -6.442641 167.817429 -0.389897 -0.901498 -0.187837 0.014100 0.541800
20 0.000001 -6.767141 167.515335 0.000001 -0.932030 -0.362380 0.002700 0.540400
K_nude01.jpg
20 -1.156898 -6.442641 167.817429 -0.389897 -0.901498 -0.187837 0.014100 0.541800
20 0.000001 -6.647541 168.791534 0.000001 -0.812602 -0.582819 0.002700 0.548600
20 -1.447701 -6.152042 169.180038 -0.575702 -0.756846 -0.309436 0.025400 0.550900
K_nude01.jpg
20 -1.447701 -6.152042 169.180038 -0.575702 -0.756846 -0.309436 0.025400 0.550900
20 -2.803698 -5.439742 168.065338 -0.523791 -0.835009 -0.168530 0.040000 0.543500
20 -1.156898 -6.442641 167.817429 -0.389897 -0.901498 -0.187837 0.014100 0.541800
K_nude01.jpg
20 -1.629798 -6.670142 173.913528 -0.519387 -0.541429 -0.661129 0.022000 0.580000
20 -1.404499 -5.329442 173.283035 -0.569712 -0.766675 -0.296036 0.025000 0.575500
20 -0.943000 -6.812242 173.255234 -0.623091 -0.766085 -0.157709 0.009300 0.574500
K_nude01.jpg
20 0.000001 -6.767141 167.515335 0.000001 -0.932030 -0.362380 0.002700 0.540400
20 -1.156898 -6.442641 167.817429 -0.389897 -0.901498 -0.187837 0.014100 0.541800
20 -1.258399 -5.898042 167.115738 -0.361994 -0.869837 -0.335178 0.015100 0.536100
K_nude01.jpg
20 -1.258399 -5.898042 167.115738 -0.361994 -0.869837 -0.335178 0.015100 0.536100
20 0.000001 -6.215140 167.029037 0.000001 -0.914486 -0.404617 0.002700 0.535600
20 0.000001 -6.767141 167.515335 0.000001 -0.932030 -0.362380 0.002700 0.540400
K_nude01.jpg
20 -1.156898 -6.442641 167.817429 -0.389897 -0.901498 -0.187837 0.014100 0.541800
20 -2.803698 -5.439742 168.065338 -0.523791 -0.835009 -0.168530 0.040000 0.543500
20 -3.134299 -4.658642 166.407837 -0.588203 -0.741645 -0.322459 0.042600 0.532500
K_nude01.jpg
20 -3.134299 -4.658642 166.407837 -0.588203 -0.741645 -0.322459 0.042600 0.532500
20 -1.258399 -5.898042 167.115738 -0.361994 -0.869837 -0.335178 0.015100 0.536100
20 -1.156898 -6.442641 167.817429 -0.389897 -0.901498 -0.187837 0.014100 0.541800
K_nude01.jpg
20 -3.134299 -4.658642 166.407837 -0.588203 -0.741645 -0.322459 0.042600 0.532500
20 -2.803698 -5.439742 168.065338 -0.523791 -0.835009 -0.168530 0.040000 0.543500
20 -3.924999 -4.121243 166.843140 -0.768778 -0.536069 -0.348726 0.057600 0.532200
K_nude01.jpg
20 -1.258399 -5.898042 167.115738 -0.361994 -0.869837 -0.335178 0.015100 0.536100
20 -3.134299 -4.658642 166.407837 -0.588203 -0.741645 -0.322459 0.042600 0.532500
20 -1.220798 -5.948442 165.956238 -0.341808 -0.827660 -0.445136 0.015300 0.530800
K_nude01.jpg
20 0.000001 -6.215140 167.029037 0.000001 -0.914486 -0.404617 0.002700 0.535600
20 -1.258399 -5.898042 167.115738 -0.361994 -0.869837 -0.335178 0.015100 0.536100
20 -1.220798 -5.948442 165.956238 -0.341808 -0.827660 -0.445136 0.015300 0.530800
K_nude01.jpg
20 -1.220798 -5.948442 165.956238 -0.341808 -0.827660 -0.445136 0.015300 0.530800
20 0.000001 -6.255342 165.976135 0.000001 -0.890687 -0.454618 0.002700 0.530600
20 0.000001 -6.215140 167.029037 0.000001 -0.914486 -0.404617 0.002700 0.535600
K_nude01.jpg
20 0.000000 -5.448442 165.526932 0.000001 -0.851611 -0.524174 0.002700 0.523600
20 0.000001 -6.255342 165.976135 0.000001 -0.890687 -0.454618 0.002700 0.530600
20 -1.220798 -5.948442 165.956238 -0.341808 -0.827660 -0.445136 0.015300 0.530800
K_nude01.jpg
20 -1.220798 -5.948442 165.956238 -0.341808 -0.827660 -0.445136 0.015300 0.530800
20 -1.068501 -5.169742 165.464325 -0.249612 -0.853030 -0.458293 0.014100 0.523600
20 0.000000 -5.448442 165.526932 0.000001 -0.851611 -0.524174 0.002700 0.523600
K_nude01.jpg
20 -3.134299 -4.658642 166.407837 -0.588203 -0.741645 -0.322459 0.042600 0.532500
20 -3.924999 -4.121243 166.843140 -0.768778 -0.536069 -0.348726 0.057600 0.532200
20 -2.636298 -3.989541 164.331635 -0.805398 -0.523353 -0.278273 0.048700 0.520600
K_nude01.jpg
20 -2.636298 -3.989541 164.331635 -0.805398 -0.523353 -0.278273 0.048700 0.520600
20 -2.085097 -4.755542 165.410233 -0.520099 -0.790104 -0.324395 0.035800 0.523800
20 -3.134299 -4.658642 166.407837 -0.588203 -0.741645 -0.322459 0.042600 0.532500
K_nude01.jpg
20 -5.945301 -0.263142 168.042435 -0.910326 -0.285097 -0.300043 0.102900 0.543600
20 -6.402599 -2.173741 172.019135 -0.954518 -0.263461 -0.139584 0.088800 0.569500
20 -7.425400 2.176558 175.913528 -0.948308 -0.317055 0.013724 0.136100 0.617600
K_nude01.jpg
20 -7.425400 2.176558 175.913528 -0.948308 -0.317055 0.013724 0.136100 0.617600
20 -6.842401 1.408558 169.466431 -0.924739 -0.201176 -0.323087 0.135000 0.561400
20 -5.945301 -0.263142 168.042435 -0.910326 -0.285097 -0.300043 0.102900 0.543600
K_nude01.jpg
20 -5.728100 0.764258 166.796036 -0.893489 -0.099212 -0.437990 0.114700 0.533000
20 -5.945301 -0.263142 168.042435 -0.910326 -0.285097 -0.300043 0.102900 0.543600
20 -6.842401 1.408558 169.466431 -0.924739 -0.201176 -0.323087 0.135000 0.561400
K_nude01.jpg
20 -6.296102 2.558659 169.316833 -0.846632 0.214686 -0.486954 0.138600 0.548400
20 -5.539002 2.084258 166.415436 -0.941121 -0.215885 -0.260163 0.118800 0.523600
20 -5.728100 0.764258 166.796036 -0.893489 -0.099212 -0.437990 0.114700 0.533000
K_nude01.jpg
20 -5.728100 0.764258 166.796036 -0.893489 -0.099212 -0.437990 0.114700 0.533000
20 -6.842401 1.408558 169.466431 -0.924739 -0.201176 -0.323087 0.135000 0.561400
20 -6.296102 2.558659 169.316833 -0.846632 0.214686 -0.486954 0.138600 0.548400
K_nude01.jpg
20 -2.085097 -4.755542 165.410233 -0.520099 -0.790104 -0.324395 0.035800 0.523800
20 -1.068501 -5.169742 165.464325 -0.249612 -0.853030 -0.458293 0.014100 0.523600
20 -1.220798 -5.948442 165.956238 -0.341808 -0.827660 -0.445136 0.015300 0.530800
K_nude01.jpg
20 -1.220798 -5.948442 165.956238 -0.341808 -0.827660 -0.445136 0.015300 0.530800
20 -3.134299 -4.658642 166.407837 -0.588203 -0.741645 -0.322459 0.042600 0.532500
20 -2.085097 -4.755542 165.410233 -0.520099 -0.790104 -0.324395 0.035800 0.523800
K_nude01.jpg
20 -5.945301 -0.263142 168.042435 -0.910326 -0.285097 -0.300043 0.102900 0.543600
20 -5.728100 0.764258 166.796036 -0.893489 -0.099212 -0.437990 0.114700 0.533000
20 -2.656399 -3.076541 163.089035 -0.661792 -0.060173 -0.747268 0.048500 0.511800
K_nude01.jpg
20 -2.656399 -3.076541 163.089035 -0.661792 -0.060173 -0.747268 0.048500 0.511800
20 -2.636298 -3.989541 164.331635 -0.805398 -0.523353 -0.278273 0.048700 0.520600
20 -5.945301 -0.263142 168.042435 -0.910326 -0.285097 -0.300043 0.102900 0.543600
K_nude01.jpg
20 -1.805901 -5.097741 163.569733 -0.533807 -0.787349 -0.308434 0.023000 0.514900
20 -2.636298 -3.989541 164.331635 -0.805398 -0.523353 -0.278273 0.048700 0.520600
20 -2.656399 -3.076541 163.089035 -0.661792 -0.060173 -0.747268 0.048500 0.511800
K_nude01.jpg
20 -2.656399 -3.076541 163.089035 -0.661792 -0.060173 -0.747268 0.048500 0.511800
20 -1.675900 -4.132642 162.495438 -0.378904 -0.254794 -0.889670 0.025100 0.505700
20 -1.805901 -5.097741 163.569733 -0.533807 -0.787349 -0.308434 0.023000 0.514900
K_nude01.jpg
20 -5.539002 2.084258 166.415436 -0.941121 -0.215885 -0.260163 0.118800 0.523600
20 -3.804901 0.479758 164.895828 -0.684317 -0.340120 -0.645003 0.088800 0.512900
20 -2.656399 -3.076541 163.089035 -0.661792 -0.060173 -0.747268 0.048500 0.511800
K_nude01.jpg
20 -2.656399 -3.076541 163.089035 -0.661792 -0.060173 -0.747268 0.048500 0.511800
20 -5.728100 0.764258 166.796036 -0.893489 -0.099212 -0.437990 0.114700 0.533000
20 -5.539002 2.084258 166.415436 -0.941121 -0.215885 -0.260163 0.118800 0.523600
K_nude01.jpg
20 -5.627900 -3.922442 174.371033 -0.832068 -0.529090 -0.166515 0.071300 0.583700
20 -6.558103 -1.946442 174.893738 -0.955313 -0.295559 -0.004777 0.087400 0.590900
20 -6.218899 -2.923342 173.187332 -0.912078 -0.408794 -0.031640 0.086800 0.579100
K_nude01.jpg
20 -3.615100 -5.589942 174.249527 -0.481906 -0.719526 -0.500049 0.049000 0.583100
20 -3.732699 -6.584742 175.027039 -0.499894 -0.822881 -0.270134 0.049900 0.591900
20 -5.689000 -4.767542 175.630127 -0.822592 -0.562665 -0.082161 0.071400 0.592400
K_nude01.jpg
20 -5.689000 -4.767542 175.630127 -0.822592 -0.562665 -0.082161 0.071400 0.592400
20 -4.844601 -4.555641 173.914337 -0.602721 -0.789109 -0.118464 0.060800 0.580900
20 -3.615100 -5.589942 174.249527 -0.481906 -0.719526 -0.500049 0.049000 0.583100
K_nude01.jpg
20 -5.689000 -4.767542 175.630127 -0.822592 -0.562665 -0.082161 0.071400 0.592400
20 -6.558103 -1.946442 174.893738 -0.955313 -0.295559 -0.004777 0.087400 0.590900
20 -5.627900 -3.922442 174.371033 -0.832068 -0.529090 -0.166515 0.071300 0.583700
K_nude01.jpg
20 0.000000 -0.966241 163.105835 0.000002 -0.531302 -0.847182 0.002700 0.489000
20 0.000000 -4.565641 162.474930 0.000002 -0.389642 -0.920966 0.002700 0.503300
20 -1.675900 -4.132642 162.495438 -0.378904 -0.254794 -0.889670 0.025100 0.505700
K_nude01.jpg
20 -5.217598 -4.553043 171.950836 -0.740512 -0.671435 -0.028580 0.067200 0.568600
20 -4.844601 -4.555641 173.914337 -0.602721 -0.789109 -0.118464 0.060800 0.580900
20 -5.627900 -3.922442 174.371033 -0.832068 -0.529090 -0.166515 0.071300 0.583700
K_nude01.jpg
20 -5.627900 -3.922442 174.371033 -0.832068 -0.529090 -0.166515 0.071300 0.583700
20 -6.218899 -2.923342 173.187332 -0.912078 -0.408794 -0.031640 0.086800 0.579100
20 -5.217598 -4.553043 171.950836 -0.740512 -0.671435 -0.028580 0.067200 0.568600
K_nude01.jpg
20 -3.924999 -4.121243 166.843140 -0.768778 -0.536069 -0.348726 0.057600 0.532200
20 -5.447701 -3.949142 170.728531 -0.833725 -0.509584 -0.212668 0.074400 0.560900
20 -5.945301 -0.263142 168.042435 -0.910326 -0.285097 -0.300043 0.102900 0.543600
K_nude01.jpg
20 -6.402599 -2.173741 172.019135 -0.954518 -0.263461 -0.139584 0.088800 0.569500
20 -5.945301 -0.263142 168.042435 -0.910326 -0.285097 -0.300043 0.102900 0.543600
20 -5.447701 -3.949142 170.728531 -0.833725 -0.509584 -0.212668 0.074400 0.560900
K_nude01.jpg
20 -2.085097 -4.755542 165.410233 -0.520099 -0.790104 -0.324395 0.035800 0.523800
20 -2.636298 -3.989541 164.331635 -0.805398 -0.523353 -0.278273 0.048700 0.520600
20 -1.805901 -5.097741 163.569733 -0.533807 -0.787349 -0.308434 0.023000 0.514900
K_nude01.jpg
20 -1.805901 -5.097741 163.569733 -0.533807 -0.787349 -0.308434 0.023000 0.514900
20 -1.068501 -5.169742 165.464325 -0.249612 -0.853030 -0.458293 0.014100 0.523600
20 -2.085097 -4.755542 165.410233 -0.520099 -0.790104 -0.324395 0.035800 0.523800
K_nude01.jpg
20 -1.805901 -5.097741 163.569733 -0.533807 -0.787349 -0.308434 0.023000 0.514900
20 0.000000 -5.584742 163.624939 0.000000 -0.954911 -0.296892 0.002700 0.514100
20 0.000000 -5.448442 165.526932 0.000001 -0.851611 -0.524174 0.002700 0.523600
K_nude01.jpg
20 0.000000 -5.448442 165.526932 0.000001 -0.851611 -0.524174 0.002700 0.523600
20 -1.068501 -5.169742 165.464325 -0.249612 -0.853030 -0.458293 0.014100 0.523600
20 -1.805901 -5.097741 163.569733 -0.533807 -0.787349 -0.308434 0.023000 0.514900
K_nude01.jpg
20 -0.795600 -8.174142 169.820938 -0.649486 -0.760338 -0.007404 0.011300 0.558000
20 -0.943000 -6.812242 173.255234 -0.623091 -0.766085 -0.157709 0.009300 0.574500
20 -1.404499 -5.329442 173.283035 -0.569712 -0.766675 -0.296036 0.025000 0.575500
K_nude01.jpg
20 -1.404499 -5.329442 173.283035 -0.569712 -0.766675 -0.296036 0.025000 0.575500
20 -1.786200 -6.079042 169.647232 -0.774734 -0.632251 0.006820 0.028400 0.555900
20 -0.795600 -8.174142 169.820938 -0.649486 -0.760338 -0.007404 0.011300 0.558000
K_nude01.jpg
20 -0.654098 -8.039242 169.248932 -0.506593 -0.564459 -0.651728 0.010000 0.555300
20 -0.795600 -8.174142 169.820938 -0.649486 -0.760338 -0.007404 0.011300 0.558000
20 -1.786200 -6.079042 169.647232 -0.774734 -0.632251 0.006820 0.028400 0.555900
K_nude01.jpg
20 -1.786200 -6.079042 169.647232 -0.774734 -0.632251 0.006820 0.028400 0.555900
20 -1.447701 -6.152042 169.180038 -0.575702 -0.756846 -0.309436 0.025400 0.550900
20 -0.654098 -8.039242 169.248932 -0.506593 -0.564459 -0.651728 0.010000 0.555300
K_nude01.jpg
20 0.000000 -4.565641 162.474930 0.000002 -0.389642 -0.920966 0.002700 0.503300
20 0.000000 -5.584742 163.624939 0.000000 -0.954911 -0.296892 0.002700 0.514100
20 -1.805901 -5.097741 163.569733 -0.533807 -0.787349 -0.308434 0.023000 0.514900
K_nude01.jpg
20 -1.805901 -5.097741 163.569733 -0.533807 -0.787349 -0.308434 0.023000 0.514900
20 -1.675900 -4.132642 162.495438 -0.378904 -0.254794 -0.889670 0.025100 0.505700
20 0.000000 -4.565641 162.474930 0.000002 -0.389642 -0.920966 0.002700 0.503300
K_nude01.jpg
20 0.000001 -8.263542 169.184525 0.000001 -0.726517 -0.687149 0.002700 0.554700
20 -0.654098 -8.039242 169.248932 -0.506593 -0.564459 -0.651728 0.010000 0.555300
20 0.000001 -6.647541 168.791534 0.000001 -0.812602 -0.582819 0.002700 0.548600
K_nude01.jpg
20 0.000001 -6.647541 168.791534 0.000001 -0.812602 -0.582819 0.002700 0.548600
20 -0.654098 -8.039242 169.248932 -0.506593 -0.564459 -0.651728 0.010000 0.555300
20 -1.447701 -6.152042 169.180038 -0.575702 -0.756846 -0.309436 0.025400 0.550900
K_nude01.jpg
20 -4.844601 -4.555641 173.914337 -0.602721 -0.789109 -0.118464 0.060800 0.580900
20 -5.689000 -4.767542 175.630127 -0.822592 -0.562665 -0.082161 0.071400 0.592400
20 -5.627900 -3.922442 174.371033 -0.832068 -0.529090 -0.166515 0.071300 0.583700
K_nude01.jpg
20 -3.642200 -5.397342 173.188538 -0.322705 -0.946497 -0.002138 0.050800 0.576600
20 -3.833899 -5.717743 171.245438 -0.320194 -0.946586 -0.038092 0.062800 0.564300
20 -1.404499 -5.329442 173.283035 -0.569712 -0.766675 -0.296036 0.025000 0.575500
K_nude01.jpg
20 -3.732699 -6.584742 175.027039 -0.499894 -0.822881 -0.270134 0.049900 0.591900
20 -1.423697 -7.091642 174.410629 -0.249211 -0.955633 -0.157033 0.014700 0.583200
20 0.000001 -6.396642 180.144836 -0.000001 -0.983929 0.178560 0.003400 0.607300
K_nude01.jpg
20 0.000001 -6.396642 180.144836 -0.000001 -0.983929 0.178560 0.003400 0.607300
20 -3.396698 -5.514042 180.936935 -0.488685 -0.848305 0.203875 0.048500 0.613800
20 -3.732699 -6.584742 175.027039 -0.499894 -0.822881 -0.270134 0.049900 0.591900
K_nude01.jpg
20 -0.943000 -6.812242 173.255234 -0.623091 -0.766085 -0.157709 0.009300 0.574500
20 -1.423697 -7.091642 174.410629 -0.249211 -0.955633 -0.157033 0.014700 0.583200
20 -1.629798 -6.670142 173.913528 -0.519387 -0.541429 -0.661129 0.022000 0.580000
K_nude01.jpg
20 -6.558103 -1.946442 174.893738 -0.955313 -0.295559 -0.004777 0.087400 0.590900
20 -5.689000 -4.767542 175.630127 -0.822592 -0.562665 -0.082161 0.071400 0.592400
20 -5.290401 -3.536042 180.688034 -0.826096 -0.535600 0.175206 0.074000 0.612600
K_nude01.jpg
20 -5.290401 -3.536042 180.688034 -0.826096 -0.535600 0.175206 0.074000 0.612600
20 -7.536499 0.732357 177.311325 -0.958711 -0.270238 -0.088568 0.127500 0.619800
20 -6.558103 -1.946442 174.893738 -0.955313 -0.295559 -0.004777 0.087400 0.590900
K_nude01.jpg
20 -5.217598 -4.553043 171.950836 -0.740512 -0.671435 -0.028580 0.067200 0.568600
20 -3.833899 -5.717743 171.245438 -0.320194 -0.946586 -0.038092 0.062800 0.564300
20 -3.642200 -5.397342 173.188538 -0.322705 -0.946497 -0.002138 0.050800 0.576600
K_nude01.jpg
20 -3.642200 -5.397342 173.188538 -0.322705 -0.946497 -0.002138 0.050800 0.576600
20 -4.844601 -4.555641 173.914337 -0.602721 -0.789109 -0.118464 0.060800 0.580900
20 -5.217598 -4.553043 171.950836 -0.740512 -0.671435 -0.028580 0.067200 0.568600
K_nude01.jpg
20 -1.404499 -5.329442 173.283035 -0.569712 -0.766675 -0.296036 0.025000 0.575500
20 -1.629798 -6.670142 173.913528 -0.519387 -0.541429 -0.661129 0.022000 0.580000
20 -2.198798 -5.755841 174.013733 -0.235194 -0.504400 -0.830822 0.030600 0.580600
K_nude01.jpg
20 -1.629798 -6.670142 173.913528 -0.519387 -0.541429 -0.661129 0.022000 0.580000
20 -3.732699 -6.584742 175.027039 -0.499894 -0.822881 -0.270134 0.049900 0.591900
20 -3.615100 -5.589942 174.249527 -0.481906 -0.719526 -0.500049 0.049000 0.583100
K_nude01.jpg
20 -3.615100 -5.589942 174.249527 -0.481906 -0.719526 -0.500049 0.049000 0.583100
20 -2.198798 -5.755841 174.013733 -0.235194 -0.504400 -0.830822 0.030600 0.580600
20 -1.629798 -6.670142 173.913528 -0.519387 -0.541429 -0.661129 0.022000 0.580000
K_nude01.jpg
20 -1.629798 -6.670142 173.913528 -0.519387 -0.541429 -0.661129 0.022000 0.580000
20 -1.423697 -7.091642 174.410629 -0.249211 -0.955633 -0.157033 0.014700 0.583200
20 -3.732699 -6.584742 175.027039 -0.499894 -0.822881 -0.270134 0.049900 0.591900
K_nude01.jpg
20 -7.233700 4.814359 174.340332 -0.542196 0.806364 -0.236223 0.188500 0.583200
20 -6.184300 5.083858 170.526627 -0.967032 0.227688 -0.114047 0.175500 0.583300
20 -6.296102 2.558659 169.316833 -0.846632 0.214686 -0.486954 0.172300 0.571800
K_nude01.jpg
20 -6.973749 4.643457 175.640030 -0.378791 0.733876 0.563865 0.140000 0.539800
20 -9.149498 4.713557 175.452530 -0.771427 0.300468 0.560909 0.137700 0.532700
20 -7.425400 2.176558 175.913528 -0.948308 -0.317055 0.013724 0.141600 0.508500
K_nude01.jpg
20 -9.375599 5.287357 173.520325 -0.761205 0.612236 -0.213856 0.134000 0.532900
20 -7.233700 4.814359 174.340332 -0.542196 0.806364 -0.236223 0.134000 0.540100
20 -6.296102 2.558659 169.316833 -0.846632 0.214686 -0.486954 0.120800 0.521100
K_nude01.jpg
20 -6.296102 2.558659 169.316833 -0.846632 0.214686 -0.486954 0.120800 0.521100
20 -8.188203 3.849658 170.267227 -0.607197 0.545005 -0.578171 0.125300 0.519800
20 -9.375599 5.287357 173.520325 -0.761205 0.612236 -0.213856 0.134000 0.532900
K_nude01.jpg
20 -6.973749 4.643457 175.640030 -0.378791 0.733876 0.563865 0.140000 0.539800
20 -7.233700 4.814359 174.340332 -0.542196 0.806364 -0.236223 0.134000 0.540100
20 -9.375599 5.287357 173.520325 -0.761205 0.612236 -0.213856 0.134000 0.532900
K_nude01.jpg
20 -9.375599 5.287357 173.520325 -0.761205 0.612236 -0.213856 0.134000 0.532900
20 -9.149498 4.713557 175.452530 -0.771427 0.300468 0.560909 0.137700 0.532700
20 -6.973749 4.643457 175.640030 -0.378791 0.733876 0.563865 0.140000 0.539800
K_nude01.jpg
20 -6.296102 2.558659 169.316833 -0.846632 0.214686 -0.486954 0.120800 0.521100
20 -6.842401 1.408558 169.466431 -0.924739 -0.201176 -0.323087 0.125100 0.506800
20 -8.188203 3.849658 170.267227 -0.607197 0.545005 -0.578171 0.125300 0.519800
K_nude01.jpg
20 -9.375599 5.287357 173.520325 -0.761205 0.612236 -0.213856 0.134000 0.532900
20 -8.188203 3.849658 170.267227 -0.607197 0.545005 -0.578171 0.125300 0.519800
20 -7.425400 2.176558 175.913528 -0.948308 -0.317055 0.013724 0.141600 0.508500
K_nude01.jpg
20 -7.425400 2.176558 175.913528 -0.948308 -0.317055 0.013724 0.141600 0.508500
20 -9.149498 4.713557 175.452530 -0.771427 0.300468 0.560909 0.137700 0.532700
20 -9.375599 5.287357 173.520325 -0.761205 0.612236 -0.213856 0.134000 0.532900
K_nude01.jpg
20 -8.188203 3.849658 170.267227 -0.607197 0.545005 -0.578171 0.125300 0.519800
20 -6.842401 1.408558 169.466431 -0.924739 -0.201176 -0.323087 0.125100 0.506800
20 -7.425400 2.176558 175.913528 -0.948308 -0.317055 0.013724 0.141600 0.508500
K_nude01.jpg
20 -2.656399 -3.076541 163.089035 -0.661792 -0.060173 -0.747268 0.048500 0.511800
20 -3.804901 0.479758 164.895828 -0.684317 -0.340120 -0.645003 0.088800 0.512900
20 0.000000 -0.966241 163.105835 0.000002 -0.531302 -0.847182 0.002700 0.489000
K_nude01.jpg
20 0.000000 -0.966241 163.105835 0.000002 -0.531302 -0.847182 0.002700 0.489000
20 -1.675900 -4.132642 162.495438 -0.378904 -0.254794 -0.889670 0.025100 0.505700
20 -2.656399 -3.076541 163.089035 -0.661792 -0.060173 -0.747268 0.048500 0.511800
K_nude01.jpg
20 -6.558103 -1.946442 174.893738 -0.955313 -0.295559 -0.004777 0.087400 0.590900
20 -7.536499 0.732357 177.311325 -0.958711 -0.270238 -0.088568 0.127500 0.619800
20 -7.425400 2.176558 175.913528 -0.948308 -0.317055 0.013724 0.136100 0.617600
K_nude01.jpg
20 -6.558103 -1.946442 174.893738 -0.955313 -0.295559 -0.004777 0.087400 0.590900
20 -7.425400 2.176558 175.913528 -0.948308 -0.317055 0.013724 0.136100 0.617600
20 -6.402599 -2.173741 172.019135 -0.954518 -0.263461 -0.139584 0.088800 0.569500
K_nude01.jpg
20 -6.558103 -1.946442 174.893738 -0.955313 -0.295559 -0.004777 0.087400 0.590900
20 -6.402599 -2.173741 172.019135 -0.954518 -0.263461 -0.139584 0.088800 0.569500
20 -6.218899 -2.923342 173.187332 -0.912078 -0.408794 -0.031640 0.086800 0.579100
K_nude01.jpg
20 -4.172601 9.758558 168.568939 -0.654788 0.755701 -0.012969 0.167600 0.608300
20 -3.383100 11.474757 174.735229 -0.419985 0.886783 -0.192948 0.196100 0.615300
20 -0.000001 12.007358 174.561035 0.000001 0.979778 -0.200089 0.196100 0.627000
K_nude01.jpg
20 -0.000001 12.007358 174.561035 0.000001 0.979778 -0.200089 0.196100 0.627000
20 -0.000001 11.209659 167.832733 0.000000 1.000000 0.001037 0.166400 0.627000
20 -4.172601 9.758558 168.568939 -0.654788 0.755701 -0.012969 0.167600 0.608300
K_nude01.jpg
20 -4.172601 9.758558 168.568939 -0.654788 0.755701 -0.012969 0.167600 0.608300
20 -5.984399 9.100957 175.235825 -0.851909 0.486426 -0.194014 0.196000 0.599700
20 -3.383100 11.474757 174.735229 -0.419985 0.886783 -0.192948 0.196100 0.615300
K_nude01.jpg
20 -6.184300 5.083858 170.526627 -0.967032 0.227688 -0.114047 0.175500 0.583300
20 -7.233700 4.814359 174.340332 -0.542196 0.806364 -0.236223 0.188500 0.583200
20 -5.984399 9.100957 175.235825 -0.851909 0.486426 -0.194014 0.196000 0.599700
K_nude01.jpg
20 -5.984399 9.100957 175.235825 -0.851909 0.486426 -0.194014 0.196000 0.599700
20 -4.172601 9.758558 168.568939 -0.654788 0.755701 -0.012969 0.167600 0.608300
20 -6.184300 5.083858 170.526627 -0.967032 0.227688 -0.114047 0.175500 0.583300
K_nude01.jpg
20 -7.233700 4.814359 174.340332 -0.542196 0.806364 -0.236223 0.188500 0.583200
20 -6.973749 4.643457 175.640030 -0.378791 0.733876 0.563865 0.196000 0.581400
20 -5.984399 9.100957 175.235825 -0.851909 0.486426 -0.194014 0.196000 0.599700
K_nude01.jpg
20 -3.642200 -5.397342 173.188538 -0.322705 -0.946497 -0.002138 0.050800 0.576600
20 -1.404499 -5.329442 173.283035 -0.569712 -0.766675 -0.296036 0.025000 0.575500
20 -2.198798 -5.755841 174.013733 -0.235194 -0.504400 -0.830822 0.030600 0.580600
K_nude01.jpg
20 -2.198798 -5.755841 174.013733 -0.235194 -0.504400 -0.830822 0.030600 0.580600
20 -3.615100 -5.589942 174.249527 -0.481906 -0.719526 -0.500049 0.049000 0.583100
20 -3.642200 -5.397342 173.188538 -0.322705 -0.946497 -0.002138 0.050800 0.576600
K_nude01.jpg
20 -3.642200 -5.397342 173.188538 -0.322705 -0.946497 -0.002138 0.050800 0.576600
20 -3.615100 -5.589942 174.249527 -0.481906 -0.719526 -0.500049 0.049000 0.583100
20 -4.844601 -4.555641 173.914337 -0.602721 -0.789109 -0.118464 0.060800 0.580900
K_nude01.jpg
18 -6.466859 8.713737 161.817993 -0.880403 0.412560 0.233848 0.143400 0.592300
18 -6.161346 3.118225 160.156021 -0.182108 -0.532680 0.826492 0.143400 0.550400
18 -5.118974 1.887276 161.041458 -0.567580 -0.605191 0.558209 0.146700 0.555600
K_nude01.jpg
18 -5.118974 1.887276 161.041458 -0.567580 -0.605191 0.558209 0.146700 0.555600
18 -6.481999 7.050057 163.958435 -0.990244 0.106480 0.089885 0.152300 0.587000
18 -6.466859 8.713737 161.817993 -0.880403 0.412560 0.233848 0.143400 0.592300
K_nude01.jpg
18 -0.000001 11.752359 162.265030 0.000000 0.991110 0.133045 0.147200 0.629900
18 -5.476102 9.511858 162.979630 -0.609494 0.772000 0.180369 0.150600 0.600100
20 -4.172601 9.758558 168.568939 -0.654788 0.755701 -0.012969 0.167600 0.608300
K_nude01.jpg
20 -4.172601 9.758558 168.568939 -0.654788 0.755701 -0.012969 0.167600 0.608300
20 -0.000001 11.209659 167.832733 0.000000 1.000000 0.001037 0.166400 0.627000
18 -0.000001 11.752359 162.265030 0.000000 0.991110 0.133045 0.147200 0.629900
K_nude01.jpg
18 -5.118974 1.887276 161.041458 -0.567580 -0.605191 0.558209 0.146700 0.555600
20 0.000000 -0.966241 163.105835 0.000002 -0.531302 -0.847182 0.165400 0.540400
20 -3.804901 0.479758 164.895828 -0.684317 -0.340120 -0.645003 0.165400 0.558000
K_nude01.jpg
20 -3.804901 0.479758 164.895828 -0.684317 -0.340120 -0.645003 0.165400 0.558000
20 -5.539002 2.084258 166.415436 -0.941121 -0.215885 -0.260163 0.165400 0.568200
18 -5.118974 1.887276 161.041458 -0.567580 -0.605191 0.558209 0.146700 0.555600
K_nude01.jpg
18 -5.118974 1.887276 161.041458 -0.567580 -0.605191 0.558209 0.146700 0.555600
18 0.000000 -0.907029 158.333725 -0.000001 -0.961061 0.276335 0.148700 0.534100
20 0.000000 -0.966241 163.105835 0.000002 -0.531302 -0.847182 0.165400 0.540400
K_nude01.jpg
18 -6.481999 7.050057 163.958435 -0.990244 0.106480 0.089885 0.152300 0.587000
18 -5.476102 9.511858 162.979630 -0.609494 0.772000 0.180369 0.150600 0.600100
18 -6.466859 8.713737 161.817993 -0.880403 0.412560 0.233848 0.143400 0.592300
K_nude01.jpg
18 -6.481999 7.050057 163.958435 -0.990244 0.106480 0.089885 0.152300 0.587000
20 -5.539002 2.084258 166.415436 -0.941121 -0.215885 -0.260163 0.165400 0.568200
20 -6.296102 2.558659 169.316833 -0.846632 0.214686 -0.486954 0.172300 0.571800
K_nude01.jpg
20 -6.296102 2.558659 169.316833 -0.846632 0.214686 -0.486954 0.172300 0.571800
20 -6.184300 5.083858 170.526627 -0.967032 0.227688 -0.114047 0.175500 0.583300
18 -6.481999 7.050057 163.958435 -0.990244 0.106480 0.089885 0.152300 0.587000
K_nude01.jpg
18 -6.481999 7.050057 163.958435 -0.990244 0.106480 0.089885 0.152300 0.587000
18 -5.118974 1.887276 161.041458 -0.567580 -0.605191 0.558209 0.146700 0.555600
20 -5.539002 2.084258 166.415436 -0.941121 -0.215885 -0.260163 0.165400 0.568200
K_nude01.jpg
20 -5.447701 -3.949142 170.728531 -0.833725 -0.509584 -0.212668 0.074400 0.560900
20 -3.833899 -5.717743 171.245438 -0.320194 -0.946586 -0.038092 0.062800 0.564300
20 -5.217598 -4.553043 171.950836 -0.740512 -0.671435 -0.028580 0.067200 0.568600
K_nude01.jpg
20 -6.402599 -2.173741 172.019135 -0.954518 -0.263461 -0.139584 0.088800 0.569500
20 -5.447701 -3.949142 170.728531 -0.833725 -0.509584 -0.212668 0.074400 0.560900
20 -5.217598 -4.553043 171.950836 -0.740512 -0.671435 -0.028580 0.067200 0.568600
K_nude01.jpg
20 -5.217598 -4.553043 171.950836 -0.740512 -0.671435 -0.028580 0.067200 0.568600
20 -6.218899 -2.923342 173.187332 -0.912078 -0.408794 -0.031640 0.086800 0.579100
20 -6.402599 -2.173741 172.019135 -0.954518 -0.263461 -0.139584 0.088800 0.569500
K_nude01.jpg
20 -3.924999 -4.121243 166.843140 -0.768778 -0.536069 -0.348726 0.057600 0.532200
20 -5.945301 -0.263142 168.042435 -0.910326 -0.285097 -0.300043 0.102900 0.543600
20 -2.636298 -3.989541 164.331635 -0.805398 -0.523353 -0.278273 0.048700 0.520600
K_nude01.jpg
20 -0.002213 -3.169642 186.259430 -0.000003 -0.423380 0.905952 0.157800 0.494600
20 -0.002212 -7.168041 183.328232 -0.001802 -0.819908 0.572493 0.172400 0.466200
20 2.223605 -6.841341 182.607925 0.408798 -0.762768 0.501068 0.181500 0.475100
K_nude01.jpg
20 2.223605 -6.841341 182.607925 0.408798 -0.762768 0.501068 0.181500 0.475100
20 4.617301 -1.861842 184.321838 0.646281 -0.339426 0.683456 0.181900 0.502000
20 -0.002213 -3.169642 186.259430 -0.000003 -0.423380 0.905952 0.157800 0.494600
K_nude01.jpg
20 4.617301 -1.861842 184.321838 0.646281 -0.339426 0.683456 0.181900 0.502000
20 4.845478 -4.777640 181.373535 0.752526 -0.512091 0.414086 0.191800 0.483000
20 7.093442 -1.119842 179.350632 0.950687 -0.259168 0.170370 0.206300 0.498000
K_nude01.jpg
20 7.093442 -1.119842 179.350632 0.950687 -0.259168 0.170370 0.206300 0.498000
20 7.182852 0.945659 180.937332 0.956595 -0.118692 0.266155 0.202400 0.511000
20 4.617301 -1.861842 184.321838 0.646281 -0.339426 0.683456 0.181900 0.502000
K_nude01.jpg
20 7.093442 -1.119842 179.350632 0.950687 -0.259168 0.170370 0.206300 0.498000
20 7.205182 -1.404441 177.521729 0.970765 -0.204824 0.125150 0.212900 0.493000
20 6.904861 2.020259 175.871338 0.999611 0.014080 -0.024094 0.224200 0.502200
K_nude01.jpg
20 6.904861 2.020259 175.871338 0.999611 0.014080 -0.024094 0.224200 0.502200
20 7.182852 0.945659 180.937332 0.956595 -0.118692 0.266155 0.202400 0.511000
20 7.093442 -1.119842 179.350632 0.950687 -0.259168 0.170370 0.206300 0.498000
K_nude01.jpg
20 6.915500 8.710660 172.189331 0.952533 0.302751 0.031991 0.115600 0.452200
20 7.373401 8.977159 181.133224 0.874275 0.402324 0.271623 0.071300 0.441200
20 6.969319 4.643459 175.640030 0.996314 0.062937 -0.058284 0.099400 0.428100
K_nude01.jpg
20 6.969319 4.643459 175.640030 0.996314 0.062937 -0.058284 0.099400 0.428100
20 7.181598 5.110259 173.024933 0.994720 0.053070 -0.087842 0.115000 0.436000
20 6.915500 8.710660 172.189331 0.952533 0.302751 0.031991 0.115600 0.452200
K_nude01.jpg
20 -0.002213 -3.169642 186.259430 -0.000003 -0.423380 0.905952 0.157800 0.494600
20 4.617301 -1.861842 184.321838 0.646281 -0.339426 0.683456 0.181900 0.502000
20 -0.002213 2.119759 187.760437 -0.000003 -0.123004 0.992406 0.147000 0.513100
K_nude01.jpg
20 7.064784 4.623259 181.671936 0.952787 0.048478 0.299746 0.204600 0.527000
20 7.182852 0.945659 180.937332 0.956595 -0.118692 0.266155 0.202400 0.511000
20 6.904861 2.020259 175.871338 0.999611 0.014080 -0.024094 0.224200 0.502200
K_nude01.jpg
20 6.904861 2.020259 175.871338 0.999611 0.014080 -0.024094 0.224200 0.502200
20 6.969319 4.643459 175.640030 0.996314 0.062937 -0.058284 0.226600 0.513000
20 7.064784 4.623259 181.671936 0.952787 0.048478 0.299746 0.204600 0.527000
K_nude01.jpg
20 4.635108 3.007760 185.618027 0.626222 -0.069038 0.776582 0.181900 0.524700
20 4.617301 -1.861842 184.321838 0.646281 -0.339426 0.683456 0.181900 0.502000
20 7.182852 0.945659 180.937332 0.956595 -0.118692 0.266155 0.202400 0.511000
K_nude01.jpg
20 7.182852 0.945659 180.937332 0.956595 -0.118692 0.266155 0.202400 0.511000
20 7.064784 4.623259 181.671936 0.952787 0.048478 0.299746 0.204600 0.527000
20 4.635108 3.007760 185.618027 0.626222 -0.069038 0.776582 0.181900 0.524700
K_nude01.jpg
20 6.915500 8.710660 172.189331 0.952533 0.302751 0.031991 0.115600 0.452200
20 5.241401 11.629059 170.864426 0.609388 0.785044 0.111137 0.115800 0.469500
20 4.642099 11.801759 178.739334 0.552701 0.825904 0.111377 0.075300 0.466300
K_nude01.jpg
20 4.642099 11.801759 178.739334 0.552701 0.825904 0.111377 0.075300 0.466300
20 7.373401 8.977159 181.133224 0.874275 0.402324 0.271623 0.071300 0.441200
20 6.915500 8.710660 172.189331 0.952533 0.302751 0.031991 0.115600 0.452200
K_nude01.jpg
20 5.241401 11.629059 170.864426 0.609388 0.785044 0.111137 0.115800 0.469500
20 -0.000001 13.074658 170.330536 0.000000 0.995616 0.093535 0.113500 0.490700
20 -0.000001 14.172359 178.967331 0.000000 0.992132 0.125196 0.067200 0.484900
K_nude01.jpg
20 -0.000001 14.172359 178.967331 0.000000 0.992132 0.125196 0.067200 0.484900
20 4.642099 11.801759 178.739334 0.552701 0.825904 0.111377 0.075300 0.466300
20 5.241401 11.629059 170.864426 0.609388 0.785044 0.111137 0.115800 0.469500
K_nude01.jpg
20 -0.002213 2.119759 187.760437 -0.000003 -0.123004 0.992406 0.016100 0.426900
20 4.635108 3.007760 185.618027 0.626222 -0.069038 0.776582 0.041500 0.418200
20 4.889098 7.109859 185.508728 0.564882 0.290978 0.772166 0.047400 0.436100
K_nude01.jpg
20 4.889098 7.109859 185.508728 0.564882 0.290978 0.772166 0.047400 0.436100
20 -0.000001 5.988958 187.602234 -0.000002 0.229589 0.973288 0.022000 0.443100
20 -0.002213 2.119759 187.760437 -0.000003 -0.123004 0.992406 0.016100 0.426900
K_nude01.jpg
20 7.064784 4.623259 181.671936 0.952787 0.048478 0.299746 0.069300 0.421100
20 7.373401 8.977159 181.133224 0.874275 0.402324 0.271623 0.071300 0.441200
20 4.889098 7.109859 185.508728 0.564882 0.290978 0.772166 0.047400 0.436100
K_nude01.jpg
20 4.889098 7.109859 185.508728 0.564882 0.290978 0.772166 0.047400 0.436100
20 4.635108 3.007760 185.618027 0.626222 -0.069038 0.776582 0.041500 0.418200
20 7.064784 4.623259 181.671936 0.952787 0.048478 0.299746 0.069300 0.421100
K_nude01.jpg
20 3.193198 11.335557 183.445236 0.446411 0.685563 0.575083 0.053300 0.460000
20 4.889098 7.109859 185.508728 0.564882 0.290978 0.772166 0.047400 0.436100
20 7.373401 8.977159 181.133224 0.874275 0.402324 0.271623 0.071300 0.441200
K_nude01.jpg
20 3.193198 11.335557 183.445236 0.446411 0.685563 0.575083 0.053300 0.460000
20 4.642099 11.801759 178.739334 0.552701 0.825904 0.111377 0.075300 0.466300
20 -0.000001 14.172359 178.967331 0.000000 0.992132 0.125196 0.067200 0.484900
K_nude01.jpg
20 -0.000001 14.172359 178.967331 0.000000 0.992132 0.125196 0.067200 0.484900
20 -0.000001 12.083858 184.658539 -0.000001 0.724711 0.689053 0.041100 0.471000
20 3.193198 11.335557 183.445236 0.446411 0.685563 0.575083 0.053300 0.460000
K_nude01.jpg
20 -0.000001 5.988958 187.602234 -0.000002 0.229589 0.973288 0.022000 0.443100
20 4.889098 7.109859 185.508728 0.564882 0.290978 0.772166 0.047400 0.436100
20 3.193198 11.335557 183.445236 0.446411 0.685563 0.575083 0.053300 0.460000
K_nude01.jpg
20 3.193198 11.335557 183.445236 0.446411 0.685563 0.575083 0.053300 0.460000
20 -0.000001 12.083858 184.658539 -0.000001 0.724711 0.689053 0.041100 0.471000
20 -0.000001 5.988958 187.602234 -0.000002 0.229589 0.973288 0.022000 0.443100
K_nude01.jpg
20 4.845478 -4.777640 181.373535 0.752526 -0.512091 0.414086 0.191800 0.483000
20 4.617301 -1.861842 184.321838 0.646281 -0.339426 0.683456 0.181900 0.502000
20 2.223605 -6.841341 182.607925 0.408798 -0.762768 0.501068 0.181500 0.475100
K_nude01.jpg
20 7.205182 -1.404441 177.521729 0.970765 -0.204824 0.125150 0.212900 0.493000
20 7.093442 -1.119842 179.350632 0.950687 -0.259168 0.170370 0.206300 0.498000
20 4.845478 -4.777640 181.373535 0.752526 -0.512091 0.414086 0.191800 0.483000
K_nude01.jpg
20 4.845478 -4.777640 181.373535 0.752526 -0.512091 0.414086 0.191800 0.483000
20 5.102040 -6.025342 178.624039 0.726427 -0.651990 0.217288 0.197300 0.477400
20 7.205182 -1.404441 177.521729 0.970765 -0.204824 0.125150 0.212900 0.493000
K_nude01.jpg
20 2.223605 -6.841341 182.607925 0.408798 -0.762768 0.501068 0.181500 0.475100
20 -0.002212 -7.168041 183.328232 -0.001802 -0.819908 0.572493 0.172400 0.466200
20 2.743604 -7.735742 178.175232 0.399210 -0.899777 0.176159 0.189500 0.465400
K_nude01.jpg
20 2.223605 -6.841341 182.607925 0.408798 -0.762768 0.501068 0.181500 0.475100
20 2.743604 -7.735742 178.175232 0.399210 -0.899777 0.176159 0.189500 0.465400
20 5.102040 -6.025342 178.624039 0.726427 -0.651990 0.217288 0.197300 0.477400
K_nude01.jpg
20 5.102040 -6.025342 178.624039 0.726427 -0.651990 0.217288 0.197300 0.477400
20 4.845478 -4.777640 181.373535 0.752526 -0.512091 0.414086 0.191800 0.483000
20 2.223605 -6.841341 182.607925 0.408798 -0.762768 0.501068 0.181500 0.475100
K_nude01.jpg
20 7.446898 5.211259 169.299438 0.993179 0.083874 0.081002 0.126000 0.438500
20 7.157401 9.785760 168.577026 0.895801 0.408837 0.174338 0.126300 0.455200
20 6.915500 8.710660 172.189331 0.952533 0.302751 0.031991 0.115600 0.452200
K_nude01.jpg
20 6.915500 8.710660 172.189331 0.952533 0.302751 0.031991 0.115600 0.452200
20 7.181598 5.110259 173.024933 0.994720 0.053070 -0.087842 0.115000 0.436000
20 7.446898 5.211259 169.299438 0.993179 0.083874 0.081002 0.126000 0.438500
K_nude01.jpg
20 7.373401 8.977159 181.133224 0.874275 0.402324 0.271623 0.071300 0.441200
20 4.642099 11.801759 178.739334 0.552701 0.825904 0.111377 0.075300 0.466300
20 3.193198 11.335557 183.445236 0.446411 0.685563 0.575083 0.053300 0.460000
K_nude01.jpg
20 7.373401 8.977159 181.133224 0.874275 0.402324 0.271623 0.071300 0.441200
20 7.064784 4.623259 181.671936 0.952787 0.048478 0.299746 0.069300 0.421100
20 6.969319 4.643459 175.640030 0.996314 0.062937 -0.058284 0.099400 0.428100
K_nude01.jpg
20 4.617301 -1.861842 184.321838 0.646281 -0.339426 0.683456 0.181900 0.502000
20 4.635108 3.007760 185.618027 0.626222 -0.069038 0.776582 0.181900 0.524700
20 -0.002213 2.119759 187.760437 -0.000003 -0.123004 0.992406 0.147000 0.513100
K_nude01.jpg
20 5.903830 -5.806441 174.868927 0.710885 -0.699340 -0.074599 0.210700 0.469100
20 6.770070 -3.047842 175.799133 0.932121 -0.352202 0.084288 0.219400 0.479300
20 7.205182 -1.404441 177.521729 0.970765 -0.204824 0.125150 0.212900 0.493000
K_nude01.jpg
20 7.205182 -1.404441 177.521729 0.970765 -0.204824 0.125150 0.212900 0.493000
20 5.102040 -6.025342 178.624039 0.726427 -0.651990 0.217288 0.197300 0.477400
20 5.903830 -5.806441 174.868927 0.710885 -0.699340 -0.074599 0.210700 0.469100
K_nude01.jpg
20 5.903830 -5.806441 174.868927 0.710885 -0.699340 -0.074599 0.210700 0.469100
20 5.102040 -6.025342 178.624039 0.726427 -0.651990 0.217288 0.197300 0.477400
20 2.743604 -7.735742 178.175232 0.399210 -0.899777 0.176159 0.189500 0.465400
K_nude01.jpg
20 2.743604 -7.735742 178.175232 0.399210 -0.899777 0.176159 0.189500 0.465400
20 4.340395 -6.766041 175.103027 0.474385 -0.876032 -0.086763 0.205300 0.463400
20 5.903830 -5.806441 174.868927 0.710885 -0.699340 -0.074599 0.210700 0.469100
K_nude01.jpg
20 5.903830 -5.806441 174.868927 0.710885 -0.699340 -0.074599 0.210700 0.469100
20 7.280216 -3.154040 170.730728 0.843112 -0.536673 -0.033831 0.233800 0.459000
20 6.770070 -3.047842 175.799133 0.932121 -0.352202 0.084288 0.219400 0.479300
K_nude01.jpg
20 4.340395 -6.766041 175.103027 0.474385 -0.876032 -0.086763 0.205300 0.463400
20 7.280216 -3.154040 170.730728 0.843112 -0.536673 -0.033831 0.233800 0.459000
20 5.903830 -5.806441 174.868927 0.710885 -0.699340 -0.074599 0.210700 0.469100
K_nude01.jpg
20 -0.002213 -3.169642 186.259430 -0.000003 -0.423380 0.905952 0.157800 0.494600
20 -4.621728 -1.861843 184.321838 -0.646285 -0.339425 0.683452 0.181900 0.502000
20 -2.228030 -6.841342 182.607925 -0.405378 -0.768517 0.495026 0.181500 0.475100
K_nude01.jpg
20 -2.228030 -6.841342 182.607925 -0.405378 -0.768517 0.495026 0.181500 0.475100
20 -0.002212 -7.168041 183.328232 -0.001802 -0.819908 0.572493 0.172400 0.466200
20 -0.002213 -3.169642 186.259430 -0.000003 -0.423380 0.905952 0.157800 0.494600
K_nude01.jpg
20 -4.621728 -1.861843 184.321838 -0.646285 -0.339425 0.683452 0.181900 0.502000
20 -7.187279 0.945657 180.937332 -0.956597 -0.118691 0.266149 0.202400 0.511000
20 -7.097869 -1.119843 179.350632 -0.950688 -0.259168 0.170365 0.206300 0.498000
K_nude01.jpg
20 -7.097869 -1.119843 179.350632 -0.950688 -0.259168 0.170365 0.206300 0.498000
20 -4.849904 -4.777641 181.373535 -0.752529 -0.512090 0.414082 0.191800 0.483000
20 -4.621728 -1.861843 184.321838 -0.646285 -0.339425 0.683452 0.181900 0.502000
K_nude01.jpg
20 -7.097869 -1.119843 179.350632 -0.950688 -0.259168 0.170365 0.206300 0.498000
20 -7.187279 0.945657 180.937332 -0.956597 -0.118691 0.266149 0.202400 0.511000
20 -6.909288 2.020258 175.871338 -0.999610 0.014081 -0.024099 0.224200 0.502200
K_nude01.jpg
20 -6.909288 2.020258 175.871338 -0.999610 0.014081 -0.024099 0.224200 0.502200
20 -7.209609 -1.404442 177.521729 -0.966363 -0.221991 0.129852 0.212900 0.493000
20 -7.097869 -1.119843 179.350632 -0.950688 -0.259168 0.170365 0.206300 0.498000
K_nude01.jpg
20 -6.915502 8.710659 172.189331 -0.952533 0.302752 0.031986 0.115600 0.452200
20 -7.181600 5.110258 173.024933 -0.994719 0.053071 -0.087847 0.115000 0.436000
20 -6.973749 4.643457 175.640030 -0.996314 0.062938 -0.058290 0.099400 0.428100
K_nude01.jpg
20 -6.973749 4.643457 175.640030 -0.996314 0.062938 -0.058290 0.099400 0.428100
20 -7.373403 8.977158 181.133224 -0.874276 0.402325 0.271618 0.071300 0.441200
20 -6.915502 8.710659 172.189331 -0.952533 0.302752 0.031986 0.115600 0.452200
K_nude01.jpg
20 -0.002213 -3.169642 186.259430 -0.000003 -0.423380 0.905952 0.157800 0.494600
20 -0.002213 2.119759 187.760437 -0.000003 -0.123004 0.992406 0.147000 0.513100
20 -4.621728 -1.861843 184.321838 -0.646285 -0.339425 0.683452 0.181900 0.502000
K_nude01.jpg
20 -7.069213 4.623257 181.671936 -0.952788 0.048479 0.299741 0.204600 0.527000
20 -6.973749 4.643457 175.640030 -0.996314 0.062938 -0.058290 0.226600 0.513000
20 -6.909288 2.020258 175.871338 -0.999610 0.014081 -0.024099 0.224200 0.502200
K_nude01.jpg
20 -6.909288 2.020258 175.871338 -0.999610 0.014081 -0.024099 0.224200 0.502200
20 -7.187279 0.945657 180.937332 -0.956597 -0.118691 0.266149 0.202400 0.511000
20 -7.069213 4.623257 181.671936 -0.952788 0.048479 0.299741 0.204600 0.527000
K_nude01.jpg
20 -4.639536 3.007759 185.618027 -0.626177 -0.069037 0.776618 0.181900 0.524700
20 -7.069213 4.623257 181.671936 -0.952788 0.048479 0.299741 0.204600 0.527000
20 -7.187279 0.945657 180.937332 -0.956597 -0.118691 0.266149 0.202400 0.511000
K_nude01.jpg
20 -7.187279 0.945657 180.937332 -0.956597 -0.118691 0.266149 0.202400 0.511000
20 -4.621728 -1.861843 184.321838 -0.646285 -0.339425 0.683452 0.181900 0.502000
20 -4.639536 3.007759 185.618027 -0.626177 -0.069037 0.776618 0.181900 0.524700
K_nude01.jpg
20 -6.915502 8.710659 172.189331 -0.952533 0.302752 0.031986 0.115600 0.452200
20 -7.373403 8.977158 181.133224 -0.874276 0.402325 0.271618 0.071300 0.441200
20 -4.642102 11.801758 178.739334 -0.552701 0.825904 0.111374 0.075300 0.466300
K_nude01.jpg
20 -4.642102 11.801758 178.739334 -0.552701 0.825904 0.111374 0.075300 0.466300
20 -5.241404 11.629060 170.864426 -0.609388 0.785045 0.111134 0.115800 0.469500
20 -6.915502 8.710659 172.189331 -0.952533 0.302752 0.031986 0.115600 0.452200
K_nude01.jpg
20 -5.241404 11.629060 170.864426 -0.609388 0.785045 0.111134 0.115800 0.469500
20 -4.642102 11.801758 178.739334 -0.552701 0.825904 0.111374 0.075300 0.466300
20 -0.000001 14.172359 178.967331 0.000000 0.992132 0.125196 0.067200 0.484900
K_nude01.jpg
20 -0.000001 14.172359 178.967331 0.000000 0.992132 0.125196 0.067200 0.484900
20 -0.000001 13.074658 170.330536 0.000000 0.995616 0.093535 0.113500 0.490700
20 -5.241404 11.629060 170.864426 -0.609388 0.785045 0.111134 0.115800 0.469500
K_nude01.jpg
20 -0.002213 2.119759 187.760437 -0.000003 -0.123004 0.992406 0.016100 0.426900
20 -0.000001 5.988958 187.602234 -0.000002 0.229589 0.973288 0.022000 0.443100
20 -4.889100 7.109858 185.508728 -0.564885 0.290979 0.772163 0.047400 0.436100
K_nude01.jpg
20 -4.889100 7.109858 185.508728 -0.564885 0.290979 0.772163 0.047400 0.436100
20 -4.639536 3.007759 185.618027 -0.626177 -0.069037 0.776618 0.041500 0.418200
20 -0.002213 2.119759 187.760437 -0.000003 -0.123004 0.992406 0.016100 0.426900
K_nude01.jpg
20 -7.069213 4.623257 181.671936 -0.952788 0.048479 0.299741 0.069300 0.421100
20 -4.639536 3.007759 185.618027 -0.626177 -0.069037 0.776618 0.041500 0.418200
20 -4.889100 7.109858 185.508728 -0.564885 0.290979 0.772163 0.047400 0.436100
K_nude01.jpg
20 -4.889100 7.109858 185.508728 -0.564885 0.290979 0.772163 0.047400 0.436100
20 -7.373403 8.977158 181.133224 -0.874276 0.402325 0.271618 0.071300 0.441200
20 -7.069213 4.623257 181.671936 -0.952788 0.048479 0.299741 0.069300 0.421100
K_nude01.jpg
20 -3.193200 11.335558 183.445236 -0.446414 0.685563 0.575081 0.053300 0.460000
20 -7.373403 8.977158 181.133224 -0.874276 0.402325 0.271618 0.071300 0.441200
20 -4.889100 7.109858 185.508728 -0.564885 0.290979 0.772163 0.047400 0.436100
K_nude01.jpg
20 -3.193200 11.335558 183.445236 -0.446414 0.685563 0.575081 0.053300 0.460000
20 -0.000001 12.083858 184.658539 -0.000001 0.724711 0.689053 0.041100 0.471000
20 -0.000001 14.172359 178.967331 0.000000 0.992132 0.125196 0.067200 0.484900
K_nude01.jpg
20 -0.000001 14.172359 178.967331 0.000000 0.992132 0.125196 0.067200 0.484900
20 -4.642102 11.801758 178.739334 -0.552701 0.825904 0.111374 0.075300 0.466300
20 -3.193200 11.335558 183.445236 -0.446414 0.685563 0.575081 0.053300 0.460000
K_nude01.jpg
20 -0.000001 5.988958 187.602234 -0.000002 0.229589 0.973288 0.022000 0.443100
20 -0.000001 12.083858 184.658539 -0.000001 0.724711 0.689053 0.041100 0.471000
20 -3.193200 11.335558 183.445236 -0.446414 0.685563 0.575081 0.053300 0.460000
K_nude01.jpg
20 -3.193200 11.335558 183.445236 -0.446414 0.685563 0.575081 0.053300 0.460000
20 -4.889100 7.109858 185.508728 -0.564885 0.290979 0.772163 0.047400 0.436100
20 -0.000001 5.988958 187.602234 -0.000002 0.229589 0.973288 0.022000 0.443100
K_nude01.jpg
20 -4.849904 -4.777641 181.373535 -0.752529 -0.512090 0.414082 0.191800 0.483000
20 -2.228030 -6.841342 182.607925 -0.405378 -0.768517 0.495026 0.181500 0.475100
20 -4.621728 -1.861843 184.321838 -0.646285 -0.339425 0.683452 0.181900 0.502000
K_nude01.jpg
20 -7.209609 -1.404442 177.521729 -0.966363 -0.221991 0.129852 0.212900 0.493000
20 -5.106468 -6.025343 178.624039 -0.728142 -0.647926 0.223610 0.197300 0.477400
20 -4.849904 -4.777641 181.373535 -0.752529 -0.512090 0.414082 0.191800 0.483000
K_nude01.jpg
20 -4.849904 -4.777641 181.373535 -0.752529 -0.512090 0.414082 0.191800 0.483000
20 -7.097869 -1.119843 179.350632 -0.950688 -0.259168 0.170365 0.206300 0.498000
20 -7.209609 -1.404442 177.521729 -0.966363 -0.221991 0.129852 0.212900 0.493000
K_nude01.jpg
20 -2.228030 -6.841342 182.607925 -0.405378 -0.768517 0.495026 0.181500 0.475100
20 -2.995825 -7.735741 177.455139 -0.439514 -0.884599 0.155924 0.189500 0.465400
20 -0.002212 -7.168041 183.328232 -0.001802 -0.819908 0.572493 0.172400 0.466200
K_nude01.jpg
20 -2.228030 -6.841342 182.607925 -0.405378 -0.768517 0.495026 0.181500 0.475100
20 -4.849904 -4.777641 181.373535 -0.752529 -0.512090 0.414082 0.191800 0.483000
20 -5.106468 -6.025343 178.624039 -0.728142 -0.647926 0.223610 0.197300 0.477400
K_nude01.jpg
20 -5.106468 -6.025343 178.624039 -0.728142 -0.647926 0.223610 0.197300 0.477400
20 -2.995825 -7.735741 177.455139 -0.439514 -0.884599 0.155924 0.189500 0.465400
20 -2.228030 -6.841342 182.607925 -0.405378 -0.768517 0.495026 0.181500 0.475100
K_nude01.jpg
20 -7.446900 5.211257 169.299438 -0.993179 0.083875 0.080996 0.126000 0.438500
20 -7.181600 5.110258 173.024933 -0.994719 0.053071 -0.087847 0.115000 0.436000
20 -6.915502 8.710659 172.189331 -0.952533 0.302752 0.031986 0.115600 0.452200
K_nude01.jpg
20 -6.915502 8.710659 172.189331 -0.952533 0.302752 0.031986 0.115600 0.452200
20 -7.157403 9.785760 168.577026 -0.895801 0.408837 0.174333 0.126300 0.455200
20 -7.446900 5.211257 169.299438 -0.993179 0.083875 0.080996 0.126000 0.438500
K_nude01.jpg
20 -7.373403 8.977158 181.133224 -0.874276 0.402325 0.271618 0.071300 0.441200
20 -3.193200 11.335558 183.445236 -0.446414 0.685563 0.575081 0.053300 0.460000
20 -4.642102 11.801758 178.739334 -0.552701 0.825904 0.111374 0.075300 0.466300
K_nude01.jpg
20 -7.373403 8.977158 181.133224 -0.874276 0.402325 0.271618 0.071300 0.441200
20 -6.973749 4.643457 175.640030 -0.996314 0.062938 -0.058290 0.099400 0.428100
20 -7.069213 4.623257 181.671936 -0.952788 0.048479 0.299741 0.069300 0.421100
K_nude01.jpg
20 -4.621728 -1.861843 184.321838 -0.646285 -0.339425 0.683452 0.181900 0.502000
20 -0.002213 2.119759 187.760437 -0.000003 -0.123004 0.992406 0.147000 0.513100
20 -4.639536 3.007759 185.618027 -0.626177 -0.069037 0.776618 0.181900 0.524700
K_nude01.jpg
20 -5.908255 -5.806441 174.868927 -0.687499 -0.721645 -0.081080 0.210700 0.469100
20 -5.106468 -6.025343 178.624039 -0.728142 -0.647926 0.223610 0.197300 0.477400
20 -7.209609 -1.404442 177.521729 -0.966363 -0.221991 0.129852 0.212900 0.493000
K_nude01.jpg
20 -7.209609 -1.404442 177.521729 -0.966363 -0.221991 0.129852 0.212900 0.493000
20 -7.126255 -2.633142 174.661530 -0.916379 -0.381036 0.122721 0.219400 0.479300
20 -5.908255 -5.806441 174.868927 -0.687499 -0.721645 -0.081080 0.210700 0.469100
K_nude01.jpg
20 -5.908255 -5.806441 174.868927 -0.687499 -0.721645 -0.081080 0.210700 0.469100
20 -4.393548 -6.576041 175.103027 -0.378188 -0.895150 -0.235966 0.205300 0.463400
20 -2.995825 -7.735741 177.455139 -0.439514 -0.884599 0.155924 0.189500 0.465400
K_nude01.jpg
20 -2.995825 -7.735741 177.455139 -0.439514 -0.884599 0.155924 0.189500 0.465400
20 -5.106468 -6.025343 178.624039 -0.728142 -0.647926 0.223610 0.197300 0.477400
20 -5.908255 -5.806441 174.868927 -0.687499 -0.721645 -0.081080 0.210700 0.469100
K_nude01.jpg
20 -5.908255 -5.806441 174.868927 -0.687499 -0.721645 -0.081080 0.210700 0.469100
20 -7.126255 -2.633142 174.661530 -0.916379 -0.381036 0.122721 0.219400 0.479300
20 -7.636403 -2.739342 169.593140 -0.833711 -0.551884 -0.018710 0.233800 0.459000
K_nude01.jpg
20 -4.393548 -6.576041 175.103027 -0.378188 -0.895150 -0.235966 0.205300 0.463400
20 -5.908255 -5.806441 174.868927 -0.687499 -0.721645 -0.081080 0.210700 0.469100
20 -7.636403 -2.739342 169.593140 -0.833711 -0.551884 -0.018710 0.233800 0.459000
K_nude01.jpg
20 7.157401 9.785760 168.577026 0.895801 0.408837 0.174338 0.126300 0.455200
20 5.376299 12.651757 167.435425 0.460300 0.847533 0.264219 0.126500 0.472700
20 5.241401 11.629059 170.864426 0.609388 0.785044 0.111137 0.115800 0.469500
K_nude01.jpg
20 5.241401 11.629059 170.864426 0.609388 0.785044 0.111137 0.115800 0.469500
20 6.915500 8.710660 172.189331 0.952533 0.302751 0.031991 0.115600 0.452200
20 7.157401 9.785760 168.577026 0.895801 0.408837 0.174338 0.126300 0.455200
K_nude01.jpg
20 5.376299 12.651757 167.435425 0.460300 0.847533 0.264219 0.126500 0.472700
20 -0.000001 14.092058 166.680237 -0.000000 0.963284 0.268484 0.125300 0.494400
20 -0.000001 13.074658 170.330536 0.000000 0.995616 0.093535 0.113500 0.490700
K_nude01.jpg
20 -0.000001 13.074658 170.330536 0.000000 0.995616 0.093535 0.113500 0.490700
20 5.241401 11.629059 170.864426 0.609388 0.785044 0.111137 0.115800 0.469500
20 5.376299 12.651757 167.435425 0.460300 0.847533 0.264219 0.126500 0.472700
K_nude01.jpg
20 -5.241404 11.629060 170.864426 -0.609388 0.785045 0.111134 0.115800 0.469500
20 -5.376302 12.651757 167.435425 -0.460300 0.847534 0.264216 0.126500 0.472700
20 -7.157403 9.785760 168.577026 -0.895801 0.408837 0.174333 0.126300 0.455200
K_nude01.jpg
20 -7.157403 9.785760 168.577026 -0.895801 0.408837 0.174333 0.126300 0.455200
20 -6.915502 8.710659 172.189331 -0.952533 0.302752 0.031986 0.115600 0.452200
20 -5.241404 11.629060 170.864426 -0.609388 0.785045 0.111134 0.115800 0.469500
K_nude01.jpg
20 -0.000001 13.074658 170.330536 0.000000 0.995616 0.093535 0.113500 0.490700
20 -0.000001 14.092058 166.680237 -0.000000 0.963284 0.268484 0.125300 0.494400
20 -5.376302 12.651757 167.435425 -0.460300 0.847534 0.264216 0.126500 0.472700
K_nude01.jpg
20 -5.376302 12.651757 167.435425 -0.460300 0.847534 0.264216 0.126500 0.472700
20 -5.241404 11.629060 170.864426 -0.609388 0.785045 0.111134 0.115800 0.469500
20 -0.000001 13.074658 170.330536 0.000000 0.995616 0.093535 0.113500 0.490700
K_nude01.jpg
20 -0.002212 -7.168041 183.328232 -0.001802 -0.819908 0.572493 0.172400 0.466200
20 -2.995825 -7.735741 177.455139 -0.439514 -0.884599 0.155924 0.189500 0.465400
20 -1.840924 -7.957642 178.027527 -0.210800 -0.956788 0.200299 0.184900 0.461700
K_nude01.jpg
20 1.697275 -7.901642 178.281433 0.166092 -0.965881 0.198713 0.185500 0.461500
20 2.743604 -7.735742 178.175232 0.399210 -0.899777 0.176159 0.189500 0.465400
20 -0.002212 -7.168041 183.328232 -0.001802 -0.819908 0.572493 0.172400 0.466200
K_nude01.jpg
20 -0.534326 -8.201041 177.806931 -0.143902 -0.975540 0.166174 0.181200 0.456000
20 -0.002212 -8.485542 176.833939 -0.028801 -0.979637 0.198702 0.181100 0.451300
20 -0.002212 -7.168041 183.328232 -0.001802 -0.819908 0.572493 0.172400 0.466200
K_nude01.jpg
20 -1.840924 -7.957642 178.027527 -0.210800 -0.956788 0.200299 0.184900 0.461700
20 -1.017710 -8.157341 177.056931 -0.157707 -0.985960 0.054879 0.185400 0.456600
20 -0.534326 -8.201041 177.806931 -0.143902 -0.975540 0.166174 0.181200 0.456000
K_nude01.jpg
20 -0.534326 -8.201041 177.806931 -0.143902 -0.975540 0.166174 0.181200 0.456000
20 -0.002212 -7.168041 183.328232 -0.001802 -0.819908 0.572493 0.172400 0.466200
20 -1.840924 -7.957642 178.027527 -0.210800 -0.956788 0.200299 0.184900 0.461700
K_nude01.jpg
20 -0.002212 -7.168041 183.328232 -0.001802 -0.819908 0.572493 0.172400 0.466200
20 -0.002212 -8.485542 176.833939 -0.028801 -0.979637 0.198702 0.181100 0.451300
20 0.530173 -8.218541 177.874039 0.129602 -0.971611 0.197928 0.181100 0.456400
K_nude01.jpg
20 0.530173 -8.218541 177.874039 0.129602 -0.971611 0.197928 0.181100 0.456400
20 1.276542 -8.136342 177.506332 0.178696 -0.966302 0.185279 0.185000 0.458000
20 1.697275 -7.901642 178.281433 0.166092 -0.965881 0.198713 0.185500 0.461500
K_nude01.jpg
20 1.697275 -7.901642 178.281433 0.166092 -0.965881 0.198713 0.185500 0.461500
20 -0.002212 -7.168041 183.328232 -0.001802 -0.819908 0.572493 0.172400 0.466200
20 0.530173 -8.218541 177.874039 0.129602 -0.971611 0.197928 0.181100 0.456400
K_nude01.jpg
20 6.935798 8.568759 164.964737 0.953202 0.263975 -0.147385 0.137100 0.458200
20 5.894298 10.559060 165.092133 0.860799 0.460654 -0.216386 0.134900 0.468300
20 7.157401 9.785760 168.577026 0.951490 0.269075 -0.149218 0.126300 0.455200
K_nude01.jpg
20 5.166099 11.382459 164.006531 0.616408 0.725430 -0.306257 0.137100 0.475800
20 2.421500 12.733158 164.449829 0.285915 0.909916 -0.300508 0.134400 0.487200
20 5.376299 12.651757 167.435425 0.649611 0.708952 -0.274577 0.126500 0.472700
K_nude01.jpg
20 7.229000 4.539159 165.574036 0.996010 0.057069 -0.068605 0.137100 0.441000
20 7.136001 6.803861 166.110733 0.995700 0.056326 -0.073550 0.134600 0.448700
20 7.446898 5.211259 169.299438 0.996076 0.053945 -0.070168 0.126000 0.438500
K_nude01.jpg
20 7.136001 6.803861 166.110733 0.995700 0.056326 -0.073550 0.134600 0.448700
20 7.157401 9.785760 168.577026 0.951490 0.269075 -0.149218 0.126300 0.455200
20 7.446898 5.211259 169.299438 0.996076 0.053945 -0.070168 0.126000 0.438500
K_nude01.jpg
20 7.136001 6.803861 166.110733 0.995700 0.056326 -0.073550 0.134600 0.448700
20 6.935798 8.568759 164.964737 0.953202 0.263975 -0.147385 0.137100 0.458200
20 7.157401 9.785760 168.577026 0.951490 0.269075 -0.149218 0.126300 0.455200
K_nude01.jpg
20 5.894298 10.559060 165.092133 0.860799 0.460654 -0.216386 0.134900 0.468300
20 5.376299 12.651757 167.435425 0.649611 0.708952 -0.274577 0.126500 0.472700
20 7.157401 9.785760 168.577026 0.951490 0.269075 -0.149218 0.126300 0.455200
K_nude01.jpg
20 5.894298 10.559060 165.092133 0.860799 0.460654 -0.216386 0.134900 0.468300
20 5.166099 11.382459 164.006531 0.616408 0.725430 -0.306257 0.137100 0.475800
20 5.376299 12.651757 167.435425 0.649611 0.708952 -0.274577 0.126500 0.472700
K_nude01.jpg
20 -0.000001 14.092058 166.680237 0.000001 0.954865 -0.297039 0.125300 0.494400
20 5.376299 12.651757 167.435425 0.649611 0.708952 -0.274577 0.126500 0.472700
20 2.421500 12.733158 164.449829 0.285915 0.909916 -0.300508 0.134400 0.487200
K_nude01.jpg
20 2.421500 12.733158 164.449829 0.285915 0.909916 -0.300508 0.134400 0.487200
20 -0.000001 12.817458 163.029938 0.000001 0.944068 -0.329751 0.137100 0.498200
20 -0.000001 14.092058 166.680237 0.000001 0.954865 -0.297039 0.125300 0.494400
K_nude01.jpg
20 -6.935801 8.568758 164.964737 -0.953201 0.263976 -0.147390 0.137100 0.458200
20 -7.157403 9.785760 168.577026 -0.951489 0.269076 -0.149223 0.126300 0.455200
20 -5.894300 10.559058 165.092133 -0.860797 0.460655 -0.216390 0.134900 0.468300
K_nude01.jpg
20 -5.166101 11.382459 164.006531 -0.616406 0.725430 -0.306260 0.137100 0.475800
20 -5.376302 12.651757 167.435425 -0.649609 0.708953 -0.274580 0.126500 0.472700
20 -2.421502 12.733158 164.449829 -0.285912 0.909917 -0.300509 0.134400 0.487400
K_nude01.jpg
20 -7.229001 4.539158 165.574036 -0.996010 0.057070 -0.068611 0.137100 0.441000
20 -7.446900 5.211257 169.299438 -0.996075 0.053946 -0.070174 0.126000 0.438500
20 -7.136003 6.803859 166.110733 -0.995699 0.056327 -0.073556 0.134600 0.448700
K_nude01.jpg
20 -7.136003 6.803859 166.110733 -0.995699 0.056327 -0.073556 0.134600 0.448700
20 -7.446900 5.211257 169.299438 -0.996075 0.053946 -0.070174 0.126000 0.438500
20 -7.157403 9.785760 168.577026 -0.951489 0.269076 -0.149223 0.126300 0.455200
K_nude01.jpg
20 -7.136003 6.803859 166.110733 -0.995699 0.056327 -0.073556 0.134600 0.448700
20 -7.157403 9.785760 168.577026 -0.951489 0.269076 -0.149223 0.126300 0.455200
20 -6.935801 8.568758 164.964737 -0.953201 0.263976 -0.147390 0.137100 0.458200
K_nude01.jpg
20 -5.894300 10.559058 165.092133 -0.860797 0.460655 -0.216390 0.134900 0.468300
20 -7.157403 9.785760 168.577026 -0.951489 0.269076 -0.149223 0.126300 0.455200
20 -5.376302 12.651757 167.435425 -0.649609 0.708953 -0.274580 0.126500 0.472700
K_nude01.jpg
20 -5.894300 10.559058 165.092133 -0.860797 0.460655 -0.216390 0.134900 0.468300
20 -5.376302 12.651757 167.435425 -0.649609 0.708953 -0.274580 0.126500 0.472700
20 -5.166101 11.382459 164.006531 -0.616406 0.725430 -0.306260 0.137100 0.475800
K_nude01.jpg
20 -0.000001 14.092058 166.680237 0.000001 0.954865 -0.297039 0.125300 0.494400
20 -2.421502 12.733158 164.449829 -0.285912 0.909917 -0.300509 0.134400 0.487400
20 -5.376302 12.651757 167.435425 -0.649609 0.708953 -0.274580 0.126500 0.472700
K_nude01.jpg
20 -2.421502 12.733158 164.449829 -0.285912 0.909917 -0.300509 0.134400 0.487400
20 -0.000001 14.092058 166.680237 0.000001 0.954865 -0.297039 0.125300 0.494400
20 -0.000001 12.817458 163.029938 0.000001 0.944068 -0.329751 0.137100 0.498200
end
